"date","Y","JPY_app","Post","Nikkei_ret","SMB","HML","RMW","CMA","MOM","dlog_VIX","rate_diff","split"
2014-02-06,0.860757826498304,-0.45271212049478,"Pre",-0.178292295469618,1.47,-0.57,0.39,-0.07,1.29,-14.6577092796034,0,"development"
2014-02-07,-0.148262802878962,-0.470220302143609,"Pre",2.14764734122479,-0.58,1.2,-0.41,0.56,-0.2,-11.9453030598867,0,"development"
2014-02-10,0.438010705797076,0.17607360510894,"Pre",1.75414656924495,0.25,-1.28,0.58,-0.31,1.19,-0.196399408465986,0,"development"
2014-02-13,-0.338040950731822,0.27359798188753,"Pre",-1.80895888219545,0.04,0.3,-0.06,0.17,-1.14,-1.12518767974348,0,"development"
2014-02-14,-0.361724617480341,0.372512929541369,"Pre",-1.53713347974218,-0.16,-0.02,0.17,-0.03,-0.62,-4.11461866216492,0,"development"
2014-02-19,1.00385843939486,0.0097746933267473,"Pre",-0.518140948878809,0.02,-0.16,0.14,0.03,-0.49,11.1111789598461,0,"development"
2014-02-20,-0.641534137339939,-0.0195484313006311,"Pre",-2.17254677177419,0.48,-0.07,0.18,0.09,-0.62,-4.68887472024924,0,"development"
2014-02-21,-0.785002756392084,-0.380432590712587,"Pre",2.84168622084557,-0.7,-0.09,-0.16,-0.11,0.52,-0.746525353633887,0,"development"
2014-02-24,1.07932920049483,0.263222184638856,"Pre",-0.188463646589909,0.56,-0.48,0.43,-0.21,0.68,-3.11336110846088,0,"development"
2014-02-25,0.344245107392727,0.234558356172077,"Pre",1.43144065505325,-0.16,-0.04,0.08,0.03,0.46,-4.01487613659026,0,"development"
2014-02-26,-0.269255400633828,-0.156433352198437,"Pre",-0.537130524495666,-0.04,-0.1,0.04,0.35,-0.27,4.85462914697719,0,"development"
2014-02-27,-0.497895644345148,0.234741891830481,"Pre",-0.32019744973546,-0.07,0.02,0.1,-0.13,-0.1,-2.18395436079653,0,"development"
2014-02-28,-0.103028622202617,0.0391772776803911,"Pre",-0.551268052832476,0.04,0.12,0.01,0.12,-0.18,-0.285306898240645,0,"development"
2014-03-03,-0.291406832829155,0.707828358359563,"Pre",-1.28057952567957,0.29,0.61,-0.33,-0.02,-0.87,13.3531392624523,-0.01,"development"
2014-03-04,0.367513099897021,-0.805742788976804,"Pre",0.471510941577513,0.1,0.37,-0.13,0.06,0.16,-12.6413924855659,-0.01,"development"
2014-03-05,0.419157525305724,-0.13691933679354,"Pre",1.18944881724463,0,-0.32,0.28,0.11,0.27,-1.50056406178702,-0.01,"development"
2014-03-06,0.408693988427755,-0.691505068638953,"Pre",1.57912844353518,-0.38,-0.03,-0.23,0.11,0.5,2.2776785342757,-0.01,"development"
2014-03-07,-0.0497535845434882,-0.339131181091634,"Pre",0.916319507447838,-0.11,-0.32,-0.04,-0.22,-0.1,-0.706217624428662,-0.01,"development"
2014-03-10,-0.0623312433348122,0.145201129039485,"Pre",-1.01289894393322,0.83,-0.48,0.34,-0.26,0.53,0.635819874249233,-0.01,"development"
2014-03-11,-0.2437140292888,0.0484472660994051,"Pre",0.685272543349136,-0.15,0.11,0.24,-0.1,-0.29,4.13852161628543,-0.01,"development"
2014-03-12,-0.0000717309452280546,0.427351077738258,"Pre",-2.62019015527137,0.81,-0.11,0.04,-0.02,-0.39,-2.25496401266767,-0.01,"development"
2014-03-13,-0.91533182819008,0.605293266583828,"Pre",-0.0972125837654048,-0.01,0.28,0.11,0.22,-0.17,11.4167508043874,-0.01,"development"
2014-03-14,-0.485139367700071,0.648396023473996,"Pre",-3.35143932939577,0.75,0.18,-0.1,-0.05,-0.85,9.40763733553966,-0.01,"development"
2014-03-17,0.0982077051283614,-0.157573402704259,"Pre",-0.349515638451336,-0.66,-0.03,-0.21,0.05,-0.27,-13.0489686925498,-0.01,"development"
2014-03-18,0.176479929093043,0.246317677127816,"Pre",0.931376103629766,0.78,-0.08,0.15,-0.01,0.61,-7.43047257205154,-0.01,"development"
2014-03-19,0.756250420958127,-0.167562012494038,"Pre",0.354993603688492,-0.29,-0.43,0.13,-0.39,-0.73,4.04913613547371,-0.01,"development"
2014-03-20,-0.0295520896217205,-0.833624206747707,"Pre",-1.66136269110275,-0.48,-0.08,0.14,-0.37,-0.74,-4.04913613547371,-0.01,"development"
2014-03-25,0.597176567326718,-0.107563692960255,"Pre",-0.360642071469641,-0.07,1.25,-0.49,0.18,-1.02,-7.35473911733133,-0.01,"development"
2014-03-26,-0.726616002626423,0.0195484313006311,"Pre",0.373490720617653,-0.47,0.2,-0.01,-0.03,0.41,6.28877299446549,-0.01,"development"
2014-03-27,-1.43754996974694,0.195694778696165,"Pre",1.00158740808514,-0.44,0.41,-0.51,0.1,-0.23,-2.09821572294664,-0.01,"development"
2014-03-28,2.20152191740128,-0.799926224292413,"Pre",0.498928007731969,0.62,-0.32,0.07,-0.08,-0.66,-1.44680443102017,-0.01,"development"
2014-03-31,0.758216109380605,-0.0582807204452251,"Pre",0.892843114388953,-0.51,0.27,0.18,-0.04,0.31,-3.74734549327727,-0.01,"development"
2014-04-01,-0.264444692308796,-0.523003613459494,"Pre",-0.242000238294082,0.56,-0.04,-0.18,-0.23,0.75,-5.78367248715526,0.01,"development"
2014-04-02,0.416054329604032,-0.289379964649239,"Pre",1.03792976462191,-0.32,-0.46,0.13,-0.21,0.16,-0.0763650285297235,0.01,"development"
2014-04-03,-0.0150204310175539,-0.115517918121277,"Pre",0.836564032916165,-0.45,0.11,0.18,-0.07,-0.23,2.11648111920431,0.01,"development"
2014-04-04,-0.187162085357073,0.530556398169413,"Pre",-0.0538232969640617,-0.04,0.03,-0.04,0.21,-0.62,4.31827062203749,0.01,"development"
2014-04-07,0.174401267985136,0.339098324255804,"Pre",-1.70675480207869,0.34,0.04,0.12,-0.03,-0.32,10.9149888511681,0.01,"development"
2014-04-08,-1.23619197622897,0.896866998276025,"Pre",-1.37323244327856,0.24,-0.11,0.18,-0.01,-0.59,-4.46561391499896,0.01,"development"
2014-04-09,-0.573748104273442,0.264744970046848,"Pre",-2.12547918864541,0.32,-0.64,0.66,-0.21,-0.03,-7.45730283563937,0.01,"development"
2014-04-10,2.90929927539394,0.413223728491019,"Pre",0.00300701298385775,-0.16,0.09,0.36,-0.14,-0.35,13.9573162209101,0.01,"development"
2014-04-11,0.369686599041152,-0.128085144857248,"Pre",-2.4068249849341,0.28,0.47,-0.2,0.18,-0.41,6.92865141259724,0.01,"development"
2014-04-14,-2.6437715764783,-0.245857428262752,"Pre",-0.358017060433014,0,0.19,-0.25,0.01,-0.16,-5.55362974857139,0.01,"development"
2014-04-15,-0.172266668945076,0.206479597472331,"Pre",0.620993812364645,0.14,0.16,0.21,0.27,0.2,-3.15284626615426,0.01,"development"
2014-04-16,-1.90136116856428,-0.686613781319956,"Pre",2.96257847479424,-0.51,-0.22,0.33,-0.07,0.56,-9.6079213423359,0.01,"development"
2014-04-17,2.33675831692759,0.0782319617447236,"Pre",-0.00104039471171546,0.36,-0.09,0.04,0.06,-0.02,-5.95673529954817,0.01,"development"
2014-04-22,0.115961809885601,-0.0389939564309216,"Pre",-0.855403703499746,-0.22,-0.02,0.18,-0.04,-0.25,-0.453858570300802,0.01,"development"
2014-04-23,-0.269895154297606,0.331934308481596,"Pre",1.08865621430372,-0.23,-0.21,0.3,0.04,0.2,0.604688161489308,0.01,"development"
2014-04-24,0.360058471114089,-0.0782013725093123,"Pre",-0.975992903116385,0.78,0.14,-0.02,0.04,-0.02,0.376081676812667,0.01,"development"
2014-04-25,-0.320481471130352,0.215201100366258,"Pre",0.168341508667957,0,0.28,-0.12,-0.13,0.25,5.40672212702762,0.01,"development"
2014-04-28,-0.542977318905358,-0.33238861377729,"Pre",-0.982196799053625,-0.07,0.55,0.1,0,-0.47,-0.642171311364859,0.01,"development"
2014-05-01,0.165866752596999,-0.156525173808308,"Pre",1.25756974243707,-0.27,0.02,-0.39,0.29,0.45,-1.20031448613558,0.03,"development"
2014-05-02,0.178444527091592,-0.0390930419364999,"Pre",-0.190860325004394,0.18,-0.29,0.28,0.1,0.03,-2.599534757368,0.03,"development"
2014-05-08,-0.292690004288065,0.0590028535162546,"Pre",0.924423626866933,-0.59,0.56,-0.11,0.14,-0.44,0.223630357828064,0.03,"development"
2014-05-09,-0.811170561217933,-0.0786627375862103,"Pre",0.252508915740712,-0.21,0.65,-0.28,0.57,-0.13,-3.87145121806904,0.03,"development"
2014-05-12,1.2140501859077,-0.353218577600067,"Pre",-0.353238969854885,-0.61,0.35,-0.22,0.25,-0.54,-5.48845486553748,0.03,"development"
2014-05-13,-1.33632421299628,-0.0978952598984506,"Pre",1.93126132762327,-1.12,-0.12,-0.25,-0.05,-0.59,-0.821022674312211,0.03,"development"
2014-05-14,1.43505209091712,0.441285344689923,"Pre",-0.13651879253409,0.09,-0.01,-0.26,0,-0.02,0.329218404347698,0.03,"development"
2014-05-15,-0.00558478633410076,0.305133363378918,"Pre",-0.749377199761625,0.26,0.03,0.17,0.14,0.13,7.89676087557538,0.03,"development"
2014-05-16,-0.179533455687242,-0.0591307792926266,"Pre",-1.42014304421423,0.32,-0.35,0.19,-0.16,-0.03,-5.70244284441563,0.03,"development"
2014-05-19,-0.179211710623939,0.236733194007854,"Pre",-0.641570031582894,-0.81,0.9,-0.21,0.43,-0.5,-0.160901080570053,0.03,"development"
2014-05-20,-0.353400479410659,0,"Pre",0.490071200966113,-0.13,-0.5,0.28,-0.03,0.24,4.25596144187961,0.03,"development"
2014-05-21,-1.17065849104105,-0.177602414715228,"Pre",-0.235299079805174,0.27,-0.02,0.49,0.14,0.83,-8.448930755692,0.03,"development"
2014-05-22,1.74685108977011,-0.314960890289662,"Pre",2.08337638699216,-0.18,-0.26,-0.26,0.09,0.26,1.00251466193786,0.03,"development"
2014-05-23,0.0490958022249632,-0.117855051944371,"Pre",0.863756569843765,0.02,-0.15,0.09,-0.24,0.24,-5.73051166935823,0.03,"development"
2014-05-28,0.816167449156646,0.353080005881168,"Pre",0.234957270888358,0.31,-0.24,0.12,0.23,0.68,1.46617546662897,0.03,"development"
2014-05-29,-0.585059584041447,0.196695578758721,"Pre",0.0733834467755656,0.19,-0.48,0.2,0.01,0.02,-0.946243619449616,0.03,"development"
2014-05-30,-0.172850684188797,-0.186869983074089,"Pre",-0.336630130847304,0.03,-0.19,0.03,-0.19,-0.38,-1.48021858051353,0.03,"development"
2014-06-02,1.23888364057181,-0.519430775374108,"Pre",2.05321688116751,-0.17,-0.27,-0.2,0.13,0.13,1.56661167443994,0.02,"development"
2014-06-03,0.0890337833661103,-0.117233307682341,"Pre",0.65618815526598,0,-0.16,0.25,-0.17,0.44,2.47347364767272,0.02,"development"
2014-06-04,-0.110438782869204,-0.263273517579954,"Pre",0.223970360259607,-0.08,-0.1,0.44,-0.24,0.31,1.75369838850923,0.02,"development"
2014-06-05,-0.0106590135435791,0.243747987887932,"Pre",0.0756949324852485,0.09,0.02,-0.06,-0.05,-0.03,-3.36732151065875,0.02,"development"
2014-06-06,0,-0.058553724713839,"Pre",-0.0141262562571853,0.53,-0.13,-0.14,-0.21,-0.1,-8.4834420757474,0.02,"development"
2014-06-09,0.206335259688473,-0.0195102917407652,"Pre",0.309656407246806,0.25,-0.1,-0.02,-0.23,-0.2,3.83959412635209,0.02,"development"
2014-06-10,-0.700615511085001,0.146420056419139,"Pre",-0.85794116959228,0,0.63,-0.11,0.1,0.1,-1.44537294905982,0.02,"development"
2014-06-11,0.15459750928728,0.420929601978326,"Pre",0.496803206996255,0.01,0.22,0.05,0.09,-0.03,5.40193296967892,0.02,"development"
2014-06-12,-0.422428913452189,0.107964872832245,"Pre",-0.638753082558452,0.11,0.07,0.16,0.1,-0.2,7.95120629277335,0.02,"development"
2014-06-13,0.552313603655286,-0.225611945225168,"Pre",0.826771165401574,0.38,-0.13,0.02,-0.03,0.27,-3.07218987583018,0.02,"development"
2014-06-16,-0.243795744328024,0.235432716163508,"Pre",-1.09587382682523,0.64,-0.18,-0.24,0.1,-0.28,3.78619528917787,0.02,"development"
2014-06-17,0.331830614733475,-0.352941542846175,"Pre",0.285396756519596,0.33,-0.2,-0.31,-0.02,0.04,-4.77630238744902,0.02,"development"
2014-06-18,-0.214878122969608,0.0195752178368203,"Pre",0.92936378581161,-0.02,-0.02,-0.3,0.24,0.24,-12.8097238673148,0.02,"development"
2014-06-19,-0.462169537114754,0.313725747513249,"Pre",1.61016913150878,-1.08,0.38,-0.04,0.32,-0.49,0.0942063187901354,0.02,"development"
2014-06-20,0.550305192296285,-0.29414669703467,"Pre",-0.0764557398257537,-0.18,0.13,0.02,0.19,0.03,2.14260641726756,0.02,"development"
2014-06-23,-0.126398407177319,0.235248099081886,"Pre",0.12930236479427,0.46,-0.19,0.07,-0.1,-0.13,1.19103560949161,0.02,"development"
2014-06-24,0.0397787723715126,-0.225457136132867,"Pre",0.0452748896027089,0.55,-0.41,0.01,-0.14,0.12,9.96062868745744,0.02,"development"
2014-06-25,-0.34914218668809,0.37276872673031,"Pre",-0.715537019226886,-0.07,0.39,-0.16,0.26,0.1,-4.55390656042987,0.02,"development"
2014-06-26,0.133479307329187,0.0884912303948049,"Pre",0.273948580326433,-0.08,-0.1,0.12,-0.25,0.09,0.344530917891284,0.02,"development"
2014-06-27,-0.630269072525413,0.265944505426852,"Pre",-1.40440132992108,-0.06,0.34,-0.02,0.04,-0.19,-3.23313438190289,0.02,"development"
2014-06-30,0.181385646856835,0.108550856862166,"Pre",0.443532988951922,0.95,-0.23,-0.09,0.14,0.28,2.71589184940408,0.02,"development"
2014-07-01,-0.144980086742352,-0.22683574004736,"Pre",1.07648891341761,-0.25,-0.29,0.07,-0.18,0.24,-3.6976043299457,0.03,"development"
2014-07-02,0.482288578927248,-0.245978379547207,"Pre",0.285182351184154,-0.09,0.08,0.15,-0.02,-0.02,-3.00432244877924,0.03,"development"
2014-07-03,0.446217858708042,-0.421672603230583,"Pre",-0.141153851811104,0.07,0.15,0.11,0.26,0.26,-4.73125133649188,0.03,"development"
2014-07-08,-0.307539433307591,0.304863293601976,"Pre",-0.423733727122944,0.52,0.21,0.12,0.25,0.9,5.57845176473881,0.03,"development"
2014-07-09,-0.0227457518363838,-0.167298174138253,"Pre",-0.0768199205170461,-0.47,0.07,0.33,0.12,0.02,-2.79324126755935,0.03,"development"
2014-07-10,-0.345391746805834,0.433583651275082,"Pre",-0.564762215055303,-0.14,0.25,0.04,0.07,-0.01,7.75966680445461,0.03,"development"
2014-07-11,0.197566543659722,-0.0691050918462999,"Pre",-0.345155838733469,0.16,-0.3,0.42,0.02,0.52,-4.13516555495872,0.03,"development"
2014-07-14,0.241906223501376,-0.246414791287286,"Pre",0.871812818171591,-0.05,-0.01,0.19,0.13,0.01,-2.17581805287166,0.03,"development"
2014-07-15,-0.0912301916501157,-0.0393700792487017,"Pre",0.6408210648436,-0.16,-0.46,0.1,-0.14,0.03,1.17747365445338,0.03,"development"
2014-07-16,0.272370420613255,-0.0688603637460261,"Pre",-0.103072491956802,-0.17,0.29,-0.07,0.04,0.08,-8.36724757241152,0.03,"development"
2014-07-17,0.462643017566489,0.384255854840898,"Pre",-0.0587975909928318,-0.02,0.53,-0.01,0.4,0.31,27.9008199307003,0.03,"development"
2014-07-18,-0.774853598339842,-0.0690778139670556,"Pre",-1.01060267416671,0.26,0.02,0.23,0.17,0.02,-18.7009280806334,0.03,"development"
2014-07-23,-0.042512528545835,0.039401103740655,"Pre",-0.095983815318057,0.23,-0.2,-0.15,0.01,0.13,-6.0624621816435,0.03,"development"
2014-07-24,0.415408696834163,-0.314774999234846,"Pre",-0.288374608345698,0.33,0.15,0.05,-0.26,-0.23,2.73989741881144,0.03,"development"
2014-07-25,0.106989894333642,0.00982173550854171,"Pre",1.12842498400223,-0.11,-0.29,-0.06,-0.02,0.48,6.93306522704367,0.03,"development"
2014-07-28,0.0966549924960258,-0.00982173550854171,"Pre",0.461674274958845,0.01,0.02,0.07,-0.04,-0.12,-1.02971206862437,0.03,"development"
2014-07-29,-0.0300077430312573,-0.294204389909325,"Pre",0.569357572432239,-0.15,-0.16,0.04,-0.02,0.37,5.57419830082351,0.03,"development"
2014-07-30,0.979013888298086,-0.760905046672011,"Pre",0.180141615933671,-0.13,-0.38,-0.02,-0.16,0.28,0.375799014232969,0.03,"development"
2014-07-31,0.150778550902642,0.145878946365929,"Pre",-0.162855442652443,-0.33,0.12,-0.04,-0.03,-0.01,24.0250699635842,0.03,"development"
2014-08-01,-0.39321188330903,0.292397869143546,"Pre",-0.627155769289267,-0.3,0,0.07,0.19,0.54,0.470866084813792,0.02,"development"
2014-08-04,-0.126884349893919,-0.0195198126717422,"Pre",-0.313637340732953,0.55,-0.35,0.35,-0.02,0.55,-11.895812392321,0.02,"development"
2014-08-05,-0.0098213927492985,-0.29234088253558,"Pre",-1.00141087763017,0.02,0.34,0.11,0.06,-0.64,10.951852580649,0.02,"development"
2014-08-06,-0.425514268319915,0.4192878260036,"Pre",-1.05328712191284,-0.12,0.19,-0.04,-0.09,0.03,-3.00865051748334,0.02,"development"
2014-08-07,-0.314482644070191,0.273972774112075,"Pre",0.477624084483708,-0.22,0.57,-0.22,0.33,0.07,1.75602453556531,0.02,"development"
2014-08-08,-0.211572963063889,0.147080479522277,"Pre",-3.02581434498599,0.62,0.51,0,0.03,-0.27,-5.49012357637495,0.02,"development"
2014-08-11,0.657606482903628,-0.225435037889543,"Pre",2.35492707428566,-0.08,-0.53,-0.16,0.05,0.52,-10.2756988873186,0.02,"development"
2014-08-12,0.0475047005137341,-0.0782932120635849,"Pre",0.203289207708401,-0.37,0.22,-0.11,-0.21,-0.04,-0.705221540532452,0.02,"development"
2014-08-13,0.245872612535702,-0.254030424834539,"Pre",0.344494848338961,0.15,0.08,-0.21,0.15,-0.16,-9.10728853288099,0.02,"development"
2014-08-14,-0.287779384995313,0.0390396257154535,"Pre",0.661292626807963,-0.02,0.03,0.02,0.16,0.39,-3.79192348622936,0.02,"development"
2014-08-15,-0.247507076783782,0.244343570720673,"Pre",0.0246140508298964,0.46,-0.25,0.08,0.17,-0.04,5.71136821184406,0.02,"development"
2014-08-18,0.505887157973728,-0.341914073143634,"Pre",0.0278059356368487,0.52,-0.18,-0.23,-0.2,0.57,-6.51978005183995,0.02,"development"
2014-08-19,0.274437765395552,-0.31158739912156,"Pre",0.82665483117772,-0.22,-0.01,-0.06,0.23,-0.05,-0.896866998276069,0.02,"development"
2014-08-20,0.900886596047146,-0.484919968752173,"Pre",0.0301576743858334,0.1,0.01,0.34,-0.09,-0.09,-3.58521098991726,0.02,"development"
2014-08-21,0.051201426427161,-0.405523390530238,"Pre",0.84889196055542,-0.28,-0.05,-0.32,0.05,0,-0.169923575295972,0.02,"development"
2014-08-22,0.279215823343337,-0.18291220502844,"Pre",-0.302068733888383,0.2,-0.2,0.26,-0.17,-0.26,-2.49690113292016,0.02,"development"
2014-08-25,-0.0982145736527773,0.00961862165889116,"Pre",0.475469269973416,0.5,-0.53,0.04,0.06,0.44,1.98539106624311,0.02,"development"
2014-08-26,-0.0900644014437013,-0.153787035307484,"Pre",-0.59117928156045,0.39,0.39,-0.13,-0.07,0.28,-0.600087527313731,0.02,"development"
2014-08-27,0.103310995833494,0.134550717079485,"Pre",0.0875836125235452,0.21,0.19,-0.28,0.15,0.01,1.28152116928675,0.02,"development"
2014-08-28,-0.184982698581493,0.192529901597549,"Pre",-0.483696854741567,0.33,0.56,-0.15,0.35,0.09,2.26614817132234,0.02,"development"
2014-08-29,0.16933242966517,-0.211762520177849,"Pre",-0.228399827956061,0.37,-0.18,0.13,0.05,-0.08,-0.582606724936063,0.02,"development"
2014-09-03,-0.279981161455112,0.209543842746118,"Pre",0.380610677982673,-0.1,-0.04,0.03,0.11,0.17,0.893951503880874,0.02,"development"
2014-09-04,0.805900200392573,-0.323655684721658,"Pre",-0.332245367090245,-0.3,0.49,-0.04,0.16,-0.26,2.24009366891664,0.02,"development"
2014-09-05,-0.639267730733328,0.266463804409511,"Pre",-0.047854736905073,0.05,-0.29,0.1,-0.08,-0.07,-4.44877240920101,0.02,"development"
2014-09-08,1.14517466207529,-0.674298580350019,"Pre",0.232232168142765,0.32,-0.02,-0.19,0.33,-0.09,4.6068752089329,0.02,"development"
2014-09-09,-0.0933361610778949,-0.632167034292408,"Pre",0.280025845644438,-0.15,-0.1,0.24,-0.38,-0.35,6.42422687283535,0.02,"development"
2014-09-10,0.773571103390669,-0.412991013133368,"Pre",0.251316562999548,-0.52,0.73,-0.21,0.23,-0.14,-4.70139647681762,0.02,"development"
2014-09-11,-0.368089917005587,-0.102981800048152,"Pre",0.759799705316055,-0.25,-0.17,0.1,-0.24,-0.39,-0.623054975063608,0.02,"development"
2014-09-12,0.572164710998324,-0.345617083095284,"Pre",0.245405520760933,-0.16,-0.14,0.06,-0.29,0.04,3.90704614814488,0.02,"development"
2014-09-17,0.84961548820095,-0.624739781968842,"Pre",-0.143772705440526,0.15,-0.28,0.33,-0.12,0.34,-0.630419739578558,0.02,"development"
2014-09-18,0.329366707795975,-1.0265036729999,"Pre",1.11966782693038,-0.68,-0.15,-0.17,-0.34,-0.29,-5.0253685186942,0.02,"development"
2014-09-19,0.213360263988527,-0.248104882610622,"Pre",1.56600832684202,-0.39,-0.18,-0.21,-0.28,-0.05,0.662802757841341,0.02,"development"
2014-09-22,0.199271180334648,0.073448405799148,"Pre",-0.708766467736233,0.23,0.11,-0.04,-0.1,0.17,12.2634081735356,0.02,"development"
2014-09-25,-0.318048151437456,0.202187367839546,"Pre",1.27032993484324,-0.71,0.2,-0.23,-0.05,0.16,16.4325886773049,0.02,"development"
2014-09-26,0.532277218596588,-0.568756693270345,"Pre",-0.885050557010736,0.31,-0.52,0.25,0.11,0.54,-5.18318698684568,0.02,"development"
2014-09-29,-0.167826606414057,-0.0182932406985969,"Pre",0.496490010522876,-0.17,0.15,-0.06,0.39,0.35,7.33380750894201,0.02,"development"
2014-09-30,0.440812386142575,-0.292237650904958,"Pre",-0.844231861983857,0.21,-0.27,0.41,-0.08,0.03,2.04404762947936,0.02,"development"
2014-10-01,-0.605105621015722,0.328827479340976,"Pre",-0.56591576381404,-0.35,1.06,-0.14,0.36,-0.38,2.42289259743802,0.02,"development"
2014-10-02,-0.52488038180778,1.10396705373308,"Pre",-2.64794214948303,0.35,-0.2,0.24,0.03,-0.13,-3.3468289514353,0.02,"development"
2014-10-03,1.2570355661992,-1.46926426360228,"Pre",0.297475820758386,0.81,-0.77,-0.01,-0.35,0.36,-10.4948059475448,0.02,"development"
2014-10-06,-0.991777752753986,0.566780930379718,"Pre",1.15382487423936,0.46,-0.36,0.12,-0.15,0.42,6.06650495417744,0.02,"development"
2014-10-07,-0.696571147125447,0.717640397044317,"Pre",-0.676376652855204,-0.68,0.71,0.06,0.16,0.21,10.6653340660131,0.02,"development"
2014-10-08,0.420391456509694,-0.101518166625603,"Pre",-1.19728095224758,0.48,-0.08,0.14,0.12,0.24,-12.9552607534759,0.02,"development"
2014-10-09,-0.936994588893425,0.378910854898074,"Pre",-0.753344441387682,-0.76,0.62,0.17,0.09,-0.8,21.6370167293431,0.02,"development"
2014-10-10,0.0820335576303233,0.157531423023904,"Pre",-1.15909688608511,-0.32,-0.07,0.35,0.07,-0.24,12.4159252795659,0.02,"development"
2014-10-15,-0.676965358727921,1.02247502106021,"Pre",0.913101066122302,0.46,-0.67,0.28,-0.22,0.44,14.134414578004,0.02,"development"
2014-10-16,0.536364662606958,0.0754574644367345,"Pre",-2.24845863051257,0.09,0.01,0.01,0,0.34,-4.08219945202553,0.02,"development"
2014-10-17,0.00734650468929843,-0.695818510269675,"Pre",-1.40667669948549,0.43,-0.21,0.17,0.23,-0.13,-13.6256189950708,0.02,"development"
2014-10-20,0.0562663413690156,-0.14045603694921,"Pre",3.90499673099587,-0.5,-0.84,0.41,-0.31,0.8,-16.9040429202056,0.02,"development"
2014-10-21,0.0966111884412868,0.159198422909768,"Pre",-2.05218478638169,0.17,-0.06,0.01,0,-0.16,-14.3971111613794,0.02,"development"
2014-10-22,0.405743639268108,-0.579386724971531,"Pre",2.61007714967203,-0.25,-0.18,0.03,0.06,0.52,10.5547065420517,0.02,"development"
2014-10-23,0.845976229151146,-0.779658673723116,"Pre",-0.374554620503709,0.11,-0.17,-0.09,-0.06,0.1,-7.79464173384037,0.02,"development"
2014-10-24,-0.0721526349686474,0.0924983878734409,"Pre",1.00347203920865,-0.72,0.12,-0.2,0,-0.04,-2.57367146440499,0.02,"development"
2014-10-27,-0.380041542399567,0.324419805324094,"Pre",0.632849966581439,-0.47,0.46,-0.16,0.23,0.07,-0.435459475051481,0.02,"development"
2014-10-28,0.678705907487398,-0.268879676154121,"Pre",-0.382895147670759,0.03,-0.16,-0.01,0.14,-0.23,-10.8552081539092,0.02,"development"
2014-10-29,0.548226273211894,-0.0925497520942287,"Pre",1.45062319380944,-0.57,0.42,-0.35,-0.08,-0.34,5.1467011056102,0.02,"development"
2014-10-30,0.434864193553297,-0.7740547310366,"Pre",0.668268746442635,-0.72,0.21,-0.18,-0.2,-0.12,-4.24735225587285,0.02,"development"
2014-10-31,2.55226245370275,-2.85048480774757,"Pre",4.7125266008667,-1.58,-0.42,-0.36,0.45,-0.65,-3.43291152822802,0.02,"development"
2014-11-05,1.09347687236965,-1.03482463397739,"Pre",0.442902884051044,0.19,0.37,-0.03,-0.05,0.25,-4.95627929933282,0.03,"development"
2014-11-06,0.479073255352436,-0.217874503372162,"Pre",-0.858830412689393,0.38,-0.31,0.59,-0.3,0.6,-3.5923402966731,0.03,"development"
2014-11-07,-0.42909037110519,0.121951234626128,"Pre",0.522083361248171,-0.23,0.48,-0.25,0.02,-0.28,-4.10658672199151,0.03,"development"
2014-11-10,0.0727395610445214,-0.0435710869164829,"Pre",-0.593271500200565,0.61,0.23,-0.18,-0.13,-0.72,-3.49007891828954,0.03,"development"
2014-11-13,-0.020399683329364,-0.181778885804995,"Pre",1.13178950486255,-0.66,0.48,-0.21,0.12,-0.4,5.74570550247873,0.03,"development"
2014-11-14,0.324041253586094,-0.766749395036381,"Pre",0.562099106316438,-0.5,0.3,-0.43,-0.02,-0.43,-3.54280593981904,0.03,"development"
2014-11-17,0.325000753146787,0.068681321381181,"Pre",-3.00057648419436,0.89,0.24,0.06,-0.05,0.02,4.98271562703696,0.03,"development"
2014-11-18,0.324842323292351,-0.274442710849154,"Pre",2.15791059093,-0.29,-0.29,-0.08,0.14,0.43,-0.933579491563252,0.03,"development"
2014-11-19,0.919745818842044,-0.801846828031749,"Pre",-0.319408370406471,-0.04,-0.45,0.07,-0.13,0.02,0.718910357246916,0.03,"development"
2014-11-20,0.101384457556186,-0.373134761285776,"Pre",0.0700210294061421,-0.03,0.26,-0.05,-0.07,0.27,-2.75979752036766,0.03,"development"
2014-11-21,-0.309036728937651,0.339155827897386,"Pre",0.326905451411541,0.34,-0.11,-0.2,-0.02,-0.51,-5.13708107629234,0.03,"development"
2014-11-26,-0.136264995892788,0.331083964730183,"Pre",-0.138195887615211,0.68,-0.08,0.18,-0.16,-0.04,-1.48029018812958,0.03,"development"
2014-12-01,-0.230128931481843,0.47289397365331,"Pre",0.743228447236888,-0.14,-0.58,0.16,-0.28,0.14,6.95428577511588,0.03,"development"
2014-12-02,0.595016065789578,-0.809311448216476,"Pre",0.414826772938426,0.07,0.3,-0.36,0.16,0.11,-10.6216180600547,0.03,"development"
2014-12-03,0.469704867224019,-0.602714029452489,"Pre",0.323369973718712,-0.23,0.32,-0.15,0.01,-0.44,-3.00180516492836,0.03,"development"
2014-12-04,0.0104943902368593,0.125266207035413,"Pre",0.936772106409123,-0.36,0.75,-0.22,-0.1,0.07,-0.724349243549494,0.03,"development"
2014-12-05,1.30523869855454,-1.41881658222847,"Pre",0.185658652634402,0.17,-0.21,-0.11,-0.26,0.02,-4.62892552784981,0.03,"development"
2014-12-08,-0.709667370629585,0.404507919380848,"Pre",0.0847275924883206,-0.09,0.54,-0.02,0.02,0,18.4152930131057,0.03,"development"
2014-12-09,-0.836218673229361,1.68505822213678,"Pre",-0.683993444619091,-0.35,0.63,-0.15,0.55,-0.26,4.67439045869082,0.03,"development"
2014-12-10,-1.53481622137455,0.311749841734699,"Pre",-2.27569268213834,1.19,0.07,0.21,0.45,0.05,21.8701193601351,0.03,"development"
2014-12-11,1.15397758430626,-0.756624038331566,"Pre",-0.895189649930472,0.66,-0.4,0.4,-0.17,0.56,8.033325452626,0.03,"development"
2014-12-12,-0.379118639142151,0.993190556227841,"Pre",0.659450054738286,-0.17,-0.57,0.05,-0.05,0.54,4.86004288496331,0.03,"development"
2014-12-15,-0.860446678802917,0.398356249969645,"Pre",-1.57921623702961,0.73,-0.01,0.26,0.15,0.13,-3.18099109366416,0.03,"development"
2014-12-16,-0.768455407138768,0.399949475818584,"Pre",-2.0327555390347,0.1,0.36,-0.04,0.21,0.19,14.345990421152,0.03,"development"
2014-12-17,1.83061252438734,-0.306487554745338,"Pre",0.383678231391471,0.16,0.41,-0.38,0.13,-0.41,-19.2641917915747,0.03,"development"
2014-12-18,0.118124685886745,-1.01489369086121,"Pre",2.29409134095562,-0.35,-0.22,0.2,0.07,0.29,-14.5358851611769,0.03,"development"
2014-12-19,0.691158359505017,-0.604028682133073,"Pre",2.36205570093748,-1.23,0.14,-0.06,-0.31,-0.15,-1.92198108490165,0.03,"development"
2014-12-22,0.260984541187392,-0.233918235317176,"Pre",0.0779429898429385,-0.27,0.37,0.15,-0.02,-0.62,-7.81746335180871,0.03,"development"
2014-12-30,-0.984931788555699,1.02539350352835,"Pre",-1.58653220433109,0.9,0.28,0.12,-0.07,-0.48,5.55339580444896,0.03,"development"
2015-01-06,-1.24095767400827,1.16016433690636,"Pre",-3.06522033316021,0.78,-0.08,0.41,0.13,-0.11,5.84962066816086,0.05,"development"
2015-01-07,0.635590756949167,-1.05981309918235,"Pre",0.012674526469425,0.18,0.01,0.3,-0.21,0.52,-8.95973623976376,0.05,"development"
2015-01-08,0.385910642875631,0.00836715057177528,"Pre",1.65495637809432,-0.41,-0.06,0.14,-0.13,0.44,-12.6821690032653,0.05,"development"
2015-01-09,-1.01723964001725,0.713778904829265,"Pre",0.178263696408898,-0.62,0.18,0.21,-0.11,0.04,3.12525435041047,0.05,"development"
2015-01-14,-0.579042217204284,1.17478153677331,"Pre",-1.72211103602908,0.4,0.04,0.54,0.58,0.39,4.37748290536994,0.05,"development"
2015-01-15,-0.828522088616301,-0.145467017479639,"Pre",1.84487247581799,-0.53,0.06,0,0.13,0.71,4.14921609699994,0.05,"development"
2015-01-16,1.67171688507328,-0.426621807473371,"Pre",-1.43964460779031,-0.19,-0.36,0.26,0.15,-0.14,-6.64757842425168,0.05,"development"
2015-01-21,-0.726147721160242,0.524669054977611,"Pre",-0.49540058566695,0.02,-0.32,0.6,-0.17,0.36,-5.37041789718606,0.05,"development"
2015-01-22,0.846066446702487,-0.0508949031258865,"Pre",0.2805012024238,-0.21,0.27,0.16,0.2,-0.48,-13.9231579063867,0.05,"development"
2015-01-23,-0.675717590129565,0.101815722354015,"Pre",1.04895314014488,-0.37,0.29,-0.3,-0.26,-0.22,1.57293019085438,0.05,"development"
2015-01-26,0.693554760444837,-0.491151804509293,"Pre",-0.247168029339839,0.5,-0.07,0.25,-0.02,0.51,-7.08811219836241,0.05,"development"
2015-01-27,-0.824359318044277,0.644070023076893,"Pre",1.70155668357648,-0.89,0.43,-0.29,0.32,0.37,10.3941984244512,0.05,"development"
2015-01-28,-0.264585517427385,-0.10197145683053,"Pre",0.154257014400194,0.47,0,0.34,0.16,0.27,17.1422266335919,0.05,"development"
2015-01-29,0.913400947242238,-0.482949466545612,"Pre",-1.07062921792149,0.3,0.25,0.1,0.22,0.56,-8.57668217574252,0.05,"development"
2015-01-30,-0.963420556378924,0.738073339936562,"Pre",0.386445046371975,0.31,0.08,-0.07,0.27,0.36,11.136590133575,0.05,"development"
2015-02-02,0.350952473067645,0.0937087430673778,"Pre",-0.66047344992306,-0.13,-0.28,0.54,-0.33,-0.34,-7.62745815244799,0.04,"development"
2015-02-03,-0.15502512445047,-0.127762889488725,"Pre",-1.27353529835954,-0.15,0.82,-0.39,0.04,-1.28,-11.4379159661834,0.04,"development"
2015-02-04,-0.116300319429907,-0.0850846643689174,"Pre",1.9586176019935,-0.74,0.63,-0.68,-0.07,-0.54,5.60999581240988,0.04,"development"
2015-02-05,0.120550586130941,0.153204558011222,"Pre",-0.989794161396063,0.06,0.12,0.09,-0.16,-0.7,-8.41884050532427,0.04,"development"
2015-02-06,1.1418767800139,-1.48802204510856,"Pre",0.818594784450966,-0.32,-0.17,-0.33,-0.01,-0.71,2.57776428968284,0.04,"development"
2015-02-09,-0.277440318246835,0.386782622945958,"Pre",0.35876299035067,0.07,0.07,0,-0.34,-0.15,7.0341489358245,0.04,"development"
2015-02-10,0.613353679454898,-0.520965803092555,"Pre",-0.335081062327092,-0.01,0.07,0.28,0.14,-0.27,-7.38177385136058,0.04,"development"
2015-02-13,0.194000221195312,0.0168477803447864,"Pre",-0.369765289630486,-0.25,0.04,-0.01,0.03,-0.63,-4.32968057533243,0.04,"development"
2015-02-18,-0.49805830272458,-0.167940252755461,"Pre",1.1721710300197,-0.68,-0.06,-0.15,0.4,0.65,-2.24009366891664,0.04,"development"
2015-02-19,0.220955582429294,0.294080790021045,"Pre",0.35991741345196,-0.18,0.41,-0.2,0.34,-0.06,-1.04099834027838,0.04,"development"
2015-02-20,-0.0464918908610557,0.134725517178502,"Pre",0.368936855775637,-0.11,-0.11,0.03,-0.15,0.29,-6.69394826751093,0.04,"development"
2015-02-23,-0.109818873219325,-0.168378554682747,"Pre",0.731649206307594,-0.19,-0.43,0.46,0.03,0.47,1.80185055026785,0.04,"development"
2015-02-24,-0.14803383581401,-0.210075284182043,"Pre",0.736763659034523,-0.12,0.13,-0.02,0.1,-0.18,-6.16124034681826,0.04,"development"
2015-02-25,0.243833716056718,0.210075284182043,"Pre",-0.0983094934923656,0.17,-0.01,-0.2,-0.3,-0.31,1.08973108891663,0.04,"development"
2015-02-26,0.290325459778007,-0.402955548600215,"Pre",1.07351679146284,-0.38,0.47,-0.18,0.01,-0.17,0.504505574582792,0.04,"development"
2015-02-27,0.0679367233493267,-0.301154652904678,"Pre",0.0646556391462383,-0.18,-0.57,0.15,-0.28,0.11,-4.18409654478737,0.04,"development"
2015-03-02,0.328153952382504,-0.283593483919908,"Pre",0.153834653333895,0.1,-0.05,0.28,0.12,0.03,-2.27454839889711,0.03,"development"
2015-03-03,-0.253425342543601,0.492632399456472,"Pre",-0.0622708034883956,-0.49,-0.17,0.24,-0.27,0.48,6.09854372632506,0.03,"development"
2015-03-04,0.116487785695174,-0.242444628224092,"Pre",-0.594690916134866,0.55,-0.31,0.1,-0.19,-0.2,2.63454183400036,0.03,"development"
2015-03-05,0.206282151428949,-0.383365749964248,"Pre",0.257586223378858,-0.31,0.17,0.11,0.06,0,-1.3442013504096,0.03,"development"
2015-03-06,0.664894767927082,-0.588846818616862,"Pre",1.16196164354161,-0.6,-0.33,0.16,-0.31,0.17,7.93850292545657,0.03,"development"
2015-03-09,0.225173672053325,-0.198265244624718,"Pre",-0.955741348464834,0.46,0,0.22,-0.31,0.14,-0.925320548048303,0.03,"development"
2015-03-10,0.062715976695138,-0.0247555391782228,"Pre",-0.669807815324042,0.25,0.1,0.32,-0.19,0,10.2767515301996,0.03,"development"
2015-03-11,0.207856889541036,-0.247218914538916,"Pre",0.312448182874903,0.21,-0.25,-0.13,0.2,0.19,1.07271588841331,0.03,"development"
2015-03-12,-0.0969000262055708,0.181234088654136,"Pre",1.41904873714314,-0.46,0.15,0.01,-0.05,0.3,-8.98715284226936,0.03,"development"
2015-03-13,0.0511693111494793,0.0907403650630023,"Pre",1.37608406537275,-0.21,-0.48,-0.07,-0.18,-0.33,3.69233541045979,0.03,"development"
2015-03-16,0.0259086240613993,-0.107229770657291,"Pre",-0.0425451126162102,0.4,0.12,-0.53,0.07,-0.25,-2.46769877124406,0.03,"development"
2015-03-17,-0.108483067852116,0.0164894055942888,"Pre",0.987210167566488,-0.49,-0.22,0.19,0.14,0.48,0.319795603531636,0.03,"development"
2015-03-18,-1.12393418127978,0.297275198280378,"Pre",0.551442748517061,-0.46,0.1,-0.46,-0.18,0.06,-11.4197517293786,0.03,"development"
2015-03-19,0.693963766080019,0.0165412290511036,"Pre",-0.34812023765749,0.13,-0.6,0.49,-0.22,-0.19,0.713269785742732,0.03,"development"
2015-03-20,-0.501981448458677,0.514139950041859,"Pre",0.428622074265661,0.21,-0.19,0.02,-0.4,-0.21,-7.75582343458745,0.03,"development"
2015-03-23,-0.402700148158441,0.449963262312192,"Pre",0.987631448982818,-0.22,0,0.13,-0.19,-0.08,2.95140605131636,0.03,"development"
2015-03-24,-0.0575699669483232,-0.133533653626206,"Pre",-0.20730825780042,0.18,0.18,-0.08,0.23,-0.2,1.55386034277791,0.03,"development"
2015-03-25,-0.187811846226449,0.443014892652105,"Pre",0.165992387260516,-0.38,0.23,-0.18,0.07,-0.08,12.5422243875264,0.03,"development"
2015-03-26,-0.0914866829991645,0.302038991259845,"Pre",-1.40287256454599,0.47,0.05,0.23,-0.12,-0.44,2.3048395436291,0.03,"development"
2015-03-27,-0.0325709227277038,-0.117568035040261,"Pre",-0.957208312295599,-0.3,-0.83,0.48,-0.17,0.45,-4.73039273945171,0.03,"development"
2015-03-30,0.812654394726309,-0.802478602164758,"Pre",0.650026334583131,-0.17,-0.38,0.06,-0.1,0.37,-3.78679457423075,0.03,"development"
2015-03-31,-0.150455917398995,0.124963568559089,"Pre",-1.05862470699627,1.42,-0.33,0.09,-0.29,0.03,5.23609530448743,0.03,"development"
2015-04-01,-0.134129755528134,0.283830226439719,"Pre",-0.900329104861974,0.3,0.06,-0.03,0.12,-0.21,-1.18422436563228,0.04,"development"
2015-04-02,-0.0497150694179105,-0.100267388079534,"Pre",1.44965864960085,-0.54,0.32,-0.01,0.05,0.25,-2.95521841297575,0.04,"development"
2015-04-07,0.500610355160491,-1.09436788289727,"Pre",1.24268605199997,-0.7,0.27,-0.43,0.1,-0.51,0.271002875886506,0.04,"development"
2015-04-08,-0.0907617360245805,0.332889788103685,"Pre",0.757136130320646,0.12,-0.07,0.18,0.04,0.22,-5.56471787143913,0.04,"development"
2015-04-09,0.575227435905301,-0.299650632072179,"Pre",0.744625620704475,-0.27,-0.44,0.56,-0.3,0.31,-6.57791568838557,0.04,"development"
2015-04-10,-0.441886114078205,0.0249366195548717,"Pre",-0.151033963661718,0.48,0,0.23,-0.17,-0.02,-3.97403286495139,0.04,"development"
2015-04-13,-0.104238417077962,-0.0249366195548717,"Pre",-0.0109009373657543,0.35,-0.27,0.09,-0.19,-0.54,10.2654154060083,0.04,"development"
2015-04-14,-0.472670792170327,0.884887650656996,"Pre",0.0161751579062397,0.51,0.51,-0.19,0.2,-0.17,-1.95587545965195,0.04,"development"
2015-04-15,-0.366230036594839,0.025158287691962,"Pre",-0.195683955526782,-0.14,0.19,-0.12,0.34,0.03,-6.2638352474043,0.04,"development"
2015-04-16,0.0260737972505698,0.0419445499207249,"Pre",0.0805422584756244,-0.58,1.32,-1.15,0.56,-1.15,-1.88684843043831,0.04,"development"
2015-04-17,-0.292241498617685,0.134340910212671,"Pre",-1.17805081040352,-0.02,0.95,-0.49,0.07,-1.2,9.74723428088202,0.04,"development"
2015-04-20,0.36867429508578,-0.209828437387127,"Pre",-0.0936178794516351,-0.4,0.36,-0.04,0.27,0.4,-4.3405121538544,0.04,"development"
2015-04-21,0.380619788054837,-0.150804318124109,"Pre",1.3888697689362,-1.12,-0.13,0.06,-0.15,0.86,-0.376648279547709,0.04,"development"
2015-04-22,0.247969530753167,-0.376018826164959,"Pre",1.12285502159111,-0.23,-0.17,-0.68,-0.01,-0.55,-4.16084672308683,0.04,"development"
2015-04-23,-0.36279981983669,0.175299514818938,"Pre",0.266606972388672,-0.36,0.06,0.11,0.13,-0.56,-1.82617222600814,0.04,"development"
2015-04-24,-0.533363548548582,0.594965512551937,"Pre",-0.833725940874963,0.44,0.22,-0.05,0.21,-0.09,-1.5341439363338,0.04,"development"
2015-04-27,0.382622980034197,-0.117597661599422,"Pre",-0.18358463045729,0.17,-0.05,0.17,0.26,-0.12,6.53518599379996,0.04,"development"
2015-04-28,-0.332067298934025,0.2689981447209,"Pre",0.377751261025772,-0.66,0.14,-0.15,-0.26,0.22,-5.56351842994274,0.04,"development"
2015-05-01,0.461984052179076,-0.291581828612308,"Pre",0.0595109467512955,-0.52,-0.03,0.06,-0.09,-0.04,-13.5989000152956,0.06,"development"
2015-05-08,-0.104679495823623,-0.0334001339109768,"Pre",0.450982606650641,0.09,0.06,-0.32,-0.21,-0.05,-16.2557808990791,0.06,"development"
2015-05-11,0.370817049702366,-0.225159583094658,"Pre",1.23960243817471,0.23,0.03,0.23,-0.06,0.09,7.41635138238745,0.06,"development"
2015-05-12,-0.160117589381636,0.208463698591377,"Pre",0.0200276463726112,-0.02,0.5,-0.21,0.21,0.07,0.0721761128409604,0.06,"development"
2015-05-13,-0.488708861772658,0.594417590144403,"Pre",0.710241942345213,0,-0.35,0.12,-0.15,-0.17,-0.724116125655971,0.06,"development"
2015-05-14,-0.18510640147249,-0.0923244851344762,"Pre",-0.988848519078012,0.34,-0.12,0.08,-0.4,-0.15,-7.70191823611803,0.06,"development"
2015-05-15,0.336621898911549,-0.134138182420163,"Pre",0.827826205486737,-0.62,-0.16,0.25,-0.02,0.88,-2.8664382887567,0.06,"development"
2015-05-18,0.48668292093712,-0.384648020032774,"Pre",0.794236037784479,-0.78,0.7,-0.52,0.22,-0.35,2.78791453128648,0.06,"development"
2015-05-19,0.516188906982196,-0.632281640548094,"Pre",0.681973700327099,0.37,-0.4,0,0.24,0.28,0.938239877191371,0.06,"development"
2015-05-20,0.5264291442868,-0.57884888328017,"Pre",0.846188843761908,-0.24,-0.85,0.56,0.15,0,0.233190933497873,0.06,"development"
2015-05-21,-0.28380056881292,0.181563143051999,"Pre",0.0312380647514487,-0.41,0.33,-0.27,0.07,-0.15,-6.16441631112066,0.06,"development"
2015-05-22,0.379794355809704,-0.321636498463995,"Pre",0.304147189729242,0.31,-0.05,0.03,0.01,-0.17,0.165016539095797,0.06,"development"
2015-05-27,0.326722697109272,-0.550965581096907,"Pre",0.171595977188588,0.3,-0.1,0.01,-0.23,-0.01,-5.78280380384029,0.06,"development"
2015-05-28,0.227514560501207,-0.338791967193686,"Pre",0.384555481168292,-0.66,0.63,-0.52,-0.23,0.13,0.300978406290398,0.06,"development"
2015-05-29,0.181155575187431,0.161186366297361,"Pre",0.056865432093467,0.2,-0.06,0.07,-0.02,-0.31,3.90473177825035,0.06,"development"
2015-06-01,0.610169230317492,-0.530931984866445,"Pre",0.0326744793346379,0.25,0.24,-0.33,0.16,0.06,0.934922307934682,0.05,"development"
2015-06-02,-0.778388448684053,0.361693116249651,"Pre",-0.129788460140112,0.23,-0.39,0.48,-0.09,0.35,1.91427327149594,0.05,"development"
2015-06-03,0.19975819862319,0.104733141496993,"Pre",-0.339764374179552,0.35,0.26,-0.34,0.12,-0.36,-4.15830518411857,0.05,"development"
2015-06-04,0.106534483017251,-0.402220798077124,"Pre",0.0716767157051379,0.06,0.46,-0.4,-0.05,0.02,7.4055680470702,0.05,"development"
2015-06-05,1.04403053326152,-0.815547816022022,"Pre",-0.133287474960575,0.41,-0.44,0.32,0.23,-0.06,-3.45815925043369,0.05,"development"
2015-06-08,-1.05994233771205,0.39894730963228,"Pre",-0.018133788796959,0.53,0.2,-0.06,-0.03,-0.22,7.32530778319616,0.05,"development"
2015-06-09,-0.0161452132819484,0.738247615473142,"Pre",-1.77986914195394,0.49,0.02,0.45,0.17,-0.23,-5.51214792975783,0.05,"development"
2015-06-10,-1.50695832422594,1.1665718815963,"Pre",-0.248812738188953,0.38,-0.25,0.23,0.12,0.1,-9.03467062198522,0.05,"development"
2015-06-11,0.721882867269574,-0.730700661218187,"Pre",1.66521571493412,-0.18,-0.42,0.4,-0.18,0.61,-2.83870230823116,0.05,"development"
2015-06-12,0.0421123784348332,0.315981628109618,"Pre",0.118215117695541,0.29,-0.3,-0.03,-0.19,0.35,6.98744542442835,0.05,"development"
2015-06-15,-0.0595750181092036,-0.121649583146066,"Pre",-0.0945707214544456,0.1,-0.22,-0.01,-0.16,0.08,11.0499682265276,0.05,"development"
2015-06-16,-0.0352138246911604,-0.00810471289502956,"Pre",-0.638937678082563,0.09,-0.31,0.44,0.08,0.05,-3.84153195710808,0.05,"development"
2015-06-17,0.070833494850886,-0.694559406629569,"Pre",-0.191070539519345,0.53,-0.39,0.1,-0.02,0.27,-2.11539788531785,0.05,"development"
2015-06-18,-0.298190809173082,1.11687790972583,"Pre",-1.13629418909085,0.4,-0.39,0.21,0.04,0.17,-9.46896826973056,0.05,"development"
2015-06-19,-0.172401991170812,0.138453416261441,"Pre",0.913337488108112,-0.12,-0.3,0.1,-0.23,0.22,5.67371306050033,0.05,"development"
2015-06-22,0.577310133217601,-0.471583929499531,"Pre",1.25092666392845,-0.5,0.14,-0.16,0.01,0.11,-9.14494471902092,0.05,"development"
2015-06-23,0.358654874111863,-0.348192586287954,"Pre",1.84899590997603,-0.78,0.32,-0.24,0.17,0.18,-5.07150925790163,0.05,"development"
2015-06-24,0.0267924318274826,-0.427506196569105,"Pre",0.28125539655619,0.14,-0.04,-0.01,0.02,0.07,9.07204271927156,0.05,"development"
2015-06-25,-0.415258257417594,0.492194482159558,"Pre",-0.464128223959293,0.07,0,0.14,0.18,0.12,5.50193755911992,0.05,"development"
2015-06-26,0.184901839579332,-0.234296208977725,"Pre",-0.31462829326383,0.09,-0.14,-0.16,-0.31,0.42,0.0713521257528438,0.05,"development"
2015-06-29,-1.05879623683682,1.15251661238309,"Pre",-2.92160401384436,0.28,0.27,0.41,0.08,-0.42,29.6028032287576,0.05,"development"
2015-06-30,0.0368587331516235,0.327064886812334,"Pre",0.62351363266,0.44,-0.5,0.5,-0.24,0.35,-3.34443252034484,0.05,"development"
2015-07-01,0.648097756292021,-0.750656266356309,"Pre",0.46143251917492,0.75,-0.7,0.14,-0.22,1.07,-12.487062768628,0.06,"development"
2015-07-02,-0.0908078151867109,-0.0974975702842329,"Pre",0.945766626567668,-0.35,0.31,-0.16,0.2,-0.16,4.25855100851575,0.06,"development"
2015-07-07,0.0508480521692167,0.302423705097787,"Pre",1.30640744748263,0.1,-0.59,0.25,0.15,0.44,-5.56034454034786,0.06,"development"
2015-07-08,-1.70702386549948,1.33500128554784,"Pre",-3.18592202385286,0.48,-0.23,0.49,0.19,-0.77,20.0388153714729,0.06,"development"
2015-07-09,0.484068864463572,-0.562542846824066,"Pre",0.595357418629661,-0.69,-0.17,0.09,-0.19,0.46,1.56450327087034,0.06,"development"
2015-07-10,1.39486383053646,-1.25426901514905,"Pre",-0.381831522210341,-0.7,1.1,-0.6,0.75,-0.69,-17.1068139225009,0.06,"development"
2015-07-13,0.473109118842796,-0.487607630073583,"Pre",1.55479986617824,-0.23,-0.24,-0.13,0.15,0.82,-19.1274168066069,0.06,"development"
2015-07-14,0.0047742180242949,-0.0324227935077026,"Pre",1.46047942345149,0.37,-0.14,0.11,-0.27,0.13,-3.88754490227945,0.06,"development"
2015-07-15,0.139925017616305,-0.404400421720474,"Pre",0.38189793643113,0.07,-0.22,0.14,0.14,-0.01,-1.05264129869873,0.06,"development"
2015-07-16,0.39013361370781,-0.121001910460095,"Pre",0.666239714298378,-0.27,-0.13,0.3,-0.05,1,-8.84554205618633,0.06,"development"
2015-07-17,-0.0149064252506381,0.0322528627211049,"Pre",0.246296945145374,-0.01,-0.43,-0.03,-0.22,0.07,-1.33002791874812,0.06,"development"
2015-07-22,-0.00161098120901038,-0.120962879150088,"Pre",-1.19849951465039,0.51,-0.41,0.31,-0.01,-0.45,-0.821697310228098,0.06,"development"
2015-07-23,-0.171950815742061,0.161316376328191,"Pre",0.437429018216307,-0.04,-0.25,0.1,0.09,0.71,4.20094080775431,0.06,"development"
2015-07-24,0.0581535259641885,0.113076500215925,"Pre",-0.676331174226519,0.31,-0.51,0.41,-0.2,-0.05,8.34448980754918,0.06,"development"
2015-07-27,-0.557004997286414,0.404891637437554,"Pre",-0.950889957993972,-0.24,0.46,-0.03,0.12,-1.09,12.6959627461288,0.06,"development"
2015-07-28,0.320941697688948,-0.226941254799939,"Pre",-0.104279884638458,0.5,-0.32,0.27,0.4,0.16,-14.9035579160488,0.06,"development"
2015-07-29,0.363637566555308,-0.274880923344867,"Pre",-0.127880150721893,-0.56,0.46,0.24,0.5,0.35,-7.2506690786748,0.06,"development"
2015-07-30,0.125569448196527,-0.418950016582809,"Pre",1.07736994954539,-0.69,1.27,-0.21,0.44,-0.74,-3.00469213522967,0.06,"development"
2015-07-31,-0.27784902364556,0.354381814178151,"Pre",0.303638910558846,0.07,0.26,-0.21,-0.44,-0.42,-0.0824742314790683,0.06,"development"
2015-08-03,0.231939078924448,-0.0322684739812118,"Pre",-0.18053482191327,0.17,-0.03,0.6,0.07,0.58,3.56601803988843,0.06,"development"
2015-08-04,0.18651366633704,-0.0161303331263518,"Pre",-0.135140190142558,-0.01,-0.28,0.34,0.4,0.41,3.44321964214842,0.06,"development"
2015-08-05,0.370876176705304,-0.675135179754172,"Pre",0.455580324529237,0.16,0.07,-0.28,0.29,-0.66,-3.8421032982717,0.06,"development"
2015-08-06,-0.060856230244033,0.192431104922619,"Pre",0.244098138329996,-0.17,0.77,-0.24,-0.18,-0.47,9.59639882617438,0.06,"development"
2015-08-07,-0.340542257069298,0.265198853544923,"Pre",0.290512176100322,-0.51,0.4,-0.36,-0.24,-0.33,-2.79841530374823,0.06,"development"
2015-08-10,0.168886992376516,-0.225062389028619,"Pre",0.405121752159054,0.02,-0.18,0.13,0.16,0.57,-9.06162100040002,0.06,"development"
2015-08-11,0.480494011664057,-0.280617542334216,"Pre",-0.4235074272124,0.42,0.08,-0.16,-0.22,-0.64,11.4233543875142,0.06,"development"
2015-08-12,-0.744012513080161,0.82807885654228,"Pre",-1.59551873806159,0.09,0.11,0.22,0.49,-0.71,-0.73206769108487,0.06,"development"
2015-08-13,0.249303316460736,-0.362625805322825,"Pre",0.989460677573284,-0.46,0.33,-0.38,0.55,0.06,-0.885614644371024,0.06,"development"
2015-08-14,-0.185823986646882,0.0402268801433792,"Pre",-0.370181621805443,0.37,-0.32,0.03,0.07,0.6,-5.01624915921193,0.06,"development"
2015-08-17,0.108443336308417,-0.0482703146943209,"Pre",0.490087080223134,0.19,0.17,0.07,0.25,0.63,1.47004581528782,0.06,"development"
2015-08-18,-0.202489099739545,-0.0482470257026968,"Pre",-0.319565208992678,0.38,0.35,-0.65,-0.23,-0.31,5.74570550247873,0.06,"development"
2015-08-19,-0.381308019471982,0.233409901131232,"Pre",-1.62761611643223,0.05,0.48,-0.21,0.45,-0.74,10.063581124821,0.06,"development"
2015-08-20,-0.181752852072048,0.452270194280846,"Pre",-0.939540373913061,0.33,-0.8,0.64,0.03,-0.31,22.7200882971388,0.06,"development"
2015-08-21,-1.11606035332112,1.16427124228222,"Pre",-3.02886007835887,0.18,0.24,0.12,0.14,-0.67,38.1494979151888,0.06,"development"
2015-08-24,-3.75536210862295,2.95031162971542,"Pre",-4.71510329304525,-0.65,1.23,-0.22,0.51,-1.41,37.3935045621963,0.06,"development"
2015-08-25,0.527653003859019,-1.13222998435658,"Pre",-4.03924459492391,-0.02,0.09,-0.5,0.42,0.67,-12.313607105085,0.06,"development"
2015-08-26,1.10490884569265,0.702990592825881,"Pre",3.15158410066765,0.38,-0.98,0.07,-0.32,1.3,-17.2266778973639,0.06,"development"
2015-08-27,1.08748635207983,-1.51694857508176,"Pre",1.06958101242114,-0.12,-0.21,0.2,0.31,1.17,-14.9872246445523,0.06,"development"
2015-08-28,0.41517115974492,-0.355064160647967,"Pre",2.98016579355203,0.02,0.6,-0.85,-0.57,-0.8,-0.191754612927175,0.06,"development"
2015-08-31,-0.328110418231686,0.0494682176795713,"Pre",-1.29300085758626,1.39,-0.45,0.17,0.33,0.53,8.74271574635324,0.06,"development"
2015-09-01,-1.33775077770117,1.09453829032216,"Pre",-3.91234413725687,0.45,1,-0.55,0.35,-1.42,9.93629672512992,0.06,"development"
2015-09-02,0.658213539949548,-0.0500125041682509,"Pre",-0.387688776259587,-0.31,-0.3,0.11,0.24,0.73,-18.5255793765571,0.06,"development"
2015-09-03,-0.410014942763581,-0.166527931906124,"Pre",0.479578092972233,-0.28,-0.33,0.54,-0.33,0.68,-1.8569198937203,0.06,"development"
2015-09-04,-0.787577145105178,0.961344916823492,"Pre",-2.16956324216326,-0.15,0.93,-0.5,0.82,-0.69,8.20531204851576,0.06,"development"
2015-09-09,0.523826540860117,-1.01388718605691,"Pre",7.42617030010653,-2.04,-0.35,0.07,-0.68,1.59,5.20359904081205,0.06,"development"
2015-09-10,0.296775764714985,0.190358013203085,"Pre",-2.54067266424158,1.69,-0.39,0.17,-0.15,-0.47,-7.35509262416674,0.06,"development"
2015-09-11,-0.0852010952810733,0.0414301700420339,"Pre",-0.193633989541375,1.06,-0.55,0.06,0.09,1.46,-4.92005889648506,0.06,"development"
2015-09-14,-0.522077279856248,0.615181921827368,"Pre",-1.64795702491709,0.75,-0.21,-0.32,-0.1,-0.39,4.42643387112276,0.06,"development"
2015-09-15,0.328814462938931,-0.316376918629135,"Pre",0.337740352352611,0,0.29,-0.2,-0.16,-0.12,-7.31251087718618,0.06,"development"
2015-09-16,0.16922992355104,-0.265648504220728,"Pre",0.80181477850747,-0.44,0.54,0.16,-0.51,-1.5,-5.42397689369967,0.06,"development"
2015-09-17,-0.788697895776735,-0.231864959790595,"Pre",1.424299707522,-0.07,-0.45,0.62,-0.55,0.33,-0.988475923254173,0.06,"development"
2015-09-18,0.258600523782837,0.872279674035337,"Pre",-1.98382068350327,1.11,-0.67,0.7,-0.29,0.33,5.25224346169915,0.06,"development"
2015-09-25,0.596944549173051,-0.998842997217242,"Pre",1.74142412439089,-0.48,0.44,-0.54,0.42,0.38,0.637080090628395,0.06,"development"
2015-09-28,-0.707188986597052,0.764885671250148,"Pre",-1.32526016600707,1.02,-0.68,0.42,-0.04,0.51,15.6808328166109,0.06,"development"
2015-09-29,-0.0144906280508117,0.0500876544405671,"Pre",-4.13218801880806,1.47,0.26,-0.01,0.39,0.02,-2.93814744977925,0.06,"development"
2015-09-30,0.159909103408395,-0.0417414540434535,"Pre",2.66521287480366,-0.52,0.03,-0.13,-0.3,0.93,-9.0847546886851,0.06,"development"
2015-10-01,-0.00842150656406027,0.192155119904935,"Pre",1.90415649726194,-1.08,0.09,0.28,-0.31,-0.2,-8.29380516019942,0.07,"development"
2015-10-02,0.0479852688662685,0.133891233391203,"Pre",0.0152901963902607,0.13,-0.26,0.24,-0.51,0.37,-7.40738605062963,0.07,"development"
2015-10-05,0.321538547739575,-0.784056064299854,"Pre",1.56933047281989,-0.35,-0.84,0.19,-0.24,-0.27,-6.91975588277542,0.07,"development"
2015-10-06,-0.135543181137043,0.149663285606305,"Pre",0.99808546307738,-0.19,0.3,0.11,0,-0.15,-0.719058054535449,0.07,"development"
2015-10-07,-0.199690499855043,0.23325568723136,"Pre",0.74984437492347,-0.51,1.08,-0.33,-0.37,-1.82,-5.29224014543423,0.07,"development"
2015-10-08,-0.193803210125498,-0.0333555706895083,"Pre",-0.997206881987012,0.12,0.56,-0.28,-0.06,-1.75,-5.4731693190583,0.07,"development"
2015-10-09,0.371188342715234,-0.299700524027013,"Pre",1.62661487605487,-0.91,0.79,-0.48,-0.23,-0.68,-1.97107830639331,0.07,"development"
2015-10-14,-0.828776482193705,0.493704195143874,"Pre",-1.90307727568193,0.58,-0.15,0.11,0.31,0.23,2.01687508836206,0.07,"development"
2015-10-15,0.334732795247206,0.800105333722634,"Pre",1.14428597773575,-0.18,-0.19,0.16,-0.13,0.72,-11.6328187639201,0.07,"development"
2015-10-16,0.400575353286392,-1.12672511238481,"Pre",1.07122191094646,-1.25,0.21,-0.34,0.1,-0.55,-6.43308583811399,0.07,"development"
2015-10-19,0.0813397626943768,0.0836470144966128,"Pre",-0.881700617544645,0.51,-0.18,0.11,0.3,0.94,-0.466201310581171,0.07,"development"
2015-10-20,0.233802344786271,-0.24238383716737,"Pre",0.417850825838251,-0.66,0.38,0.09,0,-0.15,5.0124387182569,0.07,"development"
2015-10-21,-0.0148979779702074,-0.100125164810283,"Pre",1.88861161252465,-0.6,0.97,-0.55,-0.02,-0.7,5.85683541510673,0.07,"development"
2015-10-22,0.668864423090954,-0.490829153936723,"Pre",-0.640226679042222,0.22,0.03,0,0.25,-0.17,-14.4714304864269,0.07,"development"
2015-10-23,0.461151641942381,-0.579232070450431,"Pre",2.09034864016875,-1.03,0.09,0.02,-0.36,-0.48,0.0691802172177791,0.07,"development"
2015-10-26,-0.38174769556214,0.272648576384782,"Pre",0.645023127269617,-0.04,-0.39,0.04,-0.33,-0.18,5.5812803210352,0.07,"development"
2015-10-27,-0.360573231164052,0.481009386538478,"Pre",-0.901709421249564,0.35,-0.59,0.46,0.02,0.56,0.911464643409854,0.07,"development"
2015-10-28,0.563655043602118,-0.224206031225904,"Pre",0.668685078642817,-0.22,0.13,-0.01,0.02,0.41,-7.39584245349887,0.07,"development"
2015-10-29,-0.101694003251573,-0.479934723456132,"Pre",0.172785968942435,0.32,-0.57,0.05,-0.47,-0.65,1.93509839225272,0.07,"development"
2015-10-30,-0.250433514299209,0.363877344931574,"Pre",0.775356926724236,-0.83,-0.07,-0.01,0.39,0.68,3.09997868757961,0.07,"development"
2015-11-02,0.141714391275638,0,"Pre",-2.11762613193667,1.13,-0.52,0.28,-0.18,0.27,-6.29913885491571,0.04,"development"
2015-11-05,0.234049623823429,-0.156230759894793,"Pre",0.996240955385019,-0.78,0.48,-0.01,0.4,0.17,-3.01069859935623,0.04,"development"
2015-11-06,1.22589543898055,-1.21678852129543,"Pre",0.777399366823595,0.08,-0.35,0.02,-0.16,0.11,-4.90227493548043,0.04,"development"
2015-11-09,-0.0212722563591505,0.129954534208565,"Pre",1.93866822413487,-0.7,0.95,-0.53,-0.03,0.06,14.2216526252751,0.04,"development"
2015-11-10,-0.100775430120237,-0.146186982909047,"Pre",0.145088289174566,-0.12,-0.31,0.02,-0.17,-0.27,-7.73727481518613,0.04,"development"
2015-11-13,0.221505513608156,-0.0732392106627344,"Pre",-0.513353062032884,0.34,-0.13,-0.04,-0.06,0.42,8.9005395596494,0.04,"development"
2015-11-16,0.471921116985641,-0.146317698027421,"Pre",-1.04241453171419,0.1,0.47,-0.21,0.27,0.09,-10.0502921650381,0.04,"development"
2015-11-17,0.0190825654418525,-0.300093497443488,"Pre",1.21433460779024,0.14,0.07,0.17,-0.23,-0.15,3.67608959750698,0.04,"development"
2015-11-18,0.198930662700869,-0.0242924815964329,"Pre",0.0944505657182404,-0.16,-0.4,0.03,-0.2,-0.23,-11.1631612349846,0.04,"development"
2015-11-19,-0.483647117429564,0.649827646146672,"Pre",1.06624844378409,-0.1,-0.12,-0.1,0.06,0.19,0.827427888546994,0.04,"development"
2015-11-20,-0.0894766992827645,-0.0733167724585648,"Pre",0.100655223621082,0.15,-0.61,0.27,-0.33,0.21,-9.37222710988657,0.04,"development"
2015-11-25,0.280117591965956,-0.187624968366951,"Pre",-0.388761861504783,0.33,-0.21,0.17,0.02,-0.27,-4.75668073142756,0.04,"development"
2015-11-30,0.118786508650892,-0.308868001380258,"Pre",-0.688698885072547,1.33,-0.59,0.54,-0.81,-0.37,6.46625213857304,0.04,"development"
2015-12-01,-0.15631459948362,0.276310618706255,"Pre",1.33266995577568,-0.57,0.12,-0.21,-0.09,0.02,-9.48762999822268,0.04,"development"
2015-12-02,0.160843605224192,-0.51948168771041,"Pre",-0.371810264148209,0.35,-0.25,0.23,0.03,0.25,8.11432501948048,0.04,"development"
2015-12-03,-0.536303302460972,0.373104496412235,"Pre",0.00887706840675406,-0.06,0.24,-0.26,-0.02,-0.11,12.9516429545627,0.04,"development"
2015-12-04,0.605988936032542,-0.0324991878064118,"Pre",-2.20785667035539,0.7,0.09,-0.14,0.34,-0.21,-20.1161643615615,0.04,"development"
2015-12-07,0.00865100883786774,-0.170447669203089,"Pre",0.988053993238225,-0.07,-0.67,0.31,-0.38,0.22,6.72357581065723,0.04,"development"
2015-12-08,-0.24591082319283,0.251715451002177,"Pre",-1.04898163380778,0.33,-0.07,0.28,0.14,0.21,10.5360515657827,0.04,"development"
2015-12-09,-1.03981309182646,0.931151055206847,"Pre",-0.987437157814774,-0.05,0.27,-0.1,0.05,-0.4,10.8140738164149,0.04,"development"
2015-12-10,-0.00977569906974729,0.345253117302846,"Pre",-1.32745519790927,-0.18,0.2,-0.36,0.35,-0.17,-1.38641501831067,0.04,"development"
2015-12-11,-0.580292817177952,0.412575880225319,"Pre",0.961053747811569,-0.09,-0.19,0.01,-0.37,-0.29,23.1997722202681,0.04,"development"
2015-12-14,-0.0392253607087945,0.306405771584739,"Pre",-1.82122319070626,0.53,-0.04,0.02,0.57,0.94,-7.04875743633768,0.04,"development"
2015-12-15,0.552238409560646,-0.899977176333966,"Pre",-1.69577236071188,0.28,0.17,0.15,0.28,0.08,-8.15469914963054,0.04,"development"
2015-12-16,0.38415193218988,-0.180668522494898,"Pre",2.57358123786737,-1.41,0.26,0.05,-0.21,0.35,-15.9575070919793,0.04,"development"
2015-12-17,0.56928697007077,-0.711281255712137,"Pre",1.58140047297355,-0.12,-0.42,0.14,0,0.83,5.87125123095791,0.04,"development"
2015-12-18,-1.16697593532065,1.27076930394159,"Pre",-1.91323809989719,0.99,-0.32,0.28,0.09,0.16,8.88576125133911,0.04,"development"
2015-12-21,-0.211840649779527,0.173417608182724,"Pre",-0.37348187958095,-0.47,0.15,0.36,0.18,0.24,-10.1610176410782,0.04,"development"
2015-12-22,-0.0879291448488306,0.0413342708319497,"Pre",-0.155121144083203,-0.31,0.24,0.01,0.08,0.39,-11.9120828498043,0.04,"development"
2015-12-29,-0.0212204631895307,-0.116308063289949,"Pre",0.575240428163326,0.16,-0.02,-0.26,0.22,0.57,-5.03288991596689,0.04,"development"
2015-12-30,0.192057742472951,-0.13275806795523,"Pre",0.270833926335001,0.5,-0.45,0.51,-0.17,0.38,7.2552035944379,0.04,"development"
2016-01-05,-0.396611556661597,0.293809235490361,"Pre",-0.418086375779225,0.17,0.46,-0.18,0.76,-0.16,-6.79582102461751,0.17,"development"
2016-01-06,-0.500829987814422,0.345278038927432,"Pre",-0.999206460743274,0.17,0.03,0.22,0.52,0.67,6.263003101455,0.17,"development"
2016-01-07,-0.889658914822355,0.456583189402693,"Pre",-2.35826167696107,0.67,-0.49,0.13,0.47,0.59,19.3670223807163,0.17,"development"
2016-01-08,-0.125976373699732,0.220582086554977,"Pre",-0.391256177201704,-0.22,0.13,-0.12,-0.06,-0.27,7.77314229576636,0.17,"development"
2016-01-13,0.00479087271649803,-0.237449229611819,"Pre",2.84361984811401,-0.21,-0.64,0.32,-0.64,0.2,11.5456244339536,0.17,"development"
2016-01-14,0.136175808935679,0.0254140371565903,"Pre",-2.715993264151,0.26,0.77,-0.23,0.64,-0.35,-5.16690066798495,0.17,"development"
2016-01-15,-1.00543087445795,1.06470065855859,"Pre",-0.545772183322235,-0.43,0.43,0.04,0.59,0.23,12.0609008675129,0.17,"development"
2016-01-20,-0.677551497825091,1.09384102077863,"Pre",-3.77865549909675,0.45,0.56,0.03,0.41,0.04,5.74356200298185,0.17,"development"
2016-01-21,0.57092702892545,-1.05133666344219,"Pre",-2.46011521883442,-0.33,0.11,-0.14,0.13,-0.02,-3.31644248127616,0.17,"development"
2016-01-22,1.34345264274804,-0.64412461028569,"Pre",5.71040612718914,-0.36,-0.8,0.38,-1,0.35,-17.7910169775378,0.17,"development"
2016-01-25,-0.465824320859731,-0.151950054561212,"Pre",0.894531968258505,0.61,-1.07,0.64,-0.36,1,7.79055864575273,0.17,"development"
2016-01-26,0.159490929741057,0.0421851936228457,"Pre",-2.37747601661003,0.63,-0.67,0.28,0.35,0.59,-7.07690708882076,0.17,"development"
2016-01-27,0.1024536435418,-0.336984312155053,"Pre",2.68679946047286,-0.7,0.6,-0.1,-0.22,-0.49,2.67501150759153,0.17,"development"
2016-01-28,0.204015684662995,0.244200365555258,"Pre",-0.716089452261137,0.64,-0.46,0.49,0.06,0.93,-3.03120066422755,0.17,"development"
2016-01-29,1.95481669386841,-2.03628833428837,"Pre",2.75974371592653,-0.71,-0.39,1.04,-0.57,0.12,-10.4270813236855,0.17,"development"
2016-02-01,0.13446641097512,-0.00826070794737177,"Pre",1.96103168909225,-0.14,-2.31,2,-0.45,1.26,-1.09508311867517,0.27,"development"
2016-02-02,-0.946858118478922,0.654707514101638,"Pre",-0.643254068101484,0.2,-0.58,-0.27,0.14,1.16,9.54011757550677,0.27,"development"
2016-02-03,-1.83516530585175,1.97327868814989,"Pre",-3.20232915999963,0.85,-0.62,0.39,1.3,1.46,-1.51274945269764,0.27,"development"
2016-02-04,-0.701351830349006,0.997153189201949,"Pre",-0.854421453939658,-0.66,1.13,-0.79,0.44,-1.64,0.873769642820532,0.27,"development"
2016-02-05,0.0686401941830894,-0.205356451050331,"Pre",-1.33120404028375,-0.14,0.54,-0.27,0.25,-0.03,6.81378051672183,0.27,"development"
2016-02-08,-1.29512398994813,1.10878268598791,"Pre",1.09219747439138,0.63,-0.41,0.28,0.31,0.78,10.621558197756,0.27,"development"
2016-02-09,-0.545380072538348,0.780915031416463,"Pre",-5.55517382533299,0.58,0.12,0.1,1.16,0.7,2.05564908825795,0.27,"development"
2016-02-10,-1.95239386472759,0.672991221619945,"Pre",-2.34012998825879,0.21,-0.39,0.17,-0.69,-0.63,-0.946439016227174,0.27,"development"
2016-02-17,-0.128902919066087,-0.21048946554254,"Pre",-1.36762619537727,0.83,-0.56,0.6,-0.29,0.37,-7.75916837486386,0.27,"development"
2016-02-18,-0.577564807317543,0.456621797958157,"Pre",2.250512986347,0.14,-0.03,-0.86,-0.66,-1.15,-3.04915544661601,0.27,"development"
2016-02-19,-0.7464584464421,1.0617689555052,"Pre",-1.42789526021101,0.34,-0.91,0.27,0.46,0.88,-5.26562229474385,0.27,"development"
2016-02-22,0.50579157295334,-0.620734457433425,"Pre",0.897063271347243,0.49,-1.57,0.6,-0.12,1.08,-5.76456245682224,0.27,"development"
2016-02-23,-0.925432192344378,0.843362449113094,"Pre",-0.366880469724329,-0.24,0.31,-0.47,-0.21,-0.87,7.93279965055311,0.27,"development"
2016-02-24,-0.0896775347482226,0.72473810710223,"Pre",-0.852486906874894,0.55,-0.14,-0.16,0.3,0.52,-1.2470185576869,0.27,"development"
2016-02-25,1.08447353255907,-1.1961224459621,"Pre",1.40100300875456,-0.04,0.46,-0.18,0.28,0.51,-8.08876591391003,0.27,"development"
2016-02-26,1.02292856713175,-0.953733827677095,"Pre",0.297382580063399,-0.08,-0.07,0.46,-0.04,0.24,3.59751024582775,0.27,"development"
2016-02-29,-1.06768337173002,0.77642881668849,"Pre",-1.00357289267272,0.85,-0.67,0.48,-0.7,0.31,3.66740802317844,0.27,"development"
2016-03-01,0.851272453059382,-0.916952289663264,"Pre",0.365904157808039,0.02,-0.66,0.28,0.24,0.53,-14.929630136246,0.35,"development"
2016-03-02,-0.307518817159069,0.114160275845077,"Pre",4.02734001598049,-1.65,0.21,-0.33,-0.84,-1.13,-3.5071142452284,0.35,"development"
2016-03-03,0.163980127600416,0.246327211735675,"Pre",1.26747973744639,-0.43,0.88,-0.85,-0.35,-1.78,-2.30847777047898,0.35,"development"
2016-03-04,0.279959299902544,-0.33415437353792,"Pre",0.321531381990603,0.91,0.54,-0.67,-0.44,-1.56,0.953523315099991,0.35,"development"
2016-03-07,-0.51596370393745,0.272515662476991,"Pre",-0.609915791814863,0.96,0.1,-0.47,-0.02,-0.68,2.8648553819159,0.35,"development"
2016-03-08,-0.618416423590018,0.901942625117069,"Pre",-0.760781328173366,0.22,-0.41,0.3,0.01,0.31,7.3325451160763,0.35,"development"
2016-03-09,0.607464073855635,-0.425457121126449,"Pre",-0.843376870919599,0.01,-0.15,0.48,0.41,1.29,-1.78334907253128,0.35,"development"
2016-03-10,-0.114600364471285,-0.0353731874930041,"Pre",1.25484747569313,0.2,-0.47,0.13,-0.74,-0.19,-1.59387820494286,0.35,"development"
2016-03-11,0.593519298415268,-0.493915274690071,"Pre",0.512086802843115,0.16,0.25,-0.44,0.21,-0.57,-8.97853038723553,0.35,"development"
2016-03-14,-0.161750273673222,0.061606162564587,"Pre",1.72586895259901,0.13,0.12,-0.34,-0.33,-1.1,2.51359732715426,0.35,"development"
2016-03-15,-0.569046831861852,0.627016669877101,"Pre",-0.679345929687258,0.86,-0.58,0.42,0.01,0.66,-0.473934536389686,0.35,"development"
2016-03-16,-0.37195611126033,-0.71501385964563,"Pre",-0.836693887608142,0.56,-0.85,0.81,-0.15,1.15,-11.6373696699674,0.35,"development"
2016-03-17,-1.06161710369599,2.1246187859516,"Pre",-0.224530133846734,0.07,0.59,-0.41,-0.08,-0.03,-3.73811786498264,0.35,"development"
2016-03-18,0.348739983718493,-0.0718519880023472,"Pre",-1.25707252816785,0.77,0.2,-0.09,0.33,-0.03,-2.95172518582358,0.35,"development"
2016-03-23,0.20256524924207,-0.721767446110633,"Pre",-0.279416667129873,0.26,-0.28,0.24,0.34,0.62,5.29151260020821,0.35,"development"
2016-03-24,0.218174915383251,-0.00887823501267704,"Pre",-0.641131669766715,0.48,-1.28,1.07,0,2.19,-1.3477292943481,0.35,"development"
2016-03-29,-0.84172205487425,-0.035301385945985,"Pre",-0.180151284633823,0.34,-0.55,0.11,-0.43,-0.25,-9.78067319189764,0.35,"development"
2016-03-30,0.0327327098314178,0.646220103926698,"Pre",-1.3216999057498,1,-1.19,0.62,-0.19,1.46,-1.89925358272744,0.35,"development"
2016-03-31,0.158370349244663,0.159985813166141,"Pre",-0.715213959882277,-0.13,0.14,-0.29,-0.14,-1.5,2.83552257551252,0.35,"development"
2016-04-01,-0.774631873755594,0.320741543679048,"Pre",-3.61192905893208,0.39,-0.19,0.27,0.33,1.01,-6.28672780602688,0.363,"development"
2016-04-04,-0.409823473727666,0.788393261181497,"Pre",-0.253287560271431,0.6,0.18,-0.57,0.66,1.07,7.49800018579903,0.363,"development"
2016-04-05,-1.07579288234554,0.830929636378563,"Pre",-2.45145938320075,-0.59,-0.1,0.18,0.21,0.62,8.80731360700873,0.363,"development"
2016-04-06,-0.584308104271036,0.573015347508932,"Pre",-0.111039823570103,-0.38,-0.03,0.21,0.05,0.15,-9.02000422245943,0.363,"development"
2016-04-07,-1.27820016202467,1.51650348963077,"Pre",0.21916284531045,0.07,-0.7,-0.06,0.21,0.86,13.7073727182361,0.363,"development"
2016-04-08,-0.207164104720636,-0.351299242675385,"Pre",0.454083214438938,-0.11,-0.48,-0.14,-0.52,-0.36,-5.07723253734236,0.363,"development"
2016-04-11,-0.0905413723262694,0.369822906709061,"Pre",-0.445892990450858,0.84,-1.09,0.29,0.04,0.83,5.69413764001387,0.363,"development"
2016-04-12,0.609931574261102,-0.535798048545466,"Pre",1.12160549940441,-0.79,1.3,-0.77,-0.15,-2.47,-9.07082388709561,0.363,"development"
2016-04-13,0.860497278256744,-0.615386557437869,"Pre",2.8007393002019,-1.14,0.24,-0.25,-0.81,-1.27,-7.04369150591848,0.363,"development"
2016-04-14,0.127211414566686,0.00915708988324937,"Pre",3.18316976927804,-1.02,0.77,-0.34,0.26,-0.96,-0.870832789178433,0.363,"development"
2016-04-15,-0.566607113381945,0.40374435465349,"Pre",-0.373351840179303,0.47,-0.21,0.31,0.12,0.66,-0.731532157637327,0.363,"development"
2016-04-18,-0.0496445990781247,-0.0827167916286342,"Pre",-3.45451778899548,1.6,-0.03,-0.01,0.39,1.03,-2.00229158751077,0.363,"development"
2016-04-19,0.483682477335634,-0.284390815958169,"Pre",3.61114928959072,-1.19,-0.21,-0.63,-0.78,-1.5,-0.827383433739604,0.363,"development"
2016-04-20,0.648718787581748,-0.32011734475299,"Pre",0.190047829646289,-0.22,-0.14,-0.01,0.08,0.04,0.301659353942529,0.363,"development"
2016-04-21,-0.420416310154392,0.0913575798969113,"Pre",2.66766835202077,-0.52,-0.02,-0.32,-0.4,-0.79,4.92203642190869,0.363,"development"
2016-04-22,2.09218498554407,-1.89222974114749,"Pre",1.19573981573318,-0.77,0.87,-0.4,0.1,-1.72,-5.37486738438342,0.363,"development"
2016-04-25,-0.578848928356956,0.377392846157498,"Pre",-0.760833093615076,0.04,0.64,-0.56,-0.05,-1.4,6.30245163063559,0.363,"development"
2016-04-26,0.375333685922374,-0.134946716533957,"Pre",-0.494474254390553,-0.54,0.07,0.33,0.36,0.97,-0.855925339566976,0.363,"development"
2016-04-27,0.0451042571782079,-0.0269675043209183,"Pre",-0.362489814211564,0.73,-0.26,0.1,-0.29,0.29,-1.37037845936629,0.363,"development"
2016-04-28,-3.50717774360625,2.46589083228468,"Pre",-3.67829232990786,1.71,-0.84,0.75,-0.13,1.88,10.0118039692976,0.363,"development"
2016-05-09,1.19348120070701,-1.60896286552026,"Pre",0.676368296140772,0.42,-0.81,0.01,-0.71,0.36,-1.02424930936169,0.406,"development"
2016-05-10,0.961767000955449,-0.762836289634894,"Pre",2.13032464802225,-0.67,0.65,0.06,0.23,-0.23,-6.66913744986721,0.406,"development"
2016-05-11,-0.835939650698503,0.67983725319225,"Pre",0.0833931776957897,0.17,-0.27,-0.12,-0.14,0.26,7.48937444773445,0.406,"development"
2016-05-12,0.513845575340177,-0.230192081757341,"Pre",0.405293501288106,-0.12,0.24,0,-0.19,-0.14,-1.92445801743548,0.406,"development"
2016-05-13,-0.314084145899818,-0.376371674842702,"Pre",-1.41648024291623,0.41,-0.73,0.05,-0.08,1.32,4.27909085102627,0.406,"development"
2016-05-16,0.194151091529582,0.229326340011582,"Pre",0.329637104909963,-1.01,1.3,-0.34,0.23,-0.79,-2.4227295335324,0.406,"development"
2016-05-17,0.125116139549108,-0.119315327816505,"Pre",1.12564293932866,0.11,-0.19,-0.43,-0.31,-0.75,5.88599626595374,0.406,"development"
2016-05-18,1.1929006086886,-0.576212322776204,"Pre",-0.0487123813858403,-0.84,1.4,-0.72,0.67,-1.33,2.41128433849465,0.406,"development"
2016-05-19,-0.347057935203932,-0.145812474572526,"Pre",0.0118349060779011,0.72,-0.59,0.02,-0.25,0.69,2.35450777515203,0.406,"development"
2016-05-20,0.0288579898213293,-0.644490044559376,"Pre",0.53734049628904,0.23,-0.18,-0.08,-0.14,-0.15,-7.17084791301432,0.406,"development"
2016-05-23,-0.690599742476605,0.954596093875004,"Pre",-0.489654612028367,0.77,-0.39,-0.05,-0.27,0.01,3.99795344872773,0.406,"development"
2016-05-24,0.665132916035516,-0.482982667595078,"Pre",-0.940122797810083,0.42,0.08,0.05,0.41,0.84,-9.2658830482705,0.406,"development"
2016-05-25,0.225559620193971,-0.199800266267314,"Pre",1.55517414266733,-0.8,0.64,-0.01,0.11,-0.99,-3.67272917201569,0.406,"development"
2016-05-26,-0.506848028277718,0.436443682426013,"Pre",0.090128760185948,0.03,-0.02,-0.15,0.02,-0.34,-3.43978296014997,0.406,"development"
2016-05-27,0.690609083349614,-0.109289628364451,"Pre",0.371229296247222,-0.34,-0.05,-0.02,-0.1,-0.28,-2.33532270192032,0.406,"development"
2016-06-01,-1.17149844670106,1.08943428837698,"Pre",-1.63352097420653,0.66,-0.04,0,-0.26,-0.27,0.0704473435263697,0.429,"development"
2016-06-02,-0.620148586609703,0.732939607268168,"Pre",-2.34617071869216,0.66,-0.58,0.31,-0.05,1.28,-4.09687188987737,0.429,"development"
2016-06-03,-2.16635056291197,1.73449601804583,"Pre",0.479931822719948,0.32,-0.66,0.25,-0.08,1,-1.18082552861685,0.429,"development"
2016-06-06,1.08154221254728,-0.420149070509801,"Pre",-0.374448172257047,-0.14,-0.38,0.45,0.2,0.81,1.32745312086961,0.429,"development"
2016-06-07,-0.194542521374341,0.0279550856780553,"Pre",0.573861882986648,-0.24,-0.05,-0.2,-0.12,-0.72,2.88828741487861,0.429,"development"
2016-06-08,-0.386459226725444,0.579495032283894,"Pre",0.928009305433086,-0.2,-0.1,0.01,-0.13,0.33,0.213295495014121,0.429,"development"
2016-06-09,0.0562582720400329,0.131319782496053,"Pre",-0.970235970879862,0.91,-0.56,0.14,-0.02,1.06,3.90021578032695,0.429,"development"
2016-06-10,-0.404277242544326,-0.486892347638257,"Pre",-0.403069157238711,0.32,-0.53,0.26,-0.23,0.17,15.1218986141431,0.429,"development"
2016-06-13,-0.546731897338271,0.929017144785682,"Pre",-3.56978654047637,0.52,-0.09,0.18,0.22,0.66,20.8116350239231,0.429,"development"
2016-06-14,-0.0250307717300391,0.0471497957718725,"Pre",-1.00495917962231,-1.32,1.38,-0.03,1.08,-0.29,-2.26679587694658,0.429,"development"
2016-06-15,-0.204508061594177,0.141582920437155,"Pre",0.38126356422179,0.06,-0.47,0.11,-0.61,-0.48,-1.77169988539463,0.429,"development"
2016-06-16,-1.80867082764893,1.7340373515645,"Pre",-3.0967859281942,-0.49,0.89,-0.19,0.69,0.47,-3.89824098715117,0.429,"development"
2016-06-17,0.0891137610716797,-0.144057647962281,"Pre",1.06671802694454,-0.01,0.3,-0.17,-0.46,-1.13,0.206291976201411,0.429,"development"
2016-06-20,-0.380823320296741,-0.115096885907651,"Pre",2.31684979495537,0.01,-0.09,0.09,-0.46,-0.52,-5.50694979538844,0.429,"development"
2016-06-21,1.02815432480958,-0.22979711376232,"Pre",1.26850147806135,-0.41,-0.65,0.15,-0.32,0.3,0.597016698650377,0.429,"development"
2016-06-22,-0.44506254276242,0,"Pre",-0.641482238565239,-0.39,0.17,0.12,0.14,0.37,13.5896018933236,0.429,"development"
2016-06-23,1.68365228515368,-1.27341832913945,"Pre",1.06879190958811,-0.48,0.5,-0.34,-0.44,-1.52,-20.4772941669405,0.429,"development"
2016-06-24,-4.30973216520893,3.49766629555077,"Pre",-8.2529320820516,1.33,0.19,0.35,1.07,2.04,40.1010757758784,0.429,"development"
2016-06-27,-0.440375912455515,0.58846776330963,"Pre",2.3608200310921,0.71,-1.63,0.86,0.79,3.97,-7.70386839018027,0.429,"development"
2016-06-28,0.783911191017861,-1.02755711589566,"Pre",0.0909496069366966,0.64,-0.93,0.23,0.22,1.58,-24.059046491793,0.429,"development"
2016-06-29,0.246896366054772,0.0292127174773782,"Pre",1.5778264310697,-0.52,-0.04,-0.35,-0.06,-0.7,-11.9384317023357,0.429,"development"
2016-06-30,0.609389857647624,-0.0876125634042602,"Pre",0.0583763492828737,0.33,-0.37,0,-0.35,-0.09,-6.26172909596776,0.429,"development"
2016-07-01,-0.8581805974337,0.214299711859223,"Pre",0.681803373120005,0.53,-0.75,0.15,-0.17,0.85,-5.65940478900968,0.435,"development"
2016-07-06,-0.507988019460281,0.45387349745516,"Pre",-1.87030063733484,0.37,-0.49,0.4,0.86,1.62,-4.0608067896271,0.435,"development"
2016-07-07,-0.486469322733329,0.376499008104325,"Pre",-0.6703612061294,-0.22,0.63,-0.25,0.39,-0.68,-1.34591533740047,0.435,"development"
2016-07-08,-0.383082926212186,0.0893788231703496,"Pre",-1.11417914878196,-0.04,0.47,-0.18,-0.04,-0.5,-11.1703989580001,0.435,"development"
2016-07-11,2.53842343602204,-1.97734050463563,"Pre",3.90654493813862,-0.46,0.83,-0.69,-0.51,-1.92,2.54314378918039,0.435,"development"
2016-07-12,1.91111651444493,-1.98675644694877,"Pre",2.43267110955987,-0.58,1.12,-0.64,-0.6,-2.56,0.0738279841581146,0.435,"development"
2016-07-13,-0.61697787432875,0.593814598072129,"Pre",0.840043693822778,-0.48,1.43,-0.56,-0.78,-1.77,-3.83649908272035,0.435,"development"
2016-07-14,0.863631396770126,-1.24106604863385,"Pre",0.947111256303046,-0.4,-0.13,-0.2,0.37,0.37,-1.70151050059828,0.435,"development"
2016-07-15,0.089487854598902,-0.22744513216697,"Pre",0.680947073668747,-0.71,2.33,-0.6,-0.02,-3.16,-1.17694571594762,0.435,"development"
2016-07-20,0.625831373276764,-0.488768714362831,"Pre",-0.24798547068503,0.31,-1.12,0.84,-0.33,1.63,-1.68495982976964,0.435,"development"
2016-07-21,-0.915945205586155,0.630204785274291,"Pre",0.766333491873361,0.06,1.2,-0.56,-0.39,-2.22,7.91927288718317,0.435,"development"
2016-07-22,0.364840599777549,-0.226201792963643,"Pre",-1.09441190524571,0.25,-0.12,-0.09,0.31,0.38,-5.81747210369556,0.435,"development"
2016-07-25,-0.278089764945566,0.188465943459271,"Pre",-0.0418677598503336,0.5,0.38,0.18,-0.28,-0.94,6.83270925009736,0.435,"development"
2016-07-26,-1.11952926652727,1.12877650951786,"Pre",-1.43775847414549,0.23,-0.64,-0.04,0.44,1.57,1.38891121606672,0.435,"development"
2016-07-27,0.536006522491039,-0.779175359758444,"Pre",1.70532572308453,-0.17,0.56,-0.02,-0.84,-1.8,-1.70019551411573,0.435,"development"
2016-07-28,0.0826160501561812,0.75056169176797,"Pre",-1.1344152098669,0.44,0.18,0.27,0.02,0.44,-0.861062071556917,0.435,"development"
2016-07-29,-3.00300144274321,2.45209698737989,"Pre",0.559401642337676,-0.48,1,-1.06,-0.19,-1.09,-6.91613492903995,0.435,"development"
2016-08-01,0.335529577284754,0.0586567618734435,"Pre",0.40054214003149,-0.82,-0.46,-0.14,0.2,0.63,4.6902878689457,0.433,"development"
2016-08-02,-1.57444429259703,1.41818409973684,"Pre",-1.47953389252589,0.86,-1.26,0.39,0.14,1.45,7.20963038028182,0.433,"development"
2016-08-03,0.375148343957799,-0.514445139327879,"Pre",-1.89902044109154,-0.07,-0.2,0.18,0.24,0.83,-3.88916723043784,0.433,"development"
2016-08-04,-0.144628347580777,0.256891752776944,"Pre",1.06241335742912,-0.37,2.52,-1.17,-0.16,-3.64,-3.48136423041403,0.433,"development"
2016-08-05,0.593585725287937,-0.650825687462486,"Pre",-0.00270691438224446,-0.3,0.26,0.26,-0.1,-0.84,-8.65722990462419,0.433,"development"
2016-08-08,0.793764366579897,-0.773489928738158,"Pre",2.40777326341295,-1.03,2.09,-0.66,-0.51,-3.07,0.96112579101133,0.433,"development"
2016-08-09,-0.612324641752249,0.557485917408584,"Pre",0.684714039959111,-0.19,-0.19,-0.2,-0.06,0.83,1.3817145553142,0.433,"development"
2016-08-10,-0.408237673734968,0.679036216372086,"Pre",-0.178208523618117,0.03,-0.91,0.53,0.04,1.41,3.29004790143177,0.433,"development"
2016-08-15,-0.0729323584018005,-0.00989951988135118,"Pre",-0.298081161878727,0.34,-1,0.72,-0.35,0.34,2.2261193241468,0.433,"development"
2016-08-16,-1.01295892425779,0.735224374981325,"Pre",-1.63183821208133,0.23,-0.21,0.26,0.05,0.21,6.79197585094404,0.433,"development"
2016-08-17,0.0219185433178115,0.0398962702280237,"Pre",0.89454935851645,-1.01,2.07,-0.65,-0.04,-1.85,-3.6250445225531,0.433,"development"
2016-08-18,-0.221558025904223,0.169736948544852,"Pre",-1.56257834139488,0.47,0.53,-0.22,0.39,0.03,-6.43744656864609,0.433,"development"
2016-08-19,0.0764980215409938,-0.169736948544852,"Pre",0.36213594804515,-0.04,1.22,-0.42,-0.39,-1.49,-0.790517950711322,0.433,"development"
2016-08-22,0.182207621789354,-0.00997555988657695,"Pre",0.316015132646719,0.2,-0.41,0.25,0.14,0.61,7.88209604232137,0.433,"development"
2016-08-23,-0.08081202889616,0.0498877535914488,"Pre",-0.609328516787677,0.07,-1.37,0.56,0.18,1.58,0.892500853363032,0.433,"development"
2016-08-24,0.329433186372308,-0.298953884836628,"Pre",0.60396634258737,-0.25,0.11,0.04,-0.02,-0.37,8.2896838791398,0.433,"development"
2016-08-25,0.11304008220292,-0.0795703244688362,"Pre",-0.249447770227107,0.13,0.17,0.09,-0.09,-0.64,1.3294139660593,0.433,"development"
2016-08-26,1.14836489278827,-0.614532610954655,"Pre",-1.18628250628525,0.52,0.25,-0.07,0.39,0.21,0.146627592252768,0.433,"development"
2016-08-29,0.209605057107565,-0.914775473664253,"Pre",2.27683847904014,-0.77,1.03,-0.23,-0.64,-1.71,-5.34162325582144,0.433,"development"
2016-08-30,1.14569752882456,-0.770547582353576,"Pre",-0.0724983110004018,0.04,0.29,-0.33,-0.22,-0.7,1.38144944431886,0.433,"development"
2016-08-31,0.324024365394182,-0.44595323543497,"Pre",0.964165128286787,-0.25,1.08,-0.31,-0.33,-1.35,2.26083480275925,0.433,"development"
2016-09-01,-0.0845399988227413,0.154888704731171,"Pre",0.233274607887424,-0.08,0.21,-0.03,0.32,-0.52,0.446097394062539,0.443,"development"
2016-09-02,0.593790398353056,-0.925753959646425,"Pre",-0.00685325642191259,-0.54,-0.05,-0.03,0.54,0.17,-11.7968512796858,0.443,"development"
2016-09-07,-0.237010768300561,0.549020986906701,"Pre",-0.407926554733251,0.68,-1.22,0.31,-0.05,1.43,-0.667782114260573,0.443,"development"
2016-09-08,0.59779879532238,-0.549020986906701,"Pre",-0.315973700396022,0.3,0.21,-0.21,0.32,-0.02,4.66342165143638,0.443,"development"
2016-09-09,0.158000672882075,-0.565468992378371,"Pre",0.0412091197661724,0.2,0.23,-0.22,-0.2,-1.12,33.5672556450649,0.443,"development"
2016-09-12,-0.686018933102162,0.878826083885542,"Pre",-1.74113489564327,0.41,0.03,0.18,0.4,0.4,-14.3540500715243,0.443,"development"
2016-09-13,0.807752882243928,-0.17638417115835,"Pre",0.336028501361163,0.2,-1.03,0.49,-0.26,0.57,16.3343128011423,0.443,"development"
2016-09-14,-0.371670848558026,-0.185846387916566,"Pre",-0.688597244293909,-0.17,0.51,-0.26,0.4,-0.14,1.61159364613424,0.443,"development"
2016-09-15,-0.121746837940329,0.0879894469439257,"Pre",-1.2673382977658,0.35,-0.39,0.15,0.21,0.67,-10.6954336874274,0.443,"development"
2016-09-16,0.120485891570743,-0.117302066236391,"Pre",0.6942012977877,0.05,0.4,-0.53,0.22,-0.67,-5.87475502622126,0.443,"development"
2016-09-21,-1.13641209399238,1.02828669555839,"Pre",1.89478448831224,-0.87,1.29,-0.85,-0.15,-1.5,-17.9812145188529,0.443,"development"
2016-09-26,-0.78826718846372,0.695205898612894,"Pre",-1.2580882592939,0.61,-0.6,0.4,-0.02,0.8,16.5362725848585,0.443,"development"
2016-09-27,0.188658681594944,-0.019930244211519,"Pre",0.838863380661614,0.03,-0.53,0.4,-0.24,0.45,-10.1536419219423,0.443,"development"
2016-09-28,0.359566171452252,-0.209028095816688,"Pre",-1.31847711992474,0.87,-0.6,0.24,-0.31,0.64,-5.57225345660548,0.443,"development"
2016-09-29,0.35088388605149,-0.900773227469287,"Pre",1.37707922768229,-0.08,0.59,-0.15,-0.16,-0.85,12.3595185965393,0.443,"development"
2016-09-30,0.320909294967953,0.266416853027174,"Pre",-1.47162510466252,0.37,-0.59,0.16,-0.01,0.63,-5.34730088812903,0.443,"development"
2016-10-03,0.198363053199468,-0.325524331843852,"Pre",0.900682095044303,-0.09,-0.36,0.16,-0.16,0.18,2.08496011216237,0.452,"development"
2016-10-04,1.24609567125069,-1.09697476129087,"Pre",0.82186029911675,0.22,0.32,-0.05,-0.17,-0.37,0.441177186166364,0.452,"development"
2016-10-05,0.67396666838917,-0.843886864586452,"Pre",0.498229455764054,0.02,0.62,-0.13,-0.42,-0.97,-4.80934150259329,0.452,"development"
2016-10-06,0.559975490528553,-0.472176256690471,"Pre",0.473689685352952,-0.18,0.67,-0.28,-0.04,-0.6,-1.16145324206931,0.452,"development"
2016-10-07,-1.19428826763066,0.578482137685121,"Pre",-0.231107543533682,-0.04,0.5,-0.26,-0.1,-0.45,4.86418072223458,0.452,"development"
2016-10-12,0.760389413814622,-1.07776254938292,"Pre",-1.09117462057338,0.12,-0.21,0.09,0.08,0.02,3.51811146301695,0.452,"development"
2016-10-13,-0.71740058683698,0.826530414147886,"Pre",-0.391263249691853,0.42,-0.32,0.11,-0.16,0.58,4.78618953240484,0.452,"development"
2016-10-14,0.680120441574372,-0.462161423428142,"Pre",0.488425058443553,-0.06,0,0.43,0.03,-0.04,-3.47490005952613,0.452,"development"
2016-10-17,-0.400469240048107,0.134576584763391,"Pre",0.259209559383855,0.11,0.22,-0.06,-0.35,-0.29,0.556759866910239,0.452,"development"
2016-10-18,0.0727491630557076,0.154023904150158,"Pre",0.374973899165632,0.22,-0.25,-0.05,0.12,0.42,-5.90835520092106,0.452,"development"
2016-10-19,-0.3612708115734,0.482859460619522,"Pre",0.207876286634168,0.43,-0.5,0.21,-0.13,-0.05,-5.86223737269433,0.452,"development"
2016-10-20,0.50309531237489,-0.598399623675139,"Pre",1.38219859284643,-0.37,0.58,-0.24,0.09,-1.04,-4.68835858988506,0.452,"development"
2016-10-21,-0.196287425130626,-0.0384837410945416,"Pre",-0.295815828051893,0.14,0.6,-0.28,-0.13,-0.88,-3.02717836251025,0.452,"development"
2016-10-24,0.311448592881991,-0.230591954597692,"Pre",0.28954949496871,0.13,-0.03,0.08,0.02,0.2,-2.42804037070545,0.452,"development"
2016-10-25,-0.0793912352039072,-0.0479731359644298,"Pre",0.756253591636202,-0.54,0.5,-0.09,-0.03,-0.48,3.32356874361586,0.452,"development"
2016-10-26,0.393219349061003,-0.16293673034955,"Pre",0.153004783699373,0.07,-0.27,0.18,0.2,0.24,5.6332581767248,0.452,"development"
2016-10-27,0.540980718710316,-0.687156740889616,"Pre",-0.319163972194048,0.14,0.26,-0.06,0.13,-0.3,7.5711821735696,0.452,"development"
2016-10-28,-0.507930709813209,-0.246984071595957,"Pre",0.632440584137406,-0.03,1.08,-0.61,0.1,-0.85,5.26270399700182,0.452,"development"
2016-10-31,0.231352625202419,0.313584140657852,"Pre",-0.122679240184276,0.02,0.06,0.31,-0.19,0.32,5.23427743739888,0.452,"development"
2016-11-01,-0.733708682333534,0.45788499345063,"Pre",0.0996919269589114,-0.17,0.35,-0.1,0.38,0.01,8.42721852945214,0.437,"development"
2016-11-02,-0.783297991273413,1.31853120455956,"Pre",-1.77995437656584,0.04,0.34,-0.29,0.59,0.22,4.01321014263178,0.437,"development"
2016-11-07,1.52685275193556,-1.52204074933833,"Pre",1.5952773822919,-0.08,0.18,0,-0.57,-0.74,-18.4901514632643,0.437,"development"
2016-11-08,0.670495871993326,-0.362630419333065,"Pre",-0.0339460807909475,-0.29,0.65,-0.23,-0.01,-0.47,0.160213652427776,0.437,"development"
2016-11-09,0.729160983728594,0.133447736894787,"Pre",-5.50563709066285,0.35,-0.51,0.03,0.95,1.18,-26.4821924517376,0.437,"development"
2016-11-10,1.05033149014773,-1.62728283368736,"Pre",6.50831673149987,-1.15,1.36,-1.57,-0.84,-1.75,2.47265344682899,0.437,"development"
2016-11-15,0.675219597364718,-0.589211794858358,"Pre",-0.0252965627169033,-0.29,0.16,-0.12,-0.15,-0.33,-7.97549958437189,0.437,"development"
2016-11-16,-0.0468507751198999,-0.201742388460957,"Pre",1.09237243712048,-0.12,0.28,-0.1,-0.34,-0.57,2.58412311838878,0.437,"development"
2016-11-17,0.659685579085156,-0.438757559444714,"Pre",0.00235130514241177,0.18,-0.45,0.24,0.27,0.52,-2.7338237451481,0.437,"development"
2016-11-18,0.75916250558663,-0.79037431661062,"Pre",0.584874025764925,0.58,0.13,0.46,-0.38,-0.9,-3.81725735050296,0.437,"development"
2016-11-21,0.164629254171622,-0.550468384539737,"Pre",0.768491835503937,-0.27,0,-0.29,0.22,-0.33,-3.4035734835896,0.437,"development"
2016-11-22,-0.0179378292895827,0.126069354833369,"Pre",0.313877468396484,-0.02,-0.06,0.05,0.35,0.28,-0.080547728881708,0.437,"development"
2016-11-28,-0.828365729888025,0.718311074180722,"Pre",-0.132451035488224,0.29,0.18,-0.1,0.3,0.44,6.35757401465318,0.437,"development"
2016-11-29,0.230015071742073,-0.373101614299287,"Pre",-0.271929554296335,0.02,0,-0.1,0.1,0.09,-1.91944472561469,0.437,"development"
2016-11-30,1.50594089531491,-1.37374474567897,"Pre",0.00786551713982675,0.33,-0.1,0.37,-0.07,0.21,3.27898228229908,0.437,"development"
2016-12-01,-0.207801871903746,0,"Pre",1.1115329423184,-0.52,1.19,-0.5,-0.24,-0.93,5.40277369356805,0.459,"development"
2016-12-02,-0.375806944905266,0.508549978089512,"Pre",-0.471261754924335,-0.01,2,-1.26,0.57,-1.41,0.354736093879815,0.459,"development"
2016-12-05,0.23052972133164,-0.298429081309948,"Pre",-0.823359392833467,0.35,0.02,0.12,0.19,0.46,-15.1086446433744,0.459,"development"
2016-12-06,0.248129537360819,0.105226246117596,"Pre",0.46703380844626,-0.09,1.07,-0.27,0.14,-0.86,-2.9254071082073,0.459,"development"
2016-12-07,-0.286632104887685,0.422015748539639,"Pre",0.738800063292899,0.11,1.02,-0.28,-0.28,-1.24,3.58222391941698,0.459,"development"
2016-12-08,0.210369302129987,-0.579813624712333,"Pre",1.44266817452241,-0.97,1.01,0.21,0.16,-0.35,3.37924349752621,0.459,"development"
2016-12-09,1.00582132843074,-0.880832451223501,"Pre",1.22294293792979,-0.3,0.39,-0.53,0.13,-0.51,-7.30131481285432,0.459,"development"
2016-12-12,-0.106736491963932,-0.147499050645106,"Pre",0.831743604011415,-0.18,-1.27,0.65,-0.18,-0.29,7.30131481285432,0.459,"development"
2016-12-13,0.0512062267304714,0.0693842178746351,"Pre",0.497272903386481,0.06,-0.87,0.34,0.08,0.45,0.630916919326463,0.459,"development"
2016-12-14,1.62004698979095,0.17367145733731,"Pre",0.0160502263348405,-0.09,-0.15,0.47,0.03,-0.08,3.62834088172472,0.459,"development"
2016-12-15,0.866409410431679,-2.79390869673968,"Pre",0.104756624352831,0.12,0.15,0.26,-0.27,-0.71,-3.0795351138472,0.459,"development"
2016-12-16,-0.166516237982162,0.491401480242892,"Pre",0.658620080006678,-0.04,0.43,-0.14,-0.24,-0.32,-4.72276638515403,0.459,"development"
2016-12-19,-0.749774030107009,0.972952968372365,"Pre",-0.0492360051449481,-0.07,-0.71,0.39,-0.11,0.08,-4.0992774129585,0.459,"development"
2016-12-20,0.768218828326583,-1.07482054933756,"Pre",0.52939307866513,0.23,-0.75,0.46,-0.18,0.52,-2.24534476093772,0.459,"development"
2016-12-21,-0.331813130720571,0.0594101439074457,"Pre",-0.257017395641412,-0.13,0.25,-0.04,-0.07,-0.19,-1.58454019485639,0.459,"development"
2016-12-22,0.126130898408361,0.263527164027355,"Pre",-0.0865400896154611,-0.04,0.23,0.09,0.16,0.1,1.40971497550346,0.459,"development"
2016-12-28,-0.152655522270084,-0.119057757068841,"Pre",-0.00690636566176295,0.91,-0.28,0.17,-0.22,0.41,7.70228191061237,0.459,"development"
2016-12-29,-0.484983677594641,1.14540956511009,"Pre",-1.33128244162695,0.27,-0.29,-0.07,0.19,-0.08,3.1917602968305,0.459,"development"
2016-12-30,0.256968493834364,-0.394680907018241,"Pre",-0.160848932117119,0.4,-0.44,0.09,-0.03,0.34,4.88970074838133,0.459,"development"
2017-01-05,-1.62477055581887,1.64923854974006,"Pre",-0.375663393327663,0.26,-0.9,0.26,0.03,-0.27,-1.53064212826757,0.584,"development"
2017-01-06,1.31202202913201,-1.19669113520793,"Pre",-0.340526132506369,0.2,-0.76,0.01,0.2,-0.2,-3.04503735234278,0.584,"development"
2017-01-11,-0.12596719379343,-0.448276612751197,"Pre",0.327056724155561,-0.55,1.1,-0.45,0.36,0.4,-2.02204691491201,0.584,"development"
2017-01-12,-0.687592773808543,2.07716154506912,"Pre",-1.19468310901265,0.29,0.31,0.05,-0.08,0.55,2.45626383684092,0.584,"development"
2017-01-13,0.0392789964124063,-1.01355170854056,"Pre",0.794237059502123,-0.24,-0.49,0.36,0.01,-0.47,-2.72304923296014,0.584,"development"
2017-01-18,1.52799876284875,-0.388761754872036,"Pre",0.428770225069464,-0.16,0.15,0.15,-0.25,0.27,5.01131543197051,0.584,"development"
2017-01-19,0.385510271176637,-1.6616035981361,"Pre",0.937040492692276,-0.26,0.57,-0.13,-0.04,0.12,2.37540860081071,0.584,"development"
2017-01-24,0.564888822517728,-0.644508477430072,"Pre",-0.54693703212827,0.49,-0.74,0.16,0.01,0,-6.13151745516398,0.584,"development"
2017-01-25,-0.473200848725197,0.0264049642866304,"Pre",1.42428889703154,0.1,0.01,0.15,-0.48,0.8,-2.3767115069429,0.584,"development"
2017-01-26,1.1990062957365,-0.963651784827402,"Pre",1.793552947729,-0.75,0.86,-0.68,-0.07,0.85,-1.67914392972599,0.584,"development"
2017-01-27,0.543198093306119,-0.400244160864993,"Pre",0.334501733182258,-0.16,-0.12,0.19,0.04,-0.44,-0.471476592370346,0.584,"development"
2017-01-30,-1.24124219387212,1.13528422210392,"Pre",-0.507516619301995,0.53,-0.25,-0.03,-0.07,-0.01,11.5890887504345,0.584,"development"
2017-01-31,-0.835178262755454,1.00627559325108,"Pre",-1.70537004583302,0.71,-0.52,0.04,0.07,-0.41,0.921665510492398,0.584,"development"
2017-02-01,0.39741826558064,-0.50440352949721,"Pre",0.559004446551548,0.05,0.3,-0.03,-0.09,0.35,-1.51263388301519,0.695,"development"
2017-02-02,-0.460315973488434,0.717547482304237,"Pre",-1.22693962646263,0.22,-0.19,-0.15,-0.06,-0.13,1.01096059005537,0.695,"development"
2017-02-03,-0.0231233342942616,0.0533570488426172,"Pre",0.0191368438217765,-0.06,0.33,-0.79,0.34,-0.06,-8.38919618226854,0.695,"development"
2017-02-06,-0.80973243436433,0.0889917296428067,"Pre",0.308801612117193,0.03,-0.12,-0.05,-0.26,0.09,3.58140334753054,0.695,"development"
2017-02-07,0.489591337991557,0.16038495819739,"Pre",-0.348030796172161,-0.23,0.42,-0.3,0.36,0,-0.706092960087412,0.695,"development"
2017-02-08,-0.294017377357436,0.357334666452402,"Pre",0.510676935115484,0.1,-0.14,0.03,-0.32,0.31,1.40723518386783,0.695,"development"
2017-02-09,1.13496510673889,-1.33347162126958,"Pre",-0.527123933905749,0.56,-0.55,0.14,0.48,-0.38,-5.10634885724519,0.695,"development"
2017-02-10,0.10917876380101,0.0176631635184776,"Pre",2.46187335313888,-0.78,0.67,-0.2,-0.16,0.21,-0.276116144132832,0.695,"development"
2017-02-13,0.207658293795099,-0.502181576040339,"Pre",0.413100308155023,0.23,0.15,0.11,-0.03,-0.02,2.00736667340773,0.695,"development"
2017-02-14,0.544972034869495,-0.482182146690846,"Pre",-1.13789671824236,1.04,0.28,0.1,-0.14,0.25,-3.02636576398272,0.695,"development"
2017-02-15,-0.077623138613303,0.148790014758937,"Pre",1.02904548890859,-0.28,0.65,-0.42,-0.22,0.03,10.8428430489163,0.695,"development"
2017-02-16,-0.786070941678352,0.711997030581113,"Pre",-0.466412141910411,0.18,0.23,-0.15,0.05,0.08,-1.76995770994011,0.695,"development"
2017-02-17,-0.295298061501326,0.442048284143137,"Pre",-0.58529823938489,0.37,-0.19,0.01,0.27,0,-2.32268506098166,0.695,"development"
2017-02-22,-0.571085106466285,0.0176258042229094,"Pre",-0.00810086140461408,-0.01,0.26,0.04,0.06,-0.04,1.45862731943653,0.695,"development"
2017-02-23,-0.219369333035324,0.689840889024929,"Pre",-0.0434049625241073,0.11,-0.39,0.02,0.11,-0.31,-0.255863679032453,0.695,"development"
2017-02-24,-0.563864452693918,0.373433349411822,"Pre",-0.454896658188453,0.24,-0.45,0.1,0.1,-0.33,-2.07082464683466,0.695,"development"
2017-02-27,0.558959543012616,0.222945649040529,"Pre",-0.917252421710124,0.39,-0.83,0.41,0.09,-0.62,5.2643733485422,0.695,"development"
2017-02-28,-0.385309476216378,-0.0446289113489762,"Pre",0.0602723890663626,0.48,0.32,-0.03,0.08,0.28,6.63978337277547,0.695,"development"
2017-03-01,1.22753366960113,-1.41770937318375,"Pre",1.42579389649615,-0.52,-0.05,0.07,-0.27,0.55,-2.98529631496813,0.698,"development"
2017-03-02,0.601755937074255,-0.692651052959992,"Pre",0.879201234914007,-0.07,0.16,-0.1,-0.01,0.29,-5.99769049955037,0.698,"development"
2017-03-03,-0.442840463649397,-0.130975788206378,"Pre",-0.489984448558367,0.28,-0.16,0.18,-0.08,0.02,-7.46943486894014,0.698,"development"
2017-03-06,0.0235513683469968,0.595135661697377,"Pre",-0.463495895574262,0.44,-0.16,0.2,0.15,0.02,2.52265629456754,0.698,"development"
2017-03-07,0.0940258802768046,-0.0614277585021306,"Pre",-0.180718164819282,-0.16,0.09,0.05,0.26,-0.28,1.85108855347038,0.698,"development"
2017-03-08,0.278232330375339,-0.516254373174441,"Pre",-0.466965871244973,0.32,-0.32,0.01,0.09,0.02,3.51816635693307,0.698,"development"
2017-03-09,0.560813214982803,-0.113393531274486,"Pre",0.334693764603244,0.17,0.13,0.06,-0.19,0.33,3.64278688087927,0.698,"development"
2017-03-10,-0.165619579178955,-0.269882199243199,"Pre",1.46974155435728,-0.59,-0.01,-0.21,-0.06,0.07,-5.34350814560258,0.698,"development"
2017-03-13,0.0494552190873687,0.357096577700045,"Pre",0.148528151314586,-0.43,0.03,0.16,0.45,-0.5,-2.69464369949346,0.698,"development"
2017-03-14,-0.0980686234344663,-0.017448961831068,"Pre",-0.123588148721865,0.23,0.04,-0.01,-0.06,0.4,8.03815184509604,0.698,"development"
2017-03-15,-1.2539241314875,-0.026167735331839,"Pre",-0.163932454909599,-0.65,0.33,-0.09,-0.06,-0.38,-5.6011295847799,0.698,"development"
2017-03-16,-0.0514040475552147,1.44064332785394,"Pre",0.0651560295439779,0.56,-0.38,0.25,-0.07,0.45,-3.67817294465045,0.698,"development"
2017-03-17,-0.468725877362752,0.310160202562315,"Pre",-0.350534584852369,0.46,-0.11,-0.02,-0.05,0.07,0.622500898584422,0.698,"development"
2017-03-22,-0.528468782987934,0.753501950441926,"Pre",-2.1534832273236,0.41,-0.91,0.37,0.38,-0.87,2.69003562166978,0.698,"development"
2017-03-23,-0.113393279606555,-0.0540102632627715,"Pre",0.230442345980464,-0.11,-0.2,0.17,0.07,-0.3,2.39116676073001,0.698,"development"
2017-03-24,0.235862947533549,0.0810263379913856,"Pre",0.924282888711581,-0.2,0.12,-0.12,0.08,-0.04,-1.22700925918142,0.698,"development"
2017-03-27,-0.555488771354318,0.496592596513779,"Pre",-1.44814877081973,0.19,-0.19,0.4,-0.01,-0.08,-3.61390466158733,0.698,"development"
2017-03-28,0.500917296697434,-0.0723850918323166,"Pre",1.13794766624409,0.26,0.24,-0.26,-0.07,0.48,-8.0776310027288,0.698,"development"
2017-03-29,-0.18313996794177,-0.442219032107616,"Pre",0.0760534493007725,0.11,-0.6,0.24,-0.48,0.57,-0.958613005310349,0.698,"development"
2017-03-30,0.732609988166022,-0.278764624567351,"Pre",-0.805945737636549,0.07,0.36,-0.2,0.04,0.3,1.04530568520893,0.698,"development"
2017-03-31,-0.383668276481908,-0.0448893485115676,"Pre",-0.810907497548996,-0.03,-0.6,0.34,-0.21,-0.34,6.94549253244432,0.698,"development"
2017-04-03,-0.432269436064647,0.404731406464887,"Pre",0.390420866822971,-0.4,-0.48,0.17,-0.05,-0.4,0.0808080852053639,0.832,"development"
2017-04-04,-0.116184453443857,0.198466461175517,"Pre",-0.915402381150621,-0.95,0.13,-0.18,0.56,-0.92,-4.88305527071708,0.832,"development"
2017-04-05,-0.0184661702192113,-0.414527042166046,"Pre",0.270867919288875,-0.18,-0.75,0.27,0.06,-0.18,8.92001024018167,0.832,"development"
2017-04-06,0.111312639596761,0.16200165544662,"Pre",-1.41071095107552,-0.61,0.06,-0.14,0.25,-0.5,-3.95621213100452,0.832,"development"
2017-04-07,0.362153115249209,0.234466695925484,"Pre",0.362678526205151,0.04,-0.17,0.27,-0.21,-0.19,3.80093259669843,0.832,"development"
2017-04-10,-0.306378579042477,-0.17139510758426,"Pre",0.711380854833266,0.03,0.73,-0.27,-0.07,0.46,8.77233741717198,0.832,"development"
2017-04-11,-1.08998272830716,1.09657177477738,"Pre",-0.266395155644794,-0.46,-0.01,-0.18,0.01,-0.77,7.0083616858649,0.832,"development"
2017-04-12,-0.471856920489921,0.182415227525468,"Pre",-1.04696659988122,-0.69,0.44,-0.4,0.73,-0.78,4.54033883365432,0.832,"development"
2017-04-13,-0.261383869672693,0.283402850012315,"Pre",-0.680218256055731,0.45,-0.84,0.34,-0.13,-0.16,1.19761910467155,0.832,"development"
2017-04-18,-0.571321577929274,0.0553352407368202,"Pre",0.344429873989327,0.56,0,0.13,-0.1,0.38,-1.65065646017024,0.832,"development"
2017-04-19,0.465306185127101,-0.607010049236933,"Pre",0.0738654483054546,0.39,-0.5,0.34,-0.25,0.42,3.47564796942961,0.832,"development"
2017-04-20,0.493600435671615,-0.256410396893791,"Pre",-0.00927767344816033,0.32,0.36,-0.05,-0.22,0.41,-5.36579874618521,0.832,"development"
2017-04-21,-0.224133232474166,0.238073548946538,"Pre",1.02701918927615,-0.19,0.62,0.04,0.07,0.46,3.33595909427862,0.832,"development"
2017-04-24,0.497458421416663,-0.603237365344178,"Pre",1.36083662575128,-0.53,0.24,-0.21,0.12,-0.25,-29.9831219020533,0.832,"development"
2017-04-25,1.3464932850126,-1.03346038107635,"Pre",1.07206335347509,0.05,0.55,-0.24,-0.22,0.95,-0.740744127786153,0.832,"development"
2017-04-26,-0.0799398034027288,-0.575541157062087,"Pre",1.09517273923441,0.06,0.54,0.07,-0.48,0.87,0.832952525282993,0.832,"development"
2017-04-27,0.135178783595213,0.350325981465893,"Pre",-0.194907861907012,0.69,-0.02,-0.17,0.19,0.32,-4.62128431551316,0.832,"development"
2017-04-28,0.198203949152065,-0.278564227399514,"Pre",-0.286772592204088,0,-0.1,0.31,0.09,-0.11,4.34440365869988,0.832,"development"
2017-05-01,0.390557711553807,-0.30463243700023,"Pre",0.590955217931466,0.22,-0.05,0.02,-0.06,0.55,-6.78712403859558,0.954,"development"
2017-05-02,0.218463265750479,-0.250178829558578,"Pre",0.697594080107322,0.07,0.27,-0.16,-0.03,0.05,4.63851265809354,0.954,"development"
2017-05-09,0.630090946399653,-1.1892841579761,"Pre",-0.265232787658931,0.47,-0.47,0.08,0.09,-0.42,1.92606055418154,0.954,"development"
2017-05-10,0.388871726518492,0.148985611012087,"Pre",0.287295423017042,0.11,-0.39,0.12,0.18,0.09,2.47905605800676,0.954,"development"
2017-05-11,-0.417535659891444,0.219500505181092,"Pre",0.308366884563682,0.1,-0.12,0.26,-0.28,0.42,3.74863689414471,0.954,"development"
2017-05-12,-0.386160917936973,0.413969851766449,"Pre",-0.389756412832298,-0.04,-0.41,0.14,0.38,-0.56,-1.90481949706944,0.954,"development"
2017-05-15,0.36589424331761,-0.211602970861957,"Pre",-0.070685158431516,-0.23,-0.88,0.24,0.08,-0.66,0.192123017789392,0.954,"development"
2017-05-16,-0.62485178177849,0.264573749888175,"Pre",0.251170850476434,0.07,-0.53,0.53,-0.15,0.26,2.18328558302132,0.954,"development"
2017-05-17,-1.86232145845535,1.58436781023079,"Pre",-0.528204536515631,0.29,-0.8,0.38,0.01,-0.13,38.1069790914251,0.954,"development"
2017-05-18,0.432924699702797,0.575851870218713,"Pre",-1.32604612084695,0.24,-0.82,0.39,0.34,-0.7,-6.15069866111799,0.954,"development"
2017-05-19,-0.154042236592611,-0.584823296232884,"Pre",0.188531711023465,0.08,0.6,-0.22,-0.03,0.29,-19.688825657783,0.954,"development"
2017-05-22,0.0565810831450797,0.287485599132697,"Pre",0.445746292300697,0.3,-0.27,0.36,-0.31,0.04,-9.67231376922277,0.954,"development"
2017-05-23,0.454741655175894,-0.439876825791607,"Pre",-0.330860160784674,0.32,-0.45,0.2,-0.1,-0.23,-1.94001465457911,0.954,"development"
2017-05-24,-0.193876796127368,-0.339801811356466,"Pre",0.659109730148977,0.28,0.12,-0.13,-0.16,0.61,-6.75280599859374,0.954,"development"
2017-05-25,0.14973543923098,0.286072070653098,"Pre",0.35468641148988,-0.3,-0.25,0.21,0,-0.25,-0.299850299625648,0.954,"development"
2017-05-26,-0.435395683715001,0.358744779365594,"Pre",-0.639445702481289,-0.11,-0.28,-0.1,0.08,-0.08,-1.81823190831905,0.954,"development"
2017-05-31,0.0691656135602958,-0.0271014952649473,"Pre",-0.138729216048894,0.21,-0.48,0.17,-0.2,0.15,0.288600488913504,0.954,"development"
2017-06-01,0.476927449123155,-0.477585949438897,"Pre",1.06028236617579,-0.17,-0.23,0.05,0.11,-0.04,-5.12427369922568,0.963,"development"
2017-06-02,-0.792065905620909,0.676501024067999,"Pre",1.58480497332469,-0.84,1.82,-0.92,0.01,0.85,-1.42568606248648,0.963,"development"
2017-06-05,0.113531006375345,0,"Pre",-0.0320213346116205,0.38,-1.56,0.51,-0.02,-0.18,3.22934217207149,0.963,"development"
2017-06-06,-0.988837372580509,1.04627256582308,"Pre",-0.951023737415646,-0.25,0.33,-0.2,0.28,0.02,3.70412716803492,0.963,"development"
2017-06-07,0.376680531245421,-0.182748588872172,"Pre",0.02362095189401,0.54,0.06,0.13,-0.2,0.39,-0.575817329968409,0.963,"development"
2017-06-08,0.203970178783486,-0.509926437305896,"Pre",-0.377802758906931,0.36,0.35,-0.27,0.05,0.32,-2.23853629608,0.963,"development"
2017-06-09,0.185933107875424,-0.462145718552875,"Pre",0.521010373383923,0.19,0.16,-0.01,-0.24,0.76,5.17852993175243,0.963,"development"
2017-06-12,-0.347990257536424,0.80788348447598,"Pre",-0.524425927819117,-0.15,0.53,-0.32,0.44,-0.92,6.86189698187332,0.963,"development"
2017-06-13,0.130742204832623,-0.363901420500401,"Pre",-0.0493878901187017,0.1,0.06,-0.13,0.11,-0.18,-9.51356749613725,0.963,"development"
2017-06-14,-0.319578821217581,0.875598443426906,"Pre",-0.076566775822684,0.01,-0.06,-0.1,0.16,-0.36,2.08934475882776,0.963,"development"
2017-06-15,1.14710964380622,-1.36477416298257,"Pre",-0.260352947770137,0.04,-0.96,0.21,0.12,-1.04,2.41423053215994,0.963,"development"
2017-06-16,-0.0326063078941008,-0.162528252481398,"Pre",0.560352319071455,-0.07,0.38,-0.22,0.18,0.05,-4.88819114973555,0.963,"development"
2017-06-19,0.632556733721401,-0.450086276058403,"Pre",0.622280725840341,0.31,-0.94,0.13,-0.12,0.33,-0.0963855496306731,0.963,"development"
2017-06-20,-0.134177050134054,-0.107719938602902,"Pre",0.807286900418624,0.24,0.2,0.02,-0.35,0.82,4.61692922643535,0.963,"development"
2017-06-21,-0.0877094894667252,-0.107604027599173,"Pre",-0.453911186290412,0.2,-0.54,0.25,-0.07,-0.17,-1.01805599321176,0.963,"development"
2017-06-22,-0.0687381447542101,0.197362583127259,"Pre",-0.140524206153714,0.38,-0.29,0,-0.18,0.15,-2.54370756807756,0.963,"development"
2017-06-23,0.0402442313136575,0.0898391938962462,"Pre",0.110130472988246,-0.5,0.51,-0.38,0.23,-0.29,-4.48855832361774,0.963,"development"
2017-06-26,0.513488702424114,-0.197539796659996,"Pre",0.102665896588761,0.65,-0.8,0.35,-0.22,0.37,-1.20483385161743,0.963,"development"
2017-06-27,0.275082589912667,-0.839665496018149,"Pre",0.355338519693582,0.11,0.29,0.02,-0.04,0.35,11.0800238953645,0.963,"development"
2017-06-28,0.0908634988083801,0.213713349373812,"Pre",-0.469230581803437,-0.86,1.34,-0.69,0.31,-0.43,-9.77543941203449,0.963,"development"
2017-06-29,-0.171816948526748,-0.124721619731005,"Pre",0.445544322269775,0.37,0.19,-0.24,-0.13,0.35,13.1535383977808,0.963,"development"
2017-06-30,0.438728499461494,-0.0711997182090585,"Pre",-0.928467212492023,0.36,0.42,-0.25,-0.08,-0.22,-2.29895182246986,0.963,"development"
2017-07-03,0.720392643527257,-0.815173750272447,"Pre",0.111601057549748,0.42,0.22,0.08,0.23,0.14,0.357143236759727,1.096,"development"
2017-07-06,0.00148698875785946,-0.0706464176326804,"Pre",-0.437023738704134,0.25,-0.01,-0.06,-0.12,-0.03,12.4684788484229,1.096,"development"
2017-07-07,0.632768312832566,-0.721262692262048,"Pre",-0.32547560678271,0.13,-0.25,0.1,0.27,0.07,-11.3903012880941,1.096,"development"
2017-07-10,0.129357203487857,0.0175300202044149,"Pre",0.759262504056046,0.17,-0.19,-0.01,0.21,0.57,-0.717491867229514,1.096,"development"
2017-07-11,-0.172635478330196,-0.105134055592426,"Pre",0.568571857889566,0.03,-0.23,0.13,-0.16,0.15,-2.00006667066694,1.096,"development"
2017-07-12,-0.59217073808524,0.888347457758165,"Pre",-0.481960219039479,0.26,-0.05,-0.02,0.24,-0.11,-5.57010417092791,1.096,"development"
2017-07-13,0.0634837816722023,-0.176538133942028,"Pre",0.0071147482044509,-0.17,-0.58,0.41,-0.08,0.07,-3.96091380950456,1.096,"development"
2017-07-14,-0.57983439981486,0.645877051718102,"Pre",0.0947321302501081,-0.08,0.41,-0.12,0.25,-0.02,-4.01908805832454,1.096,"development"
2017-07-19,-0.103911462754835,0.107305742210961,"Pre",0.104695646353825,0.23,-0.66,0.23,-0.33,0.31,-1.01626890922017,1.096,"development"
2017-07-20,0.135221229497118,0.080554938345756,"Pre",0.616103598401807,-0.06,0.05,0.09,0.1,0.32,-2.168386455965,1.096,"development"
2017-07-21,-0.756059602337844,0.448712948873897,"Pre",-0.222838881468768,0.63,-0.24,-0.14,0.19,0.51,-2.32323014932683,1.096,"development"
2017-07-24,0.0337324493849156,0.0719812879738768,"Pre",-0.619234415950487,0.94,-0.11,0.2,-0.11,0.11,0.745080615586557,1.096,"development"
2017-07-25,0.620812626669354,-0.422149995950427,"Pre",-0.102527201601887,0.11,-0.04,0.06,-0.04,-0.08,0,1.096,"development"
2017-07-26,-0.568594963830682,-0.473913347302535,"Pre",0.474737276940296,-0.21,0.47,-0.23,0.31,-0.37,1.78670018284244,1.096,"development"
2017-07-27,-0.0277036376786999,0.42910847178268,"Pre",0.146923260534848,-0.24,-0.42,0.17,0.12,-0.1,5.17619345585891,1.096,"development"
2017-07-28,-0.563377417510669,0.674190157602705,"Pre",-0.598411155683642,-0.04,0.55,-0.06,-0.16,-0.83,1.76475168135783,1.096,"development"
2017-07-31,-0.329266994225907,0.442938577290519,"Pre",-0.173799630661264,-0.26,0.66,-0.01,0.07,0.09,-0.291971010333469,1.096,"development"
2017-08-01,0.191116180008066,0.0453083239140284,"Pre",0.303726251673275,-1.43,1.16,-0.62,-0.08,-0.93,-1.67080053771058,1.204,"development"
2017-08-02,0.288736604260897,-0.0905961286824741,"Pre",0.470476582417056,0.49,-0.4,0.06,0.16,0.8,1.86554256615015,1.204,"development"
2017-08-03,-0.723151542254685,0.281115578463265,"Pre",-0.253208244128267,-0.21,0.6,-0.26,0.37,0.13,1.54443224274736,1.204,"development"
2017-08-04,0.793609122034189,-0.579501802835392,"Pre",-0.384827591596348,0.56,0.03,0.11,-0.26,0.41,-4.00639804806486,1.204,"development"
2017-08-07,0.00287116518657982,0,"Pre",0.517694770178245,0.09,0.36,0.07,0.34,0.14,-1.0020123916763,1.204,"development"
2017-08-08,-0.359300258566764,0.0180586907939428,"Pre",-0.299012254673414,0.35,-0.26,0.1,-0.17,0.15,9.86918034627884,1.204,"development"
2017-08-09,-0.289823650785603,0.634117533844769,"Pre",-1.29510713253307,-0.05,0.24,0.04,0.03,-0.32,1.35933221316691,1.204,"development"
2017-08-10,-0.8310048902612,0.610730670923942,"Pre",-0.0454540279864801,-0.15,-0.12,0.09,0,0.03,36.723999878683,1.204,"development"
2017-08-15,0.808155554841283,-0.854939268342036,"Pre",1.10058501518626,-0.26,-0.11,0.05,-0.11,0.37,-2.3800877295578,1.204,"development"
2017-08-16,-0.296443638780497,-0.343549745728478,"Pre",-0.121724552351132,0.51,-0.61,0.06,-0.09,0.18,-2.52326254807245,1.204,"development"
2017-08-17,-0.648830680817181,0.833791308611076,"Pre",-0.13516973465233,0.65,-0.19,0.08,0.1,0.23,28.1058824225293,1.204,"development"
2017-08-18,-0.338894175204407,0.510950016720546,"Pre",-1.18562521709453,0.16,-0.21,0.09,0,-0.41,-8.66022236390931,1.204,"development"
2017-08-21,-0.191472354343958,0.394116270189748,"Pre",-0.397699755906267,0.31,0.26,0.06,0.17,0.17,-7.79994482569268,1.204,"development"
2017-08-22,0.654378814346179,-0.467269162991091,"Pre",-0.0479150391468508,0.22,-0.06,0.02,0.1,0.5,-15.0241222801812,1.204,"development"
2017-08-23,-0.618439764415957,0.237942822979509,"Pre",0.261731160002476,0.05,-0.43,0.28,-0.26,0.25,7.63081930633245,1.204,"development"
2017-08-24,0.549772195895271,-0.183083170876763,"Pre",-0.416980831005276,0.66,-0.16,-0.02,-0.01,0.27,-0.163398729165509,1.204,"development"
2017-08-25,-0.194542512187335,0.0914996861348882,"Pre",0.509401875327598,0.04,0.23,-0.08,0.22,0.02,-8.08607036291682,1.204,"development"
2017-08-28,-0.0418224635698738,0.0183099881496673,"Pre",-0.0139322630049676,0.27,-0.47,0.17,-0.05,0.07,0.353982670512387,1.204,"development"
2017-08-29,0.475866004090619,0.183284508787285,"Pre",-0.450114061224305,0.34,0.07,0.13,-0.01,0.44,3.30177690286737,1.204,"development"
2017-08-30,0.49805245352692,-1.07655450826796,"Pre",0.740900590541571,-0.18,0.31,0.01,0.06,-0.12,-4.189094170916,1.204,"development"
2017-08-31,-0.314305394500192,0.127122508720134,"Pre",0.713617744904482,-0.08,0.25,-0.24,0.01,0.24,-5.77877404812353,1.204,"development"
2017-09-01,0.301392950767942,-0.0272541450699215,"Pre",0.229957564543248,0.35,0.12,-0.15,-0.03,0.19,-4.44088413527233,1.209,"development"
2017-09-06,0.60681385223118,0.174560198673479,"Pre",-0.143713415632618,0.43,-0.72,0.42,0.07,0.58,-5.03039831685079,1.209,"development"
2017-09-07,-0.790769629492516,0.451592859996186,"Pre",0.198944755638664,0.21,0.28,-0.02,0.25,0.12,-0.690252956277027,1.209,"development"
2017-09-08,-0.652571471419927,0.500047342543297,"Pre",-0.62940876508204,0.11,-0.26,0.09,-0.04,0.38,4.81715436733654,1.209,"development"
2017-09-11,1.58575320869052,-1.20878057748914,"Pre",1.39593138495471,0.06,-0.6,0.24,-0.07,0.79,-12.1813423998561,1.209,"development"
2017-09-12,0.698501812235364,-0.894819703305405,"Pre",1.17415371825942,0.03,0.02,-0.23,0.14,0.26,-1.40781302124537,1.209,"development"
2017-09-13,0.332678204696712,-0.516797015844261,"Pre",0.450023512885167,0.08,0.46,-0.12,0.06,0.33,-0.759016926667577,1.209,"development"
2017-09-14,-0.0514603161377192,-0.0723196560176831,"Pre",-0.294304234833298,-0.19,0.25,-0.02,0.05,-0.11,-0.573067470898492,1.209,"development"
2017-09-15,0.287774322794476,-0.162528252481398,"Pre",0.513938005518177,0.76,0.12,-0.13,0.18,0.64,-2.62023723940241,1.209,"development"
2017-09-20,0.618264495307397,-0.00896901206930423,"Pre",0.0545680567810791,-0.23,0.39,-0.2,0.35,-0.06,-4.00855270756506,1.209,"development"
2017-09-21,0.233372519523556,-0.714927084422445,"Pre",0.182104701962338,-0.01,0.43,-0.27,-0.05,-0.52,-1.13111745815231,1.209,"development"
2017-09-22,-0.43543039581686,0.258570872074948,"Pre",-0.251107738912992,-0.41,0.6,-0.28,-0.03,-0.6,-0.830742056985612,1.209,"development"
2017-09-25,-0.314559360722422,0.330874435552708,"Pre",0.497027245468651,0.36,-0.43,0.45,-0.05,0.46,6.26467432812277,1.209,"development"
2017-09-26,0.52335348127488,-0.464701461815853,"Pre",-0.330929297142291,0.2,0.57,-0.04,-0.08,-0.52,-0.39254221161058,1.209,"development"
2017-09-27,0.452591027350069,-0.533524295963161,"Pre",-0.311055879215694,0.44,0.02,-0.05,0.05,0.41,-2.99423566150785,1.209,"development"
2017-09-28,-0.266532179925205,0.0887232779343883,"Pre",0.472851590949475,0.32,-0.14,0.03,0.02,0.61,-3.29586989527511,1.209,"development"
2017-09-29,0.0469835667475049,0.0177541056835651,"Pre",-0.0335466718144772,0.13,-0.23,-0.05,-0.22,0.23,-0.419727793534008,1.209,"development"
2017-10-02,0.29169285933115,0.0355176704141869,"Pre",0.218367162317001,0.5,-0.14,-0.07,0.14,0.08,-0.632913505164767,1.208,"development"
2017-10-03,0.0224065597929979,-0.177462335836864,"Pre",1.04007169459575,-0.45,0.03,0.04,0.03,-0.07,0.632913505164767,1.208,"development"
2017-10-04,-0.114362987594552,-0.0354547069837174,"Pre",0.0610561471201976,-0.27,0.11,-0.08,0.14,-0.02,1.25393492527355,1.208,"development"
2017-10-05,0.150059249261414,0.0886603480367398,"Pre",0.00921095561405849,-0.59,0.03,-0.03,-0.01,-0.6,-4.67672894424389,1.208,"development"
2017-10-06,-0.139595306355522,0.0532339645256563,"Pre",0.300828387676155,-0.2,0.46,-0.26,0,0.05,4.88419789832992,1.208,"development"
2017-10-11,-0.000829085750453373,-0.178173766512035,"Pre",0.276994804580255,-0.37,-0.14,-0.08,-0.11,-0.25,-2.30818074592247,1.208,"development"
2017-10-12,-0.0680815838878246,-0.0266987052714107,"Pre",0.351133440210738,0.21,-0.83,0.43,-0.12,0.3,0.607289315789883,1.208,"development"
2017-10-13,-0.336845218372428,0.392297222083826,"Pre",0.952087344099084,-0.28,-0.07,0.11,-0.04,0.17,-3.07401253596953,1.208,"development"
2017-10-16,0.273574988382785,0.196727238623762,"Pre",0.473371544299184,-0.53,0.48,-0.34,-0.1,-0.42,3.07401253596953,1.208,"development"
2017-10-17,0.0726971849795532,-0.535619920052444,"Pre",0.378290295523342,-0.26,0.25,-0.06,0.39,0.06,3.95699496869724,1.208,"development"
2017-10-18,0.480905685947119,-0.550476396719013,"Pre",0.126138299974698,-0.49,-0.11,0.25,-0.07,-0.7,-2.3553591298398,1.208,"development"
2017-10-19,-0.244735383393335,0.35479902395581,"Pre",0.399285116397152,-0.39,-0.02,-0.11,0.15,0.11,-0.1988072225386,1.208,"development"
2017-10-20,0.807051557896488,-0.84941229163249,"Pre",0.0425113789598086,-0.19,-0.38,0.13,-0.08,0.15,-0.7992050531338,1.208,"development"
2017-10-23,-0.149670962178483,-0.140869894751816,"Pre",1.10771116345614,0.24,0.34,-0.34,0.48,0.67,10.4658162746799,1.208,"development"
2017-10-24,0.500435002361854,-0.228491179468993,"Pre",0.498922689257775,0.09,0.19,0.04,-0.15,0.23,0.809721023261911,1.208,"development"
2017-10-25,-0.11399917863586,0.193304690717522,"Pre",-0.44837466606289,-0.02,0.62,-0.26,0.14,0.26,0.625281179718717,1.208,"development"
2017-10-26,0.205117980781067,-0.0175886026308802,"Pre",0.14804110659572,0.31,0.04,0.14,-0.16,0.19,0.621395696794291,1.208,"development"
2017-10-27,-0.234302281322796,-0.0878966392178882,"Pre",1.22827084767323,-0.11,-0.16,-0.15,-0.2,0.29,-14.2420340041769,1.208,"development"
2017-10-30,-0.487473040422026,0.493219248931887,"Pre",0.0146296739114149,0.63,-0.54,0.52,0.03,0.5,6.89928714869512,1.208,"development"
2017-10-31,0.491698439305699,-0.326149524425823,"Pre",-0.000272583051419417,0.62,-0.22,-0.16,0.14,0.08,-3.09502460411011,1.208,"development"
2017-11-01,0.409765112993998,-0.360170811455429,"Pre",1.83869444483111,-0.72,-0.17,-0.02,0.31,0.58,0.196270916784869,1.187,"development"
2017-11-02,-0.0884155144869059,0.175531026287512,"Pre",0.529548026555737,-0.62,0.52,-0.1,-0.04,-0.38,-2.68272422331441,1.187,"development"
2017-11-07,0.140060142504606,0,"Pre",1.71155929384383,-0.9,0.03,-0.17,0.15,-0.14,5.08144563586623,1.187,"development"
2017-11-08,-0.11145143520066,0.246132332415616,"Pre",-0.103726349727573,0.27,-0.23,0.16,0.07,0.59,-1.11846615878948,1.187,"development"
2017-11-09,-0.420597614556728,0.193815583532864,"Pre",-0.197062130896342,-0.07,0.16,-0.13,-0.31,-0.13,7.10357731167517,1.187,"development"
2017-11-14,-0.142715592807008,0.105671020752318,"Pre",-0.00437881191288625,-0.34,0.23,-0.21,0.29,0.12,0.779562198245598,1.187,"development"
2017-11-15,-0.463286935186469,0.308846484191072,"Pre",-1.58392514508048,-0.56,-0.23,-0.16,-0.25,-0.71,12.4757030963045,1.187,"development"
2017-11-16,0.151776279477867,0.230047880609163,"Pre",1.45475334004441,0.21,-1.12,0.53,-0.2,1.02,-11.0195745844224,1.187,"development"
2017-11-17,-0.887274235153424,0.809360935270753,"Pre",0.204165985224058,0.18,-0.55,0.08,-0.32,0.42,-2.84624646637615,1.187,"development"
2017-11-20,0.490504456163388,-0.454404488398641,"Pre",-0.604768320270388,1.11,-0.36,0.3,-0.28,0.28,-7.06815856512852,1.187,"development"
2017-11-21,-0.149783848995666,0.0266725940678114,"Pre",0.692599433124208,0.25,-0.05,-0.04,0.1,0.42,-9.03459959575206,1.187,"development"
2017-11-22,-1.10441784158093,0.749735750376868,"Pre",0.47472665142525,0.2,0.38,-0.24,0.23,0.36,1.52986155618628,1.187,"development"
2017-11-24,0.339230579248051,0.0716974398879522,"Pre",0.122909009571437,0.3,-0.8,0.38,-0.3,0.51,-2.14842022945736,1.187,"development"
2017-11-27,-0.418449342366767,0.485306964907384,"Pre",-0.243568814690498,0.5,-0.37,0.02,-0.24,-0.09,2.04715439801872,1.187,"development"
2017-11-28,0.369689203432122,-0.117048588522106,"Pre",-0.0433504526238693,-0.18,-0.29,0.32,-0.48,-0.24,1.6080748528454,1.187,"development"
2017-11-29,0.382366830323599,-0.556354629612343,"Pre",0.492243821901361,-0.16,0.76,-0.18,-0.29,-0.55,6.46631394940163,1.187,"development"
2017-11-30,0.684843371385302,-0.49096282507195,"Pre",0.563787508851732,-0.31,0.54,-0.3,-0.34,-1.48,5.27875046020525,1.187,"development"
2017-12-01,-0.515417659016437,0.374699341063867,"Pre",0.413095707134126,-0.16,0.06,-0.21,0.31,0.21,1.32102317368066,1.208,"development"
2017-12-04,0.391662834851081,-0.818947073019949,"Pre",-0.491454370171596,-0.01,0.54,-0.37,0.08,-0.35,2.16364995933618,1.208,"development"
2017-12-05,0.051387628104349,0.0354672818047241,"Pre",-0.374061148004934,-0.32,0.86,-0.07,-0.01,-0.83,-3.0423902360166,1.208,"development"
2017-12-06,-0.330919354740011,0.390972596841088,"Pre",-1.98821623208172,0.36,-0.35,0.11,-0.24,-0.17,-2.77422713151467,1.208,"development"
2017-12-07,0.819899835248217,-0.337748076823008,"Pre",1.43702303668718,0.35,-0.8,0.31,-0.18,1.41,-8.12533615744324,1.208,"development"
2017-12-08,0.342460449796356,-0.75138475058365,"Pre",1.38186330083627,-0.4,-0.18,0.21,0.07,0.32,-5.87808501675671,1.208,"development"
2017-12-11,0.0542809827291268,0.185111781009439,"Pre",0.558036552530616,-0.14,-0.07,-0.13,0.07,-0.49,-2.53713397420179,1.208,"development"
2017-12-12,0.0251881868600812,-0.246739638750793,"Pre",-0.316822264404948,-0.14,0.75,-0.55,0.04,-0.6,6.02466690560304,1.208,"development"
2017-12-13,-0.908087241933764,0.379172448465237,"Pre",-0.473871793967717,-0.07,0.07,-0.12,-0.58,-0.94,2.58720898255951,1.208,"development"
2017-12-14,-0.255419644239474,0.558140983819477,"Pre",-0.279940656964506,0.95,-0.27,0.15,0.3,0.58,2.99974112858292,1.208,"development"
2017-12-15,0.281478475791186,-0.106553020203837,"Pre",-0.624255165570631,0.56,-0.2,-0.32,0.11,0.66,-10.7587333819934,1.208,"development"
2017-12-18,0.00171434209503829,0.248800554858075,"Pre",1.53363506034978,-0.78,0.41,-0.07,0.14,0.73,1.16096290778391,1.208,"development"
2017-12-19,0.333508594556475,-0.514687443752493,"Pre",-0.147564674796996,-0.06,0.19,0.09,0.16,-0.23,5.11358843077332,1.208,"development"
2017-12-20,0.462881841929397,-0.27400909882811,"Pre",0.10367197231318,-0.05,1.11,-0.6,0.65,0.08,-3.13949835014964,1.208,"development"
2017-12-21,-0.0967510017633622,-0.114683970048457,"Pre",-0.111980870929784,0.46,-0.22,0.32,0.11,0.53,-1.03413537947326,1.208,"development"
2017-12-22,-0.0517802208144236,0.105857455192115,"Pre",0.160196289966485,-0.07,0.2,-0.14,-0.03,0.16,2.86904924629292,1.208,"development"
2017-12-27,0.103642681575744,-0.0706464176326804,"Pre",0.08086648084209,0.97,-0.23,-0.03,-0.05,0.18,2.12363192980285,1.208,"development"
2017-12-28,-0.30845731298168,0.380312668186455,"Pre",-0.556865301500054,0.27,0.12,-0.07,0.34,-0.22,-2.80890137600691,1.208,"development"
2017-12-29,-0.033650878580227,0.141881729928706,"Pre",-0.0836024261781532,0.3,0.43,-0.24,0.21,-0.42,8.11000297265725,1.208,"development"
2018-01-05,0.275480556528551,-0.354045333534181,"Pre",0.881819387210214,-0.42,0.36,-0.16,0.15,-0.08,0,1.342,"development"
2018-01-10,-1.01359082997141,0.973004775296538,"Pre",-0.259413863757629,0.01,0.36,-0.35,0.09,-0.52,-2.6132140276848,1.342,"development"
2018-01-11,-0.176027744173712,0.116680891037024,"Pre",-0.32746236889345,0.41,0.44,-0.35,0.25,-0.01,0.609138939340204,1.342,"development"
2018-01-12,-0.085851050477137,0.10782640994389,"Pre",-0.239041162717157,0.55,-0.18,-0.16,0.19,0.35,2.79459303905596,1.342,"development"
2018-01-17,0.718423091969811,-0.0631911553412579,"Pre",-0.349100054145879,-0.19,-0.43,0.38,-0.32,0.33,2.12142024448627,1.342,"development"
2018-01-18,-0.0378628333953746,-0.0631512493359132,"Pre",-0.440757511897694,-0.05,-0.43,-0.07,0,0.06,2.56955703762403,1.342,"development"
2018-01-19,-0.256297304061581,0.289017542223302,"Pre",0.187885935515197,0.08,0.16,-0.05,0.15,0.82,-8.09296256917644,1.342,"development"
2018-01-22,0.1764514160699,-0.532228039084526,"Pre",0.034730103978653,0.46,-0.85,0.28,-0.03,0.03,-2.15254947862737,1.342,"development"
2018-01-23,-0.549754618927567,0.622717593716349,"Pre",1.28419335951424,-0.1,-0.35,0.17,-0.28,0.09,0.632627505287742,1.342,"development"
2018-01-24,-1.05870284082501,1.19303814770886,"Pre",-0.763013239102861,0.65,-0.1,0.06,-0.23,-0.75,3.27898228229908,1.342,"development"
2018-01-25,0.0791484114765595,0.413128886878944,"Pre",-1.13964040200187,0.42,-0.08,0.21,-0.09,-0.16,0.954454100356994,1.342,"development"
2018-01-26,-0.470435273667347,0.294822398919603,"Pre",-0.159022911707396,0.56,-0.52,0.36,-0.26,0.19,-4.41377908257112,1.342,"development"
2018-01-29,0.190962204518819,-0.68046239571844,"Pre",-0.0107487703553844,0.24,0.48,-0.08,0.22,0.24,22.2421268870386,1.342,"development"
2018-01-30,-0.0817475066257067,0.201816415623757,"Pre",-1.4380494233885,0.02,0.1,-0.03,0.02,-0.35,6.63883265331848,1.342,"development"
2018-01-31,0.217802098570319,-0.37578523668298,"Pre",-0.835007716450065,0.46,-0.36,0.08,0.07,-0.15,-8.83030092385795,1.342,"development"
2018-02-01,0.21248558795901,-0.173666695081121,"Pre",1.66505937595751,-0.01,0.42,-0.59,-0.08,0.45,-0.518327706185628,1.45,"development"
2018-02-02,0.777475224609692,-0.818558458643981,"Pre",-0.904955295449206,0.18,0.15,0.24,-0.21,-0.17,25.0819378765845,1.45,"development"
2018-02-05,-0.81112197402966,0.281192076068315,"Pre",-2.57844442059927,-0.22,0.29,-0.08,0.05,-1.29,76.8245006791025,1.45,"development"
2018-02-06,0.307166450551666,0.830031672870035,"Pre",-4.84079089861726,-2.04,0.87,-0.04,0.18,-2.09,-21.8998883304691,1.45,"development"
2018-02-07,0.0701616064232358,-0.320058798204315,"Pre",0.162429833835454,0.03,-0.31,-0.03,-0.09,0.08,-7.8015633046765,1.45,"development"
2018-02-08,-0.848453221531686,0.485060210651156,"Pre",1.12776233439273,0.39,-0.87,0.46,-0.3,0.84,18.7835835930991,1.45,"development"
2018-02-09,0.133266397667153,0.515085759867873,"Pre",-2.34907555858701,0.01,-0.19,0.32,-0.32,-0.87,-14.0988037416541,1.45,"development"
2018-02-14,-0.873827131392568,0.549887214391198,"Pre",-0.426946190695965,-1.13,0.14,-0.41,0.01,-0.38,-25.9644697921702,1.45,"development"
2018-02-15,-0.82401255761515,0.599926808708684,"Pre",1.458572074797,0.2,-0.34,-0.03,-0.01,1.19,-0.677262291781799,1.45,"development"
2018-02-16,0.222265358671603,0.244752075488197,"Pre",1.18222352016755,0.39,-0.51,0.58,-0.11,0.25,1.71032933056976,1.45,"development"
2018-02-21,0.447340745273417,-0.381626562665094,"Pre",0.208265492261539,0.79,-0.65,0.56,-0.11,0.98,-2.85593019084609,1.45,"development"
2018-02-22,-1.11452257580908,0.633739306501724,"Pre",-1.072463933974,0.31,-0.02,-0.1,-0.07,-0.16,-6.71393028376284,1.45,"development"
2018-02-23,0.246562210190104,0.299625692323424,"Pre",0.716678726649889,0.16,0.38,-0.05,0.29,0.05,-12.6838334477938,1.45,"development"
2018-02-26,0.111233965534607,-0.299625692323424,"Pre",1.18444635817259,-0.37,-0.46,0.01,-0.03,-0.19,-4.27441965385866,1.45,"development"
2018-02-27,0.459163773880222,-0.475680605937434,"Pre",1.06068121173237,-0.74,0.41,-0.35,0.44,0.22,16.2613861700432,1.45,"development"
2018-02-28,-0.625746579189457,0.794062745844748,"Pre",-1.44687069728402,1.39,-0.85,0.42,-0.45,0.35,6.55802053998467,1.45,"development"
2018-03-01,-0.524845052017309,-0.271624763079359,"Pre",-1.57001958302843,0.32,-0.31,0.43,-0.45,-0.24,12.3977079064038,1.462,"development"
2018-03-02,-0.516201811945693,1.18556149633422,"Pre",-2.53045062817829,0.57,-0.25,0.05,-0.37,0.04,-13.7161854240789,1.462,"development"
2018-03-05,0.407527614642733,-0.302429112467895,"Pre",-0.66100511778675,-1.48,0.2,0.04,-0.44,-1.72,-4.48927155004522,1.462,"development"
2018-03-06,0.174450339136634,-0.0566037750961534,"Pre",1.76957668509257,0.6,-1.18,0.39,-0.05,1.54,-1.99521312636528,1.462,"development"
2018-03-07,-0.131531314756961,0.0849176821326125,"Pre",-0.773559720871475,0.13,-0.21,0.1,-0.56,-0.54,-3.32256476283201,1.462,"development"
2018-03-08,0.174537522514084,-0.132063032117191,"Pre",0.541286454978795,-0.17,-0.83,-0.06,-0.15,0.43,-7.1167047968479,1.462,"development"
2018-03-09,0.565525355747543,-0.620244446824625,"Pre",0.472159817272733,-0.09,-0.16,0.12,0.1,0.18,-12.2024181062379,1.462,"development"
2018-03-12,-0.442212154779797,0.206320996006681,"Pre",1.63923063918965,-0.34,0.86,-0.19,0.87,-0.1,7.49858068845626,1.462,"development"
2018-03-13,0.196170553628372,-0.11259149247218,"Pre",0.657974479746315,0.4,-0.72,0.19,-0.54,0.12,3.54845819255343,1.462,"development"
2018-03-14,-0.334551552114259,0.441709284497183,"Pre",-0.872371740672406,0.5,-0.23,0.02,-0.16,0.25,5.24241531965757,1.462,"development"
2018-03-15,0.052425994005123,0.0942329508102802,"Pre",0.122346235790971,-0.12,-0.8,0.39,-0.5,0.48,-3.78519463374851,1.462,"development"
2018-03-16,-0.180910057321038,-0.0282792102558105,"Pre",-0.586196028884522,-0.05,-0.14,0.14,-0.34,-0.24,-4.87901641694322,1.462,"development"
2018-03-19,0.0368358341212627,0.254801251430425,"Pre",-0.90650175490925,-0.52,0.35,-0.12,0.25,-0.68,18.5481117084323,1.462,"development"
2018-03-20,0.509360851363194,-0.555949606259087,"Pre",-0.466289413230392,-0.06,1.13,-0.24,0.22,-0.83,-4.40694630344947,1.462,"development"
2018-03-23,-0.747324866388333,0.485322359076168,"Pre",-4.61647221132964,-0.08,0.23,-0.01,-0.29,-1.43,6.34936309569034,1.462,"development"
2018-03-26,0.745653846816152,-0.162035969304153,"Pre",0.71641589657645,-0.31,-0.23,0.07,-0.18,-0.23,-16.7712268100705,1.462,"development"
2018-03-27,0.0543474383841502,-0.683373957856492,"Pre",2.61980383979914,-0.29,0.47,-0.2,0.26,0.37,6.75653194957659,1.462,"development"
2018-03-28,1.51946355586117,-0.547119561181386,"Pre",-1.35076080931551,0.37,0.08,0.2,-0.32,-0.62,1.63106988243156,1.462,"development"
2018-03-29,-0.415182292409,0.0282259963298337,"Pre",0.60568480456169,0.42,-1.05,0.47,-0.79,0.32,-13.5594860606966,1.462,"development"
2018-04-03,0.583788569822552,-0.433064130032523,"Pre",-0.451209937211949,0.11,-0.35,0.2,-0.57,-0.01,-11.2820770287196,1.572,"development"
2018-04-04,0.21375625082376,-0.103281545259026,"Pre",0.127945677627217,0.49,0.46,0.28,-0.08,-1.18,-5.05452579482313,1.572,"development"
2018-04-05,0.623588117623708,-0.859657695521143,"Pre",1.51693925920426,-0.83,-0.1,-0.22,-0.29,-0.52,-5.74516947758572,1.572,"development"
2018-04-06,-0.450749304334597,0.419561475100672,"Pre",-0.360540543572441,-0.05,-0.18,0.3,-0.2,0.05,12.6311622896487,1.572,"development"
2018-04-09,-0.2869058808185,-0.028025596895187,"Pre",0.512143575862467,-0.26,-0.28,-0.02,-0.24,-0.02,1.29451645920371,1.572,"development"
2018-04-10,0.452256813664231,-0.223922467141691,"Pre",0.533947033916782,-0.17,0.97,-0.34,0.75,0.14,-6.15724755732581,1.572,"development"
2018-04-11,-0.187690637064319,0.485800656461244,"Pre",-0.493177165420633,-0.21,1.63,-0.74,1.04,-0.71,-1.12995552539332,1.572,"development"
2018-04-12,0.321827414575138,-0.485800656461244,"Pre",-0.123744518918478,0.15,-0.57,0.11,-0.47,0.08,-9.04307990202313,1.572,"development"
2018-04-13,0.124562591060684,-0.204822713818675,"Pre",0.545409604792724,-0.01,1.14,-0.67,0.85,-0.39,-6.01852916189358,1.572,"development"
2018-04-16,-0.188525313197285,0.242108322006018,"Pre",0.260419500750686,-0.85,0.64,-0.3,0.22,-0.56,-5.0054604822984,1.572,"development"
2018-04-17,-0.131619924417148,0.158619114199521,"Pre",0.0552158376343925,-0.64,-0.19,0.19,-0.05,-0.43,-8.24106459036931,1.572,"development"
2018-04-18,0.160023967057477,-0.158619114199521,"Pre",1.4117013167585,0.08,-0.41,0.32,-0.04,0.62,2.26914112020706,1.572,"development"
2018-04-19,0.131148461820096,-0.149059092253445,"Pre",0.148728149432209,0.07,1.19,-0.63,0.89,-0.94,2.28146777661715,1.572,"development"
2018-04-20,0.289982126736765,-0.167426325037034,"Pre",-0.130497283442566,0.23,-0.32,0.22,-0.27,0.39,5.60438971461483,1.572,"development"
2018-04-23,0.929693110083685,-0.943490487901499,"Pre",-0.335365423874912,-0.01,0.95,-0.54,0.24,-0.13,-3.25133997359544,1.572,"development"
2018-04-24,0.0268990333774255,-0.376752111159107,"Pre",0.856874532414587,-0.36,0.59,-0.17,0.12,-0.13,9.7866162748335,1.572,"development"
2018-04-25,0.571218345507774,-0.274775772810365,"Pre",-0.282288992277913,0.07,0.3,-0.24,-0.09,-0.64,-1.00391250283285,1.572,"development"
2018-04-26,-0.0632823040061403,0.0274436263900668,"Pre",0.468352327652788,0.02,-0.22,0.08,-0.01,0.14,-9.39657924183313,1.572,"development"
2018-04-27,-0.205529762285339,0.164820108734087,"Pre",0.662062440450839,-0.29,-0.52,0.22,-0.57,0.1,-5.24606854015075,1.572,"development"
2018-05-02,0.0199263633318125,-0.182166003559026,"Pre",-0.156733536884168,0.62,-0.47,0.29,-0.34,0.26,3.0517307798144,1.753,"development"
2018-05-08,0.0212775136583243,-0.018323408205223,"Pre",0.184676940195061,0.25,0.05,-0.15,-0.09,0.09,-0.271554817248276,1.753,"development"
2018-05-09,0.644308281682315,-0.475233941392084,"Pre",-0.444414799261494,0.09,0.26,0.54,-0.29,-0.07,-9.17814030698105,1.753,"development"
2018-05-10,-0.304709570299666,0.13685509184036,"Pre",0.393265914678587,-0.34,0.43,-0.19,0.29,0.06,-1.42591534166714,1.753,"development"
2018-05-11,-0.120654218607852,0.246812136808305,"Pre",1.15478551745447,-0.28,-0.24,0.1,-0.01,0.37,-4.48297629533347,1.753,"development"
2018-05-14,0.254464326974935,-0.237681801262113,"Pre",0.470714527684457,-0.15,-0.38,0.03,-0.43,-0.01,2.18929776102366,1.753,"development"
2018-05-15,0.759151027845117,-0.664333334676215,"Pre",-0.209439379875143,-0.12,0.52,-0.16,0.25,-0.41,12.3524022248267,1.753,"development"
2018-05-16,-0.0559787175288484,0.0272145871865526,"Pre",-0.442690726866246,0.16,-0.26,0.21,-0.08,0.42,-8.63280834884974,1.753,"development"
2018-05-17,0.373384970252699,-0.488732984767104,"Pre",0.531834881047644,0.01,-0.19,-0.14,0.18,0.38,0.0744878991610687,1.753,"development"
2018-05-18,0.00768025346942203,0.0451528431385739,"Pre",0.401978048634355,-0.15,0.15,-0.06,0.01,0.39,-0.0744878991610687,1.753,"development"
2018-05-21,0.212265333777939,-0.333649256722346,"Pre",0.313545739583709,0.59,-0.75,0.57,-0.2,0.52,-2.56617855144832,1.753,"development"
2018-05-22,-0.00821171358462713,0.12611478115101,"Pre",-0.182887439470392,-0.01,-0.34,0.13,0.05,-0.02,1.06464883944879,1.753,"development"
2018-05-23,-0.77218363388587,0.805470665461794,"Pre",-1.18555397704139,0.54,-0.44,0.21,-0.54,-0.2,-4.96225831512458,1.753,"development"
2018-05-24,-0.782574974449002,0.683841278997743,"Pre",-1.12010123637543,0.36,-0.87,-0.02,-0.81,0.1,-0.398248236431753,1.753,"development"
2018-05-25,0.209915865637633,-0.0457351940283957,"Pre",0.0613975308787928,-0.33,-0.51,0.15,-0.16,-0.02,5.36050655155633,1.753,"development"
2018-05-30,0.347369629936534,-0.385923478157846,"Pre",-1.53195137427442,0.34,-0.7,0.19,-0.17,0.1,-13.0346943440557,1.753,"development"
2018-05-31,-0.147439446565389,0.284704237861888,"Pre",0.829035008993984,0.14,-0.79,0.42,-0.22,0.8,3.22714866703979,1.753,"development"
2018-06-01,0.728399383925282,-0.696547587567498,"Pre",-0.137335262678384,0.09,0.43,-0.21,0.1,-0.27,-13.6591342158487,1.761,"development"
2018-06-04,0.253322696458058,-0.155144909056926,"Pre",1.36444888591463,-0.44,1.14,-0.25,0.37,-0.28,-5.49756740725647,1.761,"development"
2018-06-05,-0.120808149921237,0.0273610289454496,"Pre",0.282569650787678,-0.47,-0.15,0.17,0.03,-0.29,-2.70501775330261,1.761,"development"
2018-06-06,0.415866066320536,-0.336930610596831,"Pre",0.381665401873299,-0.41,0.85,0.03,0.23,-0.43,-6.32490303076993,1.761,"development"
2018-06-07,-0.451988663956815,0.0727537318377713,"Pre",0.869243711482781,0.44,-0.2,-0.14,0.28,0.55,4.12342806526671,1.761,"development"
2018-06-08,-0.235912027860952,0.428500450516722,"Pre",-0.565758699236518,0.67,-0.75,0.36,-0.48,0.34,0.411353932579184,1.761,"development"
2018-06-11,0.559721988944162,-0.446693846364266,"Pre",0.481510886471703,-0.02,-0.42,0.42,-0.44,0.22,1.38608007922354,1.761,"development"
2018-06-12,0.294890062009534,-0.254360602257542,"Pre",0.325333528051353,-0.08,-0.92,0.44,-0.46,-0.08,-0.0810044596744497,1.761,"development"
2018-06-13,-0.0523773957263884,-0.172234099595592,"Pre",0.384035888929724,-0.01,-0.2,0.47,-0.31,0.05,4.74772705955129,1.761,"development"
2018-06-14,0.21889339246397,-0.0271677610908405,"Pre",-0.996704673127446,0.36,0.21,-0.01,-0.18,-0.38,-6.54663084315863,1.761,"development"
2018-06-15,0.0483305988908445,-0.126685384783265,"Pre",0.496334015631739,-0.6,-0.5,0.25,-0.24,0.38,-1.16183879538649,1.761,"development"
2018-06-18,0.127874594162192,0.126685384783265,"Pre",-0.752967182263475,0.1,-0.54,0.56,-0.62,-0.03,2.71733475090588,1.761,"development"
2018-06-19,-0.491605808823525,0.381021961464167,"Pre",-1.78768389076183,-0.1,0.67,-0.28,0.22,-0.37,8.11044446498963,1.761,"development"
2018-06-20,0.365281149989904,-0.109011638702317,"Pre",1.23546450769823,-0.08,-0.85,0.43,-0.22,0.32,-4.28527692555072,1.761,"development"
2018-06-21,-0.394539068917688,0.0817475861865091,"Pre",0.608243435640787,0.19,-1.37,0.69,-0.27,0.83,13.5093892942415,1.761,"development"
2018-06-22,-0.000694389066113743,0.0636276892802101,"Pre",-0.779523994622089,0.6,0.13,-0.21,-0.08,-0.02,-6.12651957926023,1.761,"development"
2018-06-25,-0.180957651122071,0.327869146169757,"Pre",-0.796705048693624,-1.04,0.93,-0.53,0.35,-0.69,22.9946790986951,1.761,"development"
2018-06-26,0.348595928709061,-0.27329888560681,"Pre",0.0172336037794096,-0.27,1.05,-0.51,0.46,-0.75,-8.48629233112774,1.761,"development"
2018-06-27,-0.0130158362240618,-0.381367937024546,"Pre",-0.314835791778556,0.39,-0.47,0.07,-0.45,0.71,11.7783035656383,1.761,"development"
2018-06-28,0.345455692297714,-0.0362450167070705,"Pre",-0.00619637664840411,-0.16,0.48,-0.07,0.33,-0.2,-6.10085592742498,1.761,"development"
2018-06-29,0.29658702242048,-0.298521186001999,"Pre",0.153090670596434,0.14,-0.26,0.02,0.22,-0.47,-4.6152695794079,1.761,"development"
2018-07-02,0.0703779558279383,-0.0180635838641585,"Pre",-2.2331832354304,-0.06,0.96,-0.59,0.43,-0.71,-3.09270467488005,1.891,"development"
2018-07-03,-0.262049339894777,0.17173593048998,"Pre",-0.121062085589507,-0.79,-0.16,0.27,-0.16,0.44,3.40297485863115,1.891,"development"
2018-07-06,-0.139846127807086,0.0995159986231897,"Pre",1.11296534358782,0.79,-0.77,-0.02,-0.65,0.52,-11.3034807317685,1.891,"development"
2018-07-09,0.358727724723185,-0.271174350392123,"Pre",1.2045678162929,0.29,-0.82,0.35,-0.62,0.27,-5.21991093875553,1.891,"development"
2018-07-10,0.411286964895163,-0.414377676080591,"Pre",0.654072575554565,-0.33,0.34,-0.26,-0.04,-0.52,-0.394789300758491,1.891,"development"
2018-07-11,0.548999233285752,-0.251391764644993,"Pre",-1.19958564284932,0.01,-0.01,0.2,-0.09,0.11,7.54068569897299,1.891,"development"
2018-07-12,0.490468050244308,-0.794895446149191,"Pre",1.15934668689714,-0.12,-0.88,0.55,-0.56,0.59,-8.01649944361467,1.891,"development"
2018-07-13,-0.115579510116692,0.0266915789653766,"Pre",1.8282843350887,-0.48,-0.97,0.47,-0.62,0.53,-3.23129889905438,1.891,"development"
2018-07-18,0.0325635902110655,-0.0265945660004263,"Pre",0.425706076112853,0.49,-0.24,0.15,-0.01,0.27,0.331126130365611,1.891,"development"
2018-07-19,-0.262627698926554,-0.141718358528653,"Pre",-0.129546690368088,0.12,0.36,-0.34,0.01,-0.7,6.16935690053397,1.891,"development"
2018-07-20,-0.925950450440194,1.10360678661134,"Pre",-0.293868396645358,-0.14,-0.57,0.21,0.02,0.14,-0.077730279856203,1.891,"development"
2018-07-23,-0.065432274883781,0.340654744489299,"Pre",-1.33449532236956,0.25,1.16,-0.91,0.58,-0.85,-1.88388616964059,1.891,"development"
2018-07-24,-0.133026975566919,0.0808516416500815,"Pre",0.505440371548893,0.45,-0.11,-0.17,-0.19,-0.18,-1.67802578965515,1.891,"development"
2018-07-25,-0.155302322406703,0.224931490759328,"Pre",0.459926000320365,0.26,0,-0.03,-0.05,0.29,-0.971667563857226,1.891,"development"
2018-07-26,0.20348076090726,-0.16200165544662,"Pre",-0.121147455411474,0.23,0.64,0.01,0.36,-0.22,-1.22801379465911,1.891,"development"
2018-07-27,-0.0907927643504003,0.234086718939341,"Pre",0.555767681991881,-0.26,0.09,-0.01,0,-0.08,7.07486055054014,1.891,"development"
2018-07-30,-0.0622132924374963,-0.0360490270666425,"Pre",-0.742022588577385,0.12,1.55,-0.66,0.84,-1.34,9.02040238493962,1.891,"development"
2018-07-31,0.674105624754473,-0.807686343600444,"Pre",0.0393804153159039,0.05,-0.35,0.48,-0.03,-0.52,-10.5672236358605,1.891,"development"
2018-08-01,-0.189084078730017,0.143112725678307,"Pre",0.852006084667067,-0.59,0.66,-0.94,-0.01,-0.22,2.46355799962283,1.98,"development"
2018-08-02,0.0730656738697544,0.215053846322899,"Pre",-1.0348036836227,0.27,0.07,-0.09,-0.02,-0.05,-7.58058151305931,1.98,"development"
2018-08-03,-0.381762722917101,0.323450416765869,"Pre",0.0561751489257745,-0.63,-0.15,0.48,0.1,0.27,-4.61685011898885,1.98,"development"
2018-08-06,0.106415003470506,-0.278589261287454,"Pre",-0.0793204949154358,-0.35,0.16,0.05,0.28,-0.17,-3.2303114251607,1.98,"development"
2018-08-07,0.0232307577179736,0.215614134380537,"Pre",0.68815765726189,-0.58,0.45,-0.12,-0.17,-0.38,-3.06330258632377,1.98,"development"
2018-08-08,-0.266376841548421,0.207067370858116,"Pre",-0.0813559965459731,0.71,-0.69,0.61,-0.38,-0.06,-0.734622220197867,1.98,"development"
2018-08-09,0.0371260100800797,0.054088165025501,"Pre",-0.202994143888091,0.3,-0.42,0.26,-0.21,0.33,3.79792480652164,1.98,"development"
2018-08-10,-0.2005408350366,0.216645688635797,"Pre",-1.33780886979107,0.1,0.1,0.01,0.22,0.19,15.5037597845487,1.98,"development"
2018-08-13,-0.19523124712606,0.00903709729049851,"Pre",-1.99596665989308,-0.02,0.13,0.21,0.23,0.23,11.6092989622884,1.98,"development"
2018-08-14,0.480874711169754,-0.24371542505186,"Pre",2.25574103530022,-0.02,-0.68,0.71,-0.47,0.29,-10.4759283113035,1.98,"development"
2018-08-15,-0.385928505417166,0.270831618104506,"Pre",-0.68159589552419,-0.32,0.21,0.28,0.24,0.05,9.52418761261455,1.98,"development"
2018-08-16,0.21700438058776,-0.243781439859259,"Pre",-0.0548694881306488,-0.66,0.73,-0.58,0.14,-0.77,-8.47784024853175,1.98,"development"
2018-08-17,-0.269484628876526,0.316127256000787,"Pre",0.35238784153897,0.2,0.14,-0.58,0.03,-0.29,-6.21127173291369,1.98,"development"
2018-08-20,-0.433016218521765,0.144848839376177,"Pre",-0.32103016189442,-0.67,0.36,-0.45,0.23,-0.45,-1.1938064581225,1.98,"development"
2018-08-21,0.207055955034896,-0.0905551089681822,"Pre",0.0933390103904586,-0.24,-0.23,-0.31,-0.09,0.38,2.91933946719869,1.98,"development"
2018-08-22,0.118200155139769,-0.0542937304079949,"Pre",0.640705179577239,0.45,-0.33,-0.01,-0.4,0.19,-4.8595781818737,1.98,"development"
2018-08-23,0.793347434496106,-0.541322144665823,"Pre",0.215619323277494,0.77,-1.01,0.66,-0.51,0.8,1.29766622257796,1.98,"development"
2018-08-24,-0.222696736699435,-0.0719553907642556,"Pre",0.848434384448815,0.09,-0.87,0.52,-0.5,0.66,-3.4429630177093,1.98,"development"
2018-08-27,-0.0100033060941751,0.116953816578658,"Pre",0.87165245664842,0.34,-0.65,0.22,-0.45,0.45,1.40789074985981,1.98,"development"
2018-08-28,0.215868645569017,0.0450186835136535,"Pre",0.0606404624628354,-0.21,0.4,-0.16,0.27,-0.38,2.75767677702348,1.98,"development"
2018-08-29,0.407905614228943,-0.682106396250415,"Pre",0.152206397567411,0.24,0.15,-0.36,0.11,0.07,-2.02027073175195,1.98,"development"
2018-08-30,-0.651521111872233,0.565099947547498,"Pre",0.093093013111023,0.75,-0.88,0.41,-0.71,0.71,9.93835051919607,1.98,"development"
2018-08-31,0.103175030853997,0.171055634776884,"Pre",-0.0190227760052508,-0.04,-0.62,0.22,-0.23,0.38,-5.07877233732237,1.98,"development"
2018-09-05,0.0952176853239894,-0.0269166929982134,"Pre",-0.512703504596779,0.34,0.33,-0.34,0.07,-0.49,5.54260800381803,1.969,"development"
2018-09-06,-0.638423956644107,0.539715261727203,"Pre",-0.412215072801736,-0.01,0.72,-0.42,0.31,-0.03,5.18323295277248,1.969,"development"
2018-09-07,0.172106930929994,-0.2792165741063,"Pre",-0.807594522134991,-0.04,0.23,0.03,0.42,0.21,1.55776939418697,1.969,"development"
2018-09-10,0.119569129461405,0.080982593169221,"Pre",0.29556770991146,0.1,0.23,-0.3,0.24,0.07,-4.95969411393724,1.969,"development"
2018-09-11,0.451307839635051,-0.404258736777674,"Pre",1.29493094342017,-0.67,-0.43,0.25,-0.17,0.48,-6.86902538420333,1.969,"development"
2018-09-12,-0.350365538556963,0.224386397607379,"Pre",-0.265433904542611,-0.59,-0.14,0.51,-0.01,0.57,-0.606982136707579,1.969,"development"
2018-09-13,0.669409378495223,-0.564492337189204,"Pre",0.954131897995936,-0.72,0.41,-0.02,0.27,-0.22,-6.0386826652068,1.969,"development"
2018-09-14,0.0171158315727116,-0.151778967577787,"Pre",1.19066682158575,0.25,-0.27,-0.03,-0.36,0.03,-2.45511512949563,1.969,"development"
2018-09-19,-0.0540319355174734,0.0801746067622844,"Pre",1.07014666175314,-0.14,0.22,-0.45,-0.08,-0.41,-8.48103750005831,1.969,"development"
2018-09-20,0.178026614770488,-0.329196435910539,"Pre",0.0101800625042614,0.08,0.27,-0.5,0.15,-0.11,0.424629088145112,1.969,"development"
2018-09-21,-0.00957652559701039,-0.035523979059171,"Pre",0.820282543273265,0.24,0.8,-0.47,0.33,-0.79,-1.0221554071538,1.969,"development"
2018-09-26,-0.275100171684617,-0.0354295840729435,"Pre",0.389919627383506,0.01,-0.93,0.35,-0.47,0.68,3.71437404457633,1.969,"development"
2018-09-27,0.586499775518501,-0.406540551086909,"Pre",-0.991216032362274,-0.03,0.15,0.05,0.13,0.07,-3.79492177345804,1.969,"development"
2018-09-28,0.228278444669261,-0.0881601044492974,"Pre",1.34944337267928,-0.42,-0.67,0.42,-0.47,0.54,-2.36456185753475,1.969,"development"
2018-10-01,0.367180356220986,-0.422089968905759,"Pre",0.519872650303199,0.05,-0.37,0.02,-0.27,0.27,-0.995033085316788,2.008,"development"
2018-10-02,-0.406554914178026,0.263597376073221,"Pre",0.102480861827559,-0.73,0.86,-0.55,0.69,-0.73,0.415801014866357,2.008,"development"
2018-10-03,0.734411631167209,-0.465219184458121,"Pre",-0.660005645021577,-0.12,-0.09,0.06,-0.01,-0.04,-3.71978642268638,2.008,"development"
2018-10-04,-0.432472034014575,0.350908334463984,"Pre",-0.562902819724798,0.5,1.24,-0.59,0.62,-0.59,20.2782628665295,2.008,"development"
2018-10-05,-0.135529801160228,0.202331276414647,"Pre",-0.803616769999671,-0.59,0.81,-0.47,0.52,-0.08,4.13281954928464,2.008,"development"
2018-10-10,-0.461816567876694,0.371945168438881,"Pre",0.156039050356149,0.09,0.09,0.06,0.06,0.14,36.4294742220512,2.008,"development"
2018-10-11,-0.234729403636402,0.400053873993311,"Pre",-3.97120097046759,0.03,0.94,-0.29,0.74,-0.21,8.43219332460658,2.008,"development"
2018-10-12,0.116114198522199,0.214018273236771,"Pre",0.458425482507607,0.92,-1.92,0.98,-1.19,0.19,-15.8899058586906,2.008,"development"
2018-10-15,-0.423735283337479,0.178699118318715,"Pre",-1.88308004624123,0.26,0.18,-0.27,0.26,-0.07,-0.0469373395146189,2.008,"development"
2018-10-16,0.501885718580564,-0.303598768778102,"Pre",1.24025084378623,-0.77,0.72,-0.25,0.49,-0.62,-18.9672452207346,2.008,"development"
2018-10-17,0.223585491548262,-0.0445692390495189,"Pre",1.286105786488,0.49,-0.95,0.52,-0.66,0.1,-1.25644142875503,2.008,"development"
2018-10-18,-0.231177431226381,0.0891583511273275,"Pre",-0.804236841324091,0.03,0.23,-0.01,0.24,0.22,14.2257576313306,2.008,"development"
2018-10-19,0.289831724323664,-0.365045145615461,"Pre",-0.55799804177763,0.28,0.01,-0.05,0.09,0.36,-0.85106896679088,2.008,"development"
2018-10-22,0.212146729553853,-0.23080347573794,"Pre",0.366537204698325,0.16,-0.13,-0.01,-0.14,-0.33,-1.26487899395609,2.008,"development"
2018-10-23,-0.390177447066931,0.586929208244857,"Pre",-2.70731102315782,0.46,0.08,-0.1,0.02,0.25,5.3048372481173,2.008,"development"
2018-10-24,-0.189904004910746,-0.409435373929323,"Pre",0.364610049395253,0.14,0.05,0.33,0.13,-0.18,19.7417087245474,2.008,"development"
2018-10-25,0.423176824453719,0.0355366030747817,"Pre",-3.79405149215852,-0.86,1.5,-0.46,1.12,-0.77,-4.08550245280201,2.008,"development"
2018-10-26,-0.807000468632246,0.793973571896611,"Pre",-0.396341630354335,-1.1,1.64,-0.72,0.99,-0.97,-0.248036505833227,2.008,"development"
2018-10-29,0.632505038653441,-0.749535051856753,"Pre",-0.16440534335409,-1.05,1.68,-1,1.04,-1.47,2.21048705673175,2.008,"development"
2018-10-30,0.608112563913199,-0.239733744117743,"Pre",1.4433998591711,1.35,-1.26,0.2,-0.88,0.34,-5.62062595190254,2.008,"development"
2018-10-31,0.0949046116717422,-0.0886446295082166,"Pre",2.13559994865733,0.23,-1.81,0.88,-1.15,0.42,-9.51817083997413,2.008,"development"
2018-11-01,-0.536877938105063,0.0620429889168328,"Pre",-1.06774731514125,0.95,0.46,-1.73,0.1,-0.18,-9.32397856900167,2.25,"development"
2018-11-02,0.658023799251417,-0.265627923141043,"Pre",2.53140500781495,-0.4,-1.64,0.78,-1.04,-0.16,0.875166460987176,2.25,"development"
2018-11-05,0.0116802636227042,-0.114886672527792,"Pre",-1.56165071503285,0.72,-0.04,0.01,-0.16,-0.78,2.28031162482978,2.25,"development"
2018-11-06,0.309665086411703,-0.141218028764367,"Pre",1.12953941585996,-0.81,0.96,-0.72,0.67,0.23,-0.250815280721284,2.25,"development"
2018-11-07,0.0920729749321225,0.0529333933841691,"Pre",-0.280104312243346,0.44,-1.01,0.7,-0.53,0.14,-19.6382786901504,2.25,"development"
2018-11-08,0.299952690615513,-0.484177186019785,"Pre",1.7998938763645,-0.37,-0.23,0.2,-0.12,0.84,2.17662764819542,2.25,"development"
2018-11-09,-0.125569906154333,0.0878580270888385,"Pre",-1.05805623331214,0.4,0.88,-0.3,0.49,-0.37,3.75631015756488,2.25,"development"
2018-11-14,-0.253359855463309,0.237185511115356,"Pre",0.164738796218877,-1.18,0.6,0.09,0.31,-0.94,5.96251214833514,2.25,"development"
2018-11-15,0.0563585114826015,0.211304885806918,"Pre",-0.196379911038846,0.28,-0.55,0.57,-0.19,0.52,-6.16251221500184,2.25,"development"
2018-11-16,-0.587617009324903,0.618868565250974,"Pre",-0.567015195000131,-0.49,0.94,-0.32,0.71,0.36,-9.66123285334168,2.25,"development"
2018-11-19,-0.304507059607895,0.195295224077885,"Pre",0.647428212304391,0.37,-1.74,0.76,-0.92,0.22,10.260037037804,2.25,"development"
2018-11-20,0.381000873981074,-0.106571946143497,"Pre",-1.09686135355389,-0.1,1.61,-0.74,1.03,-0.49,11.190620996046,2.25,"development"
2018-11-21,0.0798810652366644,-0.354421778057734,"Pre",-0.350795636482459,0.21,-0.62,0.34,-0.46,-0.3,-7.76730383182178,2.25,"development"
2018-11-27,0.0593145762416647,-0.228651933231028,"Pre",0.641619588799358,0.03,0.19,-0.15,-0.12,-0.49,0.632913505164767,2.25,"development"
2018-11-28,-0.0363745342565114,-0.105355584811129,"Pre",1.01801446689116,0.43,-1.25,0.48,-0.9,0.1,-2.82610117182109,2.25,"development"
2018-11-29,-0.289867902954111,0.474976704382613,"Pre",0.38515228434779,0.35,-0.82,0.15,-0.54,0.2,1.60947680263406,2.25,"development"
2018-11-30,0.194884507422888,-0.105745515669842,"Pre",0.396560676380631,0.12,-0.17,0.15,-0.14,0.33,-3.90717088212367,2.25,"development"
2018-12-03,0.130712250817533,0,"Pre",0.995872078929771,-0.22,-0.09,0.06,-0.3,0.13,-9.45357149761032,2.271,"development"
2018-12-04,-0.802613317906431,0.538704000700108,"Pre",-2.41527193950652,0.37,-0.06,0.18,0.08,0.35,23.2346813173347,2.271,"development"
2018-12-07,0.0215943225179593,-0.124411284153414,"Pre",0.820100797673895,-0.69,-0.75,0.59,-0.22,1.07,9.19151745021103,2.271,"development"
2018-12-10,0.570722167210613,-0.319205803934164,"Pre",-2.14087188774723,-0.62,1.55,-0.84,1.05,-0.18,-2.57262934473359,2.271,"development"
2018-12-11,0.10834277898355,-0.397579708230733,"Pre",-0.337428614284896,-0.86,-0.1,0.46,-0.06,0.87,-3.964483134724,2.271,"development"
2018-12-12,-0.147045038904414,0.114694088182965,"Pre",2.12743373124269,-0.14,-0.95,0.39,-0.66,0.35,-1.38826847851896,2.271,"development"
2018-12-13,0.363578478677873,-0.334890592356629,"Pre",0.983173330852516,0.39,0.31,-0.3,0.19,-0.9,-3.84754177955107,2.271,"development"
2018-12-14,-0.235915611777449,0.273115891543796,"Pre",-2.04382931347933,-0.17,0.99,-0.22,0.7,0.26,4.63659205579257,2.271,"development"
2018-12-17,-0.403001841942352,0.344660320860601,"Pre",0.615882236971466,-1.29,0.65,0.06,0.29,0.7,12.5407871103043,2.271,"development"
2018-12-18,-0.311275474524786,0.372505973979909,"Pre",-1.83678839221209,-0.87,1.44,-0.77,0.69,-0.67,4.2321685082686,2.271,"development"
2018-12-19,0.065821372763164,0.347145303891505,"Pre",-0.605796590714114,0.45,-1.05,0.58,-0.56,0.3,0,2.271,"development"
2018-12-20,-1.15455793730961,0.724867821085606,"Pre",-2.87759249194615,-1.21,0.64,-0.12,0.52,0.61,10.38738755812,2.271,"development"
2018-12-21,-0.10083551652218,0.17979149035865,"Pre",-1.11636694701076,-0.81,-0.26,0.1,-0.18,0.03,5.91726707617459,2.271,"development"
2018-12-27,-0.309532482084629,-0.298332273883162,"Pre",3.80995754385971,1.23,-1,0.47,-0.55,-0.18,-1.49083430402546,2.271,"development"
2018-12-28,-0.586764200533096,0.397974476067375,"Pre",-0.313526090531902,-0.02,1.29,-0.9,0.65,-1,-5.55889243864844,2.271,"development"
2019-01-07,0.204643070541355,-0.30427389664105,"Pre",2.40920136046796,0.21,-1.25,0.44,-0.94,-1.34,0.0935016430906543,2.338,"development"
2019-01-08,0.18296546742973,0.0460426362938193,"Pre",0.820370671963211,0.2,-0.12,-0.02,-0.2,-1.12,-4.44305223546078,2.338,"development"
2019-01-09,-0.719729979806694,0.175155610579303,"Pre",1.09779080436834,-1.08,-0.14,-0.05,-0.05,0.08,-2.42286264527904,2.338,"development"
2019-01-10,0.464368474343546,0.0830756497679275,"Pre",-1.29715749492458,0.07,1.22,-0.28,0.93,-0.35,-2.43173076507066,2.338,"development"
2019-01-11,0.032676872522952,-0.046161658946442,"Pre",0.966853929543454,-0.32,-0.45,0.27,-0.4,-0.8,-6.95424730396699,2.338,"development"
2019-01-16,0.329293294341415,-0.11031440721565,"Pre",-0.549003233652456,-0.09,-0.88,0.53,-0.56,0.57,2.33804486440636,2.338,"development"
2019-01-17,0.239506957455449,-0.156070722522195,"Pre",-0.19821272337861,0.41,-0.29,-0.07,-0.17,0.2,-5.284248137438,2.338,"development"
2019-01-18,0.425165097069913,-0.712982910637372,"Pre",1.28470558230411,-0.23,-0.36,-0.08,-0.3,-0.63,-1.45010906907999,2.338,"development"
2019-01-23,0.248437931470491,-0.0914160407386788,"Pre",-0.141641880377641,-0.08,-0.04,0.1,-0.04,0.1,-6.35134057223259,2.338,"development"
2019-01-24,0.0281142653064226,-0.255521219516286,"Pre",-0.0927411536691736,0.32,0.01,-0.16,-0.1,-0.84,-3.28068994715283,2.338,"development"
2019-01-25,-0.10490907511711,0.109429155548746,"Pre",0.962226084738482,-0.29,-0.2,0.26,-0.22,-1.3,-8.10137100890613,2.338,"development"
2019-01-28,-0.11541141807121,0.365631120311072,"Pre",-0.601413217542124,0.24,-0.45,0.31,-0.13,0.15,7.99543879561018,2.338,"development"
2019-01-29,0.109217188778032,-0.14641291048898,"Pre",0.0757134967876993,0.03,-0.17,0.27,0.02,1.09,1.36844240717027,2.338,"development"
2019-01-30,-0.407815731175365,-0.191842200160774,"Pre",-0.524488856499694,-1.33,0.59,-0.06,0.27,-0.17,-7.99555882763476,2.338,"development"
2019-01-31,-0.0170973606802516,0.6684700502257,"Pre",1.04985160988811,0.19,-0.94,0.42,-0.75,-0.31,-6.37083637373421,2.338,"development"
2019-02-01,0.472960947587442,-0.65021521264299,"Pre",0.0717003207666878,0.07,-1.18,0.85,-0.36,1.19,-2.6293168596669,2.464,"development"
2019-02-04,0.643228850905642,-0.373559725557016,"Pre",0.457764447803655,0.97,-0.29,-0.12,-0.38,-0.63,-2.57309457716164,2.464,"development"
2019-02-05,-0.206730127007893,-0.0272789271980045,"Pre",-0.18845765114115,0.56,0.03,-0.28,-0.03,-0.04,-1.02237312242792,2.464,"development"
2019-02-06,0.0674487479948915,0.218440061374459,"Pre",0.141951402253149,0,-0.26,0.1,0.09,-0.19,-1.22780217684091,2.464,"development"
2019-02-07,-0.144243996046489,0.0455684674095735,"Pre",-0.589930826177465,0.07,-0.36,0.32,-0.54,-0.09,6.23824273055456,2.464,"development"
2019-02-08,0.00391795754506319,-0.0546796696390572,"Pre",-2.03543888350932,0.2,-0.01,0.35,-0.04,1.46,-4.05166043819829,2.464,"development"
2019-02-13,0.554836449293861,-0.325262303385099,"Pre",1.33436276422714,-0.32,-0.68,0.07,-0.6,-0.77,1.41572506110927,2.464,"development"
2019-02-14,-0.522484754668806,0.16249890729334,"Pre",-0.0225616241920079,0,0.04,0.22,0.18,0.28,3.57741317011047,2.464,"development"
2019-02-15,0.145451615694281,0.126570851360874,"Pre",-1.137396022086,0.19,0.35,-0.23,0.65,0.16,-8.42129199106196,2.464,"development"
2019-02-22,0.0741621183843577,0.0180652154767813,"Pre",-0.180556051489766,-0.01,-0.45,0.24,-0.26,-0.1,-6.79560647585116,2.464,"development"
2019-02-25,0.278850855617208,-0.333679346443727,"Pre",0.478282896035687,0.19,-0.49,0.06,-0.28,-0.36,9.45697132766012,2.464,"development"
2019-02-26,-0.441951076670577,0.27949348762677,"Pre",-0.366889038700435,-0.08,-0.18,0.16,0.06,0.24,2.13199281117324,2.464,"development"
2019-02-27,0.364957934641685,-0.144352244481638,"Pre",0.498165235615389,0.2,-0.11,0.02,0.05,0.22,-3.14722995757504,2.464,"development"
2019-02-28,0.450299808337329,-0.413855741394542,"Pre",-0.798063556666229,0.31,0.63,-0.14,0.25,0.69,0.542742173536492,2.464,"development"
2019-03-01,0.549677795636416,-0.456846765810681,"Pre",1.01206204423576,-0.25,-0.86,0.22,-0.37,-0.11,-8.54134416732779,2.455,"development"
2019-03-04,-0.270964082254554,0.187860680556717,"Pre",1.01026242707203,0.12,-0.75,0.18,-0.49,-0.83,7.52127411852554,2.455,"development"
2019-03-05,0.135269089084167,-0.268264490668546,"Pre",-0.439788053104806,0.13,0.14,-0.27,0.28,0.48,0.74906717291574,2.455,"development"
2019-03-06,-0.0280153595503485,0.286174403853323,"Pre",-0.597696911433054,-0.03,-0.46,0.16,-0.38,-0.06,6.56403562280667,2.455,"development"
2019-03-07,-0.156231204382573,0.0537489935004132,"Pre",-0.654082598909334,-0.18,0.45,-0.15,0.29,1.02,5.2594861213096,2.455,"development"
2019-03-08,-0.395166921426693,0.44003483512931,"Pre",-2.02659521466195,-0.72,0.22,-0.15,0.57,0.74,-3.30912546263282,2.455,"development"
2019-03-11,0.174487897538977,-0.0899604234833262,"Pre",0.472259312650003,-0.21,0.09,-0.04,0.09,0.29,-11.3353607735944,2.455,"development"
2019-03-12,0.021641744527523,-0.152747233077211,"Pre",1.77631147250175,0.01,-0.22,-0.17,-0.14,-0.4,-3.98629290995172,2.455,"development"
2019-03-13,-0.158703899703516,0.134764855758451,"Pre",-0.99757965742846,0.2,-0.51,0.12,-0.25,0.52,-2.64916154469765,2.455,"development"
2019-03-14,0.51740164401477,-0.430609797881853,"Pre",-0.0151254449260563,-0.17,0.21,0.12,0.22,-0.02,0.668898815079677,2.455,"development"
2019-03-15,-0.23225322270477,0.125403097766785,"Pre",0.766677433785823,-0.42,0.31,-0.31,-0.08,-0.08,-4.70139647681762,2.455,"development"
2019-03-18,0.0492806221656039,0.143510653386336,"Pre",0.621119287620253,0.91,-0.39,0.17,-0.19,-0.34,1.69365095308982,2.455,"development"
2019-03-19,-0.0367140201189109,0.0269311909702807,"Pre",-0.0818050929312975,-0.23,0.18,0.01,0.09,-0.28,3.45120523051436,2.455,"development"
2019-03-20,-0.771652465307859,-0.0269311909702807,"Pre",0.194877883193456,0.22,0.07,-0.17,-0.01,0.18,2.54837234231022,2.455,"development"
2019-03-25,0.0437775405889962,-0.300204910473667,"Pre",-3.05264118149626,0.32,0.28,0.11,0.2,0.4,-0.914361749895187,2.455,"development"
2019-03-26,0.700207449891543,-0.371730787549573,"Pre",2.128483509704,-0.13,0.6,-0.51,0.23,-0.38,-10.6517883796004,2.455,"development"
2019-03-27,-0.108231866187314,0.108656294645293,"Pre",-0.232017581549648,0.3,-1.05,0.4,-0.63,0.32,3.15145087690087,2.455,"development"
2019-03-28,0.0753878565235677,-0.144848839376177,"Pre",-1.62677365881319,-0.03,-0.62,0.31,-0.3,0.51,-4.86911591695991,2.455,"development"
2019-03-29,0.184784192736354,-0.126570851360874,"Pre",0.814643480028465,-0.42,-0.42,0.11,-0.01,0.24,-5.1183879211556,2.455,"development"
2019-04-01,0.613141004844397,-0.549625206660842,"Pre",1.41976462232165,-0.01,0.99,-0.51,0.65,-1.12,-2.28707866173576,2.451,"development"
2019-04-02,-0.0798670957235625,-0.026952967235605,"Pre",-0.0172965574238404,-0.32,1.11,-0.96,0.42,-1.62,-0.298953884836584,2.451,"development"
2019-04-03,0.0425181731371183,-0.143626595605717,"Pre",0.962094970609151,0.22,-0.29,-0.05,-0.41,-0.68,2.80461186857033,2.451,"development"
2019-04-04,0.149932887555071,-0.0627718264794019,"Pre",0.0540538562676218,0.12,-0.18,0.15,-0.25,-0.27,-1.17131646636532,2.451,"development"
2019-04-05,0.0552004206727741,-0.143330670421538,"Pre",0.379257767240126,0.1,0.26,-0.19,0.17,-0.75,-5.7591670638026,2.451,"development"
2019-04-08,-0.115866747114168,0.215073118122433,"Pre",-0.210470100634907,-0.01,-0.74,0.41,-0.27,0.76,2.76940775818373,2.451,"development"
2019-04-09,-0.354323683426072,0.350483396293377,"Pre",0.187952375857314,-0.28,-0.04,-0.28,-0.06,-0.15,8.0159427837077,2.451,"development"
2019-04-10,-0.114985020837111,0.144144169102134,"Pre",-0.528948470988588,0.28,-0.66,0.29,-0.28,0.24,-7.10959216837299,2.451,"development"
2019-04-11,0.567770881019092,-0.503598186617005,"Pre",0.10972616797833,-0.23,-0.14,0.31,0.09,0.26,-2.12773984472849,2.451,"development"
2019-04-12,0.387573812275477,-0.465366868134698,"Pre",0.730489316626048,-0.19,-0.3,0.48,-0.7,0.26,-8.07470006885311,2.451,"development"
2019-04-15,0.0500674059423112,0,"Pre",1.35584382695999,0.55,0.15,-0.52,-0.09,-0.89,2.54843220134817,2.451,"development"
2019-04-16,-0.0167846756385703,0.044652825032987,"Pre",0.236761040854816,-0.28,-0.36,0.66,-0.38,-0.11,-1.14286958236232,2.451,"development"
2019-04-17,0.15874688908557,-0.044652825032987,"Pre",0.253080891034152,0.13,0.26,-0.09,-0.07,-0.91,3.39015516756813,2.451,"development"
2019-04-18,-0.144641959218372,0.0535857831880371,"Pre",-0.846784806251932,-0.72,0.49,0.02,0.27,-0.27,-4.13181493307309,2.451,"development"
2019-04-23,-0.0837782264923259,0.0714924069772138,"Pre",0.188139534119003,-0.15,0.2,0.06,0.26,0.43,-1.13361537863366,2.451,"development"
2019-04-24,0.341949464490909,0.0447087234165089,"Pre",-0.268737675719599,0.2,-1.35,0.52,-0.7,0.76,6.76890903374683,2.451,"development"
2019-04-25,-0.378890738175208,0.196956196166642,"Pre",0.48342421453178,0.28,-0.04,0.07,-0.02,0.11,0.833653937576662,2.451,"development"
2019-04-26,-0.108775214293821,-0.00896097496001502,"Pre",-0.219223981362049,-0.22,0.05,0.17,0.26,0.56,-4.00361398629161,2.451,"development"
2019-05-08,-0.180740097945087,0.199582756987748,"Pre",-1.47559408010256,0.22,-0.3,0.29,-0.26,0.85,0.413223728491019,2.487,"development"
2019-05-09,-0.312714986528162,0.518961423293174,"Pre",-0.932276512417296,-0.5,0.14,0.13,0.05,0.25,-1.55847310166979,2.487,"development"
2019-05-10,0.242694375194086,-0.00912783534019468,"Pre",-0.26766775324738,0.31,-0.38,0.02,0.23,-0.01,-17.4602732614216,2.487,"development"
2019-05-13,-0.838380605413303,0.347444804126518,"Pre",-0.722399594489787,-0.45,0.28,0.36,0.07,0.16,24.7775338503875,2.487,"development"
2019-05-14,0.500208012399916,-0.456913890044675,"Pre",-0.587102367415326,0.01,0.56,-0.11,0.44,-0.26,-12.9161392953404,2.487,"development"
2019-05-15,-0.0154620578027842,0.0912159143789282,"Pre",0.574266075424923,0.3,-1.05,0.52,-0.49,0.13,-9.39821583608054,2.487,"development"
2019-05-16,0.256670330344821,-0.282498934856346,"Pre",-0.594441621734454,-0.22,0.06,0.25,0.14,0.3,-7.25183696870633,2.487,"development"
2019-05-17,0.205818801270441,-0.00909959507433555,"Pre",0.884413348515878,0.22,-0.48,0.03,-0.22,0.31,4.28865720806919,2.487,"development"
2019-05-20,-0.0918614799252815,-0.0545801887469111,"Pre",0.242715941886296,-0.57,0.56,-0.01,0.25,-0.23,2.16928246112595,2.487,"development"
2019-05-21,0.60541137338026,-0.58034257911892,"Pre",-0.137548178808622,-0.26,0.18,-0.03,0.09,-0.29,-8.70671167962267,2.487,"development"
2019-05-22,-0.207051590379503,0.289750293263857,"Pre",0.051320831038737,0.32,-0.28,0.04,-0.13,0.22,-1.34682170508666,2.487,"development"
2019-05-23,-0.725618405999029,0.636771004532655,"Pre",-0.623221184782174,-0.31,0.09,-0.21,0.42,0.13,13.7253271392249,2.487,"development"
2019-05-24,-0.259158373951163,0.182681819164277,"Pre",-0.160498336256332,0.3,0.07,0.15,-0.21,-0.24,-6.5326853854788,2.487,"development"
2019-05-29,0.368965126369813,0.228592427982921,"Pre",-1.21510569895538,0.22,0.26,-0.06,0.15,0.39,2.25998319172405,2.487,"development"
2019-05-30,-0.0809568022277052,-0.39285601666128,"Pre",-0.290088150043921,-0.08,1.02,-0.7,0.42,-0.65,-3.40942113429756,2.487,"development"
2019-05-31,-1.23684417291305,0.92521156487404,"Pre",-1.64331784211562,0.41,-0.61,0.17,-0.25,0.56,7.83516387822649,2.487,"development"
2019-06-03,-0.448785005042485,0.248790729571802,"Pre",-0.928074910554777,-1.05,0.85,-0.03,0.8,0.2,0.798513691931291,2.439,"development"
2019-06-04,0.254896859456055,0.0830679820714053,"Pre",-0.0114651310703096,0.9,1.36,-1.08,0.76,-0.96,-10.5596197959176,2.439,"development"
2019-06-05,0.34976520961969,0.092378759456313,"Pre",1.78498468937907,0.1,-0.47,-0.03,-0.46,0.02,-5.32491182418431,2.439,"development"
2019-06-06,0.157824470077284,0.110967276043805,"Pre",-0.00991573073729768,-0.36,-0.32,0.44,-0.06,0.56,-0.99938370823347,2.439,"development"
2019-06-07,-0.43159835411064,-0.0647458747124574,"Pre",0.531318200138742,0.57,-0.58,0.18,-0.36,0.09,2.29609838907598,2.439,"development"
2019-06-10,0.33947935846097,-0.378386312754575,"Pre",1.18856787225585,-0.16,-0.6,0.08,-0.42,0.32,-2.23334344506481,2.439,"development"
2019-06-11,0.100708223663748,0.0368527735882473,"Pre",0.330005708253367,-0.14,0.31,-0.48,0.24,-0.62,0.313185348379408,2.439,"development"
2019-06-12,-0.0418770973900084,0.0921913958539022,"Pre",-0.352246785532451,0.25,-0.08,0.36,0.06,0.29,-0.501568449616752,2.439,"development"
2019-06-13,-0.0561978912506422,-0.0184450798272451,"Pre",-0.463549281111852,-0.23,-0.03,0.14,0.05,0.63,-0.567288001018751,2.439,"development"
2019-06-14,0.125129172863048,0,"Pre",0.402810677969789,0.22,-0.76,0.45,-0.41,0.26,-3.47301786011336,2.439,"development"
2019-06-17,-0.0255786144140568,-0.110599089614904,"Pre",0.0336640637408792,-0.06,-0.05,0.23,0,0.52,0.45706902948317,2.439,"development"
2019-06-18,-0.0618527622117782,0.156718169895509,"Pre",-0.718776604409754,-0.76,0.41,-0.38,0.38,0.1,-1.31149420778276,2.439,"development"
2019-06-19,-0.256294284677905,0.0276816610764286,"Pre",1.70738818245582,-0.03,0.12,-0.24,-0.09,-1.11,-5.56452901152977,2.439,"development"
2019-06-20,-0.737605540989161,0.778214044205505,"Pre",0.602804889982345,0.18,-0.96,0.39,-0.51,0.27,2.88878409457483,2.439,"development"
2019-06-21,-0.0389581431220698,-0.0278978938899499,"Pre",-0.95605985538505,0.57,0.58,-0.12,0.2,-0.64,4.31244266337547,2.439,"development"
2019-06-24,-0.0332854349125888,0.176818249036703,"Pre",0.128570885526891,-0.16,0.2,-0.18,0.11,-0.09,-0.913248356327268,2.439,"development"
2019-06-25,-0.025162861142114,0.41067819526539,"Pre",-0.43399519152878,-0.02,0.1,-0.03,0.18,0.38,6.47023347180835,2.439,"development"
2019-06-26,0.581184423512537,-0.671143458798706,"Pre",-0.507186449712727,-0.19,0.12,-0.31,0.16,-0.56,-0.430902482680962,2.439,"development"
2019-06-27,0.125519381038641,-0.0835771047396072,"Pre",1.18601943307759,-0.07,0.27,-0.15,-0.14,-1.29,-2.4353373408077,2.439,"development"
2019-06-28,0.0255136771614595,-0.102055025789571,"Pre",-0.292157097703161,0.05,-0.42,0.19,-0.18,0.02,-4.7905599759698,2.439,"development"
2019-07-01,0.539287463852212,-0.536392666819552,"Pre",2.11164969198219,0.12,-0.05,0.11,-0.44,-0.95,-7.00354761972908,2.442,"development"
2019-07-02,-0.438186343615854,0.406654904205173,"Pre",0.111764641762235,0.31,-0.18,-0.1,-0.1,0.09,-8.3783693598753,2.442,"development"
2019-07-03,-0.0904024435705253,0.129737762614379,"Pre",-0.535163746837775,0.59,-0.25,0.07,0.26,0.47,-2.823717018161,2.442,"development"
2019-07-08,0.217242033018161,-0.156487351858825,"Pre",-0.979797227273593,0.09,0.31,-0.13,0.17,-0.2,4.99369532859388,2.442,"development"
2019-07-09,0.165743128140416,-0.0551724151925725,"Pre",0.142925116268522,-0.55,-0.01,-0.03,0.29,0.24,0.926922857636248,2.442,"development"
2019-07-10,-0.469560158885507,0.313046936434969,"Pre",-0.146965254813303,0.2,-0.52,0.45,0.05,0.41,-7.82109347738351,2.442,"development"
2019-07-11,0.0828853709227584,0.138421099017627,"Pre",0.509763127700325,0.38,0.3,0.05,-0.15,0.2,-0.770419835298775,2.442,"development"
2019-07-12,-0.466719279665195,0.268158651606853,"Pre",0.195571524965032,-0.61,0.47,-0.03,0.27,0.19,-4.26604971427151,2.442,"development"
2019-07-17,-0.175400458194686,0.231000333720566,"Pre",-0.307270911315527,-0.37,-0.26,-0.05,0.01,0.09,8.27904544593974,2.442,"development"
2019-07-18,-0.649490953006593,0.333580739277473,"Pre",-1.98964964883928,-0.37,-0.44,0.04,-0.03,0.43,-3.20027310861737,2.442,"development"
2019-07-19,0.51579435189506,-0.0371195252963474,"Pre",1.97944845948346,0,-0.13,0.27,-0.25,-0.28,6.57849723757442,2.442,"development"
2019-07-22,0.0542293969490792,-0.120543387029137,"Pre",-0.234121259506459,0.18,0.5,0.05,-0.37,-0.65,-6.57849723757442,2.442,"development"
2019-07-23,0.394027935544905,-0.138908204027732,"Pre",0.948432058994264,0.1,-0.05,0.33,-0.35,-0.24,-7.04192922058686,2.442,"development"
2019-07-24,-0.060810205661399,-0.0185065236023796,"Pre",0.409366271783895,-0.27,0.06,0.15,-0.26,-0.2,-4.37671148673879,2.442,"development"
2019-07-25,0.47834965468998,-0.461553482536115,"Pre",0.216168447031073,0.49,-0.1,-0.01,-0.49,-0.14,5.4023615034577,2.442,"development"
2019-07-26,-0.0570231329782622,-0.101256509779102,"Pre",-0.453303459412702,-0.13,-0.6,0.18,0.15,0.54,-4.65947736059964,2.442,"development"
2019-07-29,0.0947061228542267,-0.156285943095824,"Pre",-0.191103687396144,0.19,-0.57,0.38,-0.16,0.77,5.36343020895242,2.442,"development"
2019-07-30,-0.122801395709704,0.183891188267715,"Pre",0.42704106409488,0.21,-0.02,-0.14,-0.23,-0.43,8.29762267048326,2.442,"development"
2019-07-31,0.173581912433596,0.0736512646072107,"Pre",-0.868737137584219,0.15,-0.54,0.29,-0.09,-0.01,14.5298331746105,2.442,"development"
2019-08-01,-1.52628731038833,0.276676373120388,"Pre",0.0903802254240915,-0.16,-0.07,-0.21,0.05,0.31,10.3062592092854,2.471,"development"
2019-08-02,-0.503843529174075,1.52617888756472,"Pre",-2.12933072285395,-0.34,-1.43,0.55,0.12,1.59,-1.46564066632222,2.471,"development"
2019-08-05,-0.579970996534573,0.583092031079335,"Pre",-1.75509110139807,-0.44,-0.13,-0.21,0.52,0.38,33.3872933719987,2.471,"development"
2019-08-06,0.519487862985946,-0.40476357798287,"Pre",-0.653569881450622,0.09,-0.28,0.13,0.1,-0.03,-19.8143504261981,2.471,"development"
2019-08-07,-0.310372882422216,0.782764406070147,"Pre",-0.334534969417177,-0.01,-0.5,0.06,0.26,0.37,-3.42948384466513,2.471,"development"
2019-08-08,-0.291122787906906,-0.396863414203708,"Pre",0.373584322174914,0.36,-0.38,0.08,0.14,0.41,-14.199635060898,2.471,"development"
2019-08-09,-0.395398359986876,0.700296228089492,"Pre",0.443188977216735,-0.2,-0.04,0.24,0.29,0.07,6.07985378849785,2.471,"development"
2019-08-14,-0.870073359284484,0.762751473306089,"Pre",0.971485292138752,0.08,0.53,-0.25,-0.22,-0.51,23.2234523015462,2.471,"development"
2019-08-15,0.286592703622146,-0.31145322708559,"Pre",-1.21518914165701,-0.23,0.19,-0.11,0.19,0.1,-4.25202683504464,2.471,"development"
2019-08-16,0.221455896339773,-0.20709788066533,"Pre",0.0644711550666699,-0.13,0.22,0.01,0.09,0.08,-13.6909545962112,2.471,"development"
2019-08-19,0.365003927427843,-0.150347707328802,"Pre",0.704459043632966,0.11,0.31,-0.05,-0.17,-0.61,-9.00183050433374,2.471,"development"
2019-08-20,-0.417929773954029,0.140944350323391,"Pre",0.553148592847741,0.28,-0.61,0.12,-0.38,0.13,3.60713917616575,2.471,"development"
2019-08-21,0.494094049846483,-0.159721929948553,"Pre",-0.28404851649082,-0.21,-0.62,0.38,-0.28,0.38,-10.2190940896548,2.471,"development"
2019-08-22,-0.299712140337194,0.0751314836243466,"Pre",0.0457734928074771,-0.43,0.2,0.01,0.12,0,5.42004568976795,2.471,"development"
2019-08-23,-1.07695633543772,1.07680269695587,"Pre",0.40107536011309,-0.26,0.11,-0.16,-0.13,-0.15,17.5000659633125,2.471,"development"
2019-08-26,0.89757709243754,-0.66256749721374,"Pre",-2.19607843894138,-0.3,-0.41,0.16,0.19,0.41,-2.80702277793532,2.471,"development"
2019-08-27,-0.446272780538237,0.188857468786807,"Pre",0.958031863596176,-0.15,0.07,0.37,-0.29,-0.29,4.99725468079211,2.471,"development"
2019-08-28,0.420277739168906,-0.0566947005642859,"Pre",0.114033064353514,-0.51,0.32,0,0.39,0,-4.84209561165021,2.471,"development"
2019-08-29,0.327162396180958,-0.602751871963836,"Pre",-0.0903265421872135,-0.28,0.55,-0.16,-0.01,-0.42,-7.90096497304229,2.471,"development"
2019-08-30,-0.178394533573423,0.18796998015782,"Pre",1.18275750657109,0.63,0.44,-0.22,-0.11,-0.4,5.97030234364135,2.471,"development"
2019-09-04,0.300287161385038,-0.377074353271212,"Pre",0.116198228428743,-0.38,-0.49,0.17,0.01,0.55,-12.6147010991506,2.175,"development"
2019-09-05,0.636444693271709,-0.637781190207498,"Pre",2.09327956101113,0,0.4,0.01,-0.5,-0.81,-6.3116182496568,2.175,"development"
2019-09-06,-0.179319223494812,0.149700626759319,"Pre",0.537443079258537,-0.41,0.38,-0.44,-0.08,-0.49,-8.12727201287364,2.175,"development"
2019-09-09,0.246954830063251,-0.317846392671939,"Pre",0.559058928004141,0,-0.23,-0.01,0.02,0.03,1.78399181283311,2.175,"development"
2019-09-10,0.306906415173236,-0.186497629586846,"Pre",0.345020725995049,-0.17,2.91,-1.07,0.56,-2.57,-0.459469137831059,2.175,"development"
2019-09-11,0.300892224412852,-0.362673015741866,"Pre",0.956791061542717,-0.17,1.6,-0.69,0.83,-1.82,-3.95892020896227,2.175,"development"
2019-09-12,0.314266045989609,-0.222531385294822,"Pre",0.746589342419313,-0.51,0.25,-0.09,-0.06,-0.11,-2.70568013875132,2.175,"development"
2019-09-13,-0.0101270673165565,-0.138831064919742,"Pre",1.04545398906204,-0.42,0.4,-0.27,-0.02,0.02,-3.43381375808915,2.175,"development"
2019-09-18,0.211560011122236,-0.0462342233951141,"Pre",-0.184750392786981,-0.09,-0.94,0.24,-0.14,1.02,-3.45226251973054,2.175,"development"
2019-09-19,-0.290845309006516,0.15728365179779,"Pre",0.380592190013296,0.65,-0.4,-0.04,-0.08,0.21,0.714288751238046,2.175,"development"
2019-09-20,-0.476424773729756,0.0463070163403856,"Pre",0.157013726081701,0.45,-0.29,-0.01,-0.06,0.08,8.65367685326901,2.175,"development"
2019-09-25,0.558947328144566,-0.427708694792805,"Pre",-0.356717519791161,0.07,0.22,-0.09,0.66,-0.11,-6.60646117078629,2.175,"development"
2019-09-26,0.207469069013655,0.102111867772514,"Pre",0.127483685264274,0.27,0.74,-0.2,-0.04,-0.61,0.686858772775834,2.175,"development"
2019-09-27,0.0651789320115448,-0.352308912526933,"Pre",-0.771007804612189,-0.33,-0.32,-0.01,-0.19,0.63,6.91173192501635,2.175,"development"
2019-09-30,-0.0411968099934601,-0.0555144351785053,"Pre",-0.56404748263521,0.29,-0.58,0.24,-0.27,0.07,-5.85941642660526,2.175,"development"
2019-10-01,-0.202357211310122,0.379964314233749,"Pre",0.593020975747827,0.14,0.75,0.09,-0.26,-0.84,13.3531392624522,2.099,"development"
2019-10-02,-0.479794133666234,0.456005629419476,"Pre",-0.488414154821548,0.56,-0.2,0.21,0.61,0.47,10.233871322891,2.099,"development"
2019-10-03,-0.270869396354989,0.42062033318242,"Pre",-2.02635158805382,-0.02,-0.3,-0.04,0.19,0.58,-7.26125329637091,2.099,"development"
2019-10-04,0.0208139497165138,-0.140403448908444,"Pre",0.320266441787176,0.15,-0.65,0.46,-0.51,0.47,-11.5171386222086,2.099,"development"
2019-10-07,0.409657270734654,-0.14020659398275,"Pre",-0.163373332633832,0.06,-0.44,0.4,-0.1,0.16,4.70000540471838,2.099,"development"
2019-10-08,-0.195315501460724,0,"Pre",0.989370319684113,0.23,0.04,0.08,-0.08,-0.29,12.7071603274629,2.099,"development"
2019-10-09,0.365484908226188,-0.345004771321555,"Pre",-0.610537681152756,0.46,0.13,0,0.07,0.69,-8.43253694655375,2.099,"development"
2019-10-10,0.41450175262665,-0.445807369719109,"Pre",0.444565463328139,-0.79,0.73,-0.05,0.07,-0.73,-5.9116907058439,2.099,"development"
2019-10-11,0.461712880637455,-0.563694141508897,"Pre",1.13904419097288,-0.83,1.07,-0.38,0.25,-0.72,-12.0204861756404,2.099,"development"
2019-10-16,-0.10467865996997,0.110324549206187,"Pre",1.18940178750737,-0.2,0.35,-0.21,0.01,-0.3,1.02866447102752,2.099,"development"
2019-10-17,-0.147352227261477,0.184145158379234,"Pre",-0.0937567264333694,0.19,-0.54,0.45,-0.25,0.1,0.800877961080637,2.099,"development"
2019-10-18,-0.123406008058469,0.0645310001651467,"Pre",0.181646140883451,0.35,0.33,-0.1,-0.37,-0.25,3.28132149094489,2.099,"development"
2019-10-21,0.229811717920914,-0.119810161329603,"Pre",0.249636132640418,0.13,0.24,-0.04,0.11,-0.1,-1.76995770994011,2.099,"development"
2019-10-24,-0.0516331059143393,0.018411120368711,"Pre",0.551923365049767,-0.13,0.35,-0.11,0.31,-0.69,-2.16458667746924,2.099,"development"
2019-10-25,0.0205859926144303,-0.119611736209446,"Pre",0.216068391678448,0.11,-0.24,-0.08,0,0.09,-8.04682784006938,2.099,"development"
2019-10-28,0.141890983593429,-0.247968166734136,"Pre",0.295442796296719,0.2,0.44,0.01,-0.18,-0.35,3.57180826020791,2.099,"development"
2019-10-29,-0.0267816119404518,0.174431992816437,"Pre",0.466216972245448,-0.21,0.68,-0.33,0.01,-0.17,0.684153181671654,2.099,"development"
2019-10-30,-0.0576239908864906,-0.0459326635239954,"Pre",-0.571882236737764,0.6,-0.13,-0.12,0.54,0.42,-6.81815124160723,2.099,"development"
2019-10-31,-0.726797955867209,0.72821449150986,"Pre",0.36670220964794,-0.3,-0.5,0.58,-0.24,-0.09,6.96955172472875,2.099,"development"
2019-11-01,0.278235843194885,-0.0647398866542304,"Pre",-0.333218520377976,-0.18,-0.61,0.33,-0.51,0.59,-7.21315720451683,1.851,"development"
2019-11-06,-0.14367529873982,0.247717911894441,"Pre",0.222657586294339,-0.06,1.02,-0.5,0.06,-1.01,-3.73293730940385,1.851,"development"
2019-11-07,0.345913415998611,-0.513103562962591,"Pre",0.1136506553026,0,-0.23,0.24,0.18,0.46,0.867855545624785,1.851,"development"
2019-11-08,-0.0995953537782146,0.256222687759422,"Pre",0.263472391193531,-0.3,1.02,-0.45,0.32,-1.02,-5.32383774598748,1.851,"development"
2019-11-13,-0.250563934568371,0.238619790169459,"Pre",-0.854576134771534,-0.12,-0.33,0.15,-0.26,0.7,2.4923408452457,1.851,"development"
2019-11-14,-0.351162818525452,0.460490775049394,"Pre",-0.767608375223716,-0.07,-0.68,0.03,-0.17,0.55,0.383877630716567,1.851,"development"
2019-11-15,0.381406561479514,-0.432921046436618,"Pre",0.696613659095924,0.48,0.4,-0.27,0.44,-0.19,-7.97234738320385,1.851,"development"
2019-11-18,-0.204116885374939,0.174785012989798,"Pre",0.485616561151758,0.17,-1.04,0.37,-0.4,0.66,3.34588534226432,1.851,"development"
2019-11-19,-0.0748199955310724,0.0184162063135318,"Pre",-0.531414514006912,0.28,-0.45,-0.27,0.16,0.03,3.1598205450166,1.851,"development"
2019-11-20,0.0293673780463521,-0.0736444845951034,"Pre",-0.620485259684145,-0.14,-0.8,0.06,-0.12,0.27,-0.624026986008452,1.851,"development"
2019-11-21,0.0811678479323064,0.128913461683666,"Pre",-0.476280558209652,0.07,-0.19,0.04,0.23,0.27,2.70182393653164,1.851,"development"
2019-11-22,0.0236594383950184,-0.128913461683666,"Pre",0.321983591379826,0.14,-0.32,0.29,-0.28,-0.04,-6.20536698374634,1.851,"development"
2019-11-25,0.368176891647165,-0.25732943158685,"Pre",0.775469136120499,0.01,0.42,-0.32,-0.09,-0.61,-3.88318098556653,1.851,"development"
2019-11-26,0.0169589441511242,-0.146748627637816,"Pre",0.345047167518153,-0.09,-0.35,0.2,-0.3,0.59,-2.8194947541623,1.851,"development"
2019-11-27,0.487480976289012,-0.247151025161951,"Pre",0.275362273016988,0.36,0,0.17,-0.03,0.08,1.80339795102147,1.851,"development"
2019-12-02,-0.311432543481294,0.347730950680081,"Pre",1.00630000276141,-0.46,0.16,-0.16,0.04,-0.2,16.674927166358,1.593,"development"
2019-12-03,-0.265940247998042,0.514659715174126,"Pre",-0.638212363776702,0.05,-0.55,0.3,-0.36,0.68,6.80534632450156,1.593,"development"
2019-12-04,0.203130624854131,-0.312787743516463,"Pre",-1.05162654505673,0.54,0.37,-0.08,0.25,-0.2,-7.54584112515935,1.593,"development"
2019-12-05,-0.109375210348084,0.165471631799274,"Pre",0.71006592687386,-0.23,1,-0.53,0.13,-0.33,-1.91001713734194,1.593,"development"
2019-12-06,-0.188473015037616,0.0276052451718911,"Pre",0.232817996861456,0.5,-0.02,-0.08,-0.04,0.03,-6.39877086752838,1.593,"development"
2019-12-09,0.0555925178265859,0.0644418894567345,"Pre",0.326172510672507,-0.1,0.62,-0.28,0.01,-0.2,15.2260915485336,1.593,"development"
2019-12-10,0.079629405437931,-0.128842278084917,"Pre",-0.0875730640931494,0.37,-0.43,0,-0.04,0.52,-1.141420128444,1.593,"development"
2019-12-11,-0.125880262974798,0.055197793489814,"Pre",-0.0783299062208087,-0.19,0.34,-0.09,0.04,-0.09,-4.50027028077553,1.593,"development"
2019-12-12,0.702169739452652,-0.449892876537739,"Pre",0.140761850172488,-0.35,0.18,-0.1,-0.19,0.28,-7.26209067821286,1.593,"development"
2019-12-13,0.178477711934066,-0.109869998234213,"Pre",2.52201503427649,-0.88,1.24,-0.71,0.19,-0.18,-9.86874689699779,1.593,"development"
2019-12-16,0.0400501266383912,-0.3288875612105,"Pre",-0.294942731286696,0.19,-0.08,0.2,-0.24,0.27,-3.95691507310474,1.593,"development"
2019-12-17,0.0107567475934989,0.109509045439182,"Pre",0.473860216228772,0.2,-0.6,0.13,0.15,0.31,1.22801379465911,1.593,"development"
2019-12-18,0.0470795550020942,-0.0547695130076242,"Pre",-0.548703422794361,-0.16,0.3,0.29,0.09,-0.3,2.33223276943511,1.593,"development"
2019-12-19,-0.22414679701015,0.319912525481758,"Pre",-0.29113429803207,0.21,0.14,0.15,-0.06,0.38,-0.637960696403894,1.593,"development"
2019-12-20,0.214387245835646,-0.201207311341989,"Pre",-0.202258891454221,0.42,-0.3,0.3,-0.34,0.17,0.0799680170564088,1.593,"development"
2019-12-23,-0.123012969925229,0.0548345837172448,"Pre",0.0188086169210067,-0.33,-0.59,0.21,-0.16,0.13,0.79618254980085,1.593,"development"
2019-12-24,-0.00209755379101395,0.00914202130726238,"Pre",0.0397467545209196,0.27,-0.65,0.26,-0.4,0.49,0.474684435621953,1.593,"development"
2019-12-27,-0.234319881446643,0.18253176556513,"Pre",-0.365139351108112,0.53,0.39,-0.22,0.05,-0.39,5.98337953616168,1.593,"development"
2019-12-30,-0.464562968609705,0.567975143590971,"Pre",-0.762620883736176,0.16,-0.08,0.2,-0.1,0.45,9.84866093327947,1.593,"development"
2020-01-07,0.0737361701517614,-0.156761524102933,"Pre",1.58556293878718,0,-0.56,0.21,0,0,-0.434154082813709,1.588,"development"
2020-01-08,0.495345172848172,-0.459644126036629,"Pre",-1.58599388392311,-0.4,-0.08,-0.06,0.15,-0.01,-2.49645857573624,1.588,"development"
2020-01-09,0.402481474872785,-0.402746539817578,"Pre",2.27984831355617,-0.09,-0.58,0.32,-0.39,0.62,-7.00555708430737,1.588,"development"
2020-01-10,-0.102459704614466,-0.0274010140089764,"Pre",0.46522032431966,-0.24,-0.79,0.15,-0.24,0.24,0.1593625835278,1.588,"development"
2020-01-15,-0.196319098838238,0.100004553995614,"Pre",-0.453008852218417,0.49,-0.27,0.17,0.16,-0.13,0.241838086428192,1.588,"development"
2020-01-16,0.408448014166662,-0.199909198788539,"Pre",0.0691749256576557,-0.29,-0.45,0.23,0.2,0.12,-0.808411839995893,1.588,"development"
2020-01-17,-0.0373209248139883,0,"Pre",0.45078294108496,-0.28,0.92,-0.27,0.24,-0.62,-1.80185055026785,1.588,"development"
2020-01-22,-0.0956073368319377,0.018191740999729,"Pre",0.696471469943027,-0.08,-0.34,0.06,-0.19,0.72,0.465839351732233,1.588,"development"
2020-01-23,-0.266097350715011,0.492432145907351,"Pre",-0.986526226384044,0.21,-0.28,-0.03,0.09,0.51,0.540750641739285,1.588,"development"
2020-01-24,-0.182301901129023,0.0731595825954834,"Pre",0.133298019721373,-0.74,-0.01,-0.21,0,0.35,11.4868331492596,1.588,"development"
2020-01-27,-0.306895787224182,0.329882091511546,"Pre",-2.05079447232652,-0.07,0.27,-0.48,0.73,-0.32,22.4790545922032,1.588,"development"
2020-01-28,0.150085231556885,-0.201723890154959,"Pre",-0.548979647717829,0.38,-0.41,0.22,0.03,-0.01,-11.3131228116177,1.588,"development"
2020-01-29,0.019172628969466,0.018321729622528,"Pre",0.702608807626426,-0.72,0.63,-0.21,0.14,-0.56,0.673403218134405,1.588,"development"
2020-01-30,-0.229242246680705,0.367141302715979,"Pre",-1.73289363549891,-0.34,0.57,-0.54,0.48,-0.67,-5.64767383269613,1.588,"development"
2020-01-31,-0.478722839104018,0.230149698827908,"Pre",0.984917321214951,0.12,-0.21,-0.08,-0.06,0.2,19.578761471944,1.588,"development"
2020-02-03,0.448980327332782,-0.0829149248295025,"Pre",-1.01020584886751,-0.22,-0.43,-0.03,0.1,0.11,-4.72785683527497,1.582,"development"
2020-02-04,0.691543931618854,-0.752297125988921,"Pre",0.48918242274123,0.51,-0.4,0.23,-0.22,-0.09,-11.2994851219443,1.582,"development"
2020-02-05,0.363909785212391,-0.301163814213101,"Pre",1.01271980290374,-0.16,-0.25,0.01,-0.16,-0.22,-5.77083176206465,1.582,"development"
2020-02-06,-0.0113685805035235,-0.136593382800321,"Pre",2.348033365144,-0.68,0.52,-0.11,-0.15,-0.14,-1.26205594090472,1.582,"development"
2020-02-07,-0.127848265152597,0.0728265849210707,"Pre",-0.191230661377872,-0.17,-0.04,0.13,-0.1,-0.11,3.35226920386438,1.582,"development"
2020-02-10,-0.061487232030899,0.0364331910397198,"Pre",-0.597720849912342,0.14,0.11,0,0.17,-0.12,-2.81893460632814,1.582,"development"
2020-02-13,-0.16957388726766,0.172876618279449,"Pre",-0.140409937819896,0.13,-0.57,0.35,-0.4,0.29,2.94033372950437,1.582,"development"
2020-02-14,-0.00590558220077142,0.0364331910397198,"Pre",-0.589874618753683,-0.28,0.65,-0.43,0.13,-0.34,-3.37797118948426,1.582,"development"
2020-02-19,1.27541998172069,-1.24000321700937,"Pre",0.888093486852704,0.33,-1.41,0.94,-0.5,0.67,-3.08138038569403,1.582,"development"
2020-02-20,0.554454241413094,-0.618752814791801,"Pre",0.334685683633573,-0.58,0.59,-0.19,-0.11,0.22,7.88651664573452,1.582,"development"
2020-02-21,-0.28940520919809,0.107334536243897,"Pre",-0.394359820172241,-0.15,0.46,-0.2,0.03,-0.2,9.3204669610178,1.582,"development"
2020-02-26,0.377264880656503,-0.117865737386058,"Pre",-0.79597858505398,-0.16,0.75,-0.27,0.05,-0.19,-1.04675202278353,1.582,"development"
2020-02-27,-0.509573998500201,0.190467610073242,"Pre",-2.15429738551602,-0.85,0.56,-0.49,0.34,0,35.1290371516852,1.582,"development"
2020-02-28,-2.08170494567055,1.86013518401058,"Pre",-3.73795088947322,-1.65,1.22,-0.67,0.35,-0.71,2.39698621196518,1.582,"development"
2020-03-02,0.636703287299678,0.0925326243502056,"Pre",0.94674282902929,2.78,-2.33,0.88,-0.95,0.96,-18.2471156614714,1.596,"development"
2020-03-03,-1.14667805957134,0.687415619132192,"Pre",-1.23201959228592,-0.82,0.07,0.16,-0.03,-0.39,9.68866526376839,1.596,"development"
2020-03-04,0.225587879164157,-0.0559127775259682,"Pre",0.0821662150606528,0.02,-0.96,0.74,-0.34,0.42,-14.0617821843505,1.596,"development"
2020-03-05,-1.44274240382614,0.729315995660329,"Pre",1.07973911059958,-0.81,-0.7,0.2,-0.02,0.08,21.3910687308978,1.596,"development"
2020-03-06,-0.641275254161755,1.17998253995735,"Pre",-2.7539076774513,-0.81,-0.47,-0.02,0.08,0.32,5.6905984203369,1.596,"development"
2020-03-09,-3.63502302326273,2.68504798966349,"Pre",-5.1978508810917,-1.29,-0.33,0.37,0.27,0.74,26.122646177184,1.596,"development"
2020-03-10,3.60883575892612,-1.15406411057721,"Pre",0.85104143343564,0.6,-0.71,0.16,-0.47,0.54,-14.0956191747726,1.596,"development"
2020-03-12,-0.606438590344993,-0.817184327085307,"Post",-4.51117668398684,-0.6,0.03,0.09,0.26,-0.01,33.6604748381826,1.596,"development"
2020-03-13,3.78260830599189,-1.39086914666464,"Post",-6.27356931331438,-1.13,0.25,-0.39,-0.09,0.39,-26.622755412665,1.596,"development"
2020-03-16,-2.87256708421237,1.41926344906542,"Post",-2.49197618245791,2.39,0.52,-0.5,0.26,-0.1,35.7591003563948,1.596,"development"
2020-03-17,2.64677387130972,-1.66162001810237,"Post",0.0558012595927693,2.22,-0.1,-1.15,0.31,-0.67,-8.55502477053989,1.596,"development"
2020-03-18,0.19989688921096,-0.963594966292813,"Post",-1.68940720972728,-1.1,-1.54,-0.13,0.79,-0.47,0.70885043463953,1.596,"development"
2020-03-19,3.54990732760703,-1.49181369121498,"Post",-1.04401931718403,-0.91,0.77,-1.19,2.08,0.09,-5.99708133590164,1.596,"development"
2020-03-24,-0.111516216551211,-0.0718132885440426,"Post",6.88989135358291,0.27,-0.25,1.03,-2.37,0.11,0.129806930444953,1.596,"development"
2020-03-25,-0.453784750228436,0.00897384125870815,"Post",7.73136960602923,-1.65,0.27,0.86,-0.05,-0.11,3.63039390214501,1.596,"development"
2020-03-26,-1.70055098250046,1.79287670900914,"Post",-4.61742114038213,1.24,1.44,-1.71,1.38,0.18,-4.72276638515403,1.596,"development"
2020-03-27,-1.66879485245368,1.18562116742176,"Post",3.80993905742422,-0.06,0.55,-0.23,0.35,0.18,7.17867790973576,1.596,"development"
2020-03-30,0.260464279734407,0.0924983878734409,"Post",-1.58269579454462,-1,-0.17,-0.41,0.39,0.5,-13.8206850662034,1.596,"development"
2020-03-31,-0.531279202328783,0.491675001348479,"Post",-0.883959697240932,1.12,-2.34,1.48,-1.5,1.27,-6.40247545164292,1.596,"development"
2020-04-01,-0.254350468946063,0.447386336674338,"Post",-4.60624571457267,-0.15,-0.16,-0.44,-0.14,0.17,6.36743076931476,0.697,"development"
2020-04-02,0.876592627851069,-0.74453577994742,"Post",-1.37494701050596,-0.94,-1.38,0.38,-0.32,0.87,-11.404397787111,0.697,"development"
2020-04-03,0.35951433519692,-0.628525962275805,"Post",0.00824941055057593,-1.7,0.52,-0.64,0.39,0.32,-8.41761649906432,0.697,"development"
2020-04-06,0.728628414701005,-0.532991520908332,"Post",4.15544905327767,-0.35,0.09,0.47,-0.24,0.21,-3.39015516756813,0.697,"development"
2020-04-07,-0.239916492433956,0.128393267821192,"Post",1.99268554681336,1.09,-0.55,0.88,-1.04,-0.87,3.17625134269317,0.697,"development"
2020-04-08,-0.118570265652052,0.248082086163137,"Post",2.10464171553699,0.2,-1.62,0.72,-0.15,0.44,-7.44374614483005,0.697,"development"
2020-04-09,-0.223720403401773,0.294822398919603,"Post",-0.0386056392283507,1.24,-0.79,0.7,-1.09,-1.21,-3.95252577921887,0.697,"development"
2020-04-14,-0.670221985870034,0.475148795366565,"Post",3.07871256094572,-0.53,-1.28,0.62,-0.87,-0.73,-8.64594945045134,0.697,"development"
2020-04-15,0.43141737916419,-0.31701658251615,"Post",-0.452782045792866,-1.22,-2.47,1.29,-0.42,1.44,7.84116520191649,0.697,"development"
2020-04-16,0.27868605247936,-0.278888346608497,"Post",-1.33826950710958,3.12,-0.27,0.04,-0.34,0.74,-1.80363135145032,0.697,"development"
2020-04-17,-0.0733166224788029,0.185839116855924,"Post",3.09848388780676,-1.36,-0.39,0.8,-0.84,-1.67,-5.00999220514955,0.697,"development"
2020-04-20,0.0402061261810083,-0.157985256594984,"Post",-1.15321405880966,1.47,-0.79,0.61,-0.45,-0.98,13.8792756700252,0.697,"development"
2020-04-21,0.0725494215194189,0,"Post",-1.99411484246195,-0.37,0.99,-0.73,0.7,1.61,3.54138306791416,0.697,"development"
2020-04-22,0.0505658294234657,-0.111368921023747,"Post",-0.743547004513623,-0.68,-0.17,-0.39,0.2,1.69,-7.85390307173728,0.697,"development"
2020-04-23,0.0401937787753326,0.148519474065445,"Post",1.51161668133533,0.93,1.22,-0.3,0.04,-1.71,-1.43956420750895,0.697,"development"
2020-04-24,-0.270024761558885,0.195267159539014,"Post",-0.86551984251404,0.16,-0.02,-0.49,0.24,0.52,-14.122507119197,0.697,"development"
2020-04-27,-0.199018866422085,0.20497538155908,"Post",2.66998605045998,-0.28,0.53,-0.02,-0.29,-1.6,-7.63155495384935,0.697,"development"
2020-04-28,-0.498411563371759,0.364401244159485,"Post",-0.0608276061806023,0.67,-0.92,0.65,-0.59,-0.29,0.837575940501001,0.697,"development"
2020-05-01,-0.567608047684676,0.168460498426182,"Post",-2.88538552412252,0.7,-1.25,0.26,-0.27,1.25,8.52773219201799,0.086,"development"
2020-05-08,0.381556903764002,-0.131541877466113,"Post",2.53098154828066,-0.65,1.47,0.38,0.52,-1.91,-11.6590998323671,0.086,"development"
2020-05-11,0.844881697904931,-1.12045990128626,"Post",1.04300331146803,0.61,0.49,0.64,-0.09,-3.55,-1.47617442016297,0.086,"development"
2020-05-12,-0.481211526611958,0.344138366890956,"Post",-0.118654070608848,0.28,-1.55,0.63,-0.33,1.4,18.0990723617072,0.086,"development"
2020-05-13,-0.165126922632597,0.382730922271524,"Post",-0.489399756583708,0.12,-0.5,-0.2,-0.1,0.87,6.55972824858133,0.086,"development"
2020-05-14,0.346895109181,-0.158871114206605,"Post",-1.75342449757654,-0.63,-0.51,-0.41,0.01,1.16,-7.86972413373626,0.086,"development"
2020-05-15,0.0364068874580514,-0.167941819655404,"Post",0.614185111873411,0.39,-0.15,-0.02,-0.27,-0.09,-2.23265087792615,0.086,"development"
2020-05-18,-0.107780974015848,0.0186462801211817,"Post",0.479249732354603,0.45,-1.51,0.89,-0.3,0.04,-8.47049649989446,0.086,"development"
2020-05-19,0.592814084943871,-0.59496317551222,"Post",1.4776745817219,-0.46,0.82,-0.25,0.12,-1.59,4.11222907237647,0.086,"development"
2020-05-20,-0.230449278072786,0.399350426257339,"Post",0.788234730016235,0.42,-0.96,0.53,-0.69,0.57,-8.68625032194243,0.086,"development"
2020-05-21,-0.11981196200197,-0.21380440401142,"Post",-0.208226779873755,0.49,-0.04,-0.47,-0.07,-0.38,5.35593922284692,0.086,"development"
2020-05-22,0.0390060477670762,0.176588177307213,"Post",-0.801900318339577,0.53,-1.14,0.72,-0.38,0.73,-4.75041644659897,0.086,"development"
2020-05-27,0.174022781950134,-0.139256393483222,"Post",0.69364819095501,-0.3,1.91,-1.2,0.9,-1.28,-1.4021441290871,0.086,"development"
2020-05-28,-0.0602317116361828,0.111389596591138,"Post",2.29419918320382,-1.05,1.04,-0.71,0.54,-0.7,3.45168583530744,0.086,"development"
2020-05-29,-0.130346735618669,-0.0928332781114705,"Post",-0.175457069001794,0.62,-2.34,0.37,-0.57,2.46,-3.85074313977372,0.086,"development"
2020-06-01,-0.0134813838589931,0.195049520807622,"Post",0.839781104232351,0.05,-1.18,1.38,-0.87,0.58,2.58356673289146,0.097,"development"
2020-06-02,0.962297378678922,-0.962257609917039,"Post",1.18601011721058,0.05,0.08,0.26,-0.13,-0.86,-5.04919301619169,0.097,"development"
2020-06-03,0.165077380301693,-0.257495084337567,"Post",1.282412054457,-0.81,0.89,-0.4,0.14,-1.05,-4.49599529159905,0.097,"development"
2020-06-04,0.214935812797767,-0.11015238859331,"Post",0.361867111573311,-0.32,-0.16,0.11,0.2,0.39,0.582865454303194,0.097,"development"
2020-06-05,0.519397182611625,-0.621915302491516,"Post",0.737457048267132,-0.3,1.45,-0.55,0.62,-1.99,-5.12729026625118,0.097,"development"
2020-06-08,-1.27477962210021,1.11855938411445,"Post",1.36560551785223,-0.05,1.31,-0.56,0.58,-2.27,5.12729026625118,0.097,"development"
2020-06-09,-0.54271375404884,0.74033282801027,"Post",-0.376363691206549,0.2,-0.85,0.32,-0.2,0.36,6.59662113051831,0.097,"development"
2020-06-10,-0.357036172632386,0.381555532468525,"Post",0.146789080706,0.47,-1.11,0.28,-0.58,1.09,0,0.097,"development"
2020-06-11,-0.419098997246037,0.542260117073479,"Post",-2.86015374139197,-0.16,-1.39,0.37,-0.53,2.6,39.1708728293762,0.097,"development"
2020-06-12,0.508536149454075,-0.644771658598042,"Post",-0.747819563278895,-0.62,-0.23,-0.1,-0.07,0.66,-12.242113467477,0.097,"development"
2020-06-15,-0.00704524295236375,0.0279472729938668,"Post",-3.53409533069922,0.18,0.58,-0.51,0.77,1.25,-4.79592542753444,0.097,"development"
2020-06-16,-0.0929152962844348,-0.0186323831356638,"Post",4.76709932768351,-0.09,0.57,-0.12,-0.04,-2.02,-2.14493312063695,0.097,"development"
2020-06-17,-0.187919627205702,0.0838730770010621,"Post",-0.561527672145345,0.68,-1.08,0.37,-0.77,1.38,-0.595771794974809,0.097,"development"
2020-06-18,-0.143062248386094,0.448515048273901,"Post",-0.447656490931791,0.47,-0.65,0.25,-0.45,0.94,-1.5961790473741,0.097,"development"
2020-06-19,-0.098792670922343,-0.1029625213814,"Post",0.550161142771088,0.34,-1.22,0.54,-0.53,0.64,6.40830440174218,0.097,"development"
2020-06-22,0.0319535372860891,0.0467880044094038,"Post",-0.184878245448417,0.32,-0.59,0.13,-0.1,0.45,-10.0248320485491,0.097,"development"
2020-06-23,-0.201470425431216,0.37509421322719,"Post",0.496952095856962,-0.05,0.46,0.15,0.07,-0.02,-1.26704260788379,0.097,"development"
2020-06-24,0.297769299674222,-0.365733984830818,"Post",-0.0653456053713697,-0.08,-1.22,0.65,-0.45,0.5,7.5791512535436,0.097,"development"
2020-06-25,0.101008882421993,-0.355074191035154,"Post",-1.22575685638004,0.37,-0.94,0.29,-0.07,1.22,-4.90561569891947,0.097,"development"
2020-06-26,0.19232664512101,0.0186567164719875,"Post",1.12701421853547,-0.19,1.01,-0.4,0.1,-0.02,7.50164890071545,0.097,"development"
2020-06-29,0.370961049315799,-0.483946965925064,"Post",-2.32350806318244,0.5,0.05,-0.4,-0.17,1.39,-8.87667056474126,0.097,"development"
2020-06-30,0.397876815278453,-0.0556896246061811,"Post",1.32377250305922,-0.62,0.33,0.17,-0.08,-0.64,-4.34081971996902,0.097,"development"
2020-07-01,-0.452652044531598,0.250847904102347,"Post",-0.749431506392817,-0.34,-0.2,0.06,-0.42,0.17,-6.1323189780575,0.128,"development"
2020-07-02,-0.00475117396305791,-0.0465008146021795,"Post",0.109470371820564,-1.72,1.62,-0.73,0.9,-0.55,-3.3395643378836,0.128,"development"
2020-07-07,0.148049064843958,-0.0279030834717808,"Post",-0.440115047494238,0.52,-1.64,0.9,-1.05,1.11,5.19552084165653,0.128,"development"
2020-07-08,-0.255935495237658,0.130281053230963,"Post",-0.781477670276054,0.05,-0.52,0.16,-0.3,0.59,-4.6956983087771,0.128,"development"
2020-07-09,-0.137475037276147,0.111804726078724,"Post",0.403132199310896,-0.81,-0.21,0.23,-0.11,0.84,4.11638164343682,0.128,"development"
2020-07-10,-0.0497500579830668,0.467203241912717,"Post",-1.06417545070148,-0.47,-0.91,0.34,-0.5,0.79,-6.97010608717314,0.128,"development"
2020-07-13,0.0955855777286629,-0.420581020918043,"Post",2.19165277316495,0.37,1.62,-0.51,0.52,-1.18,16.513551059047,0.128,"development"
2020-07-14,0.254674602082616,0.0186549762689836,"Post",-0.871605136617859,0.01,1.26,-0.65,0.69,-0.39,-8.65878455784448,0.128,"development"
2020-07-15,-0.452804459245026,0.261535736598351,"Post",1.57468765807511,0.05,0.01,0.41,-0.15,-0.69,-6.14718640936682,0.128,"development"
2020-07-16,0.544850797924301,-0.121512376497357,"Post",-0.766214862194659,0.01,1.3,-0.25,0.65,-1.88,0.860837453660013,0.128,"development"
2020-07-17,-0.549454800615257,-0.00934099295442081,"Post",-0.32524874285027,0.01,-0.28,0.21,-0.2,1.09,-8.64920313534432,0.128,"development"
2020-07-20,0.382583980253504,-0.140010290291226,"Post",0.0927469409571557,0.22,-0.05,-0.42,-0.01,0.73,-4.86733485627342,0.128,"development"
2020-07-21,-0.377314635313386,0.364435295652399,"Post",0.731291785555399,0.91,-2.03,0.54,-0.88,1.53,1.54161268062514,0.128,"development"
2020-07-22,0.234672844679285,-0.336448915508036,"Post",-0.581167794026527,-0.31,-0.01,0.23,-0.08,-0.11,-2.11561999673116,0.128,"development"
2020-07-28,-0.427797458995993,0.247242423398397,"Post",-0.257729204490253,-0.22,-0.29,-0.18,-0.33,1.1,2.79013715075793,0.128,"development"
2020-07-29,0.0125574938605322,-0.0285591891131531,"Post",-1.15536939929264,-0.47,-0.18,0.1,-0.38,1.32,-5.4110897975312,0.128,"development"
2020-07-30,-0.373903710372359,0.00951882348063648,"Post",-0.258760695647453,0.18,-0.76,0.08,-0.55,1.76,2.70176073197863,0.128,"development"
2020-07-31,0.999228309962286,-0.692503834682423,"Post",-2.8571341833656,-0.69,-1.19,0,-0.41,0.86,-1.21903175573692,0.128,"development"
2020-08-03,0.0941658860476924,-0.311482624766501,"Post",2.21111752224274,0.18,-0.37,0.31,0.01,-0.06,-0.738616406772907,0.118,"development"
2020-08-04,-0.152657223530461,0.226436553020992,"Post",1.68995807321171,-0.31,1.1,0.16,0.57,-2.49,-2.16494716968532,0.118,"development"
2020-08-05,-0.15938314006263,0.406985560109163,"Post",-0.260864833858676,0.29,-0.79,-0.05,-0.3,0.24,-3.29441557193539,0.118,"development"
2020-08-06,0.104439195886696,-0.0758437654861943,"Post",-0.430419287780559,0.15,0.02,-0.04,0,0.09,-1.48994868460472,0.118,"development"
2020-08-07,0.260753898282218,-0.378358377963917,"Post",-0.394251974810089,-0.27,0.14,-0.19,0.35,-1.03,-1.96172140227069,0.118,"development"
2020-08-12,0.33347876962817,-0.271777497307735,"Post",0.411105500239195,-0.41,1.38,-0.72,0.98,-1.57,-7.56136346892942,0.118,"development"
2020-08-13,0.0262208824303389,-0.0374286520697709,"Post",1.7601607904874,-0.21,-1.32,0.51,-0.79,1.34,-0.675526099612478,0.118,"development"
2020-08-14,-0.172343537859687,0.374918425856219,"Post",0.170824621456944,0.07,-1.48,0.38,-0.58,0.8,-0.362155217010329,0.118,"development"
2020-08-17,-0.540653434998806,0.489504884054703,"Post",-0.830468892478109,0.49,-0.13,0.18,-0.13,-0.11,-3.22608622182217,0.118,"development"
2020-08-18,-0.629181299692272,0.529852691964727,"Post",-0.197929198013114,0.25,-1.42,0.23,-0.83,1.27,0.746620360500527,0.118,"development"
2020-08-19,0.533230165202347,-0.284198751347375,"Post",0.257919642893256,0.27,-0.64,0.39,-0.28,-0.59,4.67735653319914,0.118,"development"
2020-08-20,-0.0509605692155191,-0.0945537135498498,"Post",-1.0001555391165,-0.06,0.24,-0.05,0.23,-0.41,0.795408524132046,0.118,"development"
2020-08-21,-0.0741372374522431,-0.0661344442830725,"Post",0.173271671956066,0.52,-0.56,0.26,-0.48,-0.21,-0.795408524132046,0.118,"development"
2020-08-24,0.104245508510514,-0.0188875248460008,"Post",0.284103662964696,0.15,-1.08,0.44,-0.55,0.82,-0.7570733109592,0.118,"development"
2020-08-25,0.484734734599579,-0.471032430018337,"Post",1.34507069568954,-0.25,1.82,-0.5,0.92,-1.79,-1.53156146877862,0.118,"development"
2020-08-26,-0.337760713385515,0.254081913381299,"Post",-0.0253715418951472,0.39,-0.65,0.48,-0.33,0,5.47598164999483,0.118,"development"
2020-08-27,0.392540681334452,-0.272877139449257,"Post",-0.352690661364363,0.03,-0.33,0.16,-0.08,0.72,5.02829001403797,0.118,"development"
2020-08-28,-0.884349431890286,1.05801100282941,"Post",-1.41551208369552,-0.91,2.48,-1.16,1.39,-2.2,-6.36943060032142,0.118,"development"
2020-08-31,0.264942870217988,-0.51151006667709,"Post",1.11733685778166,0.88,-0.97,0.26,-0.81,-0.04,13.9989154857675,0.118,"development"
2020-09-01,0.168520546801787,-0.15105743053665,"Post",-0.00730371324983992,0.34,-1.09,0.22,-0.81,0.51,-1.10414219008104,0.135,"development"
2020-09-02,0.14045613734508,-0.141409403719805,"Post",0.470323094615743,-0.08,-0.78,0.26,-0.34,1.13,1.70814553634915,0.135,"development"
2020-09-03,0.00125787539442257,0.00942107495163214,"Post",0.934999194817188,-0.31,-0.14,0.13,0.04,-0.19,23.4743307197437,0.135,"development"
2020-09-04,0.113617643845654,-0.188253067644339,"Post",-1.11462328121839,0.17,1.59,-0.52,0.76,-1.41,-8.8636072716632,0.135,"development"
2020-09-09,0.195008968420574,-0.245051960517717,"Post",-1.04344446264442,0.27,-0.11,-0.14,0.19,0.15,-8.79943485336945,0.135,"development"
2020-09-10,-0.210976257842788,0.0376612376167706,"Post",0.877199176063215,-0.66,0.72,-0.29,0.29,-0.54,3.0761140378079,0.135,"development"
2020-09-11,0.133268506524864,0.018835939027273,"Post",0.733334389997786,0.28,-0.52,-0.11,-0.3,-0.09,-10.0473266847116,0.135,"development"
2020-09-14,-0.3388363545759,0.462592281141205,"Post",0.650731263029591,0.34,0.87,-0.32,0.35,-0.62,-3.86998216729615,0.135,"development"
2020-09-15,-0.331810921538089,0.170470729794836,"Post",-0.444164502895106,0.74,-1.05,0.39,-0.8,0.78,-1.01089507827408,0.135,"development"
2020-09-16,-0.478860366383982,0.532219465755546,"Post",0.0879600111431955,0.75,-1.54,0.38,-0.89,1.79,1.74321671686708,0.135,"development"
2020-09-17,-0.305478710229368,0.162128689369201,"Post",-0.667425636928876,0.5,0.03,-0.44,0,0.66,1.60003413464413,0.135,"development"
2020-09-18,-0.00175360078831233,0.315472753394541,"Post",0.175365466334121,0.63,-0.06,-0.13,-0.02,-0.11,-2.40975515790605,0.135,"development"
2020-09-24,0.0763290408078543,-0.075915737181731,"Post",-1.11414458730703,-0.41,0.23,-0.32,0.17,0.39,-0.245226957714095,0.135,"development"
2020-09-25,0.255943067032227,-0.161129839136276,"Post",0.504619103464421,0.82,-0.26,0.17,-0.31,0.61,-7.7648755635412,0.135,"development"
2020-09-28,-0.168038840863893,0.0852716902302042,"Post",1.31433702481871,0.05,1.37,-0.73,0.87,-0.69,-0.722848876954796,0.135,"development"
2020-09-29,0.239038085576171,-0.170470729794836,"Post",0.116810127983769,0.09,-1.25,1.04,-0.14,1.12,0.304994517782786,0.135,"development"
2020-09-30,-0.22087746047923,0.0946700818599489,"Post",-1.51521747157783,-0.21,-1.14,1.1,0.31,0.7,0.379939666774698,0.135,"development"
2020-10-01,-0.0169379054805852,0.0473686712471277,"Post",0,0,0,0,0,0,1.24365650410083,0.144,"development"
2020-10-02,-0.041415614747331,0.161221524797295,"Post",-0.671732192944852,-0.6,0.3,0.31,0.36,-0.53,3.42385735291213,0.144,"development"
2020-10-05,0.219874989776914,-0.322183544116594,"Post",1.21808832647794,0.4,0.54,0.15,-0.06,-1.37,1.18727784302846,0.144,"development"
2020-10-06,-0.0298711301634835,0.0567805447260206,"Post",0.520218253346094,-0.17,0.13,-0.01,-0.18,-0.56,5.29371499555262,0.144,"development"
2020-10-07,0.316599483295699,-0.31189477578133,"Post",-0.0465676632067868,0.04,-0.59,0.64,-0.33,0.32,-4.93669926468212,0.144,"development"
2020-10-08,0.0282690976150413,-0.0094361877871485,"Post",0.952845637256594,0,-0.81,0.52,-0.37,0.59,-6.2497365040008,0.144,"development"
2020-10-09,-0.355144761097392,0.245630732852842,"Post",-0.115853098720642,0.43,-1,0.73,-0.6,0.6,-5.2971884766106,0.144,"development"
2020-10-14,-0.369336942652954,0.446280947699051,"Post",0.105656529587961,0.15,-1.39,0.78,-0.77,1.54,1.25787822068602,0.144,"development"
2020-10-15,0.312095071170582,-0.285089996380083,"Post",-0.507066480495055,-0.37,0.61,0.09,0.2,-0.39,2.13611269993681,0.144,"development"
2020-10-16,0.0152510622265734,-0.0284643485957581,"Post",-0.4117840690121,-0.34,0.92,0.02,0.48,-0.29,1.61827731630559,0.144,"development"
2020-10-19,-0.0245902294382372,-0.00948631599628769,"Post",1.10659694243918,0.3,-0.03,0.2,-0.22,-0.41,6.25756327799452,0.144,"development"
2020-10-20,0.108478722509098,-0.132714020806279,"Post",-0.440703644825113,0.45,-1.38,1.06,-0.78,1.21,0.580900317946575,0.144,"development"
2020-10-21,-0.839610574224903,0.93271828751389,"Post",0.306822394430739,0.12,1.42,-0.53,0.85,-1.71,-2.41391031133569,0.144,"development"
2020-10-22,0.286425203050866,-0.28645106954599,"Post",-0.701242193820661,-0.57,1.23,-0.53,0.94,-0.59,-1.90280582423079,0.144,"development"
2020-10-23,-0.176106359241324,0.0953925475370987,"Post",0.180120182697863,-0.58,1.19,-0.76,0.63,-1.3,-2.01228493195171,0.144,"development"
2020-10-26,0.146159458969963,-0.0763213164312937,"Post",-0.094658844917106,-0.42,1.45,-0.72,1.12,-1.2,16.4006026487522,0.144,"development"
2020-10-27,-0.420248122848577,0.401338331345791,"Post",-0.0363557881865262,0.51,-1.31,0.29,-0.51,1.55,2.70492102751878,0.144,"development"
2020-10-28,-0.165509457758128,0.105379135105022,"Post",-0.286924788635368,-0.12,-1.79,0.69,-0.84,2.49,18.8797295488729,0.144,"development"
2020-10-29,0.365542970613797,-0.344464985138515,"Post",-0.37034979962236,-0.31,0.1,-0.12,0.21,-0.1,-6.91170102742751,0.144,"development"
2020-10-30,0.0718945735082688,0.143382904648703,"Post",-1.53238639012603,-0.27,0.59,-0.31,0.73,-0.14,1.13742794841967,0.144,"development"
2020-11-02,0.228712313251744,-0.248399860216519,"Post",1.37599769252716,-1.03,1.4,-0.35,0.23,-1.89,-2.36870688712947,0.11,"development"
2020-11-05,-0.708709574494648,0.692110808518631,"Post",1.715714157584,0.3,-2.72,1.14,-1.7,2.13,-6.96694614992301,0.11,"development"
2020-11-06,-0.387749774243007,0.338180910738117,"Post",0.908317968282013,-0.05,1.26,-0.41,0.53,-0.7,-10.383078628259,0.11,"development"
2020-11-09,1.98223249079366,-2.16379911678306,"Post",2.09347325004234,-0.51,-0.87,0.7,-0.79,1.02,3.517454102718,0.11,"development"
2020-11-10,-0.0303920804795244,0.208590196044423,"Post",0.264346044602704,-1.56,4.57,-1.57,2.29,-7.03,-3.75909739388085,0.11,"development"
2020-11-13,-0.261532912018669,0.52438505060115,"Post",-0.530422062061753,0.07,-1.16,0.62,-0.65,1.61,-9.29461125094444,0.11,"development"
2020-11-16,-0.183363249273283,0.0669376070892902,"Post",2.03177804631665,-0.7,1.46,-0.17,0.69,-1.19,-2.85420033394845,0.11,"development"
2020-11-17,-0.221743009212272,0.325764396550987,"Post",0.41481871948168,-1.06,1.67,-0.59,1.04,-2.26,1.15147419292039,0.11,"development"
2020-11-18,-0.353634689452376,0.461716864880302,"Post",-1.10733531540195,0.41,-0.73,0.04,-0.32,0.78,4.85594860796819,0.11,"development"
2020-11-19,-0.157839143336869,-0.12525896516582,"Post",-0.365247567013327,-0.63,-0.65,-0.18,-0.42,1.13,-3.10994179108595,0.11,"development"
2020-11-20,0.0491862183785052,0.0385245116967248,"Post",-0.418164896657025,0.7,0.03,0.3,-0.1,-0.07,2.52096238547961,0.11,"development"
2020-11-25,-0.0232421896535495,0.210526393546218,"Post",0.500435164409119,-0.97,0.3,0.14,0.18,-0.06,-1.81865586078551,0.11,"development"
2020-12-01,0.0651869639905378,-0.0191589233271117,"Post",1.33001692256656,0.38,0.39,-0.18,0.39,-0.63,0.967593422315538,0.122,"development"
2020-12-02,0.0823018817088794,-0.11487652038733,"Post",0.0501599980063716,-0.03,1,-0.47,0.61,-1.53,1.90754472587527,0.122,"development"
2020-12-03,-0.670756070728817,0.720152903522475,"Post",0.0312999264822977,0.01,1.6,-0.32,0.94,-1.43,0.518257932666977,0.122,"development"
2020-12-04,0.255765893278692,-0.375126684307237,"Post",-0.217062586941452,-0.11,0.71,-0.47,0.71,-1.01,-2.32955626035221,0.122,"development"
2020-12-07,-0.149119785288532,0.144113009521796,"Post",-0.764750621434906,-0.8,1.07,-0.44,0.47,-0.83,2.42349708454581,0.122,"development"
2020-12-08,0.114851011132489,-0.124909936971118,"Post",-0.303162460198969,0.88,-1.05,0.75,-0.56,0.84,-2.9540023075151,0.122,"development"
2020-12-09,0.126313918095278,-0.134344133054842,"Post",1.31693699601456,-0.52,0.55,0.32,0.22,-0.51,7.40734316290479,0.122,"development"
2020-12-10,0.00334545219216054,-0.0191772941425583,"Post",-0.230334938504662,-0.25,0.55,-0.02,-0.12,-0.16,1.11633220022131,0.122,"development"
2020-12-11,-0.155667921630087,0.403497521217933,"Post",-0.388401192573617,0.42,-0.51,-0.11,-0.35,0.75,3.4478649776176,0.122,"development"
2020-12-14,0.0655141730601994,-0.173126906761034,"Post",0.299410394630328,0.15,0.56,-0.11,0.2,-0.55,5.87301795418242,0.122,"development"
2020-12-15,-0.42808260989986,0.356197729197127,"Post",-0.166977823263714,0.28,0.1,0.12,0.34,-0.11,-7.69124986250143,0.122,"development"
2020-12-16,-0.324026706250269,0.0964878500175459,"Post",0.260303964495812,-0.28,0.57,-0.14,0.33,-0.13,-1.71848247541013,0.122,"development"
2020-12-17,-0.218594889280244,0.445047174203328,"Post",0.183966654870282,-0.5,-1.51,0.69,-1.08,2.04,-2.56597467805775,0.122,"development"
2020-12-18,0.200382106786634,-0.213095779979966,"Post",-0.161582829724871,-0.22,0.86,-0.15,0.2,-0.88,-1.65521020287316,0.122,"development"
2020-12-21,0.0376475634775275,-0.0870448335824392,"Post",-0.183141432633249,0,-0.03,0.11,-0.19,0.14,15.3951971431175,0.122,"development"
2020-12-22,0.387244505172779,-0.173862692304017,"Post",-1.04620244151423,-1.06,0.88,-0.38,0.55,-0.63,-3.76638970038057,0.122,"development"
2020-12-23,-0.221946499294035,0.0965530634051248,"Post",0.333829729986412,0.44,-2.3,0.79,-1.14,1.75,-3.87090817807687,0.122,"development"
2020-12-29,-0.341936757186856,0.327964025035676,"Post",2.62452180599908,-0.21,-0.79,0.39,-0.5,0.12,6.1654181093485,0.122,"development"
2020-12-30,-0.156483373389626,0.183743584406937,"Post",-0.450736162013321,0.35,-0.59,0.51,-0.15,0.26,-1.35225615642507,0.122,"development"
2021-01-05,-0.416664443078529,0.475983219310994,"Post",-0.366613717749864,0.19,0.31,-0.15,0.57,0.41,-6.23409622586455,0.116,"development"
2021-01-06,0.438457805612336,-0.534111490662958,"Post",-0.378828506099183,0.04,1.83,-0.7,0.9,-1.85,-1.07122627227909,0.116,"development"
2021-01-07,0.757745870657711,-0.56980211146378,"Post",1.59204566272777,-0.78,1.34,-0.89,0.65,-0.37,-11.3951136668164,0.116,"development"
2021-01-08,0.0614829612960222,-0.0481394126659929,"Post",2.33305494291667,-0.41,-0.25,0.21,-0.04,0.32,-3.68810294612421,0.116,"development"
2021-01-13,0.144763368345346,0.173076966282171,"Post",1.03231294627584,0.08,0.06,0.37,0.09,0.22,-4.91974481270026,0.116,"development"
2021-01-14,-0.306643842739796,0.240882710299406,"Post",0.845672555435328,-1.04,0.34,-0.15,0.3,-0.73,4.57624941270294,0.116,"development"
2021-01-15,0.377919303276064,-0.134965797022701,"Post",-0.625965037037268,-0.13,-0.41,0.01,0.18,-0.82,4.58159555260158,0.116,"development"
2021-01-22,0.267573914229269,-0.183282740740065,"Post",-0.437058347359454,-0.11,-0.89,0.34,-0.22,0.4,2.72975543097314,0.116,"development"
2021-01-25,-0.145834651670329,-0.019273393140562,"Post",0.664328212103982,0.6,-0.36,0.04,-0.17,-0.18,5.67779976600655,0.116,"development"
2021-01-26,-0.122460412568426,0.0867595369407503,"Post",-0.962591932423962,0.07,0.83,-0.61,0.49,-0.86,-0.735774797370414,0.116,"development"
2021-01-27,0.575309867920071,-0.385023095719017,"Post",0.31139527017956,-0.31,-0.16,-0.46,0.26,-0.45,48.0214139064795,0.116,"development"
2021-01-28,0.121497831108108,-0.211132516050316,"Post",-1.54065951045279,0.77,1.09,-0.49,0.59,-1.89,-20.8404546959951,0.116,"development"
2021-01-29,0.491702455617737,-0.315865302100882,"Post",-1.91206060172391,-0.17,0.19,-0.14,0.1,-0.57,9.10581265349406,0.116,"development"
2021-02-01,0.227691239556727,-0.314870733881811,"Post",1.53411418883049,-0.45,-0.09,0.12,0.05,0.47,-9.00655706221887,0.107,"development"
2021-02-02,0.0233243003494366,-0.114253082979854,"Post",0.960519468871368,0.67,-0.11,0.59,-0.01,0.28,-16.8136921801998,0.107,"development"
2021-02-03,-0.0429565225108508,0.0380698586496031,"Post",0.99750566925092,-0.59,0.52,0.21,0.43,-1.24,-10.945513304393,0.107,"development"
2021-02-04,0.395239591180196,-0.361079829784927,"Post",-1.06882324143793,0.45,1.3,-0.45,0.3,-0.9,-5.10406212189483,0.107,"development"
2021-02-05,0.0466208302953408,-0.00948451653384197,"Post",1.53095172834661,-0.57,0.4,0.02,-0.23,-1.11,-4.22201541573468,0.107,"development"
2021-02-08,-0.372446561875606,0.237383200301444,"Post",2.09508848420725,-0.78,1.08,-0.49,0.58,-0.78,1.75734752846286,0.107,"development"
2021-02-09,-0.485114606286174,0.543350080871718,"Post",0.398781873331977,-0.08,-0.63,0.36,-0.41,1.21,1.81950435912297,0.107,"development"
2021-02-10,0.052224034237458,-0.0477805924327335,"Post",0.192995150718644,-0.18,0.07,0.37,0.05,-0.33,1.65065646017024,0.107,"development"
2021-02-17,-0.065563677540803,0.047234425326792,"Post",-0.577882363167959,0.63,1.28,-0.31,0.53,-1.11,0.186219793106446,0.107,"development"
2021-02-18,-0.213862366469719,0.132375208437718,"Post",-0.185367950531123,-0.55,-0.64,0.11,-0.42,-0.27,4.50178308376072,0.107,"development"
2021-02-19,-0.0484393748163559,0.104132162578541,"Post",-0.724170734675944,-0.02,-0.13,-0.02,-0.16,0.45,-1.97581640783691,0.107,"development"
2021-02-22,-0.513781302537586,0.49373438696545,"Post",0.459036651291456,0.6,0.66,0.1,0.02,-0.06,6.15578929994332,0.107,"development"
2021-02-25,0.392999766156388,-0.292273813867538,"Post",1.65969802024204,-0.5,0.16,0.05,0,0.5,30.2912268604537,0.107,"development"
2021-02-26,0.16274292278422,-0.394626087620065,"Post",-4.06676361857272,1.23,0.39,-0.16,0.16,-0.92,-3.30783148770357,0.107,"development"
2021-03-01,0.268078142135986,-0.0375023443360156,"Post",2.3794260182763,-0.25,0.35,0.21,0.01,0.36,-17.9820215486202,0.096,"development"
2021-03-02,-0.0451613041703158,-0.0655952794920367,"Post",-0.864480689720715,0.04,0.16,-0.4,-0.09,0.35,3.16148563817031,0.096,"development"
2021-03-03,0.35951536522294,-0.159123916198389,"Post",0.511912217060129,-0.45,2.06,-0.73,0.85,-1.18,10.1327497697314,0.096,"development"
2021-03-04,0.663479717986792,-0.615386557437869,"Post",-2.15087278049193,0.6,1.12,-0.74,0.66,-1.22,6.88178780487587,0.096,"development"
2021-03-05,0.568790666476682,-0.611622701743553,"Post",-0.227669096892491,-0.48,0.73,-0.24,0.33,-0.87,-14.7174718506483,0.096,"development"
2021-03-08,0.487186164171538,-0.626268394302709,"Post",-0.420327322434666,0.09,1.92,-0.96,0.85,-1.39,3.23187912551672,0.096,"development"
2021-03-09,-0.405185695401045,0.257400399517316,"Post",0.985585737501893,0.08,1.27,-0.43,0.45,-1.12,-5.81982392429881,0.096,"development"
2021-03-10,-0.167506860177369,0.0552435333081469,"Post",0.0296911195768246,-0.11,-0.55,0.13,-0.21,0.44,-6.31246231185192,0.096,"development"
2021-03-11,0.129937750467901,0.129020384683987,"Post",0.60115343396383,0.86,-0.09,0.33,-0.19,0.93,-2.92352730224832,0.096,"development"
2021-03-12,0.489180960225966,-0.395748526262363,"Post",1.71799423996646,-0.53,-1.28,0.62,-0.71,1.99,-5.72926618499232,0.096,"development"
2021-03-15,0.0329294732575924,-0.22020377739187,"Post",0.165218715295978,0.31,1.59,-0.9,0.61,-1.52,-3.2419342079725,0.096,"development"
2021-03-16,-0.12545761317857,0.0916926526739914,"Post",0.516419339202301,0.57,-1.16,0.67,-0.61,0.3,-1.20543900632524,0.096,"development"
2021-03-17,-0.106805022027112,-0.192457558374048,"Post",-0.0225953123710099,0.48,-0.27,-0.25,-0.01,-0.09,-2.8705200013786,0.096,"development"
2021-03-18,-0.041284720080137,0.229158173521249,"Post",1.0058776588572,-0.46,0.03,-0.25,0.08,0.86,11.52954002293,0.096,"development"
2021-03-19,0.0127980106706893,0.110182730823905,"Post",-1.41548269926997,0.49,1.9,-1,0.88,-1.15,-2.9628313461842,0.096,"development"
2021-03-22,-0.0187963993222073,0.16550206057957,"Post",-2.09585361809381,0.95,0.83,-0.41,0.33,-1.08,-10.4035485650792,0.096,"development"
2021-03-23,-0.190104567626781,0.0552282782815716,"Post",-0.612791278162561,-0.35,-0.85,0.55,-0.45,0.14,7.25177253303873,0.096,"development"
2021-03-24,0.271729832093071,-0.183975767097611,"Post",-2.05716379559018,-0.45,-0.53,0.11,0.13,-0.37,4.33802956302252,0.096,"development"
2021-03-25,0.190753092916385,-0.293659016207748,"Post",1.13542036861372,0.02,0.92,-0.4,0.59,-0.66,-6.78143209675075,0.096,"development"
2021-03-26,0.468983175824267,-0.384123391647684,"Post",1.54327493772062,-0.12,-0.85,0.43,-0.41,0.86,-4.91435835051481,0.096,"development"
2021-03-29,0.143646080078019,-0.164173696123271,"Post",0.709755952544633,-0.39,-0.64,0.31,-0.21,-0.28,9.50209255960699,0.096,"development"
2021-03-30,0.479613651586375,-0.418334549697796,"Post",0.16382960900323,-0.17,0.34,0.31,0.18,1.24,-5.60245625931262,0.096,"development"
2021-03-31,0.3185066299491,-0.380435241447685,"Post",-0.866388296505605,0.47,-1.5,0.89,-1.13,1.35,-1.07665741389726,0.096,"development"
2021-04-01,0.019703038225849,0,"Post",0.717361304836217,-0.01,-1.88,0.56,-0.95,0.74,-11.2833962341768,0.087,"development"
2021-04-06,-0.385808922023401,0.227365838477844,"Post",-1.31343937497856,0.29,-0.26,0.28,-0.03,0.1,1.16570845422128,0.087,"development"
2021-04-07,-0.00702393472375995,0.145785902813778,"Post",0.114963778546517,0.56,0.55,-0.03,0.31,0.5,-5.44352065550169,0.087,"development"
2021-04-08,-0.486975027527947,0.383702279641795,"Post",-0.0733852132293933,-0.77,-1.06,0.54,-0.37,0.88,-1.23132602333573,0.087,"development"
2021-04-09,0.385025973849995,-0.356343745888577,"Post",0.198664961912343,0.14,-0.92,0.3,-0.31,-0.18,-1.54580961527153,0.087,"development"
2021-04-12,-0.302797001334509,0.191719600423301,"Post",-0.773372300294106,0.34,1.15,-0.36,0.42,-0.91,1.30954252367452,0.087,"development"
2021-04-13,-0.24828678993023,0.219559140437742,"Post",0.718096454783357,0.07,-0.02,0.31,0.02,0.71,-1.54949464840364,0.087,"development"
2021-04-14,-0.19845116024344,0.238400993162013,"Post",-0.440001653069366,0.09,-0.71,0.2,-0.38,-0.09,2.0214719257388,0.087,"development"
2021-04-15,-0.139458378598079,0.137798009953993,"Post",0.0732320401629849,-0.36,1.05,-0.43,0.38,-0.25,-2.5031104245369,0.087,"development"
2021-04-16,0.0649009452285298,0,"Post",0.137140428256011,0.15,-0.42,0.13,-0.19,0.17,-1.95009226627252,0.087,"development"
2021-04-19,-0.585287651725075,0.636328056670266,"Post",0.00673755245870211,0.31,0.06,-0.1,0.13,0.62,6.20353909194526,0.087,"development"
2021-04-20,-0.178681841115669,0.0185048113037212,"Post",-1.99030993410432,0.36,0.12,-0.19,0.02,-0.3,7.73251331054974,0.087,"development"
2021-04-21,0.075315612764415,-0.0185048113037212,"Post",-2.05471902278269,-0.17,0.21,-0.25,-0.13,-0.85,-6.52525518712279,0.087,"development"
2021-04-22,-0.0172362635116219,-0.0739850214086069,"Post",2.35594479141703,-0.51,-1.07,0.33,-0.42,0.77,6.68572593565298,0.087,"development"
2021-04-23,-0.0737895596162552,0.212854645170069,"Post",-0.57565338112795,-0.15,0.18,-0.16,0.17,-0.73,-7.66190365584838,0.087,"development"
2021-04-26,0.141636077584861,-0.166620421774955,"Post",0.363218636729101,-0.02,-0.13,0.24,-0.1,0.25,1.77299468511309,0.087,"development"
2021-04-27,0.676477440136258,-0.406129411836709,"Post",-0.462300705052421,0.24,0.66,-0.35,0.48,-0.21,-0.454546237167497,0.087,"development"
2021-04-28,-0.260564765998561,-0.230022643630701,"Post",0.21389991868368,-0.78,0.12,0.35,0.19,0.81,-1.60738248310608,0.087,"development"
2021-05-07,-0.389587640897426,0.597181250144718,"Post",0.090135855651674,0.62,1.08,-0.19,0.25,-0.37,-9.6997300942486,0.082,"development"
2021-05-10,0.150976764318367,-0.165730633643246,"Post",0.545281478040494,-0.66,0.84,-0.57,-0.01,-0.5,16.3776377045277,0.082,"development"
2021-05-11,-0.070735668640598,0.156516166924003,"Post",-3.13047427085742,0.41,1.28,-1.02,0.77,-0.99,10.5157036157684,0.082,"development"
2021-05-12,0.911843441409177,-0.917185187773129,"Post",-1.62481264138048,-0.08,-0.18,0.22,-0.01,-0.28,23.371023735249,0.082,"development"
2021-05-13,-0.145580099848175,-0.0273860059222031,"Post",-2.51652260850719,-0.28,1.4,-0.71,0.91,-0.92,-17.6322911985847,0.082,"development"
2021-05-14,-0.17195167615558,0.173571504774284,"Post",2.29230846413753,-0.42,-0.8,0.27,-0.31,0.12,-20.6741832930409,0.082,"development"
2021-05-17,-0.176282942871175,0.183032905495573,"Post",-0.92879669934387,-0.31,0.75,-0.32,0.34,-0.74,4.72447058615502,0.082,"development"
2021-05-18,-0.24068176350136,0.146667915191134,"Post",2.07011737097762,0.04,-0.15,0.35,-0.06,0.98,7.89498966991178,0.082,"development"
2021-05-19,0.346895603216701,0.229600137599739,"Post",-1.28392098099894,0.4,-0.99,0.15,-0.5,-0.15,3.86077360486139,0.082,"development"
2021-05-20,-0.481813341317938,-0.0275798668721627,"Post",0.19165453912251,0.69,-0.56,0.33,-0.14,0.53,-7.05076082285441,0.082,"development"
2021-05-21,0.140950905630666,-0.137785352253683,"Post",0.778434477564183,-0.16,-1.35,0.68,-0.69,0.54,-2.54790853009852,0.082,"development"
2021-05-24,-0.0988801447435517,0.119402999260743,"Post",0.165059974909099,-0.09,1.25,-0.4,0.68,0.03,-9.08536237777517,0.082,"development"
2021-05-25,-0.001719510792908,-0.128581942770811,"Post",0.665408959448932,-0.74,-0.84,0.35,-0.28,0.97,2.36316045332772,0.082,"development"
2021-05-26,0.40931719170203,-0.137583144839581,"Post",0.30844747099561,-0.21,-0.95,0.55,-0.21,0.14,-8.1813559916013,0.082,"development"
2021-05-27,0.448240148720869,-0.648670677059737,"Post",-0.325854615569199,-0.46,-0.4,-0.02,0.1,-0.12,-3.63676441708751,0.082,"development"
2021-05-28,0.169197699717438,-0.0182116190632797,"Post",2.08124129606588,-0.5,1.06,-0.37,0.42,0.28,0.119402999260787,0.082,"development"
2021-06-02,0.0144346937568152,-0.14610540449489,"Post",0.456368190679513,-0.39,0.86,-0.01,0.29,0.08,-2.37433426193197,0.077,"development"
2021-06-03,0.589147927267808,-0.627645668029508,"Post",0.386075637837457,-0.09,-0.34,0.25,-0.21,-0.45,3.15341444070882,0.077,"development"
2021-06-04,-0.546367619563171,0.782889751991611,"Post",-0.402037589002191,0.03,1.06,-0.16,0.62,-0.39,-9.40914106101953,0.077,"development"
2021-06-07,-0.412971378580318,0.155485465998062,"Post",0.268181599347805,0.13,-1.05,0.43,-0.22,-0.04,0,0.077,"development"
2021-06-08,0.232314018725521,-0.201170514076665,"Post",-0.192057013856051,0.49,-0.37,-0.1,-0.08,-0.78,3.88224327820668,0.077,"development"
2021-06-09,0.142606078602459,-0.127807211116604,"Post",-0.35542151500092,0.21,-0.31,-0.17,0.01,-1.19,4.69193607142788,0.077,"development"
2021-06-10,-0.326824184308361,0.109539034229833,"Post",0.338156953509028,0.14,-0.44,0.07,-0.39,0.07,-10.5422625530211,0.077,"development"
2021-06-11,0.368056792726801,-0.237183106994721,"Post",-0.033950820680495,-0.18,-0.77,0.13,-0.29,-0.25,-2.83483550042551,0.077,"development"
2021-06-14,0.335776313052305,-0.209347912438762,"Post",0.733329931286164,0.11,-0.67,0.44,-0.32,0.54,4.62004757695764,0.077,"development"
2021-06-15,0.0310828258480722,-0.12721491947385,"Post",0.953881686405289,-0.54,-0.52,0.06,-0.19,-0.15,3.77177303894896,0.077,"development"
2021-06-16,0.438036611919967,0.218181904733417,"Post",-0.511780749070567,0.41,0.58,-0.4,0.4,0.41,6.42814375656315,0.077,"development"
2021-06-17,-0.130629392527259,-0.363372492852321,"Post",-0.935294372321138,0.2,0.58,-0.42,0.49,0.13,-2.22850447894349,0.077,"development"
2021-06-18,-0.192090439516557,0.063494945214515,"Post",-0.187125770833418,-0.01,-1.25,0.38,-0.55,-0.27,15.3748184349899,0.077,"development"
2021-06-21,0.194602467192517,-0.00907317516389838,"Post",-3.34616504236678,0.61,-0.34,0.21,-0.32,-0.54,-14.5891802750695,0.077,"development"
2021-06-22,0.268219407783477,-0.479704047015517,"Post",3.06975181919409,-0.78,0.25,-0.01,0.17,0.43,-7.12312607819312,0.077,"development"
2021-06-23,0.226581379134849,-0.0992735066414063,"Post",-0.0319950029583183,0.43,-0.66,0.27,-0.15,0.29,-2.06192872027358,0.077,"development"
2021-06-24,-0.124239159052797,-0.0450917624990943,"Post",0.00117748673087448,-0.21,0.62,-0.16,0.2,0.01,-2.16793873090397,0.077,"development"
2021-06-25,-0.0705294251609256,0.117280901169181,"Post",0.659116480919053,-0.04,0.18,0.04,0.11,0.46,-2.21598178153815,0.077,"development"
2021-06-28,-0.0247714516406372,0.253073164715012,"Post",-0.0624976360033003,0.5,0.34,-0.05,0.13,0.27,0.892294001819316,0.077,"development"
2021-06-29,-0.175939416628568,-0.0271456365055656,"Post",-0.813718409035857,0.06,-1.28,0.58,-0.5,-0.09,1.63628572104804,0.077,"development"
2021-06-30,0.675139543239167,-0.469357301757256,"Post",-0.0731891872389312,0.25,-0.48,0.44,-0.25,0.56,-1.19310677472924,0.077,"development"
2021-07-01,0.382372386197627,-0.458201241885181,"Post",-0.29388578119729,-0.18,0.6,-0.39,0.37,-0.31,-2.23580057313399,0.109,"development"
2021-07-02,-0.57389657370468,0.251301514410063,"Post",0.265227414607949,0.11,0.53,-0.26,0.3,0.2,-2.6842855523177,0.109,"development"
2021-07-07,0.00772317562738323,0.0361532903431439,"Post",-0.969168170696832,0.14,-0.91,0.6,-0.38,-0.44,-1.47061473896959,0.109,"development"
2021-07-08,-0.646687671322388,0.725824271580588,"Post",-0.881372752109577,-0.32,0.49,-0.22,0.41,-0.51,15.9427736928102,0.109,"development"
2021-07-09,0.181958361609569,-0.3272730193844,"Post",-0.633662166164406,0.51,0.06,0.1,-0.1,0.39,-16.0663067536094,0.109,"development"
2021-07-12,0.249787205906271,-0.163235730451472,"Post",2.22485280115627,-0.19,-0.4,-0.04,-0.19,0.06,-0.0618238041329988,0.109,"development"
2021-07-13,0.1923574453639,0,"Post",0.520954702592036,0.16,1.07,-0.39,0.38,0.07,5.70896971245802,0.109,"development"
2021-07-14,-0.444280172551847,0.299469346726333,"Post",-0.382893404471574,0.3,-0.61,0.63,-0.62,-0.79,-4.72434637312222,0.109,"development"
2021-07-15,-0.24871839747842,-0.0181752090648857,"Post",-1.15808646276623,0.01,0.59,-0.02,0.25,-0.12,4.07974994253966,0.109,"development"
2021-07-16,0.23448800651269,-0.072667820438177,"Post",-0.980815816717318,0.47,0.24,-0.14,-0.05,0.68,8.12629640787659,0.109,"development"
2021-07-19,-0.556064082316698,0.619366220798057,"Post",-1.25896852261054,-0.07,-0.03,0.22,-0.1,-1.18,19.8450938723838,0.109,"development"
2021-07-20,0.413548784808704,-0.428500450516722,"Post",-0.961401568320319,0.07,-0.22,0,0.1,-0.84,-13.137498917585,0.109,"development"
2021-07-21,0.338486535261362,-0.272553998105085,"Post",0.581913446611182,0.09,-0.22,0.19,-0.05,0.4,-9.67811039619035,0.109,"development"
2021-07-27,-0.526846065874675,0.609231254670561,"Post",0.490758645192813,-0.17,0.63,-0.22,0.15,0.1,9.64471895914003,0.109,"development"
2021-07-28,0.123344185113616,-0.382340019702809,"Post",-1.39893136568698,-0.17,1.51,-0.47,0.63,-0.7,-5.5761723162012,0.109,"development"
2021-07-29,-0.418193176940207,0.482718729595799,"Post",0.725238746671586,0.18,-0.99,0.37,-0.44,0.74,-3.38827191066358,0.109,"development"
2021-07-30,0.359766777668025,-0.155088294552996,"Post",-1.81180240055934,0.06,0.4,-0.24,0.28,-0.13,3.00523450664021,0.109,"development"
2021-08-02,-0.410758011104839,0.438517055717735,"Post",1.80676311573365,-0.72,0.96,-0.57,0.72,-0.03,6.47440921116735,0.136,"development"
2021-08-03,-0.3419377413163,0.119096711434263,"Post",-0.502284861335589,-0.09,0.05,-0.09,0.24,0.53,-7.57695621233814,0.136,"development"
2021-08-04,0.348192017525228,-0.320322426457498,"Post",-0.209141039232641,-0.64,0.25,-0.15,0.29,-0.19,-0.388781383901016,0.136,"development"
2021-08-05,0.275242907085005,-0.282859808104075,"Post",0.520826601012736,-0.77,-0.26,0.1,-0.25,-0.28,-3.91539374195577,0.136,"development"
2021-08-06,0.388876729061316,-0.4273316499809,"Post",0.330956358956236,-0.02,0.25,-0.18,0.22,0.05,-6.76297137072441,0.136,"development"
2021-08-11,-0.0686465072462283,0.0633455520932635,"Post",0.651769165160765,-0.43,0.98,-0.52,0.2,-0.2,-4.44517625708336,0.136,"development"
2021-08-12,0.026915181625542,0.0996241535099252,"Post",-0.197876415203702,0,0.72,-0.36,0.39,0.04,-2.97020254489304,0.136,"development"
2021-08-13,-0.719416329356415,0.55426973938042,"Post",-0.135268934118571,-0.15,-0.53,0.34,-0.41,-0.08,-0.902067972593068,0.136,"development"
2021-08-16,-0.40524614899411,0.447468898770875,"Post",-1.63591835339609,-0.15,0.6,-0.16,0.45,-0.35,4.24517337347279,0.136,"development"
2021-08-17,0.315287583779833,-0.301576650772883,"Post",-0.359324150355533,-0.48,0.78,-0.46,0.38,-0.75,10.5298478994138,0.136,"development"
2021-08-18,0.150368995237971,-0.300669899873807,"Post",0.586945458197974,0.39,-1.04,0.63,-0.62,-0.22,18.5944244328445,0.136,"development"
2021-08-19,0.134912453457181,0.154777651875815,"Post",-1.11084145049141,0.08,-0.92,0.57,-0.65,-2.01,0.462535514720264,0.136,"development"
2021-08-20,0.00474450728709108,-0.018221574394417,"Post",-0.986923424740915,0.2,-1.04,0.7,-1.08,-1.74,-15.4920088190214,0.136,"development"
2021-08-23,-0.14869024073616,-0.00910954225181726,"Post",1.7649041817192,-0.13,-0.95,0.56,-0.29,1.03,-7.90105537461057,0.136,"development"
2021-08-24,-0.0993009175802584,0.0911327867684442,"Post",0.861405882793065,0.41,-0.62,0.38,-0.06,1.23,0.407332538763594,0.136,"development"
2021-08-25,0.295197951905779,-0.318602062776296,"Post",-0.0263267511964926,0.04,-0.17,-0.09,-0.01,0.05,-2.52880279101353,0.136,"development"
2021-08-26,0.072261900300763,-0.0545157200490642,"Post",0.0630644246152556,0.51,-0.11,-0.13,-0.21,0.09,11.5198798058768,0.136,"development"
2021-08-27,-0.118421243359812,0.227345162259684,"Post",-0.365272112850512,0.34,-0.02,0.23,0.06,0.02,-13.9310876392479,0.136,"development"
2021-08-30,-0.0500366204353231,-0.0637087621093713,"Post",0.534545204747339,0.51,0.18,0.09,0.24,0.74,-1.22776250661945,0.136,"development"
2021-08-31,0.121541252670232,-0.127295889166135,"Post",1.07465703780782,-0.14,-1.18,0.54,-0.42,0.63,1.77537567917816,0.136,"development"
2021-09-01,0.00793180276139616,0.0181752090648857,"Post",1.27867472546725,-0.5,0.11,0,-0.11,0.17,-2.27073272924425,0.124,"development"
2021-09-02,-0.0779656793362893,0.0181785130477508,"Post",0.324557746819032,-0.34,-0.37,0.24,-0.11,0.33,1.84507079131162,0.124,"development"
2021-09-03,-0.0677795543662985,0.336899931675916,"Post",2.02740975306135,-0.69,0.39,-0.34,0.42,0.38,0,0.124,"development"
2021-09-08,0.159941239768724,-0.136060613307265,"Post",0.882141122418822,-0.05,0.02,-0.24,0.03,0.42,-0.997238181293714,0.124,"development"
2021-09-09,-0.565033289526529,0.508906950747079,"Post",-0.574920090824449,0.45,-0.01,0.34,-0.14,0.22,4.57098069618502,0.124,"development"
2021-09-10,0.0854711102230787,-0.154763561319715,"Post",1.23747170910828,0.38,-0.77,0.58,-0.68,0.59,10.8281776532243,0.124,"development"
2021-09-13,0.22977543472491,-0.00909628417415931,"Post",0.215455783002305,0.43,0.36,-0.18,0.04,0.2,-7.8413168949242,0.124,"development"
2021-09-14,-0.309212485087684,0.255009245661153,"Post",0.728861931046332,-0.12,0.59,-0.51,0.18,0.59,0.463559933895441,0.124,"development"
2021-09-15,-0.301780574600663,0.237377998802213,"Post",-0.51776942803734,-0.15,-0.51,0.32,-0.04,0.18,-6.80389880085261,0.124,"development"
2021-09-16,0.253640620684026,-0.246496678423647,"Post",-0.619283133709736,-0.33,1.38,-0.54,0.68,-0.32,2.76665327181389,0.124,"development"
2021-09-17,0.176296110752094,-0.245890566039719,"Post",0.581060993774862,0.42,-0.89,0.42,-0.59,0.02,10.7445018938071,0.124,"development"
2021-09-22,0.508559630149996,-0.237529802890712,"Post",-0.673549948166041,-0.17,-0.06,0.19,-0.24,-0.38,-15.4629721752587,0.124,"development"
2021-09-27,0.203568598563342,-0.225540264311341,"Post",-0.0289309423735062,-0.34,0.89,-0.32,-0.05,-0.02,5.5341427656654,0.124,"development"
2021-09-28,0.356282538833375,-0.323886922814332,"Post",-0.185687798062339,-0.2,1.78,-1.07,0.84,0.1,21.4578188455287,0.124,"development"
2021-09-29,0.474059552581263,-0.448109729948154,"Post",-2.14201640857787,0.48,0.53,0.07,0.34,-0.17,-3.01267054035073,0.124,"development"
2021-09-30,-0.459257911044775,0.29552701399238,"Post",-0.310626477054399,0.15,-0.89,0.32,-0.33,-1.08,2.53842951356722,0.124,"development"
2021-10-01,-0.318131279974576,0.476469638770105,"Post",-2.34138602085885,0.36,-0.29,0,-0.07,-0.33,-8.99228162732437,0.102,"development"
2021-10-04,-0.165798389746907,0.0270379885384031,"Post",-1.14018373076501,-0.11,1.58,-0.58,0.62,-1.24,8.21136659590791,0.102,"development"
2021-10-05,0.675623229943589,-0.404804223000976,"Post",-2.21371433215936,-0.2,1.59,-0.61,0.48,0.55,-7.50464987359862,0.102,"development"
2021-10-06,-0.237144800674427,0.0538793116482417,"Post",-1.05961155809613,0.24,1.39,-0.74,0.29,-0.3,-1.41846349919565,0.102,"development"
2021-10-07,0.274458233083807,-0.152582715955774,"Post",0.541018884776179,-0.04,-1.19,0.71,-0.68,0.15,-7.20587911087862,0.102,"development"
2021-10-08,0.609252164257157,-0.581267006604413,"Post",1.33053805649688,0.11,-0.89,0.41,-0.25,0.41,-4.02037960162192,0.102,"development"
2021-10-13,-0.321070399257151,0.17607188279678,"Post",-0.320484836465518,-0.34,0.01,0.08,0.05,-0.12,-6.28941978757545,0.102,"development"
2021-10-14,0.420742370412164,-0.0880746930282506,"Post",1.44875081168117,-0.43,-1.71,0.84,-0.43,0.26,-10.0365856683736,0.102,"development"
2021-10-15,0.394078661770569,-0.631858179435696,"Post",1.79700758349579,0.2,-0.72,0.09,-0.1,1.03,-3.37788447609926,0.102,"development"
2021-10-18,0.0731005861156042,0.0787642800969657,"Post",-0.148620997234872,0.39,1.26,-0.68,0.73,0.85,0.0613308820205383,0.102,"development"
2021-10-19,0.0432696193153781,-0.0437655921905034,"Post",0.65266990588988,0.05,-1.6,0.75,-0.63,0.3,-3.811770427866,0.102,"development"
2021-10-20,-0.0712482104902712,0.0262570567348241,"Post",0.13692243447565,-0.42,0.13,-0.47,-0.01,-0.8,-1.34660579254851,0.102,"development"
2021-10-21,-0.1400716973325,0.429844076021446,"Post",-1.88732664772164,0.18,1.01,-0.39,0.37,-0.48,-3.14780087834068,0.102,"development"
2021-10-22,-0.495488392201926,0.184786008847926,"Post",0.334774295016693,-0.01,-0.59,0.35,-0.05,0.15,2.75970207296989,0.102,"development"
2021-10-25,0.231456545034892,-0.14082030139102,"Post",-0.712272235413458,0.05,0,0.42,-0.13,0.58,-1.23901161165691,0.102,"development"
2021-10-26,0.309805038739119,-0.43003269570665,"Post",1.75236286754608,-0.12,-0.59,0.64,-0.32,0.54,4.74143900796284,0.102,"development"
2021-10-27,-0.268480483948563,0.386066988249745,"Post",-0.0266990814113299,-0.26,0.02,-0.02,0.14,0.08,6.06982405450727,0.102,"development"
2021-10-28,-0.164337902388345,0.325804893490211,"Post",-0.960497785086822,0.82,-0.73,0.78,-0.47,-0.14,-2.68592690502683,0.102,"development"
2021-10-29,0.320977434290981,-0.57165627731095,"Post",0.251590854903405,-0.18,-0.07,-0.42,0.14,-0.06,-1.64688077132684,0.102,"development"
2021-11-01,0.0166326662448313,-0.140215604429006,"Post",2.57750163537107,-0.48,-0.44,0.34,-0.21,0.19,0.91828009823347,0.107,"development"
2021-11-02,-0.0569745703986602,0.359696839105528,"Post",-0.426515122820526,0.12,-0.65,0.18,-0.29,0.25,-2.34289384805377,0.107,"development"
2021-11-05,-0.347407626059715,0.158534470406657,"Post",-0.615428615272329,-0.07,-1.53,0.65,-0.72,-0.65,6.51859798846957,0.107,"development"
2021-11-08,-0.202270801600068,0.264783914630407,"Post",-0.353594549061853,-0.1,0.77,-0.19,0.59,0.62,4.39239745182589,0.107,"development"
2021-11-09,-0.232670741788032,0.247765811201184,"Post",-0.753807072615231,-0.18,-0.35,-0.36,0.03,-0.51,3.20027310861741,0.107,"development"
2021-11-10,1.00451055069946,-0.899635631872453,"Post",-0.612001038828325,0.42,-0.29,0.28,-0.23,0.02,5.20522863702384,0.107,"development"
2021-11-15,0.280642428950717,-0.0526639176571031,"Post",0.561843787287408,-0.02,-1.31,0.29,-0.6,0.03,1.22027139575538,0.107,"development"
2021-11-16,0.613193798135736,-0.577479949388326,"Post",0.105127280139072,0.15,-0.93,0.16,-0.57,0.26,-0.730374518846411,0.107,"development"
2021-11-17,-0.681293373000535,0.253330556971232,"Post",-0.402680031724323,-0.32,-0.41,-0.27,0.13,0.21,4.42126965210585,0.107,"development"
2021-11-18,0.133149022350665,0.0962590317161727,"Post",-0.302494926376795,-0.21,-0.12,0.21,0.11,-0.06,2.76674708453646,0.107,"development"
2021-11-19,-0.200448822336163,0.359602194291853,"Post",0.496120879033413,-0.49,0.46,-0.12,0.22,0.36,1.80286573231538,0.107,"development"
2021-11-22,0.711427198914816,-0.770244508263218,"Post",0.0948925121248223,0.11,-0.14,0.16,-0.2,-0.08,6.79873409849328,0.107,"development"
2021-11-29,0.433302380835565,-0.255270593263823,"Post",-1.64006681982229,-0.66,-0.36,0.12,-0.44,-0.36,-22.0352202676939,0.107,"development"
2021-11-30,-0.494839141621561,0.467022922254579,"Post",-1.64749969505547,0.54,0.23,0.07,0.03,0.39,16.9095687193014,0.107,"development"
2021-12-01,-0.25240343795141,0.353920029668409,"Post",0.408412871144215,-0.11,1.09,-0.41,0.46,0.26,13.5001440665811,0.119,"development"
2021-12-02,0.324670972787544,-0.24787548102454,"Post",-0.654530278416132,-0.6,1.25,-0.49,0.7,-0.57,-10.7433499709082,0.119,"development"
2021-12-03,-0.272963074769628,0.194707557751617,"Post",0.990275009217179,0.6,0.33,0.13,0.19,0.71,9.2867778525052,0.119,"development"
2021-12-06,0.553199704157192,-0.380211784791662,"Post",-0.365281281064433,-0.04,1.36,-0.15,0.78,-0.13,-12.0803569403163,0.119,"development"
2021-12-07,0.110717239612557,-0.264410518933733,"Post",1.87377662159296,0.6,-0.11,0,-0.1,-0.09,-21.6451497188226,0.119,"development"
2021-12-08,0.140915444078393,-0.193457675531228,"Post",1.41330583785244,0.05,-1.5,0.75,-0.52,0.2,-9.53101798043248,0.119,"development"
2021-12-09,-0.207140815736029,0.26389881606832,"Post",-0.469385048152837,0.26,-0.23,0.1,-0.22,-0.34,8.10472280995418,0.119,"development"
2021-12-10,-0.0960817871296094,0.149852379401683,"Post",-1.00659944833321,-0.28,1.31,-0.9,0.91,-0.55,-14.3778338362517,0.119,"development"
2021-12-13,0.088498340786547,-0.0529147203456759,"Post",0.710325971304471,-0.41,-0.08,-0.06,0.03,-0.4,8.31247541248215,0.119,"development"
2021-12-14,0.220815631061244,-0.184981334403567,"Post",-0.728366987762463,-0.58,1.12,-0.64,0.51,-0.28,7.49165359424784,0.119,"development"
2021-12-15,0.344440387364298,-0.17585514072076,"Post",0.09519732366563,-0.26,0.26,-0.29,0.06,0.55,-12.6443084617134,0.119,"development"
2021-12-16,-0.415180297781115,0.14065936385057,"Post",2.10903613265305,-0.68,-0.14,-0.19,0.41,0.32,6.4246876747228,0.119,"development"
2021-12-17,0.078506180374438,0.0968182093848746,"Post",-1.80745044023318,-0.16,2.17,-1.05,0.93,-0.31,4.74697567361995,0.119,"development"
2021-12-20,0.0192990068667243,0.0969120378919719,"Post",-2.15246426587719,-0.15,-0.52,0.19,-0.27,-0.91,5.85225476336246,0.119,"development"
2021-12-21,0.273999298834138,-0.580068422073765,"Post",2.05401213627106,-0.42,-0.7,0.47,-0.31,0.05,-8.48274931777806,0.119,"development"
2021-12-22,0.0367206642607254,-0.0963517790128599,"Post",0.156342555820821,0.69,-0.87,0.45,-0.67,0.57,-12.0225330243412,0.119,"development"
2021-12-23,0.289189045504212,-0.174947560366601,"Post",0.823427288798229,-0.29,0.31,0.07,0.07,0.96,-3.66261217394435,0.119,"development"
2021-12-28,0.00695551635403469,0.0871080194452922,"Post",1.36012412336122,-0.02,-0.12,0.17,-0.08,0.07,-0.795007026546024,0.119,"development"
2021-12-29,0.047829216490225,-0.191537582499457,"Post",-0.559818931466438,1.31,0.4,-0.17,0.11,-0.88,-3.4216153117578,0.119,"development"
2021-12-30,0.132064384793784,-0.173807291516681,"Post",-0.399213058608083,0.07,0.19,-0.08,-0.01,0.2,2.21712699010554,0.119,"development"
2022-01-05,0.0373017815440857,0.181011125577601,"Post",0.103591870293229,-1.4,3.36,-1.84,1.62,0.12,15.4235157124035,0.106,"development"
2022-01-06,-0.203354599259242,0.112218924979501,"Post",-2.92061423699206,-0.32,2.47,-1.26,1.11,-0.56,-0.610067982626905,0.106,"development"
2022-01-07,-0.210933374307753,0.146938096362792,"Post",-0.0326859172423255,-0.22,1.06,-0.68,0.19,-0.06,-4.43126966301763,0.106,"development"
2022-01-12,-0.645193293748036,0.556232965501824,"Post",1.90634911038323,0.22,-1.11,0.58,-0.48,0.25,-4.38593747369529,0.106,"development"
2022-01-13,-0.40259675519585,0.594407344533199,"Post",-0.965970358968882,-0.56,2.38,-1.27,1.11,0.67,14.207875508426,0.106,"development"
2022-01-14,0.0682521169495409,0.149155544213375,"Post",-1.28893508161152,0.27,1.31,-0.24,0.54,-0.14,-5.67240655726846,0.106,"development"
2022-01-19,-0.35512603472343,0.279622691806747,"Post",-2.83564040891733,-0.08,1.56,-1.09,0.64,-0.94,4.54623740767572,0.106,"development"
2022-01-20,-0.0513983187658162,0.175162069658619,"Post",1.10681475499064,-0.12,-1.69,1.03,-0.68,-0.39,7.04174328373472,0.106,"development"
2022-01-21,-0.482640185331284,0.316066988318653,"Post",-0.906667350930768,0.47,0.45,-0.04,0.3,-1,11.9908342782411,0.106,"development"
2022-01-24,0.221508262191072,-0.0878966392178882,"Post",0.239917532102218,0.48,0.97,-0.42,0.4,0.07,3.5748487442532,0.106,"development"
2022-01-25,0.0655380170118125,-0.0527009234859044,"Post",-1.67047898390731,-0.47,1.75,-0.73,0.71,-0.64,4.12767406059071,0.106,"development"
2022-01-26,0.701419499011546,-0.394374114404172,"Post",-0.44331096542134,0.38,-0.78,0.33,-0.53,0.04,2.53498998955264,0.106,"development"
2022-01-27,0.543715193569039,-0.99217524098858,"Post",-3.16312276298856,-0.54,2.96,-1.61,1.22,-0.1,-4.70863598979108,0.106,"development"
2022-01-28,-0.194671259391477,0.225420591380221,"Post",2.06876128305389,-0.32,0.43,-0.26,0.16,0.21,-9.74114347635511,0.106,"development"
2022-01-31,-0.0200770444777287,-0.00867942542743805,"Post",1.05974038341827,0.79,-2.13,1.36,-0.75,0.58,-10.7934726716537,0.106,"development"
2022-02-01,-0.453790780756336,0.391321861166016,"Post",0.2829119834594,0.12,-1.11,0.73,-0.5,0.05,-12.2829982878745,0.1,"development"
2022-02-02,-0.124192743325979,0.357875823846587,"Post",1.66677605584464,0.45,-1.27,0.41,-0.94,0.27,0.590240079069604,0.1,"development"
2022-02-03,0.453715276425548,-0.4536737845803,"Post",-1.06725058743855,-0.34,2.35,-0.94,1.39,0.29,9.74068320965729,0.1,"development"
2022-02-04,0.116699801959275,-0.295523900432304,"Post",0.726686725857206,0.08,-0.11,-0.02,-0.14,-0.3,-4.75178732588533,0.1,"development"
2022-02-07,0.0953972350183019,0.112891332383747,"Post",-0.698938606660349,-0.42,1.68,-1.2,0.46,-0.11,-1.56253179030812,0.1,"development"
2022-02-08,0.210603430935707,-0.459452067393062,"Post",0.130745604036342,-0.36,1.14,-0.49,0.66,-0.3,-6.4130322164063,0.1,"development"
2022-02-09,-0.0218856361464237,0.15580371887145,"Post",1.07666503936041,0.25,-1.2,0.32,-0.53,0.06,-7.15280653192836,0.1,"development"
2022-02-10,0.618331771400138,-0.345901417179117,"Post",0.420472813994088,0.17,-0.91,0.51,-0.34,-0.47,18.0566510586916,0.1,"development"
2022-02-15,0.0726623075677058,0.0691562959788783,"Post",-0.794891104968798,0.39,-0.38,0.1,0.15,-0.95,-9.74303219412511,0.1,"development"
2022-02-16,-0.145513372205786,0.199091171583188,"Post",2.19135703213134,-0.4,0.1,-0.28,0.36,0.25,-5.64262488870932,0.1,"development"
2022-02-17,-0.518321706957492,0.329804152439461,"Post",-0.832026728689605,-0.11,1.23,-0.46,0.78,0.05,14.606064190436,0.1,"development"
2022-02-18,0.157042927346396,-0.0434574775428409,"Post",-0.407691199619187,0.03,-0.13,0.3,-0.23,-0.46,-1.28895447259971,0.1,"development"
2022-02-25,0.0118749067755886,-0.14714158538256,"Post",1.92839470360173,0.5,-3.59,1.63,-1.3,-0.39,-9.43541725449766,0.1,"development"
2022-02-28,-0.475882355104673,0.44207587273597,"Post",0.189874955448133,1.02,0.22,-0.24,0.13,-0.11,8.87315349439999,0.1,"development"
2022-03-01,-0.194772040019675,0.208713876965749,"Post",1.1912856911632,0.35,-2.62,1.32,-1.08,-1.04,9.99728941254476,0.098,"development"
2022-03-02,0.613008039148122,-0.624839314886305,"Post",-1.69691934297997,0.21,-0.3,0.22,-0.25,-0.1,-8.05930791881924,0.098,"development"
2022-03-03,0.0382809913193505,-0.0691862001134247,"Post",0.695637906395774,-0.75,1.75,-0.98,0.62,0.84,-0.849400729200411,0.098,"development"
2022-03-04,-0.592636807882485,0.885730000339624,"Post",-2.25188035516553,0.14,1.26,-0.33,0.49,0.09,4.80399765873627,0.098,"development"
2022-03-07,0.42847594155746,-0.660699612839988,"Post",-2.9844298671426,0.17,1.57,-0.53,0.01,0.13,13.0830751048859,0.098,"development"
2022-03-08,0.27241378549494,-0.199091171583188,"Post",-1.72145697666686,0.13,-1.93,0.96,-0.87,-0.36,-3.68859921769316,0.098,"development"
2022-03-09,0.214535542065963,-0.198695586082565,"Post",-0.296595871343364,-0.2,0.45,-0.69,0.24,0.6,-7.93550231276368,0.098,"development"
2022-03-10,0.306872529577662,-0.155225971147477,"Post",3.86046727579856,-0.26,-0.4,0.27,0.03,0.66,-7.08656343587322,0.098,"development"
2022-03-11,1.06273710869655,-0.883632910323939,"Post",-2.07514626872385,0.31,2.32,-0.98,0.7,0.5,1.70551854611598,0.098,"development"
2022-03-14,0.736073817839111,-0.782716264197969,"Post",0.57487057133212,-0.14,1.16,-0.67,0.5,0.48,3.2632454028898,0.098,"development"
2022-03-15,0.153410281833644,-0.160887455848435,"Post",0.152524009256183,0.34,-0.07,0.55,0.05,0.16,-6.30078497547677,0.098,"development"
2022-03-16,0.293775050037404,-0.245067093539397,"Post",1.62610617624175,-1,-1.2,0.42,-0.29,0.03,-11.1975260332734,0.098,"development"
2022-03-17,-0.155736268257733,0.0253239354749191,"Post",3.3996661366654,-0.56,-1.92,0.43,-0.81,-0.86,-3.82163433108738,0.098,"development"
2022-03-18,0.414118255062901,-0.606011449792021,"Post",0.65272840437629,0.36,-1.04,0.35,-0.65,-0.3,-7.27005545323105,0.098,"development"
2022-03-23,0.284394178498504,-0.297914818155931,"Post",2.95347905413088,-0.8,-1.45,0.47,-0.61,-0.77,2.7092605246815,0.098,"development"
2022-03-24,0.806472890912824,-0.872074634197162,"Post",0.250149060416227,0.24,-1.03,0.28,-0.26,-0.04,-8.40459013997719,0.098,"development"
2022-03-25,-0.136463625880845,0.0819470667836164,"Post",0.1402411844591,0.01,0.06,0.07,0.22,-0.22,-4.04951751427247,0.098,"development"
2022-03-28,1.30600631886297,-1.03577160544885,"Post",-0.734309968049018,-0.16,1.44,-0.64,0.53,0.8,-5.83746321171734,0.098,"development"
2022-03-29,-0.815193788709756,0.520622667850379,"Post",1.09805465878701,-0.03,-1.63,0.88,-0.97,-0.3,-3.7897086222773,0.098,"development"
2022-03-30,-0.725686245324386,0.523347338914881,"Post",-0.800186644540624,0.94,-1.5,0.6,-0.69,-0.75,2.24963711546429,0.098,"development"
2022-03-31,0.101589047294803,0.435479920782633,"Post",-0.737066415150522,0.28,-0.46,0.3,0.25,0.15,6.16891473667249,0.098,"development"
2022-04-01,0.667223466287847,-0.950670985479096,"Post",-0.560308750004879,0.02,0.21,-0.11,-0.11,-0.07,-4.62884322985948,0.208,"development"
2022-04-04,0.164522097088238,-0.0815328214754274,"Post",0.254465418178462,0.52,-1.43,0.65,-0.7,-0.89,-5.55116329237553,0.208,"development"
2022-04-05,0.698835454603097,-0.63368479170931,"Post",0.185539937007739,0.84,-1.69,0.82,-0.62,-0.87,12.4402614349994,0.208,"development"
2022-04-06,0.23246670552477,-0.178007976448402,"Post",-1.58760553660162,0.06,0.31,-0.13,-0.35,0.68,4.96276188090987,0.208,"development"
2022-04-07,0.167696557505082,-0.0808080852053195,"Post",-1.70262084832125,-0.51,1.2,-0.67,0.66,0.76,-2.520179197395,0.208,"development"
2022-04-08,0.314740948931913,-0.411108555312811,"Post",0.360951248484476,0.03,-1,0.64,-0.55,-0.49,-1.82632095596582,0.208,"development"
2022-04-11,0.838843487688745,-0.99256397999703,"Post",-0.610625135945142,-0.63,2.39,-1.14,0.91,1.32,14.1240260647016,0.208,"development"
2022-04-12,0.0195221826420955,0.239234563862034,"Post",-1.83064568819429,0.14,0.97,-0.35,0.04,0.68,-0.45239641212107,0.208,"development"
2022-04-13,0.221463898359442,-0.207369670738089,"Post",1.91252399671384,0.21,-1.62,0.65,-0.54,-0.68,-10.600192311098,0.208,"development"
2022-04-14,0.168026594691906,-0.326134799673827,"Post",1.2163697872456,-0.47,0.93,-0.57,0.86,0.51,3.95379440824324,0.208,"development"
2022-04-19,1.5082476699575,-1.3943512761263,"Post",0.689342468851706,-0.3,0.71,-0.24,0.47,0.44,-3.67519542971637,0.208,"development"
2022-04-20,-1.00971223309081,0.616442980514176,"Post",0.858851681282324,-0.82,1.09,-0.4,0.63,0.11,-5.03824466207754,0.208,"development"
2022-04-21,0.487253710041102,-0.670881679995983,"Post",1.22405921473376,-0.24,-0.45,0.26,0.08,-0.46,10.987785614927,0.208,"development"
2022-04-22,0.313300360528768,-0.124320140332035,"Post",-1.63857952189854,-0.09,0.97,-0.51,0.49,0.31,21.8193046154354,0.208,"development"
2022-04-25,-0.295356959637649,0.873504228212596,"Post",-1.91632658315317,0.21,0.03,0.19,0.02,0.4,-4.30991924818525,0.208,"development"
2022-04-26,-0.46242134980572,0.227424322624259,"Post",0.410314608700268,0.51,-1.22,0.65,-0.4,-0.84,21.556494308183,0.208,"development"
2022-04-27,0.795245657979748,-0.836563261964418,"Post",-1.18102427733184,0.25,-0.57,0.54,-0.34,-0.13,-5.89851550210159,0.208,"development"
2022-04-28,1.74238199568513,-1.92773337916323,"Post",1.73301631310441,-0.18,2.06,-1.31,0.58,0.28,-5.22931278319487,0.208,"development"
2022-05-09,-0.143781458316727,-0.0153421295176592,"Post",-2.56646790096227,0.24,1.56,-0.58,0.47,0.2,14.0668828292054,0.342,"development"
2022-05-10,0.0976858805943337,0.122802993405013,"Post",-0.580113366218349,0.24,-0.45,0.19,0.05,-1.67,-5.1975086770311,0.342,"development"
2022-05-11,-0.262998373248235,0.00768019661689934,"Post",0.177698949066318,0.35,-1.85,1.2,-0.21,-0.61,-1.31199441061507,0.342,"development"
2022-05-12,-1.30299279041428,1.62605208717794,"Post",-1.78949688469849,-0.66,2.74,-1.19,1.6,1.51,-2.45620928529147,0.342,"development"
2022-05-13,0.681641008127132,-0.878255363441127,"Post",2.60258934139923,0.31,-1.88,0.94,-0.87,-1.21,-9.57194546065812,0.342,"development"
2022-05-16,-0.107080034824225,0.0619242995250957,"Post",0.450781985318649,-0.45,-1.89,0.72,-0.48,0.1,-4.97084935676613,0.342,"development"
2022-05-17,0.257559110553451,-0.123810276591119,"Post",0.423630695871857,0.17,-0.09,0.27,0.21,0.2,-5.11591857785345,0.342,"development"
2022-05-18,-0.994829380201079,0.846508374864907,"Post",0.938761947038458,-0.3,-0.32,0.3,-0.31,0.37,17.0760734392879,0.342,"development"
2022-05-19,-0.423076554592594,0.469044011891029,"Post",-1.90709767086528,0.61,0.88,-0.52,0.53,0.54,-5.34035024474209,0.342,"development"
2022-05-20,0.228589660159395,-0.187881689837965,"Post",1.26527156487626,0.09,-0.83,0.22,-0.26,0.01,0.272201597127575,0.342,"development"
2022-05-23,0.0186421326852759,0.0625880164383474,"Post",0.976886494329499,0.17,-0.95,0.21,-0.49,-0.34,-3.28124757016064,0.342,"development"
2022-05-24,-0.860836202080995,0.959353115485317,"Post",-0.942822250182296,-0.65,1.25,-0.49,0.55,1.1,3.34918235538209,0.342,"development"
2022-05-25,0.269187974574869,-0.590855305421023,"Post",-0.263317933732843,-0.62,0.95,-0.36,0.57,0.65,-3.73616612768357,0.342,"development"
2022-05-26,-0.0400616901061301,0.062858491894513,"Post",-0.273860475380694,0.46,0.11,0.02,-0.04,0.03,-3.11462441482342,0.342,"development"
2022-05-27,0.131848678347701,0.0707630646346047,"Post",0.662491755540273,0,0.42,-0.37,0.48,-0.09,-6.69171053031072,0.342,"development"
2022-06-01,1.14212766791484,-1.20641784914275,"Post",0.65070567788652,-0.18,1.38,-0.45,0.66,0.02,-1.92758473978283,0.788,"development"
2022-06-02,-0.298593262962266,0.200061624130576,"Post",-0.160410387479892,0.03,1.27,-0.76,0.69,0.42,-3.84891785323025,0.788,"development"
2022-06-03,0.784932503957236,-0.675522642529902,"Post",1.26032357611727,0.12,-1.18,0.71,-0.39,-0.7,0.282771345760935,0.788,"development"
2022-06-06,0.670491109146942,-0.640587868884079,"Post",0.554337051920761,0.13,0,-0.17,0.16,0.16,1.12315661231031,0.788,"development"
2022-06-07,0.580102192108534,-0.742202740628528,"Post",0.100465745552292,-0.22,1.46,-0.93,0.7,0.42,-4.27850955183646,0.788,"development"
2022-06-08,1.21120732523368,-1.14784260372245,"Post",1.03364785033015,-0.14,-0.59,0.07,-0.07,-0.55,-0.25010434045889,0.788,"development"
2022-06-09,0.18561559474537,0,"Post",0.0433421476232709,0.16,-0.57,-0.13,-0.5,-0.45,8.51663259013882,0.788,"development"
2022-06-10,-0.00639260732970826,-0.0969245183054745,"Post",-1.50612379752815,-0.02,0.74,-0.25,0.2,0.52,6.16837410438067,0.788,"development"
2022-06-13,0.16538736940408,0.0521784514837975,"Post",-3.05378076273612,0.57,2.2,-0.76,0.79,1.21,20.3712746775272,0.788,"development"
2022-06-14,0.597907264894593,-0.572470988355978,"Post",-1.33384300036177,0.6,0.52,-0.33,0.14,0.08,-3.98793662315966,0.788,"development"
2022-06-15,-1.18949186645865,0.289543243969437,"Post",-1.14700209567093,-0.19,0.8,-0.44,0.12,-0.11,-9.86194118964665,0.788,"development"
2022-06-16,-1.05991850941649,2.14173130995752,"Post",0.398200891008393,-0.36,0.98,-0.45,0.64,0.61,10.6541452108864,0.788,"development"
2022-06-17,2.23012950046368,-2.61643921817099,"Post",-1.78726829739393,0.29,0.31,-0.09,0.12,0.13,-5.68192764949997,0.788,"development"
2022-06-22,-0.333232388531224,0.146896831409737,"Post",-0.369342577810983,-0.49,0.33,0.01,0.04,-0.36,-4.1940539699743,0.788,"development"
2022-06-23,-0.878352464851861,0.982391473523947,"Post",0.0829498067471235,0.35,-0.47,0.49,-0.38,-0.81,0.344827927891611,0.788,"development"
2022-06-24,0.148517890971123,-0.370453116851532,"Post",1.21801881874237,0.69,-3.1,1.42,-1.05,-1.65,-6.4699176612252,0.788,"development"
2022-06-27,0.0586409306311708,-0.0295770484262547,"Post",1.42160179130748,-0.38,-0.45,-0.14,0.13,-0.48,-1.03360093306621,0.788,"development"
2022-06-28,0.654051573015879,-0.685211743407166,"Post",0.660972563705009,-0.02,0.79,-0.36,0.26,0.76,5.09964043089206,0.788,"development"
2022-06-29,0.346767805401038,-0.227364504414851,"Post",-0.909389717579323,0.69,-0.09,0.34,-0.14,-0.05,-0.707717037408528,0.788,"development"
2022-06-30,-0.85960937278382,0.595174246715313,"Post",-1.54731755486317,0.3,0.36,-0.33,0.35,-0.23,1.9342962843131,0.788,"development"
2022-07-01,-0.121867425213384,0.443164917627126,"Post",-1.74830255941938,-0.01,0.53,-0.31,0.53,-0.28,-7.25819287267688,1.248,"development"
2022-07-06,0.0728894479267161,0.0442184398095513,"Post",-1.20242555333707,0.82,-2.43,1.29,-0.7,-2.24,-2.98529631496813,1.248,"development"
2022-07-07,0.112007838797323,-0.242959810293453,"Post",1.45589358033504,-0.84,0.06,0.62,-0.25,-0.5,-2.46177930923754,1.248,"development"
2022-07-08,0.157765775608887,-0.124931120419625,"Post",0.10058913021691,0.15,-0.03,-0.04,-0.34,0.12,-5.67975983931333,1.248,"development"
2022-07-11,0.786203733703061,-0.826481208444907,"Post",1.10675355169381,-0.17,0.81,-0.47,0.61,0.8,6.02425778767355,1.248,"development"
2022-07-12,-0.40988148577199,0.445304966242244,"Post",-1.78988525189716,-0.06,0.46,-0.13,0.5,0.81,4.19066181781926,1.248,"development"
2022-07-13,0.476326280311268,-0.481717594543962,"Post",0.538139490492284,0.19,0.11,0,-0.22,-0.37,-1.73724568667146,1.248,"development"
2022-07-14,1.07096844025834,-1.15825820722044,"Post",0.619780998965069,0.21,-0.71,0.34,-0.26,-0.34,-1.57838677012618,1.248,"development"
2022-07-15,-0.120409286648604,0.266657215411126,"Post",0.543048123480894,-0.19,-0.82,0.51,-0.14,-0.66,-8.57724753238363,1.248,"development"
2022-07-20,-0.0382766760574693,-0.159362583527756,"Post",2.63029251262417,-0.56,-1.08,0.44,-0.37,-0.74,-2.56318290262803,1.248,"development"
2022-07-21,-0.402670060553056,0.159362583527756,"Post",0.442440477445771,0.75,-1,0.46,-0.39,-0.49,-3.27758642381117,1.248,"development"
2022-07-22,-1.16347219859221,1.328195837044,"Post",0.400807031312134,0,-0.51,0.39,-0.28,-0.54,-0.346771045369554,1.248,"development"
2022-07-25,0.509857019008786,-0.439818917462986,"Post",-0.774666184205408,0.09,1.12,-0.49,0.64,0.67,1.42274441274322,1.248,"development"
2022-07-26,0.0655073558372798,0.0731689503632005,"Post",-0.159120003310065,0.51,0.33,-0.16,-0.19,0.65,5.53731453970618,1.248,"development"
2022-07-27,-0.160677359349215,-0.503779402995708,"Post",0.218670668247611,-0.25,-0.27,-0.14,-0.01,0.07,-6.05233713733777,1.248,"development"
2022-07-28,-1.63482253807143,2.10487606187861,"Post",0.359185659030636,0.43,-0.57,0.4,0.08,-0.17,-3.99438661316438,1.248,"development"
2022-07-29,-0.543956720552696,0.896531966891967,"Post",-0.0497688491805093,0.03,-1.07,0.3,-0.54,-0.36,-4.58165333688072,1.248,"development"
2022-08-01,-1.29985476717431,1.09414409775477,"Post",0.687197020527286,0.03,-0.4,-0.56,-0.29,-0.77,6.83988523045502,1.692,"development"
2022-08-02,0.909194197281771,-0.393760920697428,"Post",-1.43421695052428,0.48,0.21,0.27,0.04,0.15,4.66195171324726,1.692,"development"
2022-08-03,0.888542083031396,-1.39589508593607,"Post",0.531909322945268,-0.33,-1,0.15,-0.46,-0.68,-8.63657623991019,1.692,"development"
2022-08-04,-0.975615846868694,0.67300037162088,"Post",0.683623951264423,0.62,-1.16,0.63,-0.23,-0.6,-2.35088033185789,1.692,"development"
2022-08-05,1.65018875810086,-1.52640616698818,"Post",0.868579268297687,-0.14,-0.04,0.01,-0.09,-0.03,-1.36184307103147,1.692,"development"
2022-08-08,0.0877382211671218,0.444346432065856,"Post",0.260061668825706,-0.32,1.05,-0.43,0.32,0.66,0.659757341310119,1.692,"development"
2022-08-09,-0.0370586181257515,-0.163156369625739,"Post",-0.886347297294598,0.51,-0.69,0.03,0.14,-0.07,2.22953963410681,1.692,"development"
2022-08-10,-1.66210615813949,1.77181026507682,"Post",-0.647197879071015,-0.46,1.8,-0.68,0.87,0.43,-9.78858412411205,1.692,"development"
2022-08-15,-0.0234544315273144,0.329959054518802,"Post",1.13134962996764,-0.52,-0.56,-0.15,-0.22,0.04,2.12773984472849,1.692,"development"
2022-08-16,0.598680889046665,-0.934551304817877,"Post",-0.00994099655677871,0.49,-1.15,0.31,-0.55,-0.28,-1.31182506848382,1.692,"development"
2022-08-17,0.693477139154508,-0.756175298617023,"Post",1.21829624064045,-0.4,0.13,0.28,-0.28,0.13,1.06088390794126,1.692,"development"
2022-08-18,0.678330963513174,0.0812737862905699,"Post",-0.964953534817248,0.47,0.3,0.18,0.18,0.39,-1.72330671237755,1.692,"development"
2022-08-19,0.664951295720373,-1.26332932497482,"Post",-0.0408138797737934,0.01,0.69,-0.06,0.18,0.31,5.1804411188864,1.692,"development"
2022-08-22,0.446671558886491,-0.407896260788743,"Post",-0.470612908493173,-0.49,1.2,-0.48,0.5,0.75,14.4394504881894,1.692,"development"
2022-08-23,-0.414007782906323,0.883443120320226,"Post",-1.193957997274,0.6,0.09,-0.16,0.66,0.46,1.29411115156506,1.692,"development"
2022-08-24,0.214433640294809,-0.409836639228267,"Post",-0.490715356739457,0.58,0.92,-0.28,0.11,0.2,-5.49893477591503,1.692,"development"
2022-08-25,-0.501682385225433,0.0657534270265714,"Post",0.582966156160758,0.15,-0.45,0.11,-0.11,0.14,-4.66452269291149,1.692,"development"
2022-08-26,0.888230202533835,-0.175246485157032,"Post",0.56852005855248,-0.05,-0.1,-0.12,-0.11,-0.04,16.003651200452,1.692,"development"
2022-08-29,0.886988112943587,-1.21099337138659,"Post",-2.69802428185688,0.28,1.54,-0.56,0.76,1.27,2.51123878259811,1.692,"development"
2022-08-30,-0.0687108479748844,0.00720798645215126,"Post",1.12929456002053,-0.15,-0.3,0.12,-0.02,0.06,0,1.692,"development"
2022-08-31,0.18899320482415,0.0288371424390199,"Post",-0.369712065582917,0.03,-0.5,-0.1,-0.11,-0.39,-1.30570211373775,1.692,"development"
2022-09-01,0.865173670807362,-0.890107089937864,"Post",-1.5427637254291,0.09,0.62,-0.15,0.3,0.29,-1.20553666886036,2.348,"development"
2022-09-02,0.0859260474395107,-0.0714387800063498,"Post",-0.0384362906951097,-0.35,0.77,-0.47,0.3,0.09,-0.352734051796855,2.348,"development"
2022-09-07,0.624062280680437,-1.00230532148071,"Post",-0.712757715749035,-0.4,0.7,-0.18,0.43,0.39,-8.81268260734958,2.348,"development"
2022-09-08,0.221414197465863,0.235751045259036,"Post",2.28849833638005,-0.52,-0.48,0.05,-0.14,-0.27,-4.27007875678975,2.348,"development"
2022-09-09,-0.996733148519091,1.12396031209601,"Post",0.53116656627985,0.44,-0.61,0.16,-0.19,0.2,-3.53485078398283,2.348,"development"
2022-09-12,0.139927558006336,0.021063717824088,"Post",1.15356497936894,0.02,-0.94,0.09,-0.13,-0.46,4.63005970931456,2.348,"development"
2022-09-13,1.27722706593745,-1.31842445484889,"Post",0.253758485578714,-0.07,-0.4,-0.19,0.01,-0.38,13.3164756506758,2.348,"development"
2022-09-14,-0.914798248449955,0.95394658588015,"Post",-2.82125448322077,0.56,1.14,-0.71,0.52,0.83,-4.15556702684992,2.348,"development"
2022-09-15,0.196408654514579,-0.446772121857908,"Post",0.205729432339119,-0.05,-0.18,-0.1,-0.05,0.12,0.41960771084506,2.348,"development"
2022-09-16,-0.415861739180423,0.369840971439839,"Post",-1.11198911616324,-0.38,1.36,-0.7,0.51,0.18,0.114133548627038,2.348,"development"
2022-09-21,0.215239380345,-0.347488013841346,"Post",-1.36467362929462,0.26,0.81,-0.34,0.48,0.13,3.01020008368669,2.348,"development"
2022-09-22,-1.07608019605978,1.3831865649899,"Post",-0.584943438060748,0.09,0.17,-0.22,0.11,0.55,-2.31307746593719,2.348,"development"
2022-09-27,0.404453330903776,-0.179831283765708,"Post",0.529476504787851,-0.09,-0.49,0.11,-0.08,-0.04,1.04842156755991,2.348,"development"
2022-09-28,-0.630362380689009,0.387731566549032,"Post",-1.50873499071871,0.46,0.45,-0.2,0.03,-0.59,-7.7132835032959,2.348,"development"
2022-09-29,0.326438459999689,-0.207900282783324,"Post",0.943310130086417,-0.13,-0.23,0.05,0.29,0.15,5.35439076364792,2.348,"development"
2022-09-30,0.0529929919745875,-0.179831283765708,"Post",-1.8520271611278,0.51,0.13,-0.04,0.66,0.19,-0.693352919485601,2.348,"development"
2022-10-03,0.173609002127506,0.145223219741464,"Post",1.06832837835675,-0.51,-0.56,0.36,-0.94,-0.69,-4.92646600264961,2.609,"development"
2022-10-04,-0.420996283204023,0.124645123817313,"Post",2.91864048672483,-0.64,-0.12,0.22,-0.03,-0.07,-3.48184571840453,2.609,"development"
2022-10-05,0.331103566019841,-0.283688133519977,"Post",0.47426997977631,-0.21,-0.58,0.38,-0.31,-0.54,-1.80497784687654,2.609,"development"
2022-10-06,0.309080641304194,-0.144992603162208,"Post",0.700953030972506,0.35,-0.27,-0.02,-0.24,-0.17,6.67252703142371,2.609,"development"
2022-10-07,0.25581974995581,-0.172336581446064,"Post",-0.717251975781075,0.26,0.18,-0.25,0.27,0.09,2.71509890659507,2.609,"development"
2022-10-12,0.789267599258414,-0.902817157413871,"Post",-0.0167430331190488,-0.17,-0.28,-0.13,0.24,0.26,-0.178571476023448,2.609,"development"
2022-10-13,0.289069512220097,-0.190463291371135,"Post",-0.605729111390829,-0.29,0.73,-0.05,-0.1,0.11,-4.97736682050771,2.609,"development"
2022-10-14,0.819429123496995,-0.886308700991911,"Post",3.20060742650696,-0.29,-0.83,0.3,-0.2,-0.03,0.250156478170194,2.609,"development"
2022-10-17,0.338706429194957,-0.168253901119098,"Post",-1.16945893022535,0.32,0.7,-0.27,0.29,0.7,-2.05086853659817,2.609,"development"
2022-10-18,-0.01945264992953,-0.349063924278425,"Post",1.41050507906186,0.24,-1.42,0.22,-0.44,-0.57,-2.81253385892208,2.609,"development"
2022-10-19,0.511682564485616,-0.361204406092774,"Post",0.372113830611909,0.01,0.49,-0.08,0.06,-0.04,0.848846102407741,2.609,"development"
2022-10-20,0.2140306222711,-0.0333789515432947,"Post",-0.922969956754649,-0.05,0.56,-0.18,0.14,0.45,-2.56846519629916,2.609,"development"
2022-10-21,-1.5819669340976,2.34335603818421,"Post",-0.431857115832734,0.21,-0.33,0.32,-0.59,-0.25,-0.972020389878336,2.609,"development"
2022-10-24,0.861017440886469,-1.63332559189744,"Post",0.313076459629436,-0.02,-0.38,0.14,-0.63,-0.59,0.53745510629426,2.609,"development"
2022-10-25,-0.72822168991582,0.613602275838332,"Post",1.01569922847311,-0.34,0.24,0,-0.07,-0.02,-4.76852471769047,2.609,"development"
2022-10-26,-1.12030873280062,0.917281784136392,"Post",0.664058625353015,-0.01,-1.07,0.39,-0.28,-0.8,-4.23457596864449,2.609,"development"
2022-10-27,0.0848185871311635,0.328182982918257,"Post",-0.316190903749636,0.15,-0.95,0.42,-0.09,-0.53,0.402415029972536,2.609,"development"
2022-10-28,0.734214633709529,-1.13041721266027,"Post",-0.881688210436238,0.07,-0.42,0.19,0.1,0.18,-6.17433561652416,2.609,"development"
2022-10-31,0.732895742564388,-0.641222540626085,"Post",1.76357302522767,-0.35,0.18,-0.22,-0.36,-0.3,0.503584252295486,2.609,"development"
2022-11-01,-0.269632203143511,0.350475522192184,"Post",0.330979099746287,-0.52,0.18,-0.19,0.31,0.1,-0.27084559021775,3.13,"development"
2022-11-02,-0.32033008422867,0.677463467676098,"Post",-0.05612342675132,-0.47,1.14,-0.33,0.15,0.34,0.193535961318902,3.13,"development"
2022-11-07,-0.185633771360427,0.394746309911032,"Post",1.19831763832075,-0.2,-0.52,0.44,-0.26,-0.56,-0.81800047119307,3.13,"development"
2022-11-08,-0.624314888438171,0.862959947495945,"Post",1.24359564594485,-0.25,-0.81,0.73,-0.63,-0.82,4.77140010757946,3.13,"development"
2022-11-09,0.541087930786022,-0.528248750076532,"Post",-0.560116912634889,0.51,0.26,0.18,-0.41,-0.71,2.13062485442435,3.13,"development"
2022-11-10,-3.4112383793965,3.03569311303837,"Post",-0.98012967900587,0.19,0.37,-0.45,0.61,0.82,-10.3275896409366,3.13,"development"
2022-11-15,-0.310345125048128,0.764863087589607,"Post",0.0954361575994156,0.05,0.69,-0.73,-0.1,-0.1,3.35643688350933,3.13,"development"
2022-11-16,0.248545878402195,-0.164904142047373,"Post",0.136133692650553,0.43,-0.54,0.25,-0.21,-0.15,-1.76777470896856,3.13,"development"
2022-11-17,0.459897884889493,-0.614199902558621,"Post",-0.349292612103014,0.34,0.47,-0.31,0.65,0.99,-0.749379027279762,3.13,"development"
2022-11-18,0.136956511545794,0.299486818256689,"Post",-0.110334284636515,0.01,0.76,-0.42,0.58,0.82,-3.44348581161054,3.13,"development"
2022-11-21,1.28864105516402,-1.36181975512946,"Post",0.16123328665465,0.18,0.48,-0.14,0.15,0.46,-3.34243955172782,3.13,"development"
2022-11-22,-0.607924087008804,0.46603671412635,"Post",0.609878393500018,-0.35,1.13,-0.58,0.51,0.6,-4.90361693815107,3.13,"development"
2022-11-28,-0.185092112849183,0.388657463470299,"Post",-0.425895474669602,0.25,-0.32,0.14,-0.09,0.1,8.01177517619736,3.13,"development"
2022-11-29,-0.127874306303744,0.281639471234918,"Post",-0.480472148457523,0.14,0.16,-0.33,0.26,0.7,-1.45127263715645,3.13,"development"
2022-11-30,-0.45579675738403,-0.742105066470966,"Post",-0.210190547095834,-0.3,0.71,-0.29,0.35,0.57,-6.17101811288681,3.13,"development"
2022-12-01,-2.0446757761964,2.73610897734589,"Post",0.914997681018015,-0.15,-1.68,0.79,-0.69,-1.38,-3.66196285491767,3.847,"development"
2022-12-02,-0.915747997900684,0.48809444630864,"Post",-1.60056327377323,0.32,-0.13,0.25,-0.19,-0.42,-4.0108203630671,3.847,"development"
2022-12-05,1.71433309767459,-1.2231216438126,"Post",0.152882402080579,-0.19,-0.13,-0.15,0.3,-0.17,8.49543484506516,3.847,"development"
2022-12-06,0.12864964192425,-0.0878413056994987,"Post",0.235054438732973,-0.66,1.19,-0.52,0.45,0.81,6.61937769515126,3.847,"development"
2022-12-07,-0.438692979303257,0.073195728637554,"Post",-0.717879102798946,0.42,0.76,-0.58,0.33,0.85,2.2743455231331,3.847,"development"
2022-12-08,0.217738160990599,0.0879056535985967,"Post",-0.405242386812432,0.05,0.24,-0.3,0.13,0.39,-1.73453314617737,3.847,"development"
2022-12-09,0.0535720338588064,0.0366501744985648,"Post",1.17739948605671,-0.15,-0.91,0.61,-0.38,-0.72,2.39373131439269,3.847,"development"
2022-12-12,0.88079042501672,-0.781396607396712,"Post",-0.210536439600517,0.19,0.16,-0.15,0.06,0.13,9.08003643264963,3.847,"development"
2022-12-13,-1.60919669142503,1.70944333593006,"Post",0.403318420487331,-0.03,0.31,-0.23,0.28,0.28,-10.3140758919513,3.847,"development"
2022-12-14,-0.341727027881289,0.140693866001484,"Post",0.717722546606936,-0.01,-0.5,0.43,-0.28,-0.36,-6.45680855065955,3.847,"development"
2022-12-15,1.92272738535273,-2.17694674513691,"Post",-0.371869797103486,0.15,1.06,-0.48,0.32,0.81,7.69084800996125,3.847,"development"
2022-12-16,-0.83659365721096,0.998295899566859,"Post",-1.887753565995,0.23,0.47,-0.4,0.55,0.59,-0.924098985372979,3.847,"development"
2022-12-19,0.4245286668489,-0.234072230346083,"Post",-1.05718603028944,0.41,0.76,-0.39,0.11,0.21,-0.888105304396047,3.847,"development"
2022-12-20,-4.15358452986236,4.32237463925613,"Post",-2.48912269782267,-0.62,3.23,-1.83,0.96,1.05,-4.28311480033501,3.847,"development"
2022-12-21,0.370842673239524,-0.971765922279832,"Post",-0.680986283117235,-0.27,0.1,0.02,0.11,0.44,-6.78961068324173,3.847,"development"
2022-12-22,0.179387281092502,0.0151114469498559,"Post",0.454291961349007,-0.01,0.65,-0.26,0.18,0.46,9.04517235882722,3.847,"development"
2022-12-23,0.344008522420314,-0.331925470710015,"Post",-1.03377436859997,-0.22,1.47,-0.57,0.42,0.2,-5.13651653074096,3.847,"development"
2022-12-28,0.898983895223582,-0.627570233028774,"Post",-0.406794709004643,-0.27,0.64,-0.2,0.44,-0.03,2.23804728319918,3.847,"development"
2022-12-29,-1.08993953225154,0.830128537779284,"Post",-0.941492249287101,1.12,-0.74,0.3,-0.26,-0.43,-3.21275910778893,3.847,"development"
2022-12-30,-1.59297057361991,1.01899209824499,"Post",0.00318079748762301,0.53,0.01,-0.09,-0.06,0.08,1.06704793456665,3.847,"development"
2023-01-05,0.556254030758163,-1.18237624026429,"Post",0.403356073682559,-0.37,-1.01,0.93,-0.53,-1.09,2.02390537719266,4.17,"development"
2023-01-06,-0.957224864321216,1.02341174670082,"Post",0.590989399339747,0.06,-0.42,0.16,-0.44,-0.29,-6.10421176823315,4.17,"development"
2023-01-11,0.211490191995711,-0.249216607483671,"Post",1.02787671465272,0.13,-0.78,0.36,-0.57,-0.29,2.44792640847797,4.17,"development"
2023-01-12,-2.53008818647151,2.15767147672477,"Post",0.0144434853515563,-0.56,0.93,-0.61,-0.41,-0.38,-11.3347651821622,4.17,"development"
2023-01-13,-0.985357909941698,1.47518203088017,"Post",-1.25664254715883,0.08,1.31,-1.07,0.01,0.12,-2.58217681684818,4.17,"development"
2023-01-18,0.509797362864273,-0.210419747981216,"Post",2.4654279727983,-0.34,-1.43,0.52,-0.59,-0.42,4.93803087719829,4.17,"development"
2023-01-19,-0.280591697793486,-0.0233526642558601,"Post",-1.45083927344523,0.77,-0.67,0.31,0.25,0.11,0.881062968215485,4.17,"development"
2023-01-20,0.888096670663474,-1.15304043950459,"Post",0.560059894302789,0.16,0.58,-0.46,0.35,0.64,-3.31960131693694,4.17,"development"
2023-01-23,0.8203535281186,-0.55244520154476,"Post",1.31881011840083,0.22,-0.84,0.33,-0.37,-0.33,-0.201714642274009,4.17,"development"
2023-01-24,-0.385171149643337,0.475533953329599,"Post",1.45062347015728,-0.6,0.12,-0.15,-0.21,-0.37,-3.12765816767233,4.17,"development"
2023-01-25,-0.372914029964688,0.331138880230242,"Post",0.350384859935637,-0.05,-0.01,-0.07,0.17,0.1,-0.626961301359552,4.17,"development"
2023-01-26,0.561003178604436,-0.584527121920608,"Post",-0.11782806211329,-0.04,0.18,0.02,0.2,0.07,-1.85141495641434,4.17,"development"
2023-01-27,-0.201214149463347,0.353384404016754,"Post",0.0723714994567359,-0.18,0.79,-0.6,0.03,0.04,-1.18153898705908,4.17,"development"
2023-01-30,0.38311424207591,-0.307361545184914,"Post",0.185493475175669,0.26,-0.38,0.16,-0.27,-0.04,7.4416637948286,4.17,"development"
2023-01-31,-0.234566629797639,0.130513242586527,"Post",-0.388199939999723,0.79,0.53,0.08,0.47,-0.15,-2.745469846441,4.17,"development"
2023-02-01,-1.01925025864542,0.693804818251298,"Post",0.0723195832668111,0.14,-0.17,-0.14,0.09,0.21,-8.21497368979456,4.35,"development"
2023-02-02,0.0586649889977586,0.636351673996316,"Post",0.201538253529243,0.21,-1.4,0.84,-0.77,-0.53,4.70031872846604,4.35,"development"
2023-02-03,1.86319350870772,-2.01918080755616,"Post",0.391211740450892,-0.71,-0.61,0.28,-0.49,-0.63,-2.15874546043837,4.35,"development"
2023-02-06,1.09520123169897,-1.28114552203193,"Post",0.667319951801026,-0.24,0.59,-0.13,0.66,0.01,5.82792015377351,4.35,"development"
2023-02-07,-1.09415430287925,1.05252173703567,"Post",-0.029541820308765,-0.02,0.31,-0.32,-0.06,0.36,-4.04360679701505,4.35,"development"
2023-02-08,0.247461808070648,0.076149866610109,"Post",-0.285792352618763,0.27,-0.16,-0.26,0.02,0.19,5.06768128691717,4.35,"development"
2023-02-09,0.181955103531761,0.221163102540878,"Post",-0.0801220390959756,0.21,0.04,-0.06,0.16,-0.1,5.35576671191231,4.35,"development"
2023-02-10,-0.177751125618641,-0.396221182791212,"Post",0.313562767537512,-0.4,1.12,-0.49,0.17,0.1,-0.872944437665035,4.35,"development"
2023-02-13,0.618599940477704,-0.915944483133835,"Post",-0.88446136596243,-0.24,1.38,-0.67,0.66,0.35,-0.929784041042847,4.35,"development"
2023-02-14,0.571129721854113,-0.255870097454025,"Post",0.637653307436814,0.12,0,-0.24,-0.1,0.23,-7.28985079500477,4.35,"development"
2023-02-15,0.849716178751025,-0.875524730639565,"Post",-0.366249125705842,-0.29,0.94,-0.67,0.24,0.42,-3.66222939797947,4.35,"development"
2023-02-16,-0.0926947524245492,0.201364873947618,"Post",0.705024632938667,0.23,-0.69,0.38,-0.33,-0.14,10.1127763275549,4.35,"development"
2023-02-17,0.31875610747103,-0.193914141909701,"Post",-0.664053980548651,-0.12,1.42,-0.66,0.89,0.35,-0.74645780790461,4.35,"development"
2023-02-22,-0.00294207928654977,0.0741729747698372,"Post",-1.35142193469004,0.43,0.22,-0.3,0.44,0.16,-2.56878606369124,4.35,"development"
2023-02-27,-0.201997647298136,0.132090721488165,"Post",-0.107585203855542,0.18,1.3,-0.69,0.7,0.27,-3.37901691801212,4.35,"development"
2023-02-28,-0.051146007203906,0.0661108482594486,"Post",0.0787322401063051,0.14,-1.32,0.43,-0.57,0.04,-1.20049460968232,4.35,"development"
2023-03-01,0.0169046307761267,0.198595188658057,"Post",0.258250875989852,0.21,0.73,-0.55,0.08,0.44,-0.581396986541982,4.589,"development"
2023-03-02,0.388709880844917,-0.748188042375819,"Post",-0.0642002079656478,0.14,-0.34,-0.04,0.39,0.3,-4.93004984494543,4.589,"development"
2023-03-03,-0.523077887208379,0.549592853717762,"Post",1.54658793331013,-0.28,-0.67,0.16,0.19,0.24,-5.77891865574158,4.589,"development"
2023-03-06,0.0347077394244888,0.11763842250696,"Post",1.10500053846643,-0.26,-0.32,0.25,-0.46,0,0.646902525512605,4.589,"development"
2023-03-07,0.962171277373214,-0.711068494724731,"Post",0.252462955248234,0.21,0.31,-0.39,0.01,0.2,5.13201613022898,4.589,"development"
2023-03-08,0.0171625224192784,-0.204319977677159,"Post",0.47584946014041,0.16,0.18,-0.06,0.25,0.35,-2.48074737042674,4.589,"development"
2023-03-09,-0.72053351909549,0.562887556614644,"Post",0.627190917407816,-0.14,0.45,-0.48,0.01,0.05,16.8180528037697,4.589,"development"
2023-03-10,-1.02840950401712,1.00199762664044,"Post",-1.68827089168371,0.27,-0.29,0.39,0.54,-0.67,9.2451366881058,4.589,"development"
2023-03-13,-1.11517378121162,1.4318985794799,"Post",-1.11121921229831,0.01,-1.69,1,-0.17,-0.69,6.70555121467253,4.589,"development"
2023-03-14,0.644979837557624,-0.89733646310961,"Post",-2.21939906165378,-0.15,-1.51,0.83,0.26,-0.99,-11.115909486999,4.589,"development"
2023-03-15,-0.605286003975669,1.13799236627621,"Post",0.0273270610124499,0.68,1.76,-0.95,0.6,1.2,9.67266377484037,4.589,"development"
2023-03-16,0.136480614276469,-0.150477795304482,"Post",-0.807045814110907,-0.48,-1.55,1.13,-0.19,-0.99,-12.8407369420986,4.589,"development"
2023-03-17,-1.08627960611609,0.754663607253647,"Post",1.1893913996083,0.17,-2.16,0.77,-0.82,-0.3,10.401119337863,4.589,"development"
2023-03-20,-0.41971227218438,0.318664913061895,"Post",-1.43010492306406,-0.51,0.49,0.08,0.35,-0.35,-5.47861520551383,4.589,"development"
2023-03-23,-0.512512838671109,1.27438575192684,"Post",-0.171263430012125,0.7,-0.13,0.17,0.02,0.01,1.56009404424795,4.589,"development"
2023-03-24,0.173236459252379,0.26755357473478,"Post",-0.125390355898958,0.27,-0.19,0.27,0.04,-0.14,-3.92384045968153,4.589,"development"
2023-03-27,0.714052380185359,-0.648535443661835,"Post",0.334001256873151,0.08,0.25,-0.1,0.21,0.08,-5.38628058975279,4.589,"development"
2023-03-28,-0.549693987512301,0.396251375751611,"Post",0.150486107891545,-0.77,0.86,-0.28,0.17,0.39,-3.10599283678115,4.589,"development"
2023-03-29,1.50190112117281,-1.3047291207033,"Post",1.31957368368063,0.16,-0.07,0.23,-0.3,-0.14,-4.34962398044685,4.589,"development"
2023-03-30,-0.150363172872758,-0.0150715900812948,"Post",-0.362335443699457,-0.05,0.36,-0.34,0.17,0.6,-0.524385050601106,4.589,"development"
2023-03-31,0.142487584239648,-0.0301363672890353,"Post",0.926303918711469,-0.34,0.48,-0.4,-0.04,0.54,-1.69675332567034,4.589,"development"
2023-04-03,-0.0443539893510092,0.301773144893769,"Post",0.521683435013109,0.23,0.65,-0.32,-0.01,-0.12,-0.805373480709681,4.667,"development"
2023-04-04,-0.692819614771656,0.568290978189356,"Post",0.351550598738548,-0.64,0.77,-0.31,0.34,-0.21,2.39691901129961,4.667,"development"
2023-04-05,-0.212346070926817,0.373035337990579,"Post",-1.69042974555591,-0.25,-0.25,0.25,-0.01,-0.58,0.420168685370026,4.667,"development"
2023-04-06,0.325453954489063,-0.426212685694161,"Post",-1.23226490633339,-0.08,0.15,0.02,0.44,-0.35,-3.62900014052006,4.667,"development"
2023-04-11,0.124694485146959,0.0897598983145897,"Post",1.04293777410831,-0.11,-0.09,0.13,0.07,-0.12,0.682955110566175,4.667,"development"
2023-04-12,-0.292920229941052,0.284772374701525,"Post",0.568975576527642,-0.1,0.21,-0.08,0.32,0.34,-0.0523697314928295,4.667,"development"
2023-04-13,-0.312363578080754,0.662603132027506,"Post",0.264119768751137,0.21,-0.83,0.07,0.09,0.13,-6.99661804396166,4.667,"development"
2023-04-14,0.81891019725191,-1.02965849001535,"Post",1.18800121461575,0.06,-0.57,0.36,-0.03,0.09,-4.18759204916905,4.667,"development"
2023-04-17,0.531723430199049,-0.574092909465751,"Post",0.0747611126197256,-0.39,0.53,-0.38,-0.18,-0.1,-0.705470297988997,4.667,"development"
2023-04-18,-0.288802086900253,0.297818699764107,"Post",0.503904877826855,-0.15,0.03,-0.13,0.06,0.09,-0.710482562374448,4.667,"development"
2023-04-19,0.527888185276293,-0.505765302732897,"Post",-0.181854458672603,-0.37,0.83,-0.61,0.4,0.31,-2.22298129537908,4.667,"development"
2023-04-20,-0.324312167520402,0.513222146254577,"Post",0.177457811289905,0.2,0.55,-0.3,0.02,0.21,4.22304796604602,4.667,"development"
2023-04-21,-0.186338729397573,-0.134138182420163,"Post",-0.325749467474168,-0.09,0.27,0.07,0.33,0.13,-2.35720990742667,4.667,"development"
2023-04-24,0.18666318343481,-0.0967657971222557,"Post",0.101998175675178,0.2,-0.31,0.15,0.22,-0.19,0.713015498459146,4.667,"development"
2023-04-25,-0.497162664246664,0.335358215705295,"Post",0.0928101239786372,-0.1,0.19,0.09,0.14,-0.11,10.500521275837,4.667,"development"
2023-04-26,0.118501382563219,0.179318637410564,"Post",-0.713931331693018,-0.33,0.49,0.02,0.54,-0.57,0.425532557013852,4.667,"development"
2023-04-27,0.227076354829325,-0.23902013172119,"Post",0.144916476859969,-0.24,0.25,-0.21,-0.11,0.13,-10.100577447362,4.667,"development"
2023-04-28,1.67043960249629,-1.44430907517581,"Post",1.39151201945733,0.3,0.16,0.26,-0.15,-0.6,-7.62331792568687,4.667,"development"
2023-05-01,0.820074078725774,-0.995105892041526,"Post",0.92012290493173,-0.54,0.4,-0.49,0.36,0.17,1.88329483330918,4.845,"development"
2023-05-02,-0.569794426440939,0.650088115400571,"Post",0.119318222296272,0.03,-0.59,0.18,-0.3,0.13,10.0497966334939,4.845,"development"
2023-05-09,0.091708237057242,-0.2370547076473,"Post",1.00680145269898,-0.41,0.13,-0.09,-0.34,-0.11,4.20932709115411,4.845,"development"
2023-05-10,-0.695897571509096,0.467238585038743,"Post",-0.413399029590167,-0.03,0.42,0.12,-0.26,-0.33,-4.4451762570834,4.845,"development"
2023-05-11,0.24951544206977,0.0446129831177977,"Post",0.015588277235068,0,-0.71,0.25,-0.26,-0.13,-0.0590493078864274,4.845,"development"
2023-05-12,0.839008868191993,-0.866383293373207,"Post",0.894067001805965,-0.66,-0.34,0.09,-0.13,0.29,0.588929852955289,4.845,"development"
2023-05-15,0.318830866958342,-0.32388692281442,"Post",0.806719454567606,-0.55,0.3,-0.18,0.41,0.43,0.527087603899901,4.845,"development"
2023-05-16,0.165796592052114,-0.40338901009358,"Post",0.72861408882865,-0.35,-0.35,0.04,-0.04,0.58,4.95686772488457,4.845,"development"
2023-05-17,0.937898509526924,-0.649329243115027,"Post",0.836222087752425,-0.63,0.26,-0.4,-0.1,0.04,-6.42791514045649,4.845,"development"
2023-05-18,0.717338889063468,-0.717368389253981,"Post",1.58354927834949,-0.82,-0.35,0.24,-0.57,-0.2,-4.9828046981852,4.845,"development"
2023-05-19,-0.41876732533539,0.601080855254121,"Post",0.763807208443978,-0.17,-1,0.56,-0.13,-0.63,4.62650978444992,4.845,"development"
2023-05-22,0.414798491379331,-0.709325498693492,"Post",0.899817801321134,-0.1,0.05,0.07,0.44,0.03,2.3516662802924,4.845,"development"
2023-05-23,-0.0484999321955559,-0.0648905895368479,"Post",-0.415991744324096,-0.31,0.32,-0.14,0.12,-0.2,7.39004300738202,4.845,"development"
2023-05-24,0.648334140847018,-0.287894253833976,"Post",-0.892569169496582,0.14,0.9,-0.08,-0.33,-0.7,7.78401093804586,4.845,"development"
2023-05-25,0.521255540659116,-0.480373750423801,"Post",0.385305160959959,0.4,0.01,0.22,0.02,0.07,-4.54507636529184,4.845,"development"
2023-05-26,0.270963341207198,-0.51366311129204,"Post",0.373249874653325,-0.66,-0.47,-0.06,-0.11,0.16,-6.41902710905207,4.845,"development"
2023-05-31,-0.190143360064754,0.0357641003776443,"Post",-1.41534996368513,-0.09,-0.74,0.18,-0.39,-0.31,2.7120306219194,4.845,"development"
2023-06-01,-0.397541083407971,0.746808009182764,"Post",0.83864848120836,-0.92,-0.02,-0.05,-0.26,-0.03,-13.6561939644488,5.111,"development"
2023-06-02,0.815914350952074,-0.73249878686461,"Post",1.20057805142597,-0.04,-0.14,-0.03,-0.26,0.06,-6.94493882718712,5.111,"development"
2023-06-05,-0.232490461135271,0.0858983588965856,"Post",2.17514711689901,-0.37,-0.37,-0.12,-0.1,0.54,0.886470176024812,5.111,"development"
2023-06-06,0.0999499720180541,-0.0214815080844311,"Post",0.894107251730603,-0.68,-0.03,0.01,0.19,0.15,-5.36901331403126,5.111,"development"
2023-06-07,0.422505582224231,-0.221705794371374,"Post",-1.8412044902874,1.11,0.22,-0.07,0.17,-0.1,-0.143369200184873,5.111,"development"
2023-06-08,-0.879916984641937,0.824939221468224,"Post",-0.857435690189234,-0.15,1.54,-0.72,0.58,-0.07,-2.10228837014088,5.111,"development"
2023-06-09,0.440509699343972,-0.373859088124551,"Post",1.95260390827379,-0.55,0.04,-0.04,0.14,0.6,1.31006240456979,5.111,"development"
2023-06-12,0.0760274495088531,-0.265166601067435,"Post",0.521893505606741,0.78,-1.17,0.49,-0.56,0.12,8.18764999687036,5.111,"development"
2023-06-13,0.378414418285011,-0.200200267067263,"Post",1.78652980464751,-0.74,-0.3,0.29,-0.75,-0.11,-2.70104198827625,5.111,"development"
2023-06-14,-0.128037075429299,0.4797202483803,"Post",1.4545121684236,-0.95,0.95,-0.42,-0.02,0.07,-5.12572706839496,5.111,"development"
2023-06-15,0.230296886113823,-0.829109173805964,"Post",-0.0505464354999319,-0.01,0.28,0.23,-0.51,-0.14,4.36996943478705,5.111,"development"
2023-06-16,1.11047755024436,-0.942233601228981,"Post",0.656602584278154,0.6,-1.45,0.55,-0.53,-0.04,-6.85003819423997,5.111,"development"
2023-06-21,0.165011217792177,-0.444366804214003,"Post",0.556210325140505,-0.23,0.85,-0.41,0.36,0.42,-5.02321254863332,5.111,"development"
2023-06-22,1.0371534120051,-0.561444383089427,"Post",-0.9283726377598,-0.44,1.41,-0.65,0.58,-0.09,-2.2214624733774,5.111,"development"
2023-06-23,0.4584342813581,-0.620925007484718,"Post",-1.46366337142467,0.44,0.39,0.05,0.4,-0.27,4.02331302364525,5.111,"development"
2023-06-26,-0.181860230278685,0.160094698865265,"Post",-0.252686627422172,-0.35,0.44,-0.24,0.33,-0.16,5.85215716196559,5.111,"development"
2023-06-27,0.318494981769968,-0.312989300892763,"Post",-0.491990678033716,-0.27,1.01,-0.38,0.48,0.07,-3.64456199204564,5.111,"development"
2023-06-28,0.210928776370967,-0.159594801941765,"Post",1.99500564158406,-0.4,0.2,0.16,-0.02,0.43,-2.28202762590568,5.111,"development"
2023-06-29,0.294348313817583,-0.339159349162177,"Post",0.120882538433875,0.26,-0.38,0.21,-0.6,0.4,0.815725694898273,5.111,"development"
2023-06-30,-0.364201112507034,0.172896754575014,"Post",-0.135795988480325,0.3,0.09,0.17,-0.26,0.28,0.368596067892346,5.111,"development"
2023-07-03,0.704503492362418,-0.0207634011196944,"Post",1.68593781792161,-0.36,0.28,0.2,-0.58,0.78,-0.147275431627492,5.146,"development"
2023-07-06,-0.36727613850247,0.325654193913039,"Post",-1.71132684352937,0.22,0.71,-0.4,0.8,-0.64,8.51290234926485,5.146,"development"
2023-07-07,-1.42147529950849,1.31332659602377,"Post",-1.18046644199516,0.56,-0.11,-0.11,0.48,-0.21,-4.03093884467891,5.146,"development"
2023-07-10,-0.556905727769319,0.458118290734255,"Post",-0.61534939281298,0.56,0.3,-0.17,0.51,-0.36,1.60538564885631,5.146,"development"
2023-07-11,-0.652692086665763,0.74449948590134,"Post",0.0429858392507754,0.23,-0.86,0.21,-0.4,0.16,-1.53797748991695,5.146,"development"
2023-07-12,-1.43366305873656,1.65043930023137,"Post",-0.809513754632007,-0.25,0.79,-0.5,1.02,-0.84,-9.16779702551054,5.146,"development"
2023-07-13,-0.129467733893662,0.0506603955108709,"Post",1.47726714148977,-0.4,-1.57,0.9,-1.27,0.27,0.515654917924557,5.146,"development"
2023-07-14,0.658738770041367,-0.433401429632863,"Post",-0.0866216516625329,-0.13,-0.21,0.29,-0.5,-0.11,-2.00377761758967,5.146,"development"
2023-07-19,0.648265362888667,-0.58844805610665,"Post",1.22999101357877,-0.2,0.4,-0.27,0.04,0.5,3.40017972774893,5.146,"development"
2023-07-20,0.155239965647302,-0.449759815805795,"Post",-1.24036273197401,0.19,0.86,-0.34,0.65,-0.38,1.65769561721922,5.146,"development"
2023-07-21,1.38254137723179,-0.964067862400242,"Post",-0.574955395729582,-0.45,0.68,-0.47,0.63,-0.38,-2.82729959353833,5.146,"development"
2023-07-24,-0.234308878507328,0.395844158642777,"Post",1.22050231471853,-0.01,-0.07,0.29,-0.17,0.27,2.25382131933451,5.146,"development"
2023-07-25,-0.338755242301758,0.198511231442033,"Post",-0.0563751239436527,0.05,0.92,-0.34,-0.01,0.14,-0.360101217359432,5.146,"development"
2023-07-26,-0.489159171309428,0.355467458046288,"Post",-0.0433659247647711,-0.06,-0.33,0,0.08,-0.37,-4.95480270325341,5.146,"development"
2023-07-27,-0.899001405149447,-0.440591957759828,"Post",0.679751547744445,-0.28,-0.31,0.12,-0.15,0.11,8.84634432822078,5.146,"development"
2023-07-28,1.49579400298836,0.220053327484671,"Post",-0.401917422263942,0.22,0.51,-0.65,0.23,0.06,-7.79052758208136,5.146,"development"
2023-07-31,1.05989766172829,-1.03217600720349,"Post",1.25280242311909,-0.41,0.82,-0.15,0.19,1.22,2.22561115178239,5.146,"development"
2023-08-01,0.747626239030863,-0.812557006443626,"Post",0.91333111995926,-0.39,-0.01,0.38,-0.24,0.5,2.17715420832731,5.166,"development"
2023-08-02,-0.00740830950620719,0.0907346075162074,"Post",-2.32358714146965,0.72,0.35,-0.14,0.27,-0.55,14.4153173212577,5.166,"development"
2023-08-03,-0.509256020612447,0.553164593663258,"Post",-1.69091624507729,-0.19,-0.24,-0.05,0.3,0.07,-1.06217805880546,5.166,"development"
2023-08-04,-0.474290189687743,0.443334880451207,"Post",0.104021591915604,0.15,0.36,-0.34,0.02,0.42,7.15022830923773,5.166,"development"
2023-08-07,0.454491139314417,-0.464397119445081,"Post",0.191815667563411,0.32,-0.38,0.05,0.34,-0.69,-8.09690625336672,5.166,"development"
2023-08-08,0.617560977394938,-0.504167442831882,"Post",0.379782251369498,-0.58,0.9,-0.58,0.73,-0.42,1.38541258709157,5.166,"development"
2023-08-09,0.307679880943779,-0.285963577610104,"Post",-0.535633554943793,0.38,-0.59,0.14,-0.05,-0.19,-0.187793482420018,5.166,"development"
2023-08-10,0.773753980576775,-0.569485531038882,"Post",0.832807569429406,-0.42,1.22,-1.03,0.54,0.61,-0.691609169837326,5.166,"development"
2023-08-15,0.141728931210094,-0.0687994523181246,"Post",0.556714782429424,-0.2,0.4,0.05,-0.05,0.75,10.4955575380983,5.166,"development"
2023-08-16,0.526132807891644,-0.281583922877537,"Post",-1.47511389223922,0.23,0.08,0.05,0.5,-0.01,1.92545057901365,5.166,"development"
2023-08-17,-0.281195744189056,-0.239750774155745,"Post",-0.444278174181179,-0.1,0.72,-0.15,0.28,0.33,6.40541964815675,5.166,"development"
2023-08-18,-0.253188263375126,0.693422159911261,"Post",-0.555641890484004,-0.16,0.18,-0.04,-0.24,-0.08,-3.35353960168945,5.166,"development"
2023-08-21,0.618573923564414,-0.761816937216597,"Post",0.364603903948968,0.54,-0.69,0.26,-0.02,-0.42,-0.987518916770469,5.166,"development"
2023-08-22,-0.304731753387699,0.321862972607434,"Post",0.917884763277499,-0.41,0.79,-0.12,-0.09,0.48,-0.938423308989389,5.166,"development"
2023-08-23,-0.649029262251055,0.805761736992494,"Post",0.480844154196625,0.41,-0.19,-0.06,-0.15,-0.08,-6.01091389080062,5.166,"development"
2023-08-24,0.67941691008131,-0.778321248379577,"Post",0.861470016700316,-0.13,0.07,0.2,0.02,0.14,7.35714434812786,5.166,"development"
2023-08-25,0.2686345826175,-0.431315494247997,"Post",-2.07459965874222,0.68,0.21,-0.32,0.41,-0.59,-9.25233688971456,5.166,"development"
2023-08-28,0.170570384308455,-0.0136621354130284,"Post",1.7108850412173,-0.52,0.52,0.11,-0.53,0.49,-3.90166523424518,5.166,"development"
2023-08-29,-0.511455493787016,0.266748901373948,"Post",0.176964921543288,0.53,-0.63,0.09,0.02,-0.35,-4.26749480213688,5.166,"development"
2023-08-30,0.387805371161987,0.0479534175997998,"Post",0.329892773567053,-0.27,0.46,-0.09,-0.14,0.24,-4.02454594797828,5.166,"development"
2023-08-31,-0.557656783079796,0.178314291812143,"Post",0.88027566489064,-0.25,-0.09,-0.01,-0.04,0.36,-2.25874812318807,5.166,"development"
2023-09-01,0.496374965362723,-0.356311189632574,"Post",0.279443181656092,0,0.8,-0.22,0.11,0.39,-3.60128939249691,5.394,"development"
2023-09-06,-0.0270992102635592,-0.0135464643935101,"Post",0.616377454672445,-0.56,0.71,-0.2,0.11,0.31,3.09230542095253,5.394,"development"
2023-09-07,-0.259173028571791,0.352805848007609,"Post",-0.754743353929221,-0.07,0.91,-0.49,0.98,0.11,-0.346620797648622,5.394,"development"
2023-09-08,0.509892771785925,-0.386663982747848,"Post",-1.17151395824351,0.2,-0.09,-0.12,0.17,-0.15,-3.96652563924311,5.394,"development"
2023-09-11,-0.943183845153817,0.843083590441029,"Post",-0.427448533724117,-0.27,1.79,-1.41,0.95,0.56,-0.289435802636451,5.394,"development"
2023-09-12,0.44886900220904,-0.449622666314209,"Post",0.946023195066381,-0.24,0.27,-0.25,0.42,-0.51,3.06838199386017,5.394,"development"
2023-09-13,0.249515496929531,-0.224055496521913,"Post",-0.21333825215244,-0.28,0.71,-0.15,0.4,-0.41,-5.41453066175999,5.394,"development"
2023-09-14,-0.0629953399647221,0.190075408526358,"Post",1.40141242358585,-0.72,0.73,0.02,-0.38,0.76,-5.02006539916371,5.394,"development"
2023-09-15,0.299304003920087,-0.447458373697707,"Post",1.09441418669167,-0.6,0.39,0.15,-0.22,0.14,7.29372403126867,5.394,"development"
2023-09-20,0.24621021105351,0.0406036413510336,"Post",-0.660397710745997,-0.25,-0.38,0.21,-0.23,-0.26,7.04564821445803,5.394,"development"
2023-09-21,-0.361215017145611,0.216831633944903,"Post",-1.38046650330512,0.39,1.29,-0.31,0.5,0.45,14.7143738934734,5.394,"development"
2023-09-22,0.532625898039019,-0.554692621596153,"Post",-0.519044023407567,0.59,-0.26,0.04,-0.05,0.13,-1.95746031246298,5.394,"development"
2023-09-25,0.330551020353065,-0.336723329805011,"Post",0.84882386899352,0.5,-1.23,0.77,-0.35,-0.35,-1.75957618903797,5.394,"development"
2023-09-26,0.135584450942172,-0.107512441480928,"Post",-1.11879754552788,-0.01,1.07,-0.53,0.69,0.18,11.3962465828905,5.394,"development"
2023-09-27,0.413273051724472,-0.388766492732007,"Post",0.175769655661462,0.33,-0.38,0.18,0.05,-0.31,-3.875619592612,5.394,"development"
2023-09-28,-0.283018439456484,0.200897409026624,"Post",-1.5546566009208,0.02,0.6,-0.12,-0.15,0.58,-4.95039204794163,5.394,"development"
2023-09-29,0.16687891690923,-0.16744252262848,"Post",-0.0467596659021297,0.05,-1.71,0.77,-0.34,-1,1.03271141558494,5.394,"development"
2023-10-02,0.309132292514391,-0.247301532981758,"Post",-0.30727418368528,-0.35,1.07,-0.52,0.17,0.7,0.512383699986918,5.384,"development"
2023-10-03,-0.685264058098989,0.428151577250002,"Post",-1.6570476338142,-0.35,-0.71,0.33,0.34,-0.67,11.6204403686452,5.384,"development"
2023-10-04,0.278871561290472,0.22148403295521,"Post",-2.30257747342808,0.03,-1.82,0.6,0.25,-2.22,-6.25855928088739,5.384,"development"
2023-10-05,-0.40611483805022,0.228709907309721,"Post",1.78076152431306,0.08,0.45,-0.22,-0.16,0.64,-0.485568798665881,5.384,"development"
2023-10-06,0.699731548200999,-0.396545870308707,"Post",-0.259996798629736,0.51,0.75,-0.61,0.53,0.24,-5.78903967505973,5.384,"development"
2023-10-11,0.395224014177398,-0.369388243651514,"Post",0.59664414130367,-0.63,0.04,0.1,-0.06,-0.06,-5.67785336703053,5.384,"development"
2023-10-12,0.392277077856251,-0.361349429590696,"Post",1.73258987029747,-0.48,-0.54,0.53,-1.27,0.67,3.6611776669452,5.384,"development"
2023-10-13,-0.212349488496288,0.0601343017486933,"Post",-0.551361397022099,-0.5,0.2,-0.09,0.01,-0.22,14.6331091110628,5.384,"development"
2023-10-16,0.034765613398946,0.0334235773023828,"Post",-2.05387382187219,0.01,1.25,-0.38,0.34,0.19,-11.5650218560924,5.384,"development"
2023-10-17,0.209884652499115,-0.093557879051076,"Post",1.19707573907615,-0.08,-0.71,0.4,-0.4,-0.2,3.81921595219201,5.384,"development"
2023-10-18,0.108326810605153,-0.100143547441878,"Post",0.00611711084044231,0.49,0.47,-0.33,0.05,0.56,7.22686337967784,5.384,"development"
2023-10-19,-0.0129295291807274,-0.0400293553947328,"Post",-1.92727674626312,0.34,0.79,-0.24,1.14,-0.32,10.7439518485659,5.384,"development"
2023-10-20,0.068599287732285,0.0467024727439203,"Post",-0.546372565573883,0.21,0.05,-0.4,0.1,-0.2,1.43820618623947,5.384,"development"
2023-10-23,-0.120651920522441,0.0467242941451396,"Post",-0.834616308449476,-0.69,0.67,-0.5,0.79,-0.16,-6.37097536514859,5.384,"development"
2023-10-24,0.176150245915796,-0.0400507314611609,"Post",0.202378662059033,0.78,-1.07,0.67,-0.22,-0.32,-7.12044462917918,5.384,"development"
2023-10-25,0.124900455200416,-0.0667155939082953,"Post",0.666013823248512,-0.39,0.44,-0.21,0.14,0.77,6.23286483778234,5.384,"development"
2023-10-26,0.281052758770439,-0.332911952722004,"Post",-2.15984359026589,0.23,0.83,-0.5,0.86,0.04,2.39796173154825,5.384,"development"
2023-10-27,-0.590999254187619,0.55992680617587,"Post",1.26609268321314,0.51,0.43,-0.23,-0.24,0.46,2.81305795719171,5.384,"development"
2023-10-30,-0.287561186144947,0.395164775300838,"Post",-0.955547714453608,-0.22,-1.14,0.87,-0.84,-1,-7.4144137865015,5.384,"development"
2023-10-31,1.73033394030528,-1.63081458983081,"Post",0.52599542838383,0.4,0.09,-0.41,0.75,-0.25,-8.503404666014,5.384,"development"
2023-11-01,-0.562993708969906,0.330666262538237,"Post",2.3785753246969,-1.67,0.83,-0.46,-0.12,0.82,-7.25825481291138,5.35,"development"
2023-11-02,-0.0696148973165389,0.318471606752002,"Post",1.09594035185445,-0.1,-1.62,0.47,-0.98,-0.74,-7.442720599522,5.35,"development"
2023-11-07,0.205233921791503,-0.466294476648255,"Post",-1.34399678950228,0.73,0.24,-0.01,0.01,-0.22,-0.538721841621026,5.35,"development"
2023-11-08,0.393735040555709,-0.199176802004075,"Post",-0.326948705463614,-0.01,-2.42,1.46,-0.68,-1.92,-2.46082137212662,5.35,"development"
2023-11-09,0.21826319588385,-0.178920560636264,"Post",1.48115106284692,-0.36,0.25,0.16,-0.3,0.63,5.65046053825298,5.35,"development"
2023-11-14,-0.860383262210185,0.53587505431052,"Post",0.339516975996368,-0.48,0.61,-0.17,0.08,0.67,-4.14997309067529,5.35,"development"
2023-11-15,0.749053365746644,-0.212046994833859,"Post",2.4882720368149,-0.26,-1.93,1.32,-1.46,-0.86,0.141143283840783,5.35,"development"
2023-11-16,-0.37085791113487,0.318239345690507,"Post",-0.284685431943466,-0.43,0.07,0.27,-0.27,0.31,0.982464042851827,5.35,"development"
2023-11-17,-0.625348404324333,0.512633857899125,"Post",0.479902236681973,0.08,0.75,-0.27,0.15,0.74,-3.69885693693406,5.35,"development"
2023-11-20,-0.857772466544482,1.04670842911636,"Post",-0.588804122604536,0.56,-1.11,0.19,-0.09,-1.16,-2.86678948695722,5.35,"development"
2023-11-21,0.0508243852071821,0.256635516014203,"Post",-0.101554992631137,0.76,-1.14,0.56,-0.3,-1.03,-0.448431244732861,5.35,"development"
2023-11-22,0.805931304327601,-1.20317364726237,"Post",0.292459100976927,-0.11,0.58,-0.19,0.15,0.39,-3.81725735050296,5.35,"development"
2023-11-27,-0.561926153475767,0.455673240377585,"Post",-0.53034719347238,0.27,0.48,-0.16,0.36,0.29,1.82907683669891,5.35,"development"
2023-11-28,-0.855680835093597,0.998995820827275,"Post",-0.117506190223438,0.49,0.28,-0.11,0.33,0.15,0,5.35,"development"
2023-11-29,-0.0170469622132963,0.0135685210519654,"Post",-0.261263476840767,0.29,-1.14,0.71,-0.53,-0.58,2.25954295496478,5.35,"development"
2023-11-30,0.6247071306972,-0.32513745367293,"Post",0.495958767847071,-0.02,0.28,0.1,-0.3,0.55,-0.463321292148811,5.35,"development"
2023-12-01,-0.897663139113947,0.590092260665998,"Post",-0.16551505308815,-0.53,1.27,-0.73,0.6,1,-2.27015619920561,5.345,"development"
2023-12-04,0.204375188590467,-0.101988790074614,"Post",-0.60075683083145,1.1,-0.96,0.57,-0.22,-0.49,3.50094096666527,5.345,"development"
2023-12-05,-0.0282523438845939,-0.0747257261088485,"Post",-1.38002517072717,-0.64,0.83,-0.74,1.07,-0.77,-1.77405346878237,5.345,"development"
2023-12-06,0.260557258520988,0.0679301703996771,"Post",2.02381596541006,-0.33,-0.01,0.17,-0.4,0.68,0.929518698712384,5.345,"development"
2023-12-07,-2.4947992661239,2.10129272310979,"Post",-1.77245270841748,-0.11,1.01,-0.79,1.01,0.05,0.691512551993245,5.345,"development"
2023-12-08,0.902157779953683,-0.539831056968154,"Post",-1.68941366975321,0.1,-0.23,-0.19,0.37,-1.01,-5.58980607742989,5.345,"development"
2023-12-11,0.873605833418623,-1.05050916302334,"Post",1.48679398562912,-0.17,0.33,-0.11,-0.1,0.64,2.24188732884136,5.345,"development"
2023-12-12,-0.506616458048992,0.657852026418038,"Post",0.158146158151951,-0.23,-0.18,0.44,-0.08,0.02,-4.53519012529595,5.345,"development"
2023-12-13,-1.68121877750762,0.192691546787405,"Post",0.251330335026978,0.14,-0.15,0.22,-0.25,0.28,0.989290838374002,5.345,"development"
2023-12-14,-0.945729113575267,2.53937607275887,"Post",-0.731874889052087,0.59,-1.67,0.93,-0.09,-1.31,2.35114194481012,5.345,"development"
2023-12-15,0.376641763433216,-0.190590535227919,"Post",0.866023860031184,0.13,-0.69,0.92,-1.34,0.04,-1.61554402222852,5.345,"development"
2023-12-18,0.507620730778413,-0.870669732717744,"Post",-0.643761580745661,0.21,-0.06,0.01,-0.02,0.08,2.25452383210563,5.345,"development"
2023-12-19,0.788287043204416,-0.404661125696748,"Post",1.39566186152749,0.22,-1.13,0.87,-0.78,0.49,-0.239139213207551,5.345,"development"
2023-12-20,-0.208835418831121,-0.104387775232961,"Post",1.36498942052583,-0.46,-0.03,0.24,-0.32,0.44,8.70778818278812,5.345,"development"
2023-12-21,-0.95336639588206,1.12616165881052,"Post",-1.60284416346048,0.28,0.08,-0.04,0.37,-0.65,-0.146412910488936,5.345,"development"
2023-12-22,0.194204814807808,-0.309032413379917,"Post",0.086201805622288,0.17,0.92,-0.32,0.51,0.3,-4.64851304942151,5.345,"development"
2023-12-27,-0.465045144978271,0.302253068120883,"Post",1.12079485656214,0.18,-0.51,0.24,-0.38,-0.39,-4.40669251598886,5.345,"development"
2023-12-28,-0.27947023690853,0.685200293234534,"Post",-0.421357922316545,0.81,-0.49,0.21,-0.24,-0.67,0.321285416932549,5.345,"development"
2023-12-29,-0.127373637226613,0.113475189481438,"Post",-0.225211236230827,0.2,0.27,-0.11,0.27,0.2,-0.160513678122864,5.345,"development"
2024-01-05,0.134537208397312,0.0484244760595054,"Post",0.267393996422705,-1,1.92,-1.19,0.9,0.96,-5.6783811850178,5.342,"development"
2024-01-10,0.651406083713102,-0.91715293104091,"Post",1.98977606359172,-1.11,-0.82,0.12,-0.26,-0.27,-0.550099619034761,5.342,"development"
2024-01-11,-0.178469445967622,-0.239964463302744,"Post",1.75029989382907,-1.28,0.42,0.01,-0.35,0.83,-1.98971944152628,5.342,"development"
2024-01-12,-0.250949148034518,0.804432128520016,"Post",1.49308343524392,-1.06,-1.09,0.62,-0.5,-0.03,2.06849061535124,5.342,"development"
2024-01-17,0.581721653626532,-0.934333134215937,"Post",-0.397851740020805,-0.28,0.57,-0.17,0.7,0.76,6.63883265331848,5.342,"development"
2024-01-18,-0.0494198974702709,0.161866899845986,"Post",-0.032645503949702,0.38,0.75,0.03,0.01,0.99,-4.56510800262722,5.342,"development"
2024-01-19,-0.0454108354785543,-0.0404912949249159,"Post",1.3918855458682,-0.18,-0.55,0.94,-1.08,0.5,-6.05361614687281,5.342,"development"
2024-01-22,-0.0664348748631305,0.175580812260545,"Post",1.60995955407799,0.09,-0.35,0.46,-0.31,0.04,-0.830506849848511,5.342,"development"
2024-01-23,0.255857999701981,-0.404722306239869,"Post",-0.0804220751289719,-0.18,-0.38,0.08,0.01,-0.43,-4.97383011514301,5.342,"development"
2024-01-24,-0.518588290544919,0.838239208176983,"Post",-0.800317149538721,0.21,0.75,-0.57,0.17,-0.23,4.59403474786715,5.342,"test"
2024-01-25,0.272242320866001,-0.257627261137117,"Post",0.027572711470647,0.86,0.25,0,-0.28,0.58,2.33180929913837,5.342,"test"
2024-01-26,0.113540510085341,-0.169130372150317,"Post",-1.3485871487422,0.61,-0.28,-0.14,0.23,-1.03,-1.42271212901317,5.342,"test"
2024-01-29,-0.359230217164308,0.196217796978981,"Post",0.76867931656146,-0.3,0.92,-0.33,0.28,0.72,2.531780798429,5.342,"test"
2024-01-30,0.177331383941448,-0.0406283862576906,"Post",0.107971957757336,-0.08,-0.56,0.31,-0.45,0.07,-2.15541603349862,5.342,"test"
2024-01-31,-0.237752471455055,0.986503220970381,"Post",0.61048470263696,-0.29,1.07,-0.46,0.55,0.81,7.52343097986099,5.342,"test"
2024-02-01,-0.58980256014145,0.0547120790558964,"Post",-0.761433739947215,0.07,0.2,-0.29,0.48,0.31,-3.33009871269718,5.344,"test"
2024-02-02,1.45664611121745,-1.6015543188904,"Post",0.406155625547022,-0.02,-0.52,0.54,-0.09,-0.14,-0.21637224453106,5.344,"test"
2024-02-05,0.167315423790138,-0.168163359845597,"Post",0.540986295992418,-0.19,0.45,-0.53,0.18,-0.74,-1.30815818974894,5.344,"test"
2024-02-06,-0.591334024365064,0.51209599142048,"Post",-0.533685277773621,-0.06,0,-0.1,0.04,1.14,-4.56495268875732,5.344,"test"
2024-02-07,0.401274123621365,-0.0067551592554338,"Post",-0.112727386288825,-0.28,1.1,-0.32,0.16,1.33,-1.776794522074,5.344,"test"
2024-02-08,0.7521345739955,-0.814024475475605,"Post",2.03714199257821,-0.86,-0.9,0.25,-0.44,0.52,-0.312256303679392,5.344,"test"
2024-02-09,0.0293361320747199,-0.0870642656209064,"Post",0.0925696270179799,-0.26,-0.75,0.37,-0.06,-0.3,1.08865771930149,5.344,"test"
2024-02-14,-0.106802220276636,0.146072663912289,"Post",-0.688939780855158,0.02,-0.28,0.12,0.18,0.56,-9.73311480303889,5.344,"test"
2024-02-15,-0.43997026296223,0.20619249714402,"Post",1.19857076573613,-0.85,-0.15,0.17,-0.65,0.85,-2.60669919439849,5.344,"test"
2024-02-16,0.24377687081083,-0.0998236531833285,"Post",0.859289589329393,0.2,0.25,-0.73,0.05,-0.19,1.62835456349142,5.344,"test"
2024-02-21,0.180940306789301,-0.279850928909831,"Post",-0.264793578653588,-0.34,0.4,-0.02,0.09,0.16,-0.52015721960732,5.344,"test"
2024-02-22,0.135139615681235,-0.21933477272027,"Post",2.16272885835824,-0.54,0.25,0.22,-0.52,1.42,-5.35603238337368,5.344,"test"
2024-02-27,-0.186057321003963,0.219087224562919,"Post",0.0148075974715667,0.36,0.12,-0.22,-0.19,-0.29,-2.28202762590568,5.344,"test"
2024-02-28,0.192675905383854,-0.146111469176535,"Post",-0.0802829449520814,0.51,0,0.27,0.07,0.15,3.00719396543774,5.344,"test"
2024-02-29,-0.404071158231023,0.518997771528884,"Post",-0.106769812764362,0.05,0.35,0.12,-0.15,0.96,-3.2308243232658,5.344,"test"
2024-03-01,0.211175475249048,-0.199933422148213,"Post",1.8833590449308,-1.21,0.3,0.27,-0.59,0.84,-2.18794091812571,5.336,"test"
2024-03-04,0.217962508448988,-0.15965942721019,"Post",0.495901731142645,-0.42,-0.69,0.52,-0.46,-0.02,2.85733724440558,5.336,"test"
2024-03-05,-0.419609958141587,0.199614145727978,"Post",-0.0289252068485624,0.01,0.68,-0.5,-0.05,1.05,6.94375465109545,5.336,"test"
2024-03-06,-0.319098050971833,0.648159697901729,"Post",-0.017084763288544,0.51,0.63,-0.2,0.18,0.04,0.276243269590992,5.336,"test"
2024-03-07,-0.807551695761122,0.733392690059631,"Post",-1.23498407163858,0.06,0.56,-0.56,1.09,-0.55,-0.414651596184878,5.336,"test"
2024-03-08,-0.730789691392131,0.61642870892209,"Post",0.227601748699158,0.23,1.42,-0.7,0.21,0.57,2.05627532965105,5.336,"test"
2024-03-11,0.00472252200856005,0.210862915255738,"Post",-2.21243594384379,0.15,-1.28,0.43,0.37,-1.86,3.20454656723492,5.336,"test"
2024-03-12,0.507081293897471,-0.563573041475429,"Post",-0.0592130708634286,1.15,-0.71,0.51,-0.18,-0.64,-9.5047402244016,5.336,"test"
2024-03-13,0.100419545332908,-0.0270800895298073,"Post",-0.262060906572437,-0.39,0.45,-0.07,0.43,0.43,-0.65241260769433,5.336,"test"
2024-03-14,0.322300681644183,-0.310895086857066,"Post",0.287497448143981,0.11,0.89,-0.26,0.34,-0.06,4.61893824693744,5.336,"test"
2024-03-15,0.537797925239625,-0.639022791356147,"Post",-0.257343815546207,-0.24,1.22,-0.69,0.65,0.23,0.0694203429476126,5.336,"test"
2024-03-18,0.181616457231559,0.00670533409579122,"Post",2.63323124577379,-0.84,-1,0.44,-0.77,0.32,-0.556716817135028,5.336,"test"
2024-03-19,1.02327866089404,-1.06717480477467,"Post",0.660014103401174,-0.29,0.32,0.1,-0.1,0.48,-3.62384235005568,5.336,"test"
2024-03-22,-0.151470748189686,0.158447250419957,"Post",0.178130664552789,-0.31,0.62,-0.42,0.43,0.17,1.07776254938292,5.336,"test"
2024-03-25,0.0447953734168838,-0.0462397207432907,"Post",-1.16679090886773,0.59,0.21,0.08,0.02,0.4,0.990484288093807,5.336,"test"
2024-03-26,0.0651733311492375,-0.105610570872283,"Post",-0.0398207453027766,0.14,0.05,0.26,-0.22,0.2,0.378358377963917,5.336,"test"
2024-03-27,-0.172471664914919,0.151850291615574,"Post",0.898716213854556,-0.12,0.31,-0.02,0.18,-0.17,-3.53611015594737,5.336,"test"
2024-03-28,0.149952662801933,0,"Post",-1.46957821288627,0.17,-0.08,0.6,-0.64,0.21,1.78368435750254,5.336,"test"
2024-04-02,-0.0906880000851373,0.112111331688602,"Post",0.0899525436711457,-1.15,0.63,0.31,-0.3,0.6,6.7966704131639,5.308,"test"
2024-04-03,0.13669410944801,-0.0791504559493283,"Post",-0.976313190846589,0.14,1.52,-0.75,0.62,0.21,-1.93509839225272,5.308,"test"
2024-04-04,-0.337622392863457,0.00659347905154206,"Post",0.811086909240899,-0.57,0.49,-0.12,-0.17,0.5,13.1872655503182,5.308,"test"
2024-04-05,0.320932553835052,0.046166530086289,"Post",-1.98332615046546,0.5,0.62,-0.47,0.91,-0.74,-1.9765930721801,5.308,"test"
2024-04-08,0.152423829021719,-0.125259600384009,"Post",0.906220108700495,-0.28,0.35,-0.31,0,0.63,-5.38246500137802,5.308,"test"
2024-04-09,0.0388217592017792,0.0329478438617414,"Post",1.07708089916549,-0.06,-0.14,0.46,-0.59,0.61,-1.39213385186081,5.308,"test"
2024-04-10,0.706195873597215,-0.768148739786678,"Post",-0.482188936674,0.81,0.29,0.07,0.05,0.02,5.32939619438477,5.308,"test"
2024-04-11,0.302666957293152,-0.189486808958872,"Post",-0.352245821441421,-0.22,1.16,-0.41,0.15,0.72,-5.79778112562739,5.308,"test"
2024-04-12,0.0386223391625862,0.0457053319960821,"Post",0.204948569943753,-0.23,0.14,-0.04,0.1,-0.01,14.9252240411471,5.308,"test"
2024-04-15,0.590148854556682,-0.73527350808531,"Post",-0.738356515763172,0.15,0.98,-0.2,0.2,0.19,10.5187190412571,5.308,"test"
2024-04-16,0.336554011270396,-0.207240537872977,"Post",-1.96032222077527,-0.17,-1.01,0.27,0.18,-2.16,-4.41208949857486,5.308,"test"
2024-04-17,-0.186404980958654,-0.0258748950276555,"Post",-1.33295184626139,0.27,-0.09,0.28,-0.13,0.35,-1.03797708754234,5.308,"test"
2024-04-18,0.298546901069052,0,"Post",0.310094078826673,0.62,0.24,-0.33,-0.09,0.02,-1.1599135843352,5.308,"test"
2024-04-19,-0.0206312860609348,0.0388148536377919,"Post",-2.69178259546035,-0.21,1,-0.92,1.19,-0.54,3.86863823898338,5.308,"test"
2024-04-22,0.145717053413641,-0.142247534654238,"Post",0.993901906555905,-0.13,0.12,-0.56,0.44,-1.02,-9.93804510620899,5.308,"test"
2024-04-23,-0.00183562551798744,-0.0258414627706038,"Post",0.302837500617947,0.14,-0.02,-0.16,-0.09,0.09,-7.66541224789674,5.308,"test"
2024-04-24,0.328370285484691,-0.193598408428564,"Post",2.38899203836684,-0.74,-0.54,0.61,-1.04,1,1.76883954819802,5.308,"test"
2024-04-25,0.290072773455963,-0.26397980754691,"Post",-2.18596097553743,0.56,0.21,-0.34,0.46,-1.29,-3.82944046764169,5.308,"test"
2024-04-26,1.48882816680502,-1.3412732213375,"Post",0.810663167241721,-0.25,-0.3,-0.47,-0.22,0.19,-2.23693537856211,5.308,"test"
2024-05-01,-0.123606393238296,-0.0697991715892243,"Post",-0.343272370843728,-0.15,-0.41,0.13,-0.13,-0.79,-1.67529691353741,5.253,"test"
2024-05-02,-2.75805776394704,2.49194064634688,"Post",-0.0992809921607218,0,0.09,-0.13,0.14,0.34,-4.72319246644184,5.253,"test"
2024-05-08,0.573696055319628,-0.535467877285356,"Post",-1.64269212922488,1.02,-0.04,-0.23,-0.13,-0.29,-1.75376206653275,5.253,"test"
2024-05-09,-0.102924937048732,-0.167148865659872,"Post",-0.336644638221983,0.11,1.04,-0.45,0.35,0.13,-2.41350757352405,5.253,"test"
2024-05-10,0.23529220774825,-0.109138777565132,"Post",0.406615810024391,-0.24,-0.02,-0.19,-0.04,0.08,-1.10936161485031,5.253,"test"
2024-05-13,0.446350266735873,-0.205115128640809,"Post",-0.129959262391566,0.62,-0.38,0.13,-0.39,-0.12,8.03491271642134,5.253,"test"
2024-05-14,0.0599778257243333,-0.21108524804534,"Post",0.461485891569247,-0.53,-0.92,-0.01,0.32,-1.08,-1.33236611984708,5.253,"test"
2024-05-15,-0.89316723089472,0.950186912684181,"Post",0.0773242361908899,-0.83,0.37,0.18,-0.45,0.32,-7.50255086328191,5.253,"test"
2024-05-16,0.374133084890094,-0.148257996022227,"Post",1.38291617209436,-0.82,-1.61,1.14,-0.83,-0.21,-0.241254640538369,5.253,"test"
2024-05-17,0.117458986213137,-0.205907028544239,"Post",-0.342000167598044,0.29,0.99,-0.54,0.11,0.74,-3.52351074659101,5.253,"test"
2024-05-20,0.402699086217284,-0.333697287129109,"Post",0.725178261649795,0.02,0.73,-0.28,-0.41,0.68,1.32562007471346,5.253,"test"
2024-05-21,-0.0820952864345248,0.00640676554652941,"Post",-0.314676839433758,0.02,0.36,0.26,0.18,0.83,-2.4157776216978,5.253,"test"
2024-05-22,0.407724278300448,-0.262341386022413,"Post",-0.8504766657353,0.02,0.11,-0.24,0.63,-0.32,3.56145300083641,5.253,"test"
2024-05-23,0.107009471975639,-0.357211580957539,"Post",1.25096329873706,-0.55,0.03,0.24,-0.14,0.32,3.83127464665045,5.253,"test"
2024-05-24,0.0808459234454162,0.0955566245668393,"Post",-1.17586934040101,0.02,0.72,-0.45,0.54,0.2,-6.80424339346235,5.253,"test"
2024-05-29,0.340425423760538,-0.457841318651653,"Post",-0.771199695129887,-0.49,0.74,-0.4,0.5,0.29,10.0083458556982,5.253,"test"
2024-05-30,-0.393322306278421,0.630073683493304,"Post",-1.31246744381244,0.84,0.01,-0.34,0.48,-0.68,1.32175837319544,5.253,"test"
2024-05-31,0.184109092703144,-0.356892864957548,"Post",1.13342863709391,0.14,0.45,-0.33,0.21,0.41,-11.3301042288937,5.253,"test"
2024-06-03,-0.64496425645757,0.73428801016906,"Post",1.12422001102566,-0.6,0.53,-0.36,-0.01,0.11,1.45987994211527,5.253,"test"
2024-06-04,-0.797813057979768,0.752632931037223,"Post",-0.220086150537924,0.52,-1.93,0.97,-0.21,-1.61,0.380662812156274,5.253,"test"
2024-06-05,0.688972026688051,-0.861520051483389,"Post",-0.898236076870518,0.26,-0.92,-0.04,0.49,-1.27,-4.11069895347715,5.253,"test"
2024-06-06,-0.224908639455368,0.147346194056563,"Post",0.552740957984987,-0.56,0.39,0.19,-0.16,0.89,-0.396668509010523,5.253,"test"
2024-06-07,0.833596124790326,-0.383926757741637,"Post",-0.0506025277948297,0.57,-0.47,0.16,-0.22,0.02,-2.90342975288453,5.253,"test"
2024-06-10,0.12471171487185,-0.223278457086096,"Post",0.911536096722187,0.19,0.81,-0.18,0.11,0.95,4.1672696400568,5.253,"test"
2024-06-11,0.0238064298019758,-0.24821015129799,"Post",0.247221191513169,0.06,-0.55,0.47,-0.37,0.08,0.859716119721154,5.253,"test"
2024-06-12,-0.0834363632302271,0.919546709310026,"Post",-0.66164845315182,0.71,0.22,0.06,-0.15,0.06,-6.5109371460554,5.253,"test"
2024-06-13,0.147443838302097,-0.569328260993096,"Post",-0.40269559057986,-0.17,-1.06,0.69,-0.28,-1.19,-0.834033191621897,5.253,"test"
2024-06-14,0.196909055606076,-0.324789331841657,"Post",0.242703320515503,1.26,0.42,-0.27,0.12,0.74,5.85533087515744,5.253,"test"
2024-06-17,0.347337992675589,-0.330075201291802,"Post",-1.85171118928089,0.69,-0.52,-0.16,0.33,-0.96,0.708385488840468,5.253,"test"
2024-06-18,0.116417564018345,-0.00633693482674502,"Post",0.991513589722359,-0.06,-0.06,0.13,-0.14,0.19,-3.59320092260629,5.253,"test"
2024-06-21,0.542569581290842,-0.42737793666463,"Post",-0.0946529692965825,-0.37,-0.23,-0.1,0.11,-0.51,-0.604231445596248,5.253,"test"
2024-06-24,0.00620161037883094,-0.162927721215134,"Post",0.537926329746519,-0.06,-0.08,0.01,0.19,-0.06,0.980030459829218,5.253,"test"
2024-06-25,-0.061887656071935,0.0187858105063832,"Post",0.945147832293003,-0.62,0.91,-0.48,0.44,0.62,-3.74518359288021,5.253,"test"
2024-06-26,0.836280848645199,-0.624299692792718,"Post",1.25298093268515,-0.06,-0.72,0.35,-0.42,0.34,-2.28446326840221,5.253,"test"
2024-06-27,0.00574996588031951,-0.0124463252385354,"Post",-0.824041435674694,0.76,0.29,-0.13,0.44,-0.27,-2.5011388493613,5.253,"test"
2024-06-28,-0.0399868941177939,-0.111947272093005,"Post",0.612079612395533,-0.86,0.77,-0.44,0.25,0.67,1.62078102268532,5.253,"test"
2024-07-01,0.340302856315411,-0.415594680611076,"Post",0.121140003205156,-0.82,1.27,-0.66,0.98,0.29,-1.78431335675842,5.253,"test"
2024-07-02,0.131984466915114,0.012380834484027,"Post",1.11318087115393,-1.09,-0.04,0.03,0.1,0.7,-1.56704237568617,5.253,"test"
2024-07-03,-0.0723810803943792,0.0309587940926725,"Post",1.25490996901956,-0.18,-0.88,0.6,-0.52,-0.22,0.497513464011368,5.253,"test"
2024-07-08,0.0814206350391977,-0.0248833593819775,"Post",-0.322353203318215,0.26,-0.57,0.17,-0.31,-0.3,-0.885317653688489,5.253,"test"
2024-07-09,0.287947351667128,-0.391098366097964,"Post",1.94144406495127,-0.58,-0.99,0.74,0.34,-0.01,1.12541380744231,5.253,"test"
2024-07-10,0.227944046109041,-0.204252229583801,"Post",0.603798690876012,-0.88,0.09,-0.04,0.22,0.21,2.68154868624091,5.253,"test"
2024-07-11,-1.63807949743648,1.9669080287434,"Post",0.932789559076497,0,0,0.08,0.06,-0.81,0.543268701322708,5.253,"test"
2024-07-12,-0.727054576042718,0.442394704960591,"Post",-2.4777236252028,2.14,-0.9,0.09,-0.43,-1.59,-3.62529849951487,5.253,"test"
2024-07-17,-1.40724465165767,1.2756813113656,"Post",-0.430701248047249,0.18,0.16,-0.32,0.33,-1.28,9.33094202283473,5.253,"test"
2024-07-18,0.88706075215299,-0.261538119929483,"Post",-2.39186897990837,0.7,0.93,-0.54,0.55,-1.06,9.54357369643866,5.253,"test"
2024-07-19,0.124913272862459,-0.260855881972155,"Post",-0.156029189354001,-0.16,-0.12,0.23,-0.15,0.38,3.63676441708751,5.253,"test"
2024-07-22,-0.301959715701861,0.190803339702761,"Post",-1.16690684341449,-0.36,0.34,-0.42,0.41,-0.89,-10.2539639316185,5.253,"test"
2024-07-23,-0.855288173684476,0.677102554964204,"Post",-0.0116423858234072,0.51,0.56,-0.38,0.05,0.29,-1.28250154759169,5.253,"test"
2024-07-24,-1.29627384655788,1.70005064001497,"Post",-1.11631442908973,0.21,-0.7,0.25,-0.13,-0.04,20.3384401333747,5.253,"test"
2024-07-25,0.0203676447906087,-0.37740804818096,"Post",-3.33779944390553,1.68,0.19,-0.13,-0.23,-1.9,2.30147144402286,5.253,"test"
2024-07-26,-0.10724688061603,0.0714680211038043,"Post",-0.535103846536344,0.37,0.1,0.13,0.37,-0.55,-11.8934836318968,5.253,"test"
2024-07-29,0.291792346680531,-0.0649730384756353,"Post",2.10478396019695,-0.36,-0.1,0.2,-0.08,0.85,1.27313026067593,5.253,"test"
2024-07-30,-0.511774671609322,0.156006271890252,"Post",0.148893624952606,-0.5,-0.29,0.39,-0.22,0.19,6.35968128091964,5.253,"test"
2024-07-31,-2.40212966672839,2.19673417467625,"Post",1.48369730083271,-0.03,1.45,-0.68,0.37,1.1,-7.8160176997093,5.253,"test"
2024-08-01,0.147729760948101,0.21302098322975,"Post",-2.52638936576037,0.16,0.05,0.21,0.4,-0.78,12.7784470558752,5.252,"test"
2024-08-02,-2.36192784720526,2.07386910168577,"Post",-5.98976655807864,0.59,-0.62,0.92,-0.22,-2.86,22.9684778862735,5.252,"test"
2024-08-05,-2.06387240785078,2.08305060425404,"Post",-13.2340780120044,1.12,-2.06,1.25,0.08,-4.39,50.0166191624049,5.252,"test"
2024-08-06,0.434451480081099,-0.802605844481707,"Post",9.73655582905479,-1.24,-1,0.76,-0.74,2.98,-33.0681413345249,5.252,"test"
2024-08-07,1.4912354839232,-1.57935802581406,"Post",1.18731280856714,-1.03,0.84,-1.02,0.82,2.03,0.503960749840582,5.252,"test"
2024-08-08,0.739284879604485,0.230899932807116,"Post",-0.73932588939094,0.87,-1.02,0.79,-0.66,-1,-15.7567642058427,5.252,"test"
2024-08-09,-0.437437292535714,0.401948969139276,"Post",0.554999087658992,0.5,0.7,-0.12,0.4,1.62,-15.5202094076152,5.252,"test"
2024-08-14,0.383910490852823,0.0748732295129173,"Post",0.577697302018976,-0.25,0.5,-0.47,-0.01,0.26,-11.2622532925289,5.252,"test"
2024-08-15,1.20600629710035,-1.38623445786497,"Post",0.776862216161334,-0.37,0.98,-0.51,0.16,0.36,-6.11266007824738,5.252,"test"
2024-08-16,-0.912740981380855,0.525183000815321,"Post",3.57316345067922,-0.88,-0.45,0.56,-0.22,1.45,-2.8639986137001,5.252,"test"
2024-08-19,-0.609301547024366,1.16110623754642,"Post",-1.7867631754747,0.34,0.12,-0.08,-0.03,-1.25,-1.01868453069929,5.252,"test"
2024-08-20,-1.11287555367374,0.492949101733764,"Post",1.78741998483414,0.66,-1.42,0.41,-0.5,-0.57,8.06201203559134,5.252,"test"
2024-08-21,-0.0416604810332899,0.35064837055625,"Post",-0.292364634512232,-0.22,-0.24,0.15,-0.12,-0.17,2.42624654119568,5.252,"test"
2024-08-22,0.957105435216077,-0.53578916468906,"Post",0.680676043356954,0.42,-1.17,0.63,-0.51,-0.5,7.57310286809285,5.252,"test"
2024-08-23,-1.57156536315095,0.763336237530687,"Post",0.400286370848058,-0.41,0.52,-0.34,0.11,-0.06,-10.1253733705173,5.252,"test"
2024-08-26,0.283499812719068,0.241904945694138,"Post",-0.664407005676182,1.42,-1.69,0.78,-0.43,-1.01,1.81198334619639,5.252,"test"
2024-08-27,-0.272414035324298,0.173148223471209,"Post",0.467023646585218,0.37,0.32,0.09,-0.02,-0.04,-4.56063832935962,5.252,"test"
2024-08-28,0.481762586523704,-0.145464646576343,"Post",0.216904827751208,-0.89,0.15,0.07,-0.17,0.26,10.3349421529033,5.252,"test"
2024-08-29,0.0750728810164691,-0.352392833144144,"Post",-0.0240570416291774,-0.09,0.17,0.2,0.02,0.2,-8.919217091794,5.252,"test"
2024-08-30,1.10895597719693,-0.666829542739222,"Post",0.74073566319175,0.02,0,0.02,0.2,0.71,-4.2420715883952,5.252,"test"
2024-09-04,-1.35093839089673,1.04092209302982,"Post",-4.32819484435605,1.02,-0.03,-0.12,0.27,-0.26,2.85461819063615,5.103,"test"
2024-09-05,-0.100198353956005,0.611665214186452,"Post",-1.05969810467883,0.57,0.16,0,0.28,-0.35,-6.89258675671969,5.103,"test"
2024-09-06,-0.995489114894221,0.910497955520118,"Post",-0.727245467092175,0.08,0.42,-0.31,0.35,-0.16,11.7447971153332,5.103,"test"
2024-09-09,0.477117696976315,-0.554290140428826,"Post",-0.484029943774544,0.29,-0.52,0.11,-0.16,0.37,-14.0320632819324,5.103,"test"
2024-09-10,-0.361299103312307,0.448808607495454,"Post",-0.156380191788763,0.38,-0.26,0.4,0.15,0.43,-1.9206404044315,5.103,"test"
2024-09-11,-0.147500243216037,0.39436670829831,"Post",-1.50294843715919,-0.19,-0.3,-0.1,0.16,0.21,-7.56411578484464,5.103,"test"
2024-09-12,-0.202933179267761,-0.366249176832323,"Post",3.35006920371406,-0.49,-0.92,0.84,-0.6,0.67,-3.56769713653451,5.103,"test"
2024-09-13,-0.674361162810788,1.11701408857225,"Post",-0.685175730256837,0.24,0.16,-0.09,-0.01,0.23,-3.03323878492354,5.103,"test"
2024-09-18,0.0292023732312519,-0.112795218162631,"Post",0.487578082412732,0.29,0.54,0.09,-0.17,-0.03,3.46016661824571,5.103,"test"
2024-09-19,0.286693400218541,-0.667113881702175,"Post",2.10833873054845,-0.68,-0.36,0.45,-0.16,0.51,-11.0064681708198,5.103,"test"
2024-09-20,1.04803606525627,-0.71134967651334,"Post",1.51868776479294,-0.34,-0.22,0.11,-0.14,0.33,-1.10838573137082,5.103,"test"
2024-09-25,1.13836818856594,-0.444167570397269,"Post",-0.185540777279591,0.22,-0.18,0.23,-0.36,-1.33,0.129870148123645,5.103,"test"
2024-09-26,0.11975351582949,-0.186793094542281,"Post",2.74867950772322,-0.72,-0.37,0.19,-0.16,1.23,-0.259909178152018,5.103,"test"
2024-09-27,-1.90009227992656,1.44808991037015,"Post",2.29564476228141,-1.1,-0.74,0.56,-0.46,-0.19,9.84400728132528,5.103,"test"
2024-09-30,1.02530377525967,-0.454784761465366,"Post",-4.91425399552003,1.48,1.16,-0.81,0.74,-0.4,-1.36541153650245,5.103,"test"
2024-10-01,-0.115305378487962,-0.28580410518062,"Post",1.91309337524892,-0.65,0.18,0.13,-0.05,0.93,14.0826891371247,4.603,"test"
2024-10-02,2.02462894830209,-1.64996321870952,"Post",-2.20569221719629,0.15,1.32,-0.64,0.37,-1.09,-1.88684843043827,4.603,"test"
2024-10-03,0.297813339658148,-0.525831784888453,"Post",1.9468713867985,-0.3,-0.75,0.3,-0.3,-0.18,8.07750401852116,4.603,"test"
2024-10-04,1.30638872704698,-1.26562550264966,"Post",0.216511320568635,-0.04,0.47,-0.23,0.2,0.02,-6.45059854703431,4.603,"test"
2024-10-07,-0.286463583233987,0.377333511517097,"Post",1.78826020560194,-0.83,0.37,-0.12,0.51,0.6,16.4287276554517,4.603,"test"
2024-10-08,-0.0482648858159074,-0.0607389929252022,"Post",-1.00984271035518,0.25,-0.36,0.46,0.04,0.88,-5.53931883153793,4.603,"test"
2024-10-09,0.780838088712921,-0.659003124644819,"Post",0.870472347625828,0.02,-1.59,0.66,-0.66,0.31,-2.64916154469765,4.603,"test"
2024-10-10,-0.559054384574997,0.429877072521023,"Post",0.261712594959818,-0.71,0.91,-0.79,0.47,-0.38,0.335008688528227,4.603,"test"
2024-10-11,0.428081036476025,-0.376243389283015,"Post",0.569489892168029,-0.07,-0.15,0.17,0.01,0.52,-2.2711775934428,4.603,"test"
2024-10-16,0.0686687859044355,-0.327836241837787,"Post",-1.84666305180308,0.51,1.09,-0.46,0.46,0.04,-5.27223035109978,4.603,"test"
2024-10-17,0.385932842420322,-0.273488480507478,"Post",-0.689219952853648,-0.25,1.11,-0.75,0.48,-0.41,-2.42968788501825,4.603,"test"
2024-10-18,-0.505134549457109,0.360360750329924,"Post",0.181171796314494,-0.11,0.17,-0.32,-0.07,0.04,-5.81747210369561,4.603,"test"
2024-10-21,1.06974025642974,-0.593236200726555,"Post",-0.0696722417673712,0.38,-1.17,0.49,-0.64,-0.19,1.86818620118085,4.603,"test"
2024-10-22,0.26668480154175,-0.424431965488203,"Post",-1.40279960379193,-0.34,0.61,-0.27,0.3,-0.17,-0.929730514428462,4.603,"test"
2024-10-23,1.01505419173926,-1.11872711914973,"Post",-0.802703638112767,-0.35,0.48,-0.24,0.17,-0.68,5.55698511548108,4.603,"test"
2024-10-24,-0.430192141322383,0.617042787498789,"Post",0.100802454234383,-0.08,-0.16,0.22,0.02,0.33,-0.835077921742,4.603,"test"
2024-10-25,0.141007674769789,-0.138180643799579,"Post",-0.603153061651263,-0.41,0.06,-0.09,0.19,-0.34,6.34569616201146,4.603,"test"
2024-10-28,0.649812125526061,-0.740283114748852,"Post",1.80772034795087,-0.01,-0.9,0.38,-0.64,-0.29,-2.64156899397654,4.603,"test"
2024-10-29,0.153803697689092,-0.169557885934069,"Post",0.769331723422617,-0.19,0.19,-0.37,0.14,0.2,-2.35064476753415,4.603,"test"
2024-10-30,-0.0164017858292009,0.208727490821925,"Post",0.956018755774224,-0.63,-0.25,0.05,-0.19,0.15,5.09054218634559,4.603,"test"
2024-10-31,-0.995605009462119,0.52373278470661,"Post",-0.500622291664499,0.98,0.31,-0.18,-0.36,0.16,12.934574081619,4.603,"test"
2024-11-01,0.541580804247843,-0.386518218436116,"Post",-2.66452806401816,0.51,0.92,-0.89,0.12,-0.66,-5.6853675151014,4.603,"test"
2024-11-06,2.09170240984484,-1.70944333593006,"Post",2.58051044080698,-1.29,0.13,-0.06,0.07,1.31,-23.0614041019862,4.603,"test"
2024-11-07,-1.1633790982077,0.942452785160874,"Post",-0.251730749217316,-0.03,1.88,-0.68,0.5,-0.26,-6.80274933787159,4.603,"test"
2024-11-08,-0.146831928588886,0.359818516503285,"Post",0.301616140466976,-0.22,-1.27,0.8,0.01,1.38,-1.72532481475591,4.603,"test"
2024-11-13,0.69138084139162,-0.354827635917321,"Post",-1.67596459120958,0.93,0.58,-0.26,0.37,-0.26,-4.8042653006902,4.603,"test"
2024-11-14,0.447343977490267,-0.436962525364226,"Post",-0.481404902099136,-0.2,0.6,-0.26,0.32,0.31,2.04737119619156,4.603,"test"
2024-11-15,-1.21802977820766,0.882311310615425,"Post",0.277823269838784,-0.43,0.43,-0.2,-0.12,0.01,12.0342069273443,4.603,"test"
2024-11-18,0.20923850724035,-0.122830283407094,"Post",-1.09821388376989,0.68,0.52,-0.01,0.02,-0.53,-3.53126223992004,4.603,"test"
2024-11-19,0.147438656632737,0.284679281285616,"Post",0.505199202566331,-0.08,0.14,-0.26,-0.11,-0.01,4.82398569006603,4.603,"test"
2024-11-20,0.336551562760912,-0.671576849281763,"Post",-0.161762735463,0.3,-0.5,0.27,-0.27,0.2,4.83531967165538,4.603,"test"
2024-11-21,-0.591923445937237,0.464457034138555,"Post",-0.854093599819628,0.78,-0.02,-0.25,-0.19,-0.56,-1.70441975019395,4.603,"test"
2024-11-22,0.241669682981982,-0.045250332069191,"Post",0.675352933733642,0.05,0.25,0.05,0.04,0.59,-10.1613346299377,4.603,"test"
2024-11-25,-0.405889811198668,0.284771404664674,"Post",1.2880123676192,-0.81,-0.61,0.01,-0.05,-0.03,-4.29020215442093,4.603,"test"
2024-11-26,-0.745028407117809,0.519853012961757,"Post",-0.875764803135226,0.76,-0.24,0.23,-0.06,-0.33,-3.48467313301684,4.603,"test"
2024-11-27,-1.21232759857879,1.84106718952535,"Post",-0.801890294795093,-0.09,-0.88,0.33,0.26,0.36,0,4.603,"test"
2024-12-02,0.114111894725744,0.767514696388094,"Post",0.795066299563096,-0.94,0.92,-0.52,0.32,0.5,-1.26631114846294,4.353,"test"
2024-12-03,-0.112636835975577,0.0938400765960523,"Post",1.89260332792891,-0.43,-0.16,0.14,-0.03,0.47,-0.30030052597696,4.353,"test"
2024-12-04,0.676672380777088,-0.708322373445736,"Post",0.0701175765195572,-0.47,-0.96,0.91,0,-0.05,1.121507082014,4.353,"test"
2024-12-05,-0.235519604449985,-0.00665845457517023,"Post",0.303055995503065,0.35,0.14,0.13,0.06,0.47,0.666916143628082,4.353,"test"
2024-12-06,-0.0611630084775605,0.273360839626857,"Post",-0.775752465528612,0.36,0.42,-0.14,0.02,-0.56,-5.8549597439681,4.353,"test"
2024-12-09,0.969207425172813,-0.970042820151118,"Post",0.177197542597618,0.42,-0.35,0.2,-0.12,-0.17,10.5438821127503,4.353,"test"
2024-12-10,0.424357863830993,-0.534143510064133,"Post",0.527404923192343,-0.44,-0.03,0.06,-0.04,-0.74,-0.0704970067969768,4.353,"test"
2024-12-11,0.329170535233159,-0.190545082126814,"Post",0.0118110521359682,-0.23,0.47,0.01,0.27,0.62,-4.32343989734316,4.353,"test"
2024-12-12,0.0929609362223083,0.177392379227381,"Post",1.20400786100436,-0.46,-0.06,0.13,0.06,0.57,2.47285327757236,4.353,"test"
2024-12-13,0.630544894028207,-1.09219227686177,"Post",-0.954878675513093,0.64,0.16,-0.04,-0.06,0.03,-0.793368748507284,4.353,"test"
2024-12-16,0.402803427068399,-0.28578871101308,"Post",-0.0328147466079898,0.11,0.3,-0.14,0,0.52,6.17740227645851,4.353,"test"
2024-12-17,-0.399893061563672,0.500667517443443,"Post",-0.235492229891676,0.01,-0.85,0.25,0.24,-0.44,7.72635443525318,4.353,"test"
2024-12-18,0.667993620067264,-0.383852655694739,"Post",-0.721438494031013,0.17,0.34,0.04,-0.67,-0.1,55.4109613442829,4.353,"test"
2024-12-19,1.71540097231544,-2.39321080857531,"Post",-0.688439722091694,0.3,0.44,-0.03,0.17,0.33,-13.6743331354366,4.353,"test"
2024-12-20,-0.400570164865588,1.03238235308076,"Post",-0.288149095569423,0.08,-0.14,0.25,-0.28,-0.5,-27.1622431434436,4.353,"test"
2024-12-23,0.387693581323934,-0.593966299963089,"Post",1.18013412294431,-0.24,0.09,0,-0.29,0.55,-8.99866841532839,4.353,"test"
2024-12-24,0.0601821964256288,-0.159068528434503,"Post",-0.318396385311104,-0.22,0.98,-0.42,0.14,-0.89,-16.2028269550315,4.353,"test"
2024-12-27,-0.104514854731486,0.177361166402523,"Post",1.78616386920378,-0.18,-0.61,0.34,-0.16,-0.12,7.95725987563145,4.353,"test"
2024-12-30,-0.508765642239339,0.29842239360125,"Post",-0.964439341999856,0.67,0.55,-0.36,0.15,-0.42,8.70113769896297,4.353,"test"
2025-01-07,0.354037881170477,-0.177574881771125,"Post",1.95558966167297,-1.05,-0.93,0.42,-0.64,-0.38,10.5235819604295,4.103,"test"
2025-01-08,0.229733563597456,-0.309999299279706,"Post",-0.255394673917131,-0.04,0.25,-0.18,-0.29,-0.07,-0.675678246288003,4.103,"test"
2025-01-15,-1.01170801475763,0.858374369139181,"Post",-0.0772762200359267,-0.21,0.64,-0.54,0.37,0.17,-14.8997403207516,4.103,"test"
2025-01-16,-0.757135551013866,0.743497848751762,"Post",0.332445612541221,-0.1,-0.37,0.1,-0.1,0.48,2.93419582840153,4.103,"test"
2025-01-17,0.510713897143367,-0.551743235824631,"Post",-0.314551323008594,0.18,0.21,-0.1,-0.03,-0.12,-3.86907331355766,4.103,"test"
2025-01-22,0.730960335577269,-0.724106845306682,"Post",1.57175412615498,-0.35,-0.64,0.24,-0.08,0.05,0.265252144913131,4.103,"test"
2025-01-23,-0.35238236203261,0.396648207325434,"Post",0.785430904771189,-0.77,-0.09,0.06,0.38,0.53,-0.531209748489037,4.103,"test"
2025-01-24,-0.0617966387816082,0.26959384709091,"Post",-0.0673168479631059,0.73,-0.6,0.04,-0.13,0.27,-1.138278108728,4.103,"test"
2025-01-27,-0.688005475133213,0.877991437381365,"Post",-0.921239787454908,0.2,0.86,-0.54,0.07,-0.79,18.6800847598001,4.103,"test"
2025-01-28,0.588819937320206,-0.922974248280273,"Post",-1.3970992044726,0.7,-0.58,-0.16,-0.19,-0.22,-8.69098077447097,4.103,"test"
2025-01-29,-0.134335742201142,0.276643146162403,"Post",1.01467561616051,-0.34,-0.18,0.24,0.17,0.71,0.909924385511429,4.103,"test"
2025-01-30,-0.696731870400225,0.516730254532316,"Post",0.251340740141082,0.19,0.54,0.07,0.18,0.29,-4.4451762570834,4.103,"test"
2025-01-31,0.551996886166561,-0.316814023760159,"Post",0.147989961063999,-0.32,0.65,-0.02,0.43,0.79,3.65705456628973,4.103,"test"
2025-02-03,-0.285881223218798,0.148583637917543,"Post",-2.69542565011918,0.83,0.15,-0.09,0.5,0.72,12.5127339799744,4.037,"test"
2025-02-04,-0.239443844557119,0.0776096274887728,"Post",0.719831206169808,-0.44,0.1,-0.15,0.42,0.05,-7.87456616254731,4.037,"test"
2025-02-05,-1.0034170966239,1.45331503155983,"Post",0.0853022439375906,0.18,0.01,0.29,0.02,-0.06,-8.73812092485009,4.037,"test"
2025-02-06,-0.731978519151655,0.190557602756236,"Post",0.603483229829926,0.65,-0.68,0.53,-0.17,0.06,-1.72693770497463,4.037,"test"
2025-02-07,-0.177457585364094,0.487902332673773,"Post",-0.718043559809267,0.69,0.3,-0.24,0.16,-0.11,6.49416656703443,4.037,"test"
2025-02-10,0.436190115555046,-0.277209602638795,"Post",0.0364746236686031,0.42,-0.54,0.33,-0.36,-0.29,-4.51390383741646,4.037,"test"
2025-02-13,-1.12893587399787,0.935679341088136,"Post",1.26943093507172,-0.48,0.3,-0.17,0.2,-0.13,-5.09952367277458,4.037,"test"
2025-02-14,-0.321857517943291,0.608979389144082,"Post",-0.793888987108993,-0.26,0.49,-0.2,1.25,0.57,-2.20966472775905,4.037,"test"
2025-02-19,-0.358065094634297,0.079087857546245,"Post",-0.269752153150726,0.07,-0.36,0.3,-0.34,-0.09,-0.522535480266484,4.037,"test"
2025-02-20,-1.1618417859907,1.35415278679769,"Post",-1.25015357798652,0.15,0.05,0.16,-0.04,-0.36,2.52195713321157,4.037,"test"
2025-02-21,-0.412588017713134,0.093607923390504,"Post",0.255374292908961,-0.72,-0.19,0,0.13,-0.61,15.086120317686,4.037,"test"
2025-02-26,0.10894547447915,-0.0268258334383376,"Post",-0.249855589829906,-0.06,0.08,0.14,-0.03,-0.12,-1.71299283367641,4.037,"test"
2025-02-27,0.498474045270525,-0.448266230842886,"Post",0.297911672568318,-0.06,0.85,-0.27,0.28,0.03,10.1005496575381,4.037,"test"
2025-02-28,0.628053325277866,-0.559181326577729,"Post",-2.91930457955836,1.06,1.1,-0.59,0.55,0.35,-7.36348233395958,4.037,"test"
2025-03-03,-0.622736212633335,0.319149207064395,"Post",1.68128285358886,-0.33,0.21,-0.1,-0.19,0.43,14.8823949730666,3.852,"test"
2025-03-04,-0.295415301615432,0.903106783629415,"Post",-1.20957348017043,0.28,0.18,-0.16,-0.15,0.05,3.15429045329423,3.852,"test"
2025-03-05,-0.202360650308497,-0.00671975271560044,"Post",0.232938367591018,0.13,0.41,-0.38,0.06,-0.47,-6.95703001221815,3.852,"test"
2025-03-06,-0.697853008289728,0.620115225236084,"Post",0.763256906719079,-0.1,0.54,-0.04,0.82,0.79,12.5806695385517,3.852,"test"
2025-03-07,0.173648026883999,0.521982000689825,"Post",-2.19270610261013,0.85,1.33,-0.83,0.03,-1.38,-6.22091092645469,3.852,"test"
2025-03-10,-0.418274512973404,-0.0135924969626444,"Post",0.381788084849255,-0.03,-0.71,0.22,-0.65,-1.66,17.5738819800893,3.852,"test"
2025-03-11,0.175460614029266,-0.224009868646124,"Post",-0.637107557295735,0.53,-0.44,0.32,-0.3,-0.32,-3.43224635751325,3.852,"test"
2025-03-12,0.437211596377551,-0.567952845160136,"Post",0.0705861286000697,-0.09,0.33,-0.2,0.44,1.08,-10.5277969948093,3.852,"test"
2025-03-13,-0.367043313888615,0.412120976503605,"Post",-0.0789576115289847,-0.01,0.59,-0.29,0.29,0.58,1.7590962907764,3.852,"test"
2025-03-14,0.62384525462913,-0.540140399034517,"Post",0.712513440181795,-0.22,0.11,-0.09,-0.13,0.29,-12.4649622489742,3.852,"test"
2025-03-17,0.399881524207357,-0.0336621001596704,"Post",0.922563300575163,-0.33,0.55,-0.41,0.47,-0.06,-5.96203031621667,3.852,"test"
2025-03-18,0.0962721511191589,-0.624058391697258,"Post",1.19323166359777,-0.62,0.53,-0.32,0.26,-0.08,5.63996884621245,3.852,"test"
2025-03-19,-0.212328201428758,-0.353911758006742,"Post",-0.247469281938351,-0.01,0.5,-0.29,0.17,0.02,-8.6592528815967,3.852,"test"
2025-03-24,0.913605165876819,-1.17444296671945,"Post",-0.182159840662344,0.09,-0.38,0.27,-0.15,-0.08,-9.80109189550102,3.852,"test"
2025-03-25,-0.371293913254478,0.645571441102,"Post",0.456433246839616,0,-0.47,0.33,-0.23,-0.44,-1.90591966154408,3.852,"test"
2025-03-26,0.389319525370979,-0.612396242575919,"Post",0.650990462105661,0.05,-0.22,0.2,0.27,0.18,6.65408882396648,3.852,"test"
2025-03-27,0.279486811815532,-0.185639514958158,"Post",-0.599575089470505,0.13,0.13,-0.26,0.39,0.18,1.94495596158584,3.852,"test"
2025-03-28,-0.799861204298313,0.471401463863064,"Post",-1.81435110097432,0.59,0.05,0.27,0.2,0.73,14.7016832981027,3.852,"test"
2025-03-31,0.15063905366568,0.239872183246259,"Post",-4.13260232916883,1.17,0.12,-0.04,-0.04,0.11,2.86839606105844,3.852,"test"
2025-04-01,-0.167388761539744,0.334113240983491,"Post",0.0194267318054386,-0.56,0.02,-0.01,-0.11,-0.44,-2.31565398126272,3.853,"test"
2025-04-02,0.306245833746743,-0.387467917452611,"Post",0.284203422254414,-0.18,-0.53,0.63,-0.39,0.06,-1.20149319668172,3.853,"test"
2025-04-03,-2.78024146392211,2.66213950858072,"Post",-2.81004782800629,0.88,-1.79,0.68,-0.46,-0.69,33.3345882925677,3.853,"test"
2025-04-04,0.363744115936004,0.0753502107781578,"Post",-2.7888516778253,-0.6,-1.98,0.91,-0.54,-0.6,41.1663932473731,3.853,"test"
2025-04-07,1.09475430097339,-1.3814912284599,"Post",-8.15027473704095,0.65,0.2,0.01,-0.22,-0.6,3.61942205517201,3.853,"test"
2025-04-08,-1.13197015283277,0.637333501831172,"Post",5.85053671599383,0.19,0.4,-0.13,0.25,1.06,10.784784115335,3.853,"test"
2025-04-09,1.36918221216109,1.32143924183481,"Post",-4.01295312234176,0.94,-0.73,0.32,-0.46,0.01,-44.2448692403647,3.853,"test"
2025-04-10,-2.51192700234304,0.518261188346614,"Post",8.73545941250207,-2.34,-0.67,0.79,0.38,0.63,19.1598244261798,3.853,"test"
2025-04-11,-1.54285995299079,0.534890650452446,"Post",-3.00169556622958,2.72,-1.09,0.39,-1,-0.33,-8.0779717902205,3.853,"test"
2025-04-14,0.158018940446691,0.425785028842984,"Post",1.17447582671311,0.18,-0.15,0.04,0.04,-0.01,-19.5507147409572,3.853,"test"
2025-04-15,0.140541429205721,-0.0978815711231817,"Post",0.835698395825446,-0.86,0.33,-0.15,0.01,0.13,-2.52431039987973,3.853,"test"
2025-04-16,-0.99222724458774,0.378072283990516,"Post",-1.01819471025042,0.26,-0.06,0.19,0.01,0,8.03491271642134,3.853,"test"
2025-04-17,0.771251844060394,0.161465863996568,"Post",1.33885861830834,-0.54,0.24,-0.03,0.31,0.9,-9.60764046521718,3.853,"test"
2025-04-22,0.368779225578564,-0.0426015342995356,"Post",-0.173195808815585,0.24,0.71,-0.39,0.31,-0.52,-10.1033207567691,3.853,"test"
2025-04-23,1.88261246548476,-1.2486494282669,"Post",1.87597692123997,-1.18,0.59,-0.08,0.43,-0.32,-7.18709753304032,3.853,"test"
2025-04-24,-1.04660641787189,0,"Post",0.487843665428045,-0.8,0.42,-0.17,0.01,-0.37,-7.21361443333302,3.853,"test"
2025-04-25,1.15304789737389,-0.775170612257536,"Post",1.88454523918136,-0.81,-0.43,0.27,-0.32,-0.36,-6.3556759173732,3.853,"test"
2025-04-28,-0.856683585982276,0.733115519466931,"Post",0.375284891392624,-0.24,0.3,-0.36,-0.02,-0.22,1.24026394804702,3.853,"test"
2025-05-01,1.52457500679422,-1.97847555834567,"Post",1.12258564225574,-0.85,-0.8,0.82,-0.68,-0.42,-0.405680069561454,3.853,"test"
2025-05-02,-0.396537898131699,0.662071383934837,"Post",1.03269084074942,-0.39,-0.9,0.66,-0.37,-0.46,-8.12629640787659,3.853,"test"
2025-05-08,1.82552741212629,-1.37751806160962,"Post",0.404215598639723,0.08,-0.04,0.08,-0.44,-0.18,-4.64997954369366,3.853,"test"
2025-05-09,-0.692897737640674,0.213344425575546,"Post",1.5442598068466,-0.38,0.4,-0.16,0.4,-0.17,-2.61393882030352,3.853,"test"
2025-05-12,2.08010375942367,-2.00525065787733,"Post",0.375075674998904,0.53,1.14,-0.41,0.19,-1.19,-17.4679598206225,3.853,"test"
2025-05-13,-0.65394250935249,0.229854076320457,"Post",1.42167138869738,-1.18,-0.19,-0.15,-0.58,-1.28,-0.928714678441755,3.853,"test"
2025-05-14,-0.319127641800998,0.822322755438964,"Post",-0.144486975249691,0.12,0.23,-0.14,0.6,-0.1,2.1716380017109,3.853,"test"
2025-05-15,-0.718275343604802,0.63666140090044,"Post",-0.98209046095743,0.42,-0.32,0.15,0.08,0.5,-4.33538399738724,3.853,"test"
2025-05-16,0.0382534570942727,-0.281178390512604,"Post",-0.0047411422427146,0.16,-0.16,0.1,-0.32,0.82,-3.36501666395019,3.853,"test"
2025-05-19,-0.782319404176102,0.707882410283744,"Post",-0.677961491066981,0.32,0.4,-0.44,0.12,0.52,5.08871794514438,3.853,"test"
2025-05-20,-0.182591251064457,0.186393343806213,"Post",0.0822624950226114,-0.6,-0.16,0.05,0.11,-0.01,-0.276014527978674,3.853,"test"
2025-05-21,-0.298997403214729,0.72122365331504,"Post",-0.616104349453828,0.14,1.41,-1,0.31,-0.54,14.2953421681905,3.853,"test"
2025-05-22,0.0341950972576388,-0.146051422143678,"Post",-0.843003261830866,0.45,-0.44,0.07,0.02,0.79,-2.86775423661267,3.853,"test"
2025-05-23,-1.09537327620766,0.893548702665115,"Post",0.470961406121084,-0.21,0.2,0.29,0.31,0.64,9.45029686747949,3.853,"test"
2025-05-28,0.26238389069202,-0.463011780487221,"Post",-0.00453301285983088,0.22,0.28,-0.14,0.4,-0.49,1.82915996135473,3.853,"test"
2025-05-29,-0.59179721377971,0.657146210175252,"Post",1.86618626917578,-1.04,0.07,0.23,0.03,-0.54,-0.675502698513109,3.853,"test"
2025-05-30,-0.075801481966753,-0.0624414631589687,"Post",-1.22486284894112,0.74,0.78,-0.53,-0.04,0.1,-3.23206940906777,3.853,"test"
2025-06-02,-0.755055212730138,0.989762035447317,"Post",-1.31088230495564,0.8,0.04,-0.09,0.61,1.37,-1.13729901722701,3.853,"test"
2025-06-03,0.969717427038175,-0.816217165262056,"Post",-0.0636967522311238,0.16,-0.05,-0.01,0.02,-0.04,-3.71748770206501,3.853,"test"
2025-06-04,-0.825283021917045,0.71120087808767,"Post",0.79963976497126,0.08,0.04,0.1,-0.04,-0.16,-0.453258566357961,3.853,"test"
2025-06-05,0.451740276102663,-0.669505255523895,"Post",-0.512497878135854,0.91,-0.55,0.57,-0.21,0.18,4.82221437054235,3.853,"test"
2025-06-06,0.86095113966822,-0.692667450461837,"Post",0.497025437462639,-0.41,0.29,0.19,0.03,0.34,-9.70974903784207,3.853,"test"
2025-06-09,-0.217242766048864,0.345733991183739,"Post",0.91510377858075,-0.32,-0.61,-0.08,0.09,0.24,2.29895182246991,3.853,"test"
2025-06-10,0.318028872023168,-0.373341141610961,"Post",0.322254200498939,-0.04,-0.59,0,-0.55,-0.57,-1.23132602333573,3.853,"test"
2025-06-11,-0.148201317832308,0.297177038915741,"Post",0.547235118342826,0.52,-0.68,0.39,-0.51,-1.05,1.81238518288227,3.853,"test"
2025-06-12,-0.707503336631632,0.583092031079335,"Post",-0.64783132029973,0.44,0.14,-0.17,0.24,0.83,4.30905665249099,3.853,"test"
2025-06-13,0.184206694792488,-0.278086942279288,"Post",-0.891604007435554,-0.07,0.7,-0.44,0.74,0.74,14.4431811006631,3.853,"test"
2025-06-16,0.721778793258965,-0.0694010715620585,"Post",1.25308978593566,-0.17,0.16,-0.34,0.16,0.28,-8.5702304934641,3.853,"test"
2025-06-17,0.212824156426095,-0.622451695029991,"Post",0.586639707280767,0.16,-0.27,0.11,-0.05,-0.11,12.2481556437938,3.853,"test"
2025-06-18,-0.0532787358792586,0.317657887444422,"Post",0.900035770119523,-0.52,-0.41,0.34,-0.11,0,-6.99854273997031,3.853,"test"
2025-06-23,-0.0174323694012379,-0.376210300419544,"Post",-0.128039923002454,0.23,-0.18,0.11,-0.19,0.12,-3.90655360571093,3.853,"test"
2025-06-24,-0.971855992472026,1.07767800035798,"Post",1.1315746648604,-0.23,-0.64,0.22,0.02,-0.06,-12.6138572304315,3.853,"test"
2025-06-25,0.367456723376147,-0.475060275859818,"Post",0.389823917872079,0.13,-0.36,0.51,-0.14,0.06,-4.20622751734525,3.853,"test"
2025-06-26,-0.543909728230174,0.862282444110729,"Post",1.63644912506538,-0.39,0.3,0.16,0.36,-0.53,-1.01949908515837,3.853,"test"
2025-06-27,0.321175698721898,-0.27674017938546,"Post",1.4202467925859,-0.74,0.07,0.53,0.07,-0.56,-1.64087546663922,3.853,"test"
2025-06-30,-0.609138607181547,0.394587061416996,"Post",0.834845119243433,-0.3,-0.32,-0.08,-0.2,0.03,2.48121654627718,3.853,"test"
2025-07-01,-0.295980618239167,0.410078767547439,"Post",-1.24529219017315,0.15,1.11,-0.6,0.53,0.34,0.595949320398192,3.853,"test"
2025-07-02,0.0805615618745925,-0.125287132696617,"Post",-0.561389161544312,-0.17,1.39,-0.35,0.53,-0.83,-1.13535728096519,3.853,"test"
2025-07-03,1.07800802537898,-0.831259981936583,"Post",0.0588824076032779,-0.08,0.83,-0.32,0,-1.41,-1.57483569681394,3.853,"test"
2025-07-08,0.471910270252263,-0.649197619528241,"Post",0.255132523795609,0.64,-0.16,0.04,-0.1,-0.22,-5.66625542572194,3.853,"test"
2025-07-09,-0.0822563024645451,0.190904810143522,"Post",0.333215878817228,0.5,0.77,-0.68,0.25,-0.37,-5.31422740584553,3.853,"test"
2025-07-10,-0.0523799040817785,0.0477832017010016,"Post",-0.44023021823616,0.49,0.06,-0.12,-0.18,0.31,-1.00883579443405,3.853,"test"
2025-07-11,0.684504016569143,-0.5651078868528,"Post",-0.19359721579022,0.15,1.04,-0.75,0.17,-0.98,3.85380194124245,3.853,"test"
2025-07-14,0.408262209133614,-0.271204993676655,"Post",-0.278529788705484,0.29,0.23,-0.07,-0.11,0.32,4.76280489892544,3.853,"test"
2025-07-15,0.726830041760662,-0.715156198752087,"Post",0.551951143508411,-0.52,0.34,0.05,0.41,-0.08,1.04107360178385,3.853,"test"
2025-07-16,-0.846543655617804,0.451437616049688,"Post",-0.0368533867062482,0.08,-0.53,0.3,-0.04,0.42,-1.27390257774294,3.853,"test"
2025-07-17,0.690083564322874,-0.316893364337467,"Post",0.597729990142426,-0.04,-0.71,-0.01,-0.26,0.36,-3.80093259669843,3.853,"test"
2025-07-18,0.170955039321807,0,"Post",-0.205920020380468,-0.29,0.43,-0.5,0.37,-0.32,-0.668086299083281,3.853,"test"
2025-07-23,-0.046492779623053,-0.129732700589535,"Post",3.45053345408441,-2.04,0.61,-0.51,-0.82,-2.25,-7.09428233560305,3.853,"test"
2025-07-24,0.245672369474015,-0.252155379456465,"Post",1.57843871652741,-0.79,-0.01,-0.36,0.36,0.54,0.130039030028373,3.853,"test"
2025-07-25,0.363446160506831,-0.576878996407615,"Post",-0.888811275899748,1.09,0.2,0.05,0.18,0.94,-3.0345336299689,3.853,"test"
2025-07-28,0.677850991164153,-0.459119029422617,"Post",-1.11083011631923,0.72,-0.06,0.38,-0.56,-1.69,0.667559221378422,3.853,"test"
2025-07-29,0.0412574879723682,-0.0808026439492515,"Post",-0.792728095491313,0.51,0.29,0.1,0.24,0.15,6.12897365732454,3.853,"test"
2025-07-30,0.569731286053221,-0.335976663307758,"Post",-0.048813927078406,0.04,-0.07,0.09,0.36,0.81,-3.17890721765477,3.853,"test"
2025-07-31,0.925939750699456,-1.0211321083454,"Post",1.01590947313035,0.11,-0.32,-0.04,0.19,0.49,7.70567394949744,3.853,"test"
2025-08-01,-1.95169746221926,1.70097183508409,"Post",-0.660126775723491,0.48,0.98,-0.27,-0.18,0.32,19.7948420138023,3.852,"test"
2025-08-04,-0.335097334888701,0.657295268370017,"Post",-1.25516043499356,0.73,-0.37,0.19,-0.01,0.43,-15.1210942286333,3.852,"test"
2025-08-05,0.258414519167927,-0.271573254015944,"Post",0.640376338679616,0.11,0.27,-0.1,-0.25,0.41,1.8660422717403,3.852,"test"
2025-08-06,-0.25724382319825,0.162855433971565,"Post",0.603165660441363,0,0.64,-0.63,-0.01,0.44,-6.2411932390531,3.852,"test"
2025-08-07,0.024993570098486,-0.0678886652007549,"Post",0.645761688218194,-0.3,-0.04,-0.02,0.27,1.18,-1.19977443966457,3.852,"test"
2025-08-08,0.493268086266063,-0.237248035363091,"Post",1.83724617325112,-0.72,0.25,-0.36,-0.05,-0.03,-8.95932994830932,3.852,"test"
2025-08-13,-0.298819840478348,0.37281859824061,"Post",1.29431187275308,-0.51,-0.39,0.61,-0.3,0.14,-1.64274741419481,3.852,"test"
2025-08-14,0.241792818618647,-0.298365990652272,"Post",-1.45575521236676,0.79,0.42,-0.53,0.31,0.36,2.319339981725,3.852,"test"
2025-08-15,-0.253575068225942,0.468289565948243,"Post",1.69496233350461,-1.45,0.18,-0.3,0.39,0.33,1.73801166299166,3.852,"test"
2025-08-18,0.46675838658512,-0.515674911224817,"Post",0.77159618578051,0.42,-0.69,0.53,-0.85,-0.27,-0.664896066525111,3.852,"test"
2025-08-19,-0.242952548019071,0.027074590662135,"Post",-0.38509982202104,0.56,0.14,0.56,-0.35,-1.01,3.79626737314007,3.852,"test"
2025-08-20,-0.181616790856598,0.359432077986721,"Post",-1.52196196892671,0.22,1.18,-0.39,0.43,-0.55,0.767758089903392,3.852,"test"
2025-08-21,0.75341164414735,-0.785007753233558,"Post",-0.651193336534206,0.52,0.66,-0.22,0.22,0.32,5.63791286175568,3.852,"test"
2025-08-22,-0.879525502106171,1.03670000541962,"Post",0.0542446319444778,-0.24,0.85,-0.66,0.4,0.39,-15.4753270987403,3.852,"test"
2025-08-25,0.518574787693415,-0.536631386627029,"Post",0.408539268154229,0.28,-0.29,-0.08,-0.47,-0.06,3.93018523476139,3.852,"test"
2025-08-26,-0.229319133699013,0.210233708032082,"Post",-0.970451813515361,0.56,0.11,-0.21,0.03,0.33,-1.15608224010759,3.852,"test"
2025-08-27,0.139383220214651,-0.305033281762324,"Post",0.296462536306841,-0.03,0.38,0.08,-0.03,-0.12,1.56094109270759,3.852,"test"
2025-08-28,-0.358156473803906,0.522513318548246,"Post",0.722963659588061,-0.46,0.31,-0.17,-0.02,0.6,-2.86904924629292,3.852,"test"
2025-08-29,0.00994079170744122,0.0544439920893147,"Post",-0.25791605985912,0.51,0.07,-0.28,-0.09,0.27,6.24573549337466,3.852,"test"
2025-09-03,-0.0941863220050188,0.175557101132551,"Post",-0.882148710840625,0.84,0.17,0.66,-0.14,-1.04,-4.89357775661214,3.853,"test"
2025-09-04,0.412757095676364,-0.44504456463601,"Post",1.5177441707408,-0.53,0.15,-0.27,0.05,0.94,-6.63750689448728,3.853,"test"
2025-09-05,-0.77651312783007,1.21164375321694,"Post",1.02450667141412,-0.26,0.26,-0.26,-0.08,-0.14,-0.787405643090588,3.853,"test"
2025-09-08,-0.0144701878093567,-0.502684300158673,"Post",1.44253952140172,-0.28,-0.36,0.13,-0.09,0.25,-0.462199568283594,3.853,"test"
2025-09-09,0.0605384258405284,0.237441175290343,"Post",-0.423682454520069,0.31,-0.22,0.53,-0.06,-0.04,-0.464345776295438,3.853,"test"
2025-09-10,0.0339649082718108,-0.0950441347854714,"Post",0.866885558379238,-0.5,-0.1,-0.41,0.67,1.31,2.04021555115124,3.853,"test"
2025-09-11,-0.174766160488105,0.135805004915035,"Post",1.21264147632179,-0.36,-0.07,-0.09,-0.13,0.19,-4.25879394198598,3.853,"test"
2025-09-12,0.287144708289278,-0.460986512246464,"Post",0.887637078517578,-0.29,-0.35,0.17,-0.06,-0.22,0.339328455898036,3.853,"test"
2025-09-17,0.221509930985242,0.136556077481398,"Post",-0.249496604329558,-0.14,-0.62,0.5,-0.03,-0.68,-3.99055441735405,3.853,"test"
2025-09-18,0.853292961192231,-1.12780596183137,"Post",1.13893628420279,0.03,-0.64,0.35,-0.23,-0.21,-0.127307464679838,3.853,"test"
2025-09-19,-0.121333766424936,0.128443485632168,"Post",-0.570277510215078,0.6,0.25,-0.81,0.1,0.92,-1.60517090105077,3.853,"test"
2025-09-22,-0.0444075649106868,0,"Post",0.989300362904189,-0.21,0.12,0.23,0,-0.47,4.12102686466627,3.853,"test"
2025-09-25,0.623615316845028,-0.716945012062897,"Post",0.272735678646896,-0.22,0.54,-0.24,0.16,0.07,3.40251534309832,3.853,"test"
2025-09-26,-0.155277235763895,0.173738767391374,"Post",-0.877934189470153,0.57,0.92,-0.65,0.37,0.52,-9.06020451203582,3.853,"test"
2025-09-29,-0.528654259755346,0.63739354980461,"Post",-0.688596389341178,0.18,-0.06,0.06,-0.1,0.61,5.28617171375116,3.853,"test"
2025-09-30,-0.495639570585249,0.404667713481821,"Post",-0.246998282201538,-0.66,0.06,-0.55,0.42,0.03,0.987662349591201,3.853,"test"
2025-10-01,-0.590323851988428,0.54891202778693,"Post",-0.853302344804874,-1.11,-0.29,0.63,-0.21,-0.95,0.0614062039559382,3.613,"test"
2025-10-02,0.156445884092671,-0.129027894712941,"Post",0.862426700431485,-0.08,-0.11,-0.44,-0.29,-0.94,2.06568705908823,3.613,"test"
2025-10-03,0.30561984434252,0.0135740464440204,"Post",1.83624299948679,-0.59,-0.68,0.2,0.28,-0.34,0.12019232216165,3.613,"test"
2025-10-06,1.8539739474257,-1.80936498222275,"Post",4.64315844376451,-1.13,-1.79,0.96,-1.23,0.35,-1.69598250434091,3.613,"test"
2025-10-07,0.98822231347202,-0.763641281912619,"Post",0.0127638754134907,0.06,0.43,-0.07,-0.32,0.05,5.17818738525033,3.613,"test"
2025-10-08,0.52682095788823,-1.02011480568756,"Post",-0.451248165142992,-0.42,0.15,-0.37,0.25,0.99,-5.606715742283,3.613,"test"
2025-10-09,0.283499302916512,-0.21584859739292,"Post",1.75563087981221,-0.41,0.04,-0.38,0.42,0.02,0.794382423646001,3.613,"test"
2025-10-10,-0.725065366147204,0.727895931634581,"Post",-1.01716789926964,0,-1.16,0.85,-0.28,-1.2,27.6358309523668,3.613,"test"
2025-10-15,-0.388790948683315,0.369661784737652,"Post",1.74644745112751,0.17,-0.04,-0.53,0.15,0.54,-0.820269979218091,3.613,"test"
2025-10-16,-0.593565668239826,0.304676351728261,"Post",1.26123071428346,-0.45,0.38,-0.42,0.05,0.16,20.3968633943671,3.613,"test"
2025-10-17,0.153380484498999,0.278995796755233,"Post",-1.45128939529986,0.34,0.14,0.47,-0.04,-0.34,-19.7208588885951,3.613,"test"
2025-10-20,0.0875475059356479,-0.172803445898584,"Post",3.31411737066851,-0.9,-0.41,-0.57,-0.07,1.06,-13.092239698051,3.613,"test"
2025-10-21,0.900131462051501,-0.74758047219694,"Post",0.265092403527589,-0.28,-0.17,0.42,-0.14,-0.48,-1.99452595192349,3.613,"test"
2025-10-22,0.0896321183787574,-0.0461269818069709,"Post",-0.016770791282994,0.37,0.29,0.34,-0.24,0.09,4.0038251547819,3.613,"test"
2025-10-23,0.296821038685069,-0.610819277872476,"Post",-1.36027432973673,0.73,0.77,0.02,0.22,0.23,-7.24550792154224,3.613,"test"
2025-10-24,0.252269905750291,-0.0654578801928096,"Post",1.34376441929085,-0.56,0.07,-0.39,-0.15,0.4,-5.52561101206899,3.613,"test"
2025-10-27,-0.029075079443075,-0.176522552456948,"Post",2.43002852918917,-0.41,0.37,-0.73,0.06,1.08,-3.60735631154929,3.613,"test"
2025-10-28,-0.477729322092202,0.622483417483455,"Post",-0.582024148383553,-1.1,-0.32,-0.09,0.11,0.23,3.91232757567317,3.613,"test"
2025-10-29,0.290300536365251,0.151290934958404,"Post",2.14428384260206,-1.27,-0.29,0.05,-0.08,1.22,2.99962501537951,3.613,"test"
2025-10-30,0.928164216190774,-1.47676494526765,"Post",0.0349984014604843,0.09,0.54,-0.34,0.59,0.5,-0.0591191267588442,3.613,"test"
2025-10-31,0.0115693306307119,0.0778664629570436,"Post",2.09331322463466,-0.63,-1.47,0.67,0.26,0.61,3.08612555703447,3.613,"test"
2025-11-05,0.413861505579405,-0.36403862604546,"Post",-2.52680181174334,0.42,0.2,0.24,0.27,-0.52,-5.35118199785756,3.5818888889,"test"
2025-11-06,-0.627455509142161,0.742480941211188,"Post",1.32828243182441,-0.92,0.71,-0.9,0.28,1,7.94873063818362,3.5818888889,"test"
2025-11-07,0.22570784654059,-0.058817764660013,"Post",-1.20070580486633,0.03,-0.22,0.88,-0.2,-2.08,-2.17737995495604,3.5818888889,"test"
2025-11-10,0.413086217180592,-0.6057663858547,"Post",1.25587527161688,0.46,0.02,-0.05,0.43,0.27,-8.07417639760342,3.5818888889,"test"
2025-11-13,-0.156454622862823,0.15531973093994,"Post",0.42702629956235,-0.31,0.73,-0.37,0.27,0.76,13.296012725623,3.5818888889,"test"
2025-11-14,0.233739997189009,-0.15531973093994,"Post",-1.78111063890682,0.07,1.28,-0.07,-0.05,-1.19,-0.853633102228635,3.5818888889,"test"
2025-11-17,0.250129700302359,-0.361477284904321,"Post",-0.104507993786918,0.03,0.23,-0.47,0.26,0.94,12.0971760352075,3.5818888889,"test"
2025-11-18,0.118406642487345,-0.154519732006619,"Post",-3.27400928946435,1.11,0.58,0.41,0.16,-1.65,9.82306004733089,3.5818888889,"test"
2025-11-19,1.09520635303046,-0.762653102138611,"Post",-0.339940360688296,-0.22,0.56,-0.39,0.42,-0.06,-4.26124448068474,3.5818888889,"test"
2025-11-20,0.514603747331277,-0.496753027615959,"Post",2.61547758372789,-0.54,-0.26,0.02,0.11,1.55,11.0335440543939,3.5818888889,"test"
2025-11-21,-0.80414528336541,0.528680488696232,"Post",-2.43396919507166,1.15,0.45,0.47,-0.13,-2.01,-12.0104046574475,3.5818888889,"test"
2025-11-26,0.179676762014713,-0.0511705268936957,"Post",1.83178185099617,-0.5,0.24,-0.31,-0.27,0.42,-7.66809079632962,3.5818888889,"test"
2025-12-01,-0.423616497995516,0.571521863899971,"Post",-1.90977445816554,0.23,0.94,-1.08,0.57,-0.4,5.30043678922842,3.4047272727,"test"
2025-12-02,-0.0136898701793786,-0.41131163385506,"Post",0.000344804051266578,-0.93,0.22,-0.22,0.63,-0.37,-3.84321610331937,3.4047272727,"test"
2025-12-03,-0.357721646299591,0.482176510391241,"Post",1.13188781902558,-0.27,-0.38,0.43,-0.63,0.89,-3.1223840451533,3.4047272727,"test"
2025-12-04,0.0384192543198214,0.174154267256998,"Post",2.3069795910974,-1.07,-0.12,-0.62,-0.13,-0.05,-1.88329483330918,3.4047272727,"test"
2025-12-05,0.220008708582853,-0.257898273181922,"Post",-1.05703991954247,0.59,-0.01,-0.74,0.26,0.6,-2.37266660857038,3.4047272727,"test"
2025-12-08,0.462777745733822,-0.379190016994801,"Post",0.178226236533519,0.42,0.44,-0.21,-0.38,0.29,7.79939874066722,3.4047272727,"test"
2025-12-09,0.577214461086495,-0.613930431209742,"Post",0.144532105513129,-0.42,0.35,-0.21,0.08,0.07,1.60765594063474,3.4047272727,"test"
2025-12-10,-0.625527374936086,0.332077704745437,"Post",-0.103300591165301,-0.02,0.68,-0.13,-0.22,-0.71,-7.0977795170097,3.4047272727,"test"
2025-12-11,-0.553051171133978,0.757676669484386,"Post",-0.901192601146228,-0.22,0.5,0.2,-0.29,-0.63,-6.01095357262387,3.4047272727,"test"
2025-12-12,0.519484762693079,-0.424492533487442,"Post",1.36205993465115,-0.71,0.62,-0.8,0.1,0.14,5.82053777405487,3.4047272727,"test"
2025-12-15,-0.40676246426985,0.33429796481661,"Post",-1.32360181947995,0.83,0.26,0.07,0.01,-0.58,4.71551379172777,3.4047272727,"test"
2025-12-16,-0.201698364435909,0.316037542547054,"Post",-1.5767458009023,0.36,0.1,0.41,0.07,-0.91,-0.121285642520919,3.4047272727,"test"
2025-12-17,0.432437310189915,-0.515465058866393,"Post",0.260861175372185,-0.02,-0.04,-0.11,0.05,-0.13,6.68870960267078,3.4047272727,"test"
2025-12-18,0.10424030411369,0.0449972687822431,"Post",-1.03698097287896,0.62,0.16,0.36,0.03,-1,-4.34977239501566,3.4047272727,"test"
2025-12-19,1.34311779497822,-1.21422759700689,"Post",1.02674056464345,0.05,0.11,-0.32,-0.13,0.93,-12.350476778123,3.4047272727,"test"
2025-12-22,-0.455194658742819,0.31810689759082,"Post",1.79202790545059,-0.47,0.27,-0.37,-0.08,0.16,-5.72767780467509,3.4047272727,"test"
2025-12-23,-0.356815501975571,0.383068846139611,"Post",0.020790503417345,0.23,-0.3,0.12,0.1,-0.1,-0.56980211146378,3.4047272727,"test"
2025-12-24,-0.264449992004723,0.320348813170934,"Post",-0.136506706541262,0.23,0.07,0.11,0.19,0.04,-3.85923391929857,3.4047272727,"test"
2025-12-29,-0.243061388941523,0.338950856918441,"Post",-0.441303906415946,0.61,0.56,-0.63,0.12,0.39,4.31721718652085,3.4047272727,"test"
2025-12-30,0.515107659167535,-0.102445904721193,"Post",-0.371660366110405,-0.08,0.34,-0.08,0.21,0.01,0.91132772328657,3.4047272727,"test"
2026-01-06,0.256941121525278,-0.242796106750198,"Post",1.31343377552735,-0.46,0.22,-0.77,0.72,0.57,-1.01181301655844,3.083,"test"
2026-01-07,0.0884119611146872,-0.0191430304001372,"Post",-1.06451939525094,1.09,0.47,-0.33,0.18,0.11,4.18248812916691,3.083,"test"
2026-01-08,0.183149962791651,-0.108408007301097,"Post",-1.63900880531802,0.66,0.03,0.28,-0.32,0.01,0.45410392662566,3.083,"test"
2026-01-09,0.640424482501967,-0.742931315031647,"Post",1.59648791453364,-0.46,0.26,-0.09,-0.23,-0.66,-6.41502470111637,3.083,"test"
2026-01-14,-0.108133668045252,0.586400999376391,"Post",1.4683128505288,-0.41,0.46,-0.08,0.25,0.69,4.70603179329467,3.083,"test"
2026-01-15,-0.197406865834537,-0.233711378210977,"Post",-0.425498695340565,0.52,-0.11,-0.41,-0.23,0.03,-5.58598718847958,3.083,"test"
2026-01-16,-0.141133430892193,0.303298602274804,"Post",-0.322694167764759,0.78,0.77,-0.7,0.26,0.32,0.126182982042211,3.083,"test"
2026-01-21,0.1256231077849,-0.170859082856456,"Post",-0.409320262345325,0.18,-0.02,0.18,-0.19,1.01,-17.2908556897815,3.083,"test"
2026-01-22,0.0127084644699238,-0.1263743375568,"Post",1.71753176802856,0.32,0.66,-0.6,0.01,0.51,-7.74818868118623,3.083,"test"
2026-01-23,-1.55375677064802,0.500111826397553,"Post",0.293818751367247,0.07,-0.04,-0.23,-0.05,-0.06,2.83662258871265,3.083,"test"
2026-01-26,-1.27094182069691,2.36967260898595,"Post",-1.80198054862331,0.41,-0.35,0.84,0.19,-0.51,0.372208866437385,3.083,"test"
2026-01-27,-1.10750877184924,0.553909728114999,"Post",0.844092955101949,-0.24,0.22,-0.42,0,1.02,1.2307847674597,3.083,"test"
2026-01-28,0.644929448503673,-0.371784011062726,"Post",0.0471824344634442,-0.49,-0.06,0.03,0.25,0.59,0,3.083,"test"
2026-01-29,-0.186953050844929,0.469852078155419,"Post",0.0316486800560511,-0.36,1.24,-1.02,0.08,0.96,3.19015918245484,3.083,"test"
2026-01-30,1.15587868055567,-0.950466109743964,"Post",-0.098876795862779,-0.29,0.18,-0.29,0.91,-0.62,3.26369293130226,3.083,"test"
2026-02-02,0.342316828046929,-0.74877705898313,"Post",-1.26003254392817,0.46,-0.45,0.68,-0.82,-0.93,-6.5150329048977,2.912,"test"
2026-02-03,0.440616748717471,-0.128534722066398,"Post",3.847671533957,-1.2,0.96,-1.15,0.32,2.29,9.67556684643078,2.912,"test"
2026-02-04,0.582654117829051,-0.582755963838988,"Post",-0.783939879200091,0.14,2.94,-1.76,0.69,1.56,3.49380513612805,2.912,"test"
2026-02-05,0.230416459286609,-0.191375409263461,"Post",-0.87932089060363,0.62,0.35,0.11,0.24,-0.71,15.5223065989011,2.912,"test"
2026-02-06,-0.00939066529355159,-0.121015269059832,"Post",0.806209727429597,-0.8,1.07,-0.86,0.45,1.25,-20.3584137682432,2.912,"test"
2026-02-09,-0.653422250498537,0.651384894671914,"Post",3.81587681017077,-0.81,-0.28,-0.79,-0.17,2.06,-2.278002833182,2.912,"test"
2026-02-10,-0.827108894727413,1.15995629748289,"Post",2.25700212172057,-0.2,-0.28,-0.52,-0.49,0.9,2.44677924455394,2.912,"test"
2026-02-13,-0.228784298605866,-0.0851314677654536,"Post",-1.21813162036961,-0.51,-0.16,0.82,-0.12,-0.88,-1.06229873912875,2.912,"test"
2026-02-18,0.906981789542094,-0.571393022698885,"Post",1.01548374960707,0,0.08,0.02,-0.21,0.49,-3.35786997005063,2.912,"test"
2026-02-19,0.298432797293557,-0.329659973415009,"Post",0.565371507132362,-0.27,0.54,-0.75,0.31,1.14,3.06171970424369,2.912,"test"
2026-02-20,-0.261877797688115,-0.0193579610218819,"Post",-1.12366247915627,0.4,-0.3,0.14,-0.11,0.34,-5.80020134419978,2.912,"test"
2026-02-25,0.398399844836561,-0.410309589618851,"Post",2.17779816503487,-0.16,-1.71,1.32,-1.15,-0.08,-8.64999988143333,2.912,"test"
2026-02-26,-0.158960442702849,0.108824387400208,"Post",0.29022530074645,-0.63,-0.53,-0.29,0.29,-0.37,3.82978969964554,2.912,"test"
2026-02-27,0.0197399918938856,0.0512524836640438,"Post",0.164756814396583,0.64,0.98,-0.88,0.33,0.2,6.39344740035295,2.912,"test"
2026-03-02,0.909859272693847,-0.912199735874797,"Post",-1.35670011952858,0.22,-0.24,0.45,-0.82,0.56,7.65506775855749,2.912,"test"
2026-03-03,-0.149967718608668,-0.133261434195919,"Post",-3.1107068218466,0.26,0.25,-0.25,0.39,-0.33,9.47163807454383,2.912,"test"
2026-03-04,-0.153965280629365,0.483123436686661,"Post",-3.68015751580266,-0.27,-2.22,2.22,-0.12,-3.75,-10.8334811455753,2.912,"test"
2026-03-05,0.364785104647947,-0.413341976691317,"Post",1.88553077176206,1.48,0.53,-1.34,0.44,2.6,11.5942624988364,2.912,"test"
2026-03-06,0.320361868652075,-0.0380686509260819,"Post",0.618186639586682,-0.13,-1.45,0.71,-0.56,-1.21,21.6468692346534,2.912,"test"
2026-03-09,-0.77210636319327,-0.278728167275499,"Post",-5.33976725316396,0.19,-0.62,0.53,0.13,-3.89,-14.5372770662804,2.912,"test"
2026-03-10,0.894893352020709,0.304105657577924,"Post",2.841303591957,0.25,0.18,-1.24,0.52,2.69,-2.2606554628914,2.912,"test"
2026-03-11,0.305898424892614,-0.777427042328505,"Post",1.42210370453526,-0.11,-0.04,-0.18,-0.12,1.39,-2.8480362707032,2.912,"test"
2026-03-12,0.471309422100497,-0.238963766084943,"Post",-1.04571419049453,-0.85,-0.78,1.04,-0.18,-1.08,11.8928799891813,2.912,"test"
2026-03-13,0.0804474789105392,-0.207058897507029,"Post",-1.1699310805545,0.16,-0.22,-0.21,0.4,-0.12,-0.367107607586759,2.912,"test"
2026-03-16,-0.271019810082596,0.150545756698062,"Post",-0.127283676795997,0.56,-0.48,-0.33,0.09,0.39,-14.5423396092401,2.912,"test"
2026-03-17,-0.0293665302849355,0.169635324817818,"Post",-0.0944798069452801,-0.5,0.68,-0.52,0.05,-0.65,-4.970508704994,2.912,"test"
2026-03-18,0.427251451849564,-0.282565884532904,"Post",2.82562027293984,-0.17,1.08,-1.08,0.27,2.65,11.4748584876293,2.912,"test"
2026-03-19,-1.23823177879823,0.81216803026658,"Post",-3.43802726562767,-0.06,-0.21,0.63,0.19,-1.79,-4.1918649831798,2.912,"test"
2026-03-24,0.575765117665039,-0.125944601030703,"Post",1.42009871120425,0.21,0.97,-0.56,0,1.08,3.01341068440744,2.912,"test"
2026-03-25,0.191376631071005,-0.188619986761207,"Post",2.82530709588205,-0.02,0.2,-0.8,-0.06,2.3,-6.19938333414223,2.912,"test"
2026-03-26,0.423456091832897,-0.282264575050828,"Post",-0.271943444215417,-0.4,0.43,0.15,-0.26,-0.45,8.00123388441003,2.912,"test"
2026-03-27,0.0182481904432041,-0.318939640611937,"Post",-0.431085112874285,0.13,0.39,-0.38,0.14,-0.85,12.3597005521804,2.912,"test"
2026-03-30,-0.183582736549281,0.419209123224729,"Post",-2.82601983372714,0.08,0.41,0.3,0.34,-1.23,-1.42720554221669,2.912,"test"
2026-03-31,-0.635171915068344,0.257400399517316,"Post",-1.59718486835025,0.22,0.41,0.45,0.18,-2.53,-19.2500597235952,2.912,"test"
2026-04-01,0.312356921867085,0.283277391912584,"Post",5.10773839497443,-0.9,-0.21,-1.36,0.31,3.53,-2.85217164386036,2.912,"test"
2026-04-02,0.429813072216945,-0.446583753185603,"Post",-2.40383428710658,0.5,-0.2,0.46,0.01,-1.6,-2.76819989320267,2.912,"test"
2026-04-07,-0.121755210398433,-0.118894917169055,"Post",0.0297257928847827,0.24,0.21,-0.33,0.33,-0.05,6.448680279565,2.912,"test"
2026-04-08,-0.472052252227506,0.948827376557926,"Post",5.24799290516924,-0.88,-0.65,-0.1,-0.11,4.01,-20.3173609641532,2.912,"test"
2026-04-09,0.311128027044028,-0.30259116576028,"Post",-0.736342418750624,0.03,0.4,-0.37,0.09,0.42,-7.65238743500398,2.912,"test"
2026-04-10,0.0851137131188118,-0.220063592850028,"Post",1.82383214946142,-0.35,-0.24,0.28,0.47,2.17,-1.34299539187808,2.912,"test"
2026-04-13,0.0215915773661202,-0.326059982881066,"Post",-0.742931372133704,-0.01,0.05,-0.29,0.34,0.3,-0.573665197743312,2.912,"test"
2026-04-14,-0.300450730278801,0.520948926469789,"Post",2.40371439507676,-0.35,-0.73,-0.17,0.1,2.03,-4.05605224309111,2.912,"test"
2026-04-15,0.0284430075051745,-0.0691976248792692,"Post",0.442801156535033,-0.28,-0.43,0.42,0.13,-1.97,-1.04025027842645,2.912,"test"
2026-04-16,0.139008661925555,-0.0314376436931774,"Post",2.3529681335539,-0.41,-0.9,0.11,-0.03,1.31,-1.27390257774298,2.912,"test"
2026-04-17,-0.18498447888371,0.611661269484287,"Post",-1.76697968063468,0.97,-0.4,0.62,-0.37,-2.06,-2.59754864032606,2.912,"test"
2026-04-20,0.0567566207173797,-0.353580365842987,"Post",0.59503611138112,-0.49,-0.46,-0.09,-0.59,-0.14,7.65159891530693,2.912,"test"
2026-04-21,0.654680995291912,-0.459048125710471,"Post",0.887307146374106,-0.04,-0.76,0.49,-0.17,0.87,3.28411061892422,2.912,"test"
2026-04-22,-0.0791414752070452,-0.0627195203701802,"Post",0.398016147915214,-0.53,-0.84,0.04,-0.23,0.06,-3.01949019459684,2.912,"test"
2026-04-23,0.125344591968535,0.0313548430123767,"Post",-0.750689410778449,-0.16,0.38,-0.62,0,0.79,2.04035328166907,2.912,"test"
2026-04-24,-0.218408406471848,0.056463504119364,"Post",0.969160196079777,-0.19,0.26,-0.24,0.1,1.46,-3.15649561544249,2.912,"test"
2026-04-27,-0.0706036657629028,0.0376600556798223,"Post",1.3657689656192,-0.33,-1,0.49,0.15,0.56,-3.75758881058066,2.912,"test"
2026-04-28,0.306943113902225,-0.150555200635871,"Post",-1.02927466531746,0.34,2.02,-1.13,0.25,0.82,-1.05998203051429,2.912,"test"
2026-05-01,0.253996242611354,-0.063812139233832,"Post",0.38418189505105,-0.23,0.37,-0.1,-0.1,-0.46,0.590320486413187,2.913,"test"
2026-05-08,0.141455071140317,-0.102197249569258,"Post",-0.191465455370121,0.47,-1.59,0.97,-0.36,-0.88,0.64196310343343,2.913,"test"
2026-05-11,0.136533310377907,-0.255037118600576,"Post",-0.472735450160577,-0.03,0.57,0.11,0.6,0.38,6.69352975327828,2.913,"test"
2026-05-12,0.347652058364911,-0.425735353126022,"Post",0.518839183418685,-1.2,1.21,-1.32,0.55,1.42,-2.14470689650992,2.913,"test"
2026-05-13,0.119957549080052,-0.0823958214893672,"Post",0.840446711453247,-0.48,0.04,-0.52,0.22,0.6,-0.6692718791105,2.913,"test"
2026-05-14,0.173349284797908,-0.151937228519827,"Post",-0.981630763629227,0.8,1.03,-0.21,-0.98,-0.12,-3.4731643516055,2.913,"test"
2026-05-15,0.198693079971424,-0.385137957519266,"Post",-2.00671974654831,0.2,0.65,-0.1,0.17,-2.35,6.55880860264499,2.913,"test"
2026-05-18,0.328866615296786,-0.0881834272313142,"Post",-0.970903654507005,-0.1,-1.18,0.16,1.16,-0.72,-3.36583496390683,2.913,"test"
2026-05-19,-0.193565749587421,-0.17613390727016,"Post",-0.437287612964887,-0.43,0.33,0.04,0.38,-3.24,1.3378125946176,2.913,"test"
2026-05-20,0.136973641722093,0.169838065671435,"Post",-1.23998099079454,-0.24,0.44,0.33,0.2,-0.57,-3.49331295080058,2.913,"test"
2026-05-21,0.0206867374517472,-0.201257929567689,"Post",3.09474435682588,-0.6,0.32,-1.45,0.44,2.86,-3.97713234268968,2.913,"test"
2026-05-22,0.144678715454738,-0.0251287851554594,"Post",2.64755107125652,0.1,-1.58,-0.1,-0.5,2.12,-0.358637563122732,2.913,"test"
2026-05-27,0.161786797685615,-0.0690022923593325,"Post",0.00510786911966932,-0.32,-0.66,1.79,-0.48,-2.65,-4.32499837938165,2.913,"test"
2026-05-28,-0.250586173431344,0.1129376453334,"Post",-0.47233340184043,0.54,-0.08,0.06,0.18,-0.19,-3.43461796246967,2.913,"test"
2026-05-29,-0.215935729552008,0.0376742438212396,"Post",2.4979886528854,-1.12,0.16,-0.22,0.2,0.9,-2.70460786768121,2.913,"test"
2026-06-01,0.480130068381168,-0.269685634931793,"Post",0.907724403503707,-0.74,-0.92,-0.35,1.04,0.52,4.65496852635798,2.893,"test"
2026-06-02,0.0185736054310937,-0.125187798021997,"Post",-0.299382494254807,-0.65,0.04,-0.09,0.6,-0.13,-1.75994486010778,2.893,"test"
2026-06-03,0.169097591817913,-0.0687865455631709,"Post",2.46857999602295,-1.36,0.63,0.48,0.24,1.59,1.82223075436685,2.893,"test"
2026-06-04,0.0811957665300511,0,"Post",-1.37106831400384,0.41,0.6,0.09,0.28,-0.23,-4.1964199099032,2.893,"test"
2026-06-05,0.122938793652505,-0.181119869642021,"Post",-1.31670980978438,1.18,0.3,-0.81,0.47,-0.54,33.4150433860055,2.893,"test"
2026-06-08,-0.100627317302227,0.0873962225552027,"Post",-3.92587987501241,0.51,0.99,0.05,-0.15,-4.12,-12.8298379655906,2.893,"test"
2026-06-09,0.253698960291437,-0.0686748895415867,"Post",2.15091229781716,-0.58,0.56,-0.2,0.2,2.4,4.89914929399928,2.893,"test"
2026-06-10,0.0749839928949392,-0.149672619147978,"Post",-1.90962461275674,0.55,0.22,1.29,-0.19,-3.51,11.1781727647759,2.893,"test"
2026-06-11,-0.594597800097141,-0.024923671385757,"Post",0.0591916279200078,-0.24,-0.06,-0.04,0.58,0.18,-13.3659985179191,2.893,"test"
2026-06-12,0.482697504264351,0.168355456756331,"Post",2.768615466554,-0.65,0.05,-0.43,0.43,2.98,-9.48987418227958,2.893,"test"
2026-06-15,0.107220752479531,0.024965672330346,"Post",4.87390672673786,-1.62,0.77,-0.87,0.01,4.25,-8.74228149711591,2.893,"test"
2026-06-16,0.0296954548623773,-0.118531471502781,"Post",0.125430733995024,-0.29,-0.51,0.27,-0.01,0.63,1.28796628636612,2.893,"test"
2026-06-17,0.162545510396228,0.106047856231584,"Post",0.714613065371772,0.38,-0.82,0.8,-0.41,0.45,11.6631313026449,2.893,"test"
2026-06-18,0.353522636329995,-0.715199416629009,"Post",1.63351361116195,-0.75,0.17,-0.55,0.12,1.39,-11.7240883298295,2.893,"test"
2026-06-23,-0.296206162789492,-0.0247632020085931,"Post",-3.6102665246899,1.16,0.59,1.4,-0.87,-3.59,12.035175014356,2.893,"test"
2026-06-24,0.433762217158318,-0.129906300165405,"Post",-0.882842827481234,0.23,-0.03,0.03,-0.06,-1.23,-4.51283289059723,2.893,"test"
2026-06-25,-0.0264610367292306,0.055653465864669,"Post",4.51021821669144,-0.68,-0.8,0.28,0.44,2.46,1.38594968999213,2.893,"test"
2026-06-26,-0.25694133984473,0,"Post",-4.24182543374076,1.12,1.39,0.24,-0.6,-3.12,-2.57386862684319,2.893,"test"
2026-06-29,0.247423888301057,-0.160692247186489,"Post",0.15447785267888,0.52,-1.42,1.37,-0.93,-2.48,-4.21582118656807,2.893,"test"
2026-06-30,0.510756517413125,-0.419055275225144,"Post",0.851733334787497,-0.62,-0.46,0.16,-0.06,0.74,-7.04103061679247,2.893,"test"
2026-07-01,0.127597936342916,0.123069365111927,"Post",0.587233772848172,-0.41,0.55,-0.72,1.04,1.62,0.847462699097212,2.78433333333333,"test"
2026-07-02,-1.22782760557385,0.93409481881741,"Post",-2.5025853824955,1.08,1.25,-1.29,0.08,-4.26,-2.68800545336876,2.78433333333333,"test"
2026-07-07,0.0120588949116929,0.228261303958543,"Post",-2.14615107828937,0.71,0.48,-0.73,-0.53,-3.31,3.53349062912103,2.78433333333333,"test"
2026-07-08,0.241343322226761,-0.468298347970109,"Post",-2.12911873603066,0.59,1.1,-0.41,0.67,-1.02,4.66327297919102,2.78433333333333,"test"
2026-07-09,0.0881830005512008,0.233875045057097,"Post",1.37454612044348,-0.65,-0.91,0.71,0.01,1.44,-6.4775235542748,2.78433333333333,"test"
2026-07-10,-0.521660886919939,0.60568788380948,"Post",1.19424833246704,-0.01,-0.39,0.24,0.4,1.19,-5.24901826213964,2.78433333333333,"test"
2026-07-13,0.412011857816097,-0.624171602786294,"Post",-1.93672555073796,0.49,0.54,-0.68,-0.42,-2.26,13.2532890294933,2.78433333333333,"test"
2026-07-14,-0.129825097891167,0.110953595799845,"Post",0.741960564871214,-0.03,0.14,0.33,0.19,-0.19,-3.92207131532816,2.78433333333333,"test"
2026-07-15,0.0429267288073021,0.00616769975829712,"Post",1.47701857440747,-0.11,0.14,-0.78,-0.2,2.5,-5.16123245386053,2.78433333333333,"test"
2026-07-16,0.0970249315327187,-0.178709029228674,"Post",-2.82637249520388,0.91,1.02,-0.53,-0.36,-3.77,6.54554586308032,2.78433333333333,"test"
2026-07-17,-0.0715938918251169,-0.00615668770400646,"Post",-4.11493190749468,1.18,0.43,0.14,-0.63,-5.79,11.5056335599685,2.78433333333333,"test"
2026-07-22,-0.0153698684537851,-0.0429329332853889,"Post",-0.176187347230972,-0.39,0.86,-1.18,0.69,1.62,-2.43407683364629,2.78433333333333,"test"
2026-07-23,0.274987304047691,-0.440529346791685,"Post",0.463263495432464,-0.42,0.47,-0.76,0.36,1.27,11.6714088467478,2.78433333333333,"test"
2026-07-24,0.195582741824296,0.0549601552719103,"Post",-2.76503635043763,0.99,0.69,-0.92,-0.16,-2.39,-0.643779047484871,2.78433333333333,"test"
2026-07-27,-0.013114938650105,0,"Post",0.494109726801106,0.58,-0.16,0.11,-0.24,-2.67,0.483222416793927,2.78433333333333,"test"
2026-07-28,0.0745327905010029,0.0366568919060839,"Post",-4.03251559759248,1.28,0.42,0.36,-0.38,-6.62,-2.49470638141149,2.78433333333333,"test"
2026-07-29,-0.171617143749447,-0.128240376647959,"Post",-1.50364172401698,0.1,0.42,0.15,-0.86,-7.15,12.6228569951976,2.78433333333333,"test"
2026-07-30,-2.73050093465717,2.71565879537876,"Post",0.702734940404781,0.35,-1.11,0.92,-0.74,0.9,-18.9705966563993,2.78433333333333,"test"
2026-07-31,0.012012123668903,0.194583120115333,"Post",3.95298376157189,-1.17,-1.07,0.56,0.47,8.55,-6.65299702816364,2.78433333333333,"test"
