date,adjusted_close,ticker,source_snapshot_sha256
2014-01-31,35.93782424926758,EWJ,8715c42e95742f801ef4ec47f9b9d6d368582fc648588a9d96d8e37949a947ae
2014-02-03,35.20828628540039,EWJ,8715c42e95742f801ef4ec47f9b9d6d368582fc648588a9d96d8e37949a947ae
2014-02-04,35.23999786376953,EWJ,8715c42e95742f801ef4ec47f9b9d6d368582fc648588a9d96d8e37949a947ae
2014-02-05,35.30344009399414,EWJ,8715c42e95742f801ef4ec47f9b9d6d368582fc648588a9d96d8e37949a947ae
2014-02-06,35.715797424316406,EWJ,8715c42e95742f801ef4ec47f9b9d6d368582fc648588a9d96d8e37949a947ae
2014-02-07,36.286739349365234,EWJ,8715c42e95742f801ef4ec47f9b9d6d368582fc648588a9d96d8e37949a947ae
2014-02-10,36.12814712524414,EWJ,8715c42e95742f801ef4ec47f9b9d6d368582fc648588a9d96d8e37949a947ae
2014-02-11,36.635650634765625,EWJ,8715c42e95742f801ef4ec47f9b9d6d368582fc648588a9d96d8e37949a947ae
2014-02-12,36.57220458984375,EWJ,8715c42e95742f801ef4ec47f9b9d6d368582fc648588a9d96d8e37949a947ae
2014-02-13,36.25502014160156,EWJ,8715c42e95742f801ef4ec47f9b9d6d368582fc648588a9d96d8e37949a947ae
2014-02-14,36.09641647338867,EWJ,8715c42e95742f801ef4ec47f9b9d6d368582fc648588a9d96d8e37949a947ae
2014-02-18,36.889404296875,EWJ,8715c42e95742f801ef4ec47f9b9d6d368582fc648588a9d96d8e37949a947ae
2014-02-19,36.44532775878906,EWJ,8715c42e95742f801ef4ec47f9b9d6d368582fc648588a9d96d8e37949a947ae
2014-02-20,36.22329330444336,EWJ,8715c42e95742f801ef4ec47f9b9d6d368582fc648588a9d96d8e37949a947ae
2014-02-21,36.508766174316406,EWJ,8715c42e95742f801ef4ec47f9b9d6d368582fc648588a9d96d8e37949a947ae
2014-02-24,36.92112350463867,EWJ,8715c42e95742f801ef4ec47f9b9d6d368582fc648588a9d96d8e37949a947ae
2014-02-25,36.79424285888672,EWJ,8715c42e95742f801ef4ec47f9b9d6d368582fc648588a9d96d8e37949a947ae
2014-02-26,36.635650634765625,EWJ,8715c42e95742f801ef4ec47f9b9d6d368582fc648588a9d96d8e37949a947ae
2014-02-27,36.635650634765625,EWJ,8715c42e95742f801ef4ec47f9b9d6d368582fc648588a9d96d8e37949a947ae
2014-02-28,36.82596206665039,EWJ,8715c42e95742f801ef4ec47f9b9d6d368582fc648588a9d96d8e37949a947ae
2014-03-03,35.96955108642578,EWJ,8715c42e95742f801ef4ec47f9b9d6d368582fc648588a9d96d8e37949a947ae
2014-03-04,36.889404296875,EWJ,8715c42e95742f801ef4ec47f9b9d6d368582fc648588a9d96d8e37949a947ae
2014-03-05,36.47705078125,EWJ,8715c42e95742f801ef4ec47f9b9d6d368582fc648588a9d96d8e37949a947ae
2014-03-06,37.17487716674805,EWJ,8715c42e95742f801ef4ec47f9b9d6d368582fc648588a9d96d8e37949a947ae
2014-03-07,36.92112350463867,EWJ,8715c42e95742f801ef4ec47f9b9d6d368582fc648588a9d96d8e37949a947ae
2014-03-10,36.76252365112305,EWJ,8715c42e95742f801ef4ec47f9b9d6d368582fc648588a9d96d8e37949a947ae
2014-03-11,36.381900787353516,EWJ,8715c42e95742f801ef4ec47f9b9d6d368582fc648588a9d96d8e37949a947ae
2014-03-12,36.03298568725586,EWJ,8715c42e95742f801ef4ec47f9b9d6d368582fc648588a9d96d8e37949a947ae
2014-03-13,35.43031692504883,EWJ,8715c42e95742f801ef4ec47f9b9d6d368582fc648588a9d96d8e37949a947ae
2014-03-14,35.017967224121094,EWJ,8715c42e95742f801ef4ec47f9b9d6d368582fc648588a9d96d8e37949a947ae
2014-03-17,35.398597717285156,EWJ,8715c42e95742f801ef4ec47f9b9d6d368582fc648588a9d96d8e37949a947ae
2014-03-18,35.366878509521484,EWJ,8715c42e95742f801ef4ec47f9b9d6d368582fc648588a9d96d8e37949a947ae
2014-03-19,35.17655563354492,EWJ,8715c42e95742f801ef4ec47f9b9d6d368582fc648588a9d96d8e37949a947ae
2014-03-20,34.66905212402344,EWJ,8715c42e95742f801ef4ec47f9b9d6d368582fc648588a9d96d8e37949a947ae
2014-03-21,34.51046371459961,EWJ,8715c42e95742f801ef4ec47f9b9d6d368582fc648588a9d96d8e37949a947ae
2014-03-24,34.6373405456543,EWJ,8715c42e95742f801ef4ec47f9b9d6d368582fc648588a9d96d8e37949a947ae
2014-03-25,34.79594039916992,EWJ,8715c42e95742f801ef4ec47f9b9d6d368582fc648588a9d96d8e37949a947ae
2014-03-26,35.0496940612793,EWJ,8715c42e95742f801ef4ec47f9b9d6d368582fc648588a9d96d8e37949a947ae
2014-03-27,35.55718994140625,EWJ,8715c42e95742f801ef4ec47f9b9d6d368582fc648588a9d96d8e37949a947ae
2014-03-28,35.93782424926758,EWJ,8715c42e95742f801ef4ec47f9b9d6d368582fc648588a9d96d8e37949a947ae
2014-03-31,35.93782424926758,EWJ,8715c42e95742f801ef4ec47f9b9d6d368582fc648588a9d96d8e37949a947ae
2014-04-01,36.03298568725586,EWJ,8715c42e95742f801ef4ec47f9b9d6d368582fc648588a9d96d8e37949a947ae
2014-04-02,36.35017776489258,EWJ,8715c42e95742f801ef4ec47f9b9d6d368582fc648588a9d96d8e37949a947ae
2014-04-03,36.15985870361328,EWJ,8715c42e95742f801ef4ec47f9b9d6d368582fc648588a9d96d8e37949a947ae
2014-04-04,36.00126647949219,EWJ,8715c42e95742f801ef4ec47f9b9d6d368582fc648588a9d96d8e37949a947ae
2014-04-07,35.65235137939453,EWJ,8715c42e95742f801ef4ec47f9b9d6d368582fc648588a9d96d8e37949a947ae
2014-04-08,34.89109802246094,EWJ,8715c42e95742f801ef4ec47f9b9d6d368582fc648588a9d96d8e37949a947ae
2014-04-09,35.398597717285156,EWJ,8715c42e95742f801ef4ec47f9b9d6d368582fc648588a9d96d8e37949a947ae
2014-04-10,34.383583068847656,EWJ,8715c42e95742f801ef4ec47f9b9d6d368582fc648588a9d96d8e37949a947ae
2014-04-11,34.25670623779297,EWJ,8715c42e95742f801ef4ec47f9b9d6d368582fc648588a9d96d8e37949a947ae
2014-04-14,34.73250198364258,EWJ,8715c42e95742f801ef4ec47f9b9d6d368582fc648588a9d96d8e37949a947ae
2014-04-15,34.70077896118164,EWJ,8715c42e95742f801ef4ec47f9b9d6d368582fc648588a9d96d8e37949a947ae
2014-04-16,35.366878509521484,EWJ,8715c42e95742f801ef4ec47f9b9d6d368582fc648588a9d96d8e37949a947ae
2014-04-17,35.4620361328125,EWJ,8715c42e95742f801ef4ec47f9b9d6d368582fc648588a9d96d8e37949a947ae
2014-04-21,35.4620361328125,EWJ,8715c42e95742f801ef4ec47f9b9d6d368582fc648588a9d96d8e37949a947ae
2014-04-22,35.20828628540039,EWJ,8715c42e95742f801ef4ec47f9b9d6d368582fc648588a9d96d8e37949a947ae
2014-04-23,35.30344009399414,EWJ,8715c42e95742f801ef4ec47f9b9d6d368582fc648588a9d96d8e37949a947ae
2014-04-24,35.17655563354492,EWJ,8715c42e95742f801ef4ec47f9b9d6d368582fc648588a9d96d8e37949a947ae
2014-04-25,34.95454025268555,EWJ,8715c42e95742f801ef4ec47f9b9d6d368582fc648588a9d96d8e37949a947ae
2014-04-28,35.14485168457031,EWJ,8715c42e95742f801ef4ec47f9b9d6d368582fc648588a9d96d8e37949a947ae
2014-04-29,35.23999786376953,EWJ,8715c42e95742f801ef4ec47f9b9d6d368582fc648588a9d96d8e37949a947ae
2014-04-30,35.14485168457031,EWJ,8715c42e95742f801ef4ec47f9b9d6d368582fc648588a9d96d8e37949a947ae
2014-05-01,35.588924407958984,EWJ,8715c42e95742f801ef4ec47f9b9d6d368582fc648588a9d96d8e37949a947ae
2014-05-02,35.525474548339844,EWJ,8715c42e95742f801ef4ec47f9b9d6d368582fc648588a9d96d8e37949a947ae
2014-05-05,35.43031692504883,EWJ,8715c42e95742f801ef4ec47f9b9d6d368582fc648588a9d96d8e37949a947ae
2014-05-06,35.33516311645508,EWJ,8715c42e95742f801ef4ec47f9b9d6d368582fc648588a9d96d8e37949a947ae
2014-05-07,35.17655563354492,EWJ,8715c42e95742f801ef4ec47f9b9d6d368582fc648588a9d96d8e37949a947ae
2014-05-08,35.0496940612793,EWJ,8715c42e95742f801ef4ec47f9b9d6d368582fc648588a9d96d8e37949a947ae
2014-05-09,35.33516311645508,EWJ,8715c42e95742f801ef4ec47f9b9d6d368582fc648588a9d96d8e37949a947ae
2014-05-12,35.366878509521484,EWJ,8715c42e95742f801ef4ec47f9b9d6d368582fc648588a9d96d8e37949a947ae
2014-05-13,35.84266662597656,EWJ,8715c42e95742f801ef4ec47f9b9d6d368582fc648588a9d96d8e37949a947ae
2014-05-14,35.65235137939453,EWJ,8715c42e95742f801ef4ec47f9b9d6d368582fc648588a9d96d8e37949a947ae
2014-05-15,35.30344009399414,EWJ,8715c42e95742f801ef4ec47f9b9d6d368582fc648588a9d96d8e37949a947ae
2014-05-16,35.366878509521484,EWJ,8715c42e95742f801ef4ec47f9b9d6d368582fc648588a9d96d8e37949a947ae
2014-05-19,35.43031692504883,EWJ,8715c42e95742f801ef4ec47f9b9d6d368582fc648588a9d96d8e37949a947ae
2014-05-20,35.017967224121094,EWJ,8715c42e95742f801ef4ec47f9b9d6d368582fc648588a9d96d8e37949a947ae
2014-05-21,35.43031692504883,EWJ,8715c42e95742f801ef4ec47f9b9d6d368582fc648588a9d96d8e37949a947ae
2014-05-22,35.77922821044922,EWJ,8715c42e95742f801ef4ec47f9b9d6d368582fc648588a9d96d8e37949a947ae
2014-05-23,36.12814712524414,EWJ,8715c42e95742f801ef4ec47f9b9d6d368582fc648588a9d96d8e37949a947ae
2014-05-27,36.41360855102539,EWJ,8715c42e95742f801ef4ec47f9b9d6d368582fc648588a9d96d8e37949a947ae
2014-05-28,36.25502014160156,EWJ,8715c42e95742f801ef4ec47f9b9d6d368582fc648588a9d96d8e37949a947ae
2014-05-29,36.66736602783203,EWJ,8715c42e95742f801ef4ec47f9b9d6d368582fc648588a9d96d8e37949a947ae
2014-05-30,36.73080062866211,EWJ,8715c42e95742f801ef4ec47f9b9d6d368582fc648588a9d96d8e37949a947ae
2014-06-02,37.17487716674805,EWJ,8715c42e95742f801ef4ec47f9b9d6d368582fc648588a9d96d8e37949a947ae
2014-06-03,37.11143493652344,EWJ,8715c42e95742f801ef4ec47f9b9d6d368582fc648588a9d96d8e37949a947ae
2014-06-04,37.36518096923828,EWJ,8715c42e95742f801ef4ec47f9b9d6d368582fc648588a9d96d8e37949a947ae
2014-06-05,37.46034240722656,EWJ,8715c42e95742f801ef4ec47f9b9d6d368582fc648588a9d96d8e37949a947ae
2014-06-06,37.46034240722656,EWJ,8715c42e95742f801ef4ec47f9b9d6d368582fc648588a9d96d8e37949a947ae
2014-06-09,37.428619384765625,EWJ,8715c42e95742f801ef4ec47f9b9d6d368582fc648588a9d96d8e37949a947ae
2014-06-10,37.11143493652344,EWJ,8715c42e95742f801ef4ec47f9b9d6d368582fc648588a9d96d8e37949a947ae
2014-06-11,37.20659255981445,EWJ,8715c42e95742f801ef4ec47f9b9d6d368582fc648588a9d96d8e37949a947ae
2014-06-12,37.333465576171875,EWJ,8715c42e95742f801ef4ec47f9b9d6d368582fc648588a9d96d8e37949a947ae
2014-06-13,37.523780822753906,EWJ,8715c42e95742f801ef4ec47f9b9d6d368582fc648588a9d96d8e37949a947ae
2014-06-16,37.523780822753906,EWJ,8715c42e95742f801ef4ec47f9b9d6d368582fc648588a9d96d8e37949a947ae
2014-06-17,37.46034240722656,EWJ,8715c42e95742f801ef4ec47f9b9d6d368582fc648588a9d96d8e37949a947ae
2014-06-18,37.967857360839844,EWJ,8715c42e95742f801ef4ec47f9b9d6d368582fc648588a9d96d8e37949a947ae
2014-06-19,38.633949279785156,EWJ,8715c42e95742f801ef4ec47f9b9d6d368582fc648588a9d96d8e37949a947ae
2014-06-20,38.66567611694336,EWJ,8715c42e95742f801ef4ec47f9b9d6d368582fc648588a9d96d8e37949a947ae
2014-06-23,38.348487854003906,EWJ,8715c42e95742f801ef4ec47f9b9d6d368582fc648588a9d96d8e37949a947ae
2014-06-24,38.348487854003906,EWJ,8715c42e95742f801ef4ec47f9b9d6d368582fc648588a9d96d8e37949a947ae
2014-06-25,38.48261260986328,EWJ,8715c42e95742f801ef4ec47f9b9d6d368582fc648588a9d96d8e37949a947ae
2014-06-26,38.35487747192383,EWJ,8715c42e95742f801ef4ec47f9b9d6d368582fc648588a9d96d8e37949a947ae
2014-06-27,38.25906753540039,EWJ,8715c42e95742f801ef4ec47f9b9d6d368582fc648588a9d96d8e37949a947ae
2014-06-30,38.45068359375,EWJ,8715c42e95742f801ef4ec47f9b9d6d368582fc648588a9d96d8e37949a947ae
2014-07-01,39.121337890625,EWJ,8715c42e95742f801ef4ec47f9b9d6d368582fc648588a9d96d8e37949a947ae
2014-07-02,39.0255241394043,EWJ,8715c42e95742f801ef4ec47f9b9d6d368582fc648588a9d96d8e37949a947ae
2014-07-03,38.89777374267578,EWJ,8715c42e95742f801ef4ec47f9b9d6d368582fc648588a9d96d8e37949a947ae
2014-07-07,38.6103630065918,EWJ,8715c42e95742f801ef4ec47f9b9d6d368582fc648588a9d96d8e37949a947ae
2014-07-08,38.48261260986328,EWJ,8715c42e95742f801ef4ec47f9b9d6d368582fc648588a9d96d8e37949a947ae
2014-07-09,38.73809814453125,EWJ,8715c42e95742f801ef4ec47f9b9d6d368582fc648588a9d96d8e37949a947ae
2014-07-10,38.06745147705078,EWJ,8715c42e95742f801ef4ec47f9b9d6d368582fc648588a9d96d8e37949a947ae
2014-07-11,38.131317138671875,EWJ,8715c42e95742f801ef4ec47f9b9d6d368582fc648588a9d96d8e37949a947ae
2014-07-14,38.57841491699219,EWJ,8715c42e95742f801ef4ec47f9b9d6d368582fc648588a9d96d8e37949a947ae
2014-07-15,38.70616149902344,EWJ,8715c42e95742f801ef4ec47f9b9d6d368582fc648588a9d96d8e37949a947ae
2014-07-16,38.770042419433594,EWJ,8715c42e95742f801ef4ec47f9b9d6d368582fc648588a9d96d8e37949a947ae
2014-07-17,38.51455307006836,EWJ,8715c42e95742f801ef4ec47f9b9d6d368582fc648588a9d96d8e37949a947ae
2014-07-18,38.70616149902344,EWJ,8715c42e95742f801ef4ec47f9b9d6d368582fc648588a9d96d8e37949a947ae
2014-07-21,38.64229202270508,EWJ,8715c42e95742f801ef4ec47f9b9d6d368582fc648588a9d96d8e37949a947ae
2014-07-22,38.770042419433594,EWJ,8715c42e95742f801ef4ec47f9b9d6d368582fc648588a9d96d8e37949a947ae
2014-07-23,38.801971435546875,EWJ,8715c42e95742f801ef4ec47f9b9d6d368582fc648588a9d96d8e37949a947ae
2014-07-24,38.6103630065918,EWJ,8715c42e95742f801ef4ec47f9b9d6d368582fc648588a9d96d8e37949a947ae
2014-07-25,38.73809814453125,EWJ,8715c42e95742f801ef4ec47f9b9d6d368582fc648588a9d96d8e37949a947ae
2014-07-28,38.96164321899414,EWJ,8715c42e95742f801ef4ec47f9b9d6d368582fc648588a9d96d8e37949a947ae
2014-07-29,38.865848541259766,EWJ,8715c42e95742f801ef4ec47f9b9d6d368582fc648588a9d96d8e37949a947ae
2014-07-30,38.89777374267578,EWJ,8715c42e95742f801ef4ec47f9b9d6d368582fc648588a9d96d8e37949a947ae
2014-07-31,38.322933197021484,EWJ,8715c42e95742f801ef4ec47f9b9d6d368582fc648588a9d96d8e37949a947ae
2014-08-01,38.29099655151367,EWJ,8715c42e95742f801ef4ec47f9b9d6d368582fc648588a9d96d8e37949a947ae
2014-08-04,38.35487747192383,EWJ,8715c42e95742f801ef4ec47f9b9d6d368582fc648588a9d96d8e37949a947ae
2014-08-05,37.748085021972656,EWJ,8715c42e95742f801ef4ec47f9b9d6d368582fc648588a9d96d8e37949a947ae
2014-08-06,37.556480407714844,EWJ,8715c42e95742f801ef4ec47f9b9d6d368582fc648588a9d96d8e37949a947ae
2014-08-07,37.42873001098633,EWJ,8715c42e95742f801ef4ec47f9b9d6d368582fc648588a9d96d8e37949a947ae
2014-08-08,37.49260711669922,EWJ,8715c42e95742f801ef4ec47f9b9d6d368582fc648588a9d96d8e37949a947ae
2014-08-11,37.843902587890625,EWJ,8715c42e95742f801ef4ec47f9b9d6d368582fc648588a9d96d8e37949a947ae
2014-08-12,37.780025482177734,EWJ,8715c42e95742f801ef4ec47f9b9d6d368582fc648588a9d96d8e37949a947ae
2014-08-13,38.09938430786133,EWJ,8715c42e95742f801ef4ec47f9b9d6d368582fc648588a9d96d8e37949a947ae
2014-08-14,38.16326141357422,EWJ,8715c42e95742f801ef4ec47f9b9d6d368582fc648588a9d96d8e37949a947ae
2014-08-15,38.22713851928711,EWJ,8715c42e95742f801ef4ec47f9b9d6d368582fc648588a9d96d8e37949a947ae
2014-08-18,38.35487747192383,EWJ,8715c42e95742f801ef4ec47f9b9d6d368582fc648588a9d96d8e37949a947ae
2014-08-19,38.38680648803711,EWJ,8715c42e95742f801ef4ec47f9b9d6d368582fc648588a9d96d8e37949a947ae
2014-08-20,38.16326141357422,EWJ,8715c42e95742f801ef4ec47f9b9d6d368582fc648588a9d96d8e37949a947ae
2014-08-21,38.35487747192383,EWJ,8715c42e95742f801ef4ec47f9b9d6d368582fc648588a9d96d8e37949a947ae
2014-08-22,38.06745147705078,EWJ,8715c42e95742f801ef4ec47f9b9d6d368582fc648588a9d96d8e37949a947ae
2014-08-25,38.195194244384766,EWJ,8715c42e95742f801ef4ec47f9b9d6d368582fc648588a9d96d8e37949a947ae
2014-08-26,38.00357437133789,EWJ,8715c42e95742f801ef4ec47f9b9d6d368582fc648588a9d96d8e37949a947ae
2014-08-27,37.843902587890625,EWJ,8715c42e95742f801ef4ec47f9b9d6d368582fc648588a9d96d8e37949a947ae
2014-08-28,37.748085021972656,EWJ,8715c42e95742f801ef4ec47f9b9d6d368582fc648588a9d96d8e37949a947ae
2014-08-29,37.68421936035156,EWJ,8715c42e95742f801ef4ec47f9b9d6d368582fc648588a9d96d8e37949a947ae
2014-09-02,38.06745147705078,EWJ,8715c42e95742f801ef4ec47f9b9d6d368582fc648588a9d96d8e37949a947ae
2014-09-03,38.09938430786133,EWJ,8715c42e95742f801ef4ec47f9b9d6d368582fc648588a9d96d8e37949a947ae
2014-09-04,37.971641540527344,EWJ,8715c42e95742f801ef4ec47f9b9d6d368582fc648588a9d96d8e37949a947ae
2014-09-05,37.81196212768555,EWJ,8715c42e95742f801ef4ec47f9b9d6d368582fc648588a9d96d8e37949a947ae
2014-09-08,37.780025482177734,EWJ,8715c42e95742f801ef4ec47f9b9d6d368582fc648588a9d96d8e37949a947ae
2014-09-09,37.46065902709961,EWJ,8715c42e95742f801ef4ec47f9b9d6d368582fc648588a9d96d8e37949a947ae
2014-09-10,37.87583541870117,EWJ,8715c42e95742f801ef4ec47f9b9d6d368582fc648588a9d96d8e37949a947ae
2014-09-11,37.780025482177734,EWJ,8715c42e95742f801ef4ec47f9b9d6d368582fc648588a9d96d8e37949a947ae
2014-09-12,37.65228271484375,EWJ,8715c42e95742f801ef4ec47f9b9d6d368582fc648588a9d96d8e37949a947ae
2014-09-15,37.68421936035156,EWJ,8715c42e95742f801ef4ec47f9b9d6d368582fc648588a9d96d8e37949a947ae
2014-09-16,37.748085021972656,EWJ,8715c42e95742f801ef4ec47f9b9d6d368582fc648588a9d96d8e37949a947ae
2014-09-17,37.42873001098633,EWJ,8715c42e95742f801ef4ec47f9b9d6d368582fc648588a9d96d8e37949a947ae
2014-09-18,37.65228271484375,EWJ,8715c42e95742f801ef4ec47f9b9d6d368582fc648588a9d96d8e37949a947ae
2014-09-19,37.716148376464844,EWJ,8715c42e95742f801ef4ec47f9b9d6d368582fc648588a9d96d8e37949a947ae
2014-09-22,37.68421936035156,EWJ,8715c42e95742f801ef4ec47f9b9d6d368582fc648588a9d96d8e37949a947ae
2014-09-23,37.620338439941406,EWJ,8715c42e95742f801ef4ec47f9b9d6d368582fc648588a9d96d8e37949a947ae
2014-09-24,37.843902587890625,EWJ,8715c42e95742f801ef4ec47f9b9d6d368582fc648588a9d96d8e37949a947ae
2014-09-25,37.748085021972656,EWJ,8715c42e95742f801ef4ec47f9b9d6d368582fc648588a9d96d8e37949a947ae
2014-09-26,38.03550720214844,EWJ,8715c42e95742f801ef4ec47f9b9d6d368582fc648588a9d96d8e37949a947ae
2014-09-29,37.81196212768555,EWJ,8715c42e95742f801ef4ec47f9b9d6d368582fc648588a9d96d8e37949a947ae
2014-09-30,37.588417053222656,EWJ,8715c42e95742f801ef4ec47f9b9d6d368582fc648588a9d96d8e37949a947ae
2014-10-01,36.98162841796875,EWJ,8715c42e95742f801ef4ec47f9b9d6d368582fc648588a9d96d8e37949a947ae
2014-10-02,36.2790412902832,EWJ,8715c42e95742f801ef4ec47f9b9d6d368582fc648588a9d96d8e37949a947ae
2014-10-03,36.72614669799805,EWJ,8715c42e95742f801ef4ec47f9b9d6d368582fc648588a9d96d8e37949a947ae
2014-10-06,36.63034439086914,EWJ,8715c42e95742f801ef4ec47f9b9d6d368582fc648588a9d96d8e37949a947ae
2014-10-07,36.40678405761719,EWJ,8715c42e95742f801ef4ec47f9b9d6d368582fc648588a9d96d8e37949a947ae
2014-10-08,36.63034439086914,EWJ,8715c42e95742f801ef4ec47f9b9d6d368582fc648588a9d96d8e37949a947ae
2014-10-09,35.70420837402344,EWJ,8715c42e95742f801ef4ec47f9b9d6d368582fc648588a9d96d8e37949a947ae
2014-10-10,35.1932373046875,EWJ,8715c42e95742f801ef4ec47f9b9d6d368582fc648588a9d96d8e37949a947ae
2014-10-13,34.873878479003906,EWJ,8715c42e95742f801ef4ec47f9b9d6d368582fc648588a9d96d8e37949a947ae
2014-10-14,35.09741973876953,EWJ,8715c42e95742f801ef4ec47f9b9d6d368582fc648588a9d96d8e37949a947ae
2014-10-15,34.90580368041992,EWJ,8715c42e95742f801ef4ec47f9b9d6d368582fc648588a9d96d8e37949a947ae
2014-10-16,34.77806854248047,EWJ,8715c42e95742f801ef4ec47f9b9d6d368582fc648588a9d96d8e37949a947ae
2014-10-17,34.937740325927734,EWJ,8715c42e95742f801ef4ec47f9b9d6d368582fc648588a9d96d8e37949a947ae
2014-10-20,35.64032745361328,EWJ,8715c42e95742f801ef4ec47f9b9d6d368582fc648588a9d96d8e37949a947ae
2014-10-21,35.57646179199219,EWJ,8715c42e95742f801ef4ec47f9b9d6d368582fc648588a9d96d8e37949a947ae
2014-10-22,35.6083984375,EWJ,8715c42e95742f801ef4ec47f9b9d6d368582fc648588a9d96d8e37949a947ae
2014-10-23,35.831939697265625,EWJ,8715c42e95742f801ef4ec47f9b9d6d368582fc648588a9d96d8e37949a947ae
2014-10-24,35.959686279296875,EWJ,8715c42e95742f801ef4ec47f9b9d6d368582fc648588a9d96d8e37949a947ae
2014-10-27,36.0235595703125,EWJ,8715c42e95742f801ef4ec47f9b9d6d368582fc648588a9d96d8e37949a947ae
2014-10-28,36.21517562866211,EWJ,8715c42e95742f801ef4ec47f9b9d6d368582fc648588a9d96d8e37949a947ae
2014-10-29,36.40678405761719,EWJ,8715c42e95742f801ef4ec47f9b9d6d368582fc648588a9d96d8e37949a947ae
2014-10-30,36.69419860839844,EWJ,8715c42e95742f801ef4ec47f9b9d6d368582fc648588a9d96d8e37949a947ae
2014-10-31,38.51455307006836,EWJ,8715c42e95742f801ef4ec47f9b9d6d368582fc648588a9d96d8e37949a947ae
2014-11-03,38.770042419433594,EWJ,8715c42e95742f801ef4ec47f9b9d6d368582fc648588a9d96d8e37949a947ae
2014-11-04,37.748085021972656,EWJ,8715c42e95742f801ef4ec47f9b9d6d368582fc648588a9d96d8e37949a947ae
2014-11-05,37.556480407714844,EWJ,8715c42e95742f801ef4ec47f9b9d6d368582fc648588a9d96d8e37949a947ae
2014-11-06,37.07743453979492,EWJ,8715c42e95742f801ef4ec47f9b9d6d368582fc648588a9d96d8e37949a947ae
2014-11-07,36.9496955871582,EWJ,8715c42e95742f801ef4ec47f9b9d6d368582fc648588a9d96d8e37949a947ae
2014-11-10,37.237117767333984,EWJ,8715c42e95742f801ef4ec47f9b9d6d368582fc648588a9d96d8e37949a947ae
2014-11-11,37.46065902709961,EWJ,8715c42e95742f801ef4ec47f9b9d6d368582fc648588a9d96d8e37949a947ae
2014-11-12,37.26905059814453,EWJ,8715c42e95742f801ef4ec47f9b9d6d368582fc648588a9d96d8e37949a947ae
2014-11-13,37.588417053222656,EWJ,8715c42e95742f801ef4ec47f9b9d6d368582fc648588a9d96d8e37949a947ae
2014-11-14,37.588417053222656,EWJ,8715c42e95742f801ef4ec47f9b9d6d368582fc648588a9d96d8e37949a947ae
2014-11-17,36.98162841796875,EWJ,8715c42e95742f801ef4ec47f9b9d6d368582fc648588a9d96d8e37949a947ae
2014-11-18,37.49260711669922,EWJ,8715c42e95742f801ef4ec47f9b9d6d368582fc648588a9d96d8e37949a947ae
2014-11-19,37.26905059814453,EWJ,8715c42e95742f801ef4ec47f9b9d6d368582fc648588a9d96d8e37949a947ae
2014-11-20,36.885826110839844,EWJ,8715c42e95742f801ef4ec47f9b9d6d368582fc648588a9d96d8e37949a947ae
2014-11-21,37.173255920410156,EWJ,8715c42e95742f801ef4ec47f9b9d6d368582fc648588a9d96d8e37949a947ae
2014-11-24,37.237117767333984,EWJ,8715c42e95742f801ef4ec47f9b9d6d368582fc648588a9d96d8e37949a947ae
2014-11-25,37.332923889160156,EWJ,8715c42e95742f801ef4ec47f9b9d6d368582fc648588a9d96d8e37949a947ae
2014-11-26,37.237117767333984,EWJ,8715c42e95742f801ef4ec47f9b9d6d368582fc648588a9d96d8e37949a947ae
2014-11-28,37.109371185302734,EWJ,8715c42e95742f801ef4ec47f9b9d6d368582fc648588a9d96d8e37949a947ae
2014-12-01,37.300987243652344,EWJ,8715c42e95742f801ef4ec47f9b9d6d368582fc648588a9d96d8e37949a947ae
2014-12-02,37.620338439941406,EWJ,8715c42e95742f801ef4ec47f9b9d6d368582fc648588a9d96d8e37949a947ae
2014-12-03,37.588417053222656,EWJ,8715c42e95742f801ef4ec47f9b9d6d368582fc648588a9d96d8e37949a947ae
2014-12-04,37.49260711669922,EWJ,8715c42e95742f801ef4ec47f9b9d6d368582fc648588a9d96d8e37949a947ae
2014-12-05,37.5245361328125,EWJ,8715c42e95742f801ef4ec47f9b9d6d368582fc648588a9d96d8e37949a947ae
2014-12-08,36.91775894165039,EWJ,8715c42e95742f801ef4ec47f9b9d6d368582fc648588a9d96d8e37949a947ae
2014-12-09,37.109371185302734,EWJ,8715c42e95742f801ef4ec47f9b9d6d368582fc648588a9d96d8e37949a947ae
2014-12-10,36.53452682495117,EWJ,8715c42e95742f801ef4ec47f9b9d6d368582fc648588a9d96d8e37949a947ae
2014-12-11,36.63034439086914,EWJ,8715c42e95742f801ef4ec47f9b9d6d368582fc648588a9d96d8e37949a947ae
2014-12-12,36.2790412902832,EWJ,8715c42e95742f801ef4ec47f9b9d6d368582fc648588a9d96d8e37949a947ae
2014-12-15,35.57646179199219,EWJ,8715c42e95742f801ef4ec47f9b9d6d368582fc648588a9d96d8e37949a947ae
2014-12-16,35.6083984375,EWJ,8715c42e95742f801ef4ec47f9b9d6d368582fc648588a9d96d8e37949a947ae
2014-12-17,36.205936431884766,EWJ,8715c42e95742f801ef4ec47f9b9d6d368582fc648588a9d96d8e37949a947ae
2014-12-18,36.78419876098633,EWJ,8715c42e95742f801ef4ec47f9b9d6d368582fc648588a9d96d8e37949a947ae
2014-12-19,36.976959228515625,EWJ,8715c42e95742f801ef4ec47f9b9d6d368582fc648588a9d96d8e37949a947ae
2014-12-22,36.88058090209961,EWJ,8715c42e95742f801ef4ec47f9b9d6d368582fc648588a9d96d8e37949a947ae
2014-12-23,36.94483947753906,EWJ,8715c42e95742f801ef4ec47f9b9d6d368582fc648588a9d96d8e37949a947ae
2014-12-24,36.88058090209961,EWJ,8715c42e95742f801ef4ec47f9b9d6d368582fc648588a9d96d8e37949a947ae
2014-12-26,37.137596130371094,EWJ,8715c42e95742f801ef4ec47f9b9d6d368582fc648588a9d96d8e37949a947ae
2014-12-29,36.7520751953125,EWJ,8715c42e95742f801ef4ec47f9b9d6d368582fc648588a9d96d8e37949a947ae
2014-12-30,36.30231857299805,EWJ,8715c42e95742f801ef4ec47f9b9d6d368582fc648588a9d96d8e37949a947ae
2014-12-31,36.10955047607422,EWJ,8715c42e95742f801ef4ec47f9b9d6d368582fc648588a9d96d8e37949a947ae
2015-01-02,36.17380905151367,EWJ,8715c42e95742f801ef4ec47f9b9d6d368582fc648588a9d96d8e37949a947ae
2015-01-05,35.75617599487305,EWJ,8715c42e95742f801ef4ec47f9b9d6d368582fc648588a9d96d8e37949a947ae
2015-01-06,35.177913665771484,EWJ,8715c42e95742f801ef4ec47f9b9d6d368582fc648588a9d96d8e37949a947ae
2015-01-07,35.69192123413086,EWJ,8715c42e95742f801ef4ec47f9b9d6d368582fc648588a9d96d8e37949a947ae
2015-01-08,36.14168930053711,EWJ,8715c42e95742f801ef4ec47f9b9d6d368582fc648588a9d96d8e37949a947ae
2015-01-09,35.75617599487305,EWJ,8715c42e95742f801ef4ec47f9b9d6d368582fc648588a9d96d8e37949a947ae
2015-01-12,35.627662658691406,EWJ,8715c42e95742f801ef4ec47f9b9d6d368582fc648588a9d96d8e37949a947ae
2015-01-13,35.916812896728516,EWJ,8715c42e95742f801ef4ec47f9b9d6d368582fc648588a9d96d8e37949a947ae
2015-01-14,35.852542877197266,EWJ,8715c42e95742f801ef4ec47f9b9d6d368582fc648588a9d96d8e37949a947ae
2015-01-15,36.10955047607422,EWJ,8715c42e95742f801ef4ec47f9b9d6d368582fc648588a9d96d8e37949a947ae
2015-01-16,36.430824279785156,EWJ,8715c42e95742f801ef4ec47f9b9d6d368582fc648588a9d96d8e37949a947ae
2015-01-20,36.71996307373047,EWJ,8715c42e95742f801ef4ec47f9b9d6d368582fc648588a9d96d8e37949a947ae
2015-01-21,36.78419876098633,EWJ,8715c42e95742f801ef4ec47f9b9d6d368582fc648588a9d96d8e37949a947ae
2015-01-22,36.94483947753906,EWJ,8715c42e95742f801ef4ec47f9b9d6d368582fc648588a9d96d8e37949a947ae
2015-01-23,36.81632995605469,EWJ,8715c42e95742f801ef4ec47f9b9d6d368582fc648588a9d96d8e37949a947ae
2015-01-26,37.233970642089844,EWJ,8715c42e95742f801ef4ec47f9b9d6d368582fc648588a9d96d8e37949a947ae
2015-01-27,37.298221588134766,EWJ,8715c42e95742f801ef4ec47f9b9d6d368582fc648588a9d96d8e37949a947ae
2015-01-28,37.233970642089844,EWJ,8715c42e95742f801ef4ec47f9b9d6d368582fc648588a9d96d8e37949a947ae
2015-01-29,37.55522918701172,EWJ,8715c42e95742f801ef4ec47f9b9d6d368582fc648588a9d96d8e37949a947ae
2015-01-30,36.91270446777344,EWJ,8715c42e95742f801ef4ec47f9b9d6d368582fc648588a9d96d8e37949a947ae
2015-02-02,37.298221588134766,EWJ,8715c42e95742f801ef4ec47f9b9d6d368582fc648588a9d96d8e37949a947ae
2015-02-03,37.233970642089844,EWJ,8715c42e95742f801ef4ec47f9b9d6d368582fc648588a9d96d8e37949a947ae
2015-02-04,37.426719665527344,EWJ,8715c42e95742f801ef4ec47f9b9d6d368582fc648588a9d96d8e37949a947ae
2015-02-05,37.747982025146484,EWJ,8715c42e95742f801ef4ec47f9b9d6d368582fc648588a9d96d8e37949a947ae
2015-02-06,37.426719665527344,EWJ,8715c42e95742f801ef4ec47f9b9d6d368582fc648588a9d96d8e37949a947ae
2015-02-09,37.073341369628906,EWJ,8715c42e95742f801ef4ec47f9b9d6d368582fc648588a9d96d8e37949a947ae
2015-02-10,37.55522918701172,EWJ,8715c42e95742f801ef4ec47f9b9d6d368582fc648588a9d96d8e37949a947ae
2015-02-11,37.619476318359375,EWJ,8715c42e95742f801ef4ec47f9b9d6d368582fc648588a9d96d8e37949a947ae
2015-02-12,37.876487731933594,EWJ,8715c42e95742f801ef4ec47f9b9d6d368582fc648588a9d96d8e37949a947ae
2015-02-13,38.32625198364258,EWJ,8715c42e95742f801ef4ec47f9b9d6d368582fc648588a9d96d8e37949a947ae
2015-02-17,38.29412841796875,EWJ,8715c42e95742f801ef4ec47f9b9d6d368582fc648588a9d96d8e37949a947ae
2015-02-18,38.968753814697266,EWJ,8715c42e95742f801ef4ec47f9b9d6d368582fc648588a9d96d8e37949a947ae
2015-02-19,39.25790023803711,EWJ,8715c42e95742f801ef4ec47f9b9d6d368582fc648588a9d96d8e37949a947ae
2015-02-20,39.61127853393555,EWJ,8715c42e95742f801ef4ec47f9b9d6d368582fc648588a9d96d8e37949a947ae
2015-02-23,39.38640594482422,EWJ,8715c42e95742f801ef4ec47f9b9d6d368582fc648588a9d96d8e37949a947ae
2015-02-24,39.579158782958984,EWJ,8715c42e95742f801ef4ec47f9b9d6d368582fc648588a9d96d8e37949a947ae
2015-02-25,39.48276901245117,EWJ,8715c42e95742f801ef4ec47f9b9d6d368582fc648588a9d96d8e37949a947ae
2015-02-26,39.83617401123047,EWJ,8715c42e95742f801ef4ec47f9b9d6d368582fc648588a9d96d8e37949a947ae
2015-02-27,39.675540924072266,EWJ,8715c42e95742f801ef4ec47f9b9d6d368582fc648588a9d96d8e37949a947ae
2015-03-02,39.77191162109375,EWJ,8715c42e95742f801ef4ec47f9b9d6d368582fc648588a9d96d8e37949a947ae
2015-03-03,39.579158782958984,EWJ,8715c42e95742f801ef4ec47f9b9d6d368582fc648588a9d96d8e37949a947ae
2015-03-04,39.38640594482422,EWJ,8715c42e95742f801ef4ec47f9b9d6d368582fc648588a9d96d8e37949a947ae
2015-03-05,39.61127853393555,EWJ,8715c42e95742f801ef4ec47f9b9d6d368582fc648588a9d96d8e37949a947ae
2015-03-06,39.54703903198242,EWJ,8715c42e95742f801ef4ec47f9b9d6d368582fc648588a9d96d8e37949a947ae
2015-03-09,39.41853332519531,EWJ,8715c42e95742f801ef4ec47f9b9d6d368582fc648588a9d96d8e37949a947ae
2015-03-10,38.84027099609375,EWJ,8715c42e95742f801ef4ec47f9b9d6d368582fc648588a9d96d8e37949a947ae
2015-03-11,39.19364547729492,EWJ,8715c42e95742f801ef4ec47f9b9d6d368582fc648588a9d96d8e37949a947ae
2015-03-12,40.0610466003418,EWJ,8715c42e95742f801ef4ec47f9b9d6d368582fc648588a9d96d8e37949a947ae
2015-03-13,40.093177795410156,EWJ,8715c42e95742f801ef4ec47f9b9d6d368582fc648588a9d96d8e37949a947ae
2015-03-16,40.253807067871094,EWJ,8715c42e95742f801ef4ec47f9b9d6d368582fc648588a9d96d8e37949a947ae
2015-03-17,40.350181579589844,EWJ,8715c42e95742f801ef4ec47f9b9d6d368582fc648588a9d96d8e37949a947ae
2015-03-18,40.99270248413086,EWJ,8715c42e95742f801ef4ec47f9b9d6d368582fc648588a9d96d8e37949a947ae
2015-03-19,40.51081466674805,EWJ,8715c42e95742f801ef4ec47f9b9d6d368582fc648588a9d96d8e37949a947ae
2015-03-20,41.1533317565918,EWJ,8715c42e95742f801ef4ec47f9b9d6d368582fc648588a9d96d8e37949a947ae
2015-03-23,41.3460807800293,EWJ,8715c42e95742f801ef4ec47f9b9d6d368582fc648588a9d96d8e37949a947ae
2015-03-24,41.24971008300781,EWJ,8715c42e95742f801ef4ec47f9b9d6d368582fc648588a9d96d8e37949a947ae
2015-03-25,41.1533317565918,EWJ,8715c42e95742f801ef4ec47f9b9d6d368582fc648588a9d96d8e37949a947ae
2015-03-26,40.73569869995117,EWJ,8715c42e95742f801ef4ec47f9b9d6d368582fc648588a9d96d8e37949a947ae
2015-03-27,40.89632797241211,EWJ,8715c42e95742f801ef4ec47f9b9d6d368582fc648588a9d96d8e37949a947ae
2015-03-30,41.056949615478516,EWJ,8715c42e95742f801ef4ec47f9b9d6d368582fc648588a9d96d8e37949a947ae
2015-03-31,40.253807067871094,EWJ,8715c42e95742f801ef4ec47f9b9d6d368582fc648588a9d96d8e37949a947ae
2015-04-01,40.414432525634766,EWJ,8715c42e95742f801ef4ec47f9b9d6d368582fc648588a9d96d8e37949a947ae
2015-04-02,40.76781463623047,EWJ,8715c42e95742f801ef4ec47f9b9d6d368582fc648588a9d96d8e37949a947ae
2015-04-06,41.24971008300781,EWJ,8715c42e95742f801ef4ec47f9b9d6d368582fc648588a9d96d8e37949a947ae
2015-04-07,41.44245910644531,EWJ,8715c42e95742f801ef4ec47f9b9d6d368582fc648588a9d96d8e37949a947ae
2015-04-08,41.5067138671875,EWJ,8715c42e95742f801ef4ec47f9b9d6d368582fc648588a9d96d8e37949a947ae
2015-04-09,41.5067138671875,EWJ,8715c42e95742f801ef4ec47f9b9d6d368582fc648588a9d96d8e37949a947ae
2015-04-10,41.57096862792969,EWJ,8715c42e95742f801ef4ec47f9b9d6d368582fc648588a9d96d8e37949a947ae
2015-04-13,41.28183364868164,EWJ,8715c42e95742f801ef4ec47f9b9d6d368582fc648588a9d96d8e37949a947ae
2015-04-14,41.57096862792969,EWJ,8715c42e95742f801ef4ec47f9b9d6d368582fc648588a9d96d8e37949a947ae
2015-04-15,41.76372528076172,EWJ,8715c42e95742f801ef4ec47f9b9d6d368582fc648588a9d96d8e37949a947ae
2015-04-16,41.86009979248047,EWJ,8715c42e95742f801ef4ec47f9b9d6d368582fc648588a9d96d8e37949a947ae
2015-04-17,41.53884506225586,EWJ,8715c42e95742f801ef4ec47f9b9d6d368582fc648588a9d96d8e37949a947ae
2015-04-20,41.66733932495117,EWJ,8715c42e95742f801ef4ec47f9b9d6d368582fc648588a9d96d8e37949a947ae
2015-04-21,42.30986785888672,EWJ,8715c42e95742f801ef4ec47f9b9d6d368582fc648588a9d96d8e37949a947ae
2015-04-22,42.63112258911133,EWJ,8715c42e95742f801ef4ec47f9b9d6d368582fc648588a9d96d8e37949a947ae
2015-04-23,42.598995208740234,EWJ,8715c42e95742f801ef4ec47f9b9d6d368582fc648588a9d96d8e37949a947ae
2015-04-24,42.75963592529297,EWJ,8715c42e95742f801ef4ec47f9b9d6d368582fc648588a9d96d8e37949a947ae
2015-04-27,42.66325759887695,EWJ,8715c42e95742f801ef4ec47f9b9d6d368582fc648588a9d96d8e37949a947ae
2015-04-28,42.791751861572266,EWJ,8715c42e95742f801ef4ec47f9b9d6d368582fc648588a9d96d8e37949a947ae
2015-04-29,42.4062385559082,EWJ,8715c42e95742f801ef4ec47f9b9d6d368582fc648588a9d96d8e37949a947ae
2015-04-30,41.313961029052734,EWJ,8715c42e95742f801ef4ec47f9b9d6d368582fc648588a9d96d8e37949a947ae
2015-05-01,41.82797622680664,EWJ,8715c42e95742f801ef4ec47f9b9d6d368582fc648588a9d96d8e37949a947ae
2015-05-04,42.02073287963867,EWJ,8715c42e95742f801ef4ec47f9b9d6d368582fc648588a9d96d8e37949a947ae
2015-05-05,41.217586517333984,EWJ,8715c42e95742f801ef4ec47f9b9d6d368582fc648588a9d96d8e37949a947ae
2015-05-06,41.185455322265625,EWJ,8715c42e95742f801ef4ec47f9b9d6d368582fc648588a9d96d8e37949a947ae
2015-05-07,41.24971008300781,EWJ,8715c42e95742f801ef4ec47f9b9d6d368582fc648588a9d96d8e37949a947ae
2015-05-08,42.21349334716797,EWJ,8715c42e95742f801ef4ec47f9b9d6d368582fc648588a9d96d8e37949a947ae
2015-05-11,41.53884506225586,EWJ,8715c42e95742f801ef4ec47f9b9d6d368582fc648588a9d96d8e37949a947ae
2015-05-12,41.53884506225586,EWJ,8715c42e95742f801ef4ec47f9b9d6d368582fc648588a9d96d8e37949a947ae
2015-05-13,41.79584884643555,EWJ,8715c42e95742f801ef4ec47f9b9d6d368582fc648588a9d96d8e37949a947ae
2015-05-14,42.02073287963867,EWJ,8715c42e95742f801ef4ec47f9b9d6d368582fc648588a9d96d8e37949a947ae
2015-05-15,42.21349334716797,EWJ,8715c42e95742f801ef4ec47f9b9d6d368582fc648588a9d96d8e37949a947ae
2015-05-18,42.56687927246094,EWJ,8715c42e95742f801ef4ec47f9b9d6d368582fc648588a9d96d8e37949a947ae
2015-05-19,42.598995208740234,EWJ,8715c42e95742f801ef4ec47f9b9d6d368582fc648588a9d96d8e37949a947ae
2015-05-20,42.598995208740234,EWJ,8715c42e95742f801ef4ec47f9b9d6d368582fc648588a9d96d8e37949a947ae
2015-05-21,42.75963592529297,EWJ,8715c42e95742f801ef4ec47f9b9d6d368582fc648588a9d96d8e37949a947ae
2015-05-22,42.66325759887695,EWJ,8715c42e95742f801ef4ec47f9b9d6d368582fc648588a9d96d8e37949a947ae
2015-05-26,42.11710739135742,EWJ,8715c42e95742f801ef4ec47f9b9d6d368582fc648588a9d96d8e37949a947ae
2015-05-27,42.4062385559082,EWJ,8715c42e95742f801ef4ec47f9b9d6d368582fc648588a9d96d8e37949a947ae
2015-05-28,42.30986785888672,EWJ,8715c42e95742f801ef4ec47f9b9d6d368582fc648588a9d96d8e37949a947ae
2015-05-29,41.92435836791992,EWJ,8715c42e95742f801ef4ec47f9b9d6d368582fc648588a9d96d8e37949a947ae
2015-06-01,42.11710739135742,EWJ,8715c42e95742f801ef4ec47f9b9d6d368582fc648588a9d96d8e37949a947ae
2015-06-02,42.02073287963867,EWJ,8715c42e95742f801ef4ec47f9b9d6d368582fc648588a9d96d8e37949a947ae
2015-06-03,42.18136215209961,EWJ,8715c42e95742f801ef4ec47f9b9d6d368582fc648588a9d96d8e37949a947ae
2015-06-04,41.8922233581543,EWJ,8715c42e95742f801ef4ec47f9b9d6d368582fc648588a9d96d8e37949a947ae
2015-06-05,41.63521957397461,EWJ,8715c42e95742f801ef4ec47f9b9d6d368582fc648588a9d96d8e37949a947ae
2015-06-08,41.41033935546875,EWJ,8715c42e95742f801ef4ec47f9b9d6d368582fc648588a9d96d8e37949a947ae
2015-06-09,40.99270248413086,EWJ,8715c42e95742f801ef4ec47f9b9d6d368582fc648588a9d96d8e37949a947ae
2015-06-10,41.66733932495117,EWJ,8715c42e95742f801ef4ec47f9b9d6d368582fc648588a9d96d8e37949a947ae
2015-06-11,41.86009979248047,EWJ,8715c42e95742f801ef4ec47f9b9d6d368582fc648588a9d96d8e37949a947ae
2015-06-12,41.63521957397461,EWJ,8715c42e95742f801ef4ec47f9b9d6d368582fc648588a9d96d8e37949a947ae
2015-06-15,41.76372528076172,EWJ,8715c42e95742f801ef4ec47f9b9d6d368582fc648588a9d96d8e37949a947ae
2015-06-16,41.57096862792969,EWJ,8715c42e95742f801ef4ec47f9b9d6d368582fc648588a9d96d8e37949a947ae
2015-06-17,41.217586517333984,EWJ,8715c42e95742f801ef4ec47f9b9d6d368582fc648588a9d96d8e37949a947ae
2015-06-18,41.24971008300781,EWJ,8715c42e95742f801ef4ec47f9b9d6d368582fc648588a9d96d8e37949a947ae
2015-06-19,41.28183364868164,EWJ,8715c42e95742f801ef4ec47f9b9d6d368582fc648588a9d96d8e37949a947ae
2015-06-22,41.92435836791992,EWJ,8715c42e95742f801ef4ec47f9b9d6d368582fc648588a9d96d8e37949a947ae
2015-06-23,42.4062385559082,EWJ,8715c42e95742f801ef4ec47f9b9d6d368582fc648588a9d96d8e37949a947ae
2015-06-24,41.956485748291016,EWJ,8715c42e95742f801ef4ec47f9b9d6d368582fc648588a9d96d8e37949a947ae
2015-06-25,42.040435791015625,EWJ,8715c42e95742f801ef4ec47f9b9d6d368582fc648588a9d96d8e37949a947ae
2015-06-26,42.234169006347656,EWJ,8715c42e95742f801ef4ec47f9b9d6d368582fc648588a9d96d8e37949a947ae
2015-06-29,41.16863250732422,EWJ,8715c42e95742f801ef4ec47f9b9d6d368582fc648588a9d96d8e37949a947ae
2015-06-30,41.362361907958984,EWJ,8715c42e95742f801ef4ec47f9b9d6d368582fc648588a9d96d8e37949a947ae
2015-07-01,41.6529541015625,EWJ,8715c42e95742f801ef4ec47f9b9d6d368582fc648588a9d96d8e37949a947ae
2015-07-02,41.6529541015625,EWJ,8715c42e95742f801ef4ec47f9b9d6d368582fc648588a9d96d8e37949a947ae
2015-07-06,41.362361907958984,EWJ,8715c42e95742f801ef4ec47f9b9d6d368582fc648588a9d96d8e37949a947ae
2015-07-07,41.459224700927734,EWJ,8715c42e95742f801ef4ec47f9b9d6d368582fc648588a9d96d8e37949a947ae
2015-07-08,39.7479133605957,EWJ,8715c42e95742f801ef4ec47f9b9d6d368582fc648588a9d96d8e37949a947ae
2015-07-09,40.23224639892578,EWJ,8715c42e95742f801ef4ec47f9b9d6d368582fc648588a9d96d8e37949a947ae
2015-07-10,40.87802505493164,EWJ,8715c42e95742f801ef4ec47f9b9d6d368582fc648588a9d96d8e37949a947ae
2015-07-13,41.42693328857422,EWJ,8715c42e95742f801ef4ec47f9b9d6d368582fc648588a9d96d8e37949a947ae
2015-07-14,41.68524932861328,EWJ,8715c42e95742f801ef4ec47f9b9d6d368582fc648588a9d96d8e37949a947ae
2015-07-15,41.6529541015625,EWJ,8715c42e95742f801ef4ec47f9b9d6d368582fc648588a9d96d8e37949a947ae
2015-07-16,41.81441116333008,EWJ,8715c42e95742f801ef4ec47f9b9d6d368582fc648588a9d96d8e37949a947ae
2015-07-17,41.91127395629883,EWJ,8715c42e95742f801ef4ec47f9b9d6d368582fc648588a9d96d8e37949a947ae
2015-07-20,41.91127395629883,EWJ,8715c42e95742f801ef4ec47f9b9d6d368582fc648588a9d96d8e37949a947ae
2015-07-21,41.78211212158203,EWJ,8715c42e95742f801ef4ec47f9b9d6d368582fc648588a9d96d8e37949a947ae
2015-07-22,41.588382720947266,EWJ,8715c42e95742f801ef4ec47f9b9d6d368582fc648588a9d96d8e37949a947ae
2015-07-23,41.556095123291016,EWJ,8715c42e95742f801ef4ec47f9b9d6d368582fc648588a9d96d8e37949a947ae
2015-07-24,41.16863250732422,EWJ,8715c42e95742f801ef4ec47f9b9d6d368582fc648588a9d96d8e37949a947ae
2015-07-27,41.00717544555664,EWJ,8715c42e95742f801ef4ec47f9b9d6d368582fc648588a9d96d8e37949a947ae
2015-07-28,41.20091247558594,EWJ,8715c42e95742f801ef4ec47f9b9d6d368582fc648588a9d96d8e37949a947ae
2015-07-29,41.362361907958984,EWJ,8715c42e95742f801ef4ec47f9b9d6d368582fc648588a9d96d8e37949a947ae
2015-07-30,41.42693328857422,EWJ,8715c42e95742f801ef4ec47f9b9d6d368582fc648588a9d96d8e37949a947ae
2015-07-31,41.74983596801758,EWJ,8715c42e95742f801ef4ec47f9b9d6d368582fc648588a9d96d8e37949a947ae
2015-08-03,41.588382720947266,EWJ,8715c42e95742f801ef4ec47f9b9d6d368582fc648588a9d96d8e37949a947ae
2015-08-04,41.5238037109375,EWJ,8715c42e95742f801ef4ec47f9b9d6d368582fc648588a9d96d8e37949a947ae
2015-08-05,41.78211212158203,EWJ,8715c42e95742f801ef4ec47f9b9d6d368582fc648588a9d96d8e37949a947ae
2015-08-06,41.6529541015625,EWJ,8715c42e95742f801ef4ec47f9b9d6d368582fc648588a9d96d8e37949a947ae
2015-08-07,41.78211212158203,EWJ,8715c42e95742f801ef4ec47f9b9d6d368582fc648588a9d96d8e37949a947ae
2015-08-10,42.395606994628906,EWJ,8715c42e95742f801ef4ec47f9b9d6d368582fc648588a9d96d8e37949a947ae
2015-08-11,41.6529541015625,EWJ,8715c42e95742f801ef4ec47f9b9d6d368582fc648588a9d96d8e37949a947ae
2015-08-12,41.394649505615234,EWJ,8715c42e95742f801ef4ec47f9b9d6d368582fc648588a9d96d8e37949a947ae
2015-08-13,41.71753692626953,EWJ,8715c42e95742f801ef4ec47f9b9d6d368582fc648588a9d96d8e37949a947ae
2015-08-14,41.71753692626953,EWJ,8715c42e95742f801ef4ec47f9b9d6d368582fc648588a9d96d8e37949a947ae
2015-08-17,41.81441116333008,EWJ,8715c42e95742f801ef4ec47f9b9d6d368582fc648588a9d96d8e37949a947ae
2015-08-18,41.5238037109375,EWJ,8715c42e95742f801ef4ec47f9b9d6d368582fc648588a9d96d8e37949a947ae
2015-08-19,41.07175827026367,EWJ,8715c42e95742f801ef4ec47f9b9d6d368582fc648588a9d96d8e37949a947ae
2015-08-20,39.84477233886719,EWJ,8715c42e95742f801ef4ec47f9b9d6d368582fc648588a9d96d8e37949a947ae
2015-08-21,38.48862838745117,EWJ,8715c42e95742f801ef4ec47f9b9d6d368582fc648588a9d96d8e37949a947ae
2015-08-24,37.13248825073242,EWJ,8715c42e95742f801ef4ec47f9b9d6d368582fc648588a9d96d8e37949a947ae
2015-08-25,37.35851287841797,EWJ,8715c42e95742f801ef4ec47f9b9d6d368582fc648588a9d96d8e37949a947ae
2015-08-26,38.843807220458984,EWJ,8715c42e95742f801ef4ec47f9b9d6d368582fc648588a9d96d8e37949a947ae
2015-08-27,39.55417251586914,EWJ,8715c42e95742f801ef4ec47f9b9d6d368582fc648588a9d96d8e37949a947ae
2015-08-28,39.7479133605957,EWJ,8715c42e95742f801ef4ec47f9b9d6d368582fc648588a9d96d8e37949a947ae
2015-08-31,39.134395599365234,EWJ,8715c42e95742f801ef4ec47f9b9d6d368582fc648588a9d96d8e37949a947ae
2015-09-01,37.35851287841797,EWJ,8715c42e95742f801ef4ec47f9b9d6d368582fc648588a9d96d8e37949a947ae
2015-09-02,38.03657150268555,EWJ,8715c42e95742f801ef4ec47f9b9d6d368582fc648588a9d96d8e37949a947ae
2015-09-03,38.32718276977539,EWJ,8715c42e95742f801ef4ec47f9b9d6d368582fc648588a9d96d8e37949a947ae
2015-09-04,37.100189208984375,EWJ,8715c42e95742f801ef4ec47f9b9d6d368582fc648588a9d96d8e37949a947ae
2015-09-08,37.97200393676758,EWJ,8715c42e95742f801ef4ec47f9b9d6d368582fc648588a9d96d8e37949a947ae
2015-09-09,37.90742111206055,EWJ,8715c42e95742f801ef4ec47f9b9d6d368582fc648588a9d96d8e37949a947ae
2015-09-10,37.87513732910156,EWJ,8715c42e95742f801ef4ec47f9b9d6d368582fc648588a9d96d8e37949a947ae
2015-09-11,37.90742111206055,EWJ,8715c42e95742f801ef4ec47f9b9d6d368582fc648588a9d96d8e37949a947ae
2015-09-14,37.81055450439453,EWJ,8715c42e95742f801ef4ec47f9b9d6d368582fc648588a9d96d8e37949a947ae
2015-09-15,38.10116195678711,EWJ,8715c42e95742f801ef4ec47f9b9d6d368582fc648588a9d96d8e37949a947ae
2015-09-16,38.424041748046875,EWJ,8715c42e95742f801ef4ec47f9b9d6d368582fc648588a9d96d8e37949a947ae
2015-09-17,38.391754150390625,EWJ,8715c42e95742f801ef4ec47f9b9d6d368582fc648588a9d96d8e37949a947ae
2015-09-18,37.164772033691406,EWJ,8715c42e95742f801ef4ec47f9b9d6d368582fc648588a9d96d8e37949a947ae
2015-09-21,37.39079666137695,EWJ,8715c42e95742f801ef4ec47f9b9d6d368582fc648588a9d96d8e37949a947ae
2015-09-22,36.84187698364258,EWJ,8715c42e95742f801ef4ec47f9b9d6d368582fc648588a9d96d8e37949a947ae
2015-09-23,36.84187698364258,EWJ,8715c42e95742f801ef4ec47f9b9d6d368582fc648588a9d96d8e37949a947ae
2015-09-24,36.58357238769531,EWJ,8715c42e95742f801ef4ec47f9b9d6d368582fc648588a9d96d8e37949a947ae
2015-09-25,37.48766326904297,EWJ,8715c42e95742f801ef4ec47f9b9d6d368582fc648588a9d96d8e37949a947ae
2015-09-28,36.58357238769531,EWJ,8715c42e95742f801ef4ec47f9b9d6d368582fc648588a9d96d8e37949a947ae
2015-09-29,36.13151550292969,EWJ,8715c42e95742f801ef4ec47f9b9d6d368582fc648588a9d96d8e37949a947ae
2015-09-30,36.906463623046875,EWJ,8715c42e95742f801ef4ec47f9b9d6d368582fc648588a9d96d8e37949a947ae
2015-10-01,37.164772033691406,EWJ,8715c42e95742f801ef4ec47f9b9d6d368582fc648588a9d96d8e37949a947ae
2015-10-02,37.6168098449707,EWJ,8715c42e95742f801ef4ec47f9b9d6d368582fc648588a9d96d8e37949a947ae
2015-10-05,38.5532112121582,EWJ,8715c42e95742f801ef4ec47f9b9d6d368582fc648588a9d96d8e37949a947ae
2015-10-06,38.23031234741211,EWJ,8715c42e95742f801ef4ec47f9b9d6d368582fc648588a9d96d8e37949a947ae
2015-10-07,38.843807220458984,EWJ,8715c42e95742f801ef4ec47f9b9d6d368582fc648588a9d96d8e37949a947ae
2015-10-08,38.97296905517578,EWJ,8715c42e95742f801ef4ec47f9b9d6d368582fc648588a9d96d8e37949a947ae
2015-10-09,39.06983184814453,EWJ,8715c42e95742f801ef4ec47f9b9d6d368582fc648588a9d96d8e37949a947ae
2015-10-12,39.134395599365234,EWJ,8715c42e95742f801ef4ec47f9b9d6d368582fc648588a9d96d8e37949a947ae
2015-10-13,38.71464157104492,EWJ,8715c42e95742f801ef4ec47f9b9d6d368582fc648588a9d96d8e37949a947ae
2015-10-14,38.262611389160156,EWJ,8715c42e95742f801ef4ec47f9b9d6d368582fc648588a9d96d8e37949a947ae
2015-10-15,39.23127365112305,EWJ,8715c42e95742f801ef4ec47f9b9d6d368582fc648588a9d96d8e37949a947ae
2015-10-16,39.42500305175781,EWJ,8715c42e95742f801ef4ec47f9b9d6d368582fc648588a9d96d8e37949a947ae
2015-10-19,39.23127365112305,EWJ,8715c42e95742f801ef4ec47f9b9d6d368582fc648588a9d96d8e37949a947ae
2015-10-20,39.0052604675293,EWJ,8715c42e95742f801ef4ec47f9b9d6d368582fc648588a9d96d8e37949a947ae
2015-10-21,39.521888732910156,EWJ,8715c42e95742f801ef4ec47f9b9d6d368582fc648588a9d96d8e37949a947ae
2015-10-22,40.0062141418457,EWJ,8715c42e95742f801ef4ec47f9b9d6d368582fc648588a9d96d8e37949a947ae
2015-10-23,40.39368438720703,EWJ,8715c42e95742f801ef4ec47f9b9d6d368582fc648588a9d96d8e37949a947ae
2015-10-26,40.36139678955078,EWJ,8715c42e95742f801ef4ec47f9b9d6d368582fc648588a9d96d8e37949a947ae
2015-10-27,40.038509368896484,EWJ,8715c42e95742f801ef4ec47f9b9d6d368582fc648588a9d96d8e37949a947ae
2015-10-28,40.42597961425781,EWJ,8715c42e95742f801ef4ec47f9b9d6d368582fc648588a9d96d8e37949a947ae
2015-10-29,39.97392654418945,EWJ,8715c42e95742f801ef4ec47f9b9d6d368582fc648588a9d96d8e37949a947ae
2015-10-30,39.780189514160156,EWJ,8715c42e95742f801ef4ec47f9b9d6d368582fc648588a9d96d8e37949a947ae
2015-11-02,40.070796966552734,EWJ,8715c42e95742f801ef4ec47f9b9d6d368582fc648588a9d96d8e37949a947ae
2015-11-03,40.038509368896484,EWJ,8715c42e95742f801ef4ec47f9b9d6d368582fc648588a9d96d8e37949a947ae
2015-11-04,39.84477233886719,EWJ,8715c42e95742f801ef4ec47f9b9d6d368582fc648588a9d96d8e37949a947ae
2015-11-05,40.135379791259766,EWJ,8715c42e95742f801ef4ec47f9b9d6d368582fc648588a9d96d8e37949a947ae
2015-11-06,40.038509368896484,EWJ,8715c42e95742f801ef4ec47f9b9d6d368582fc648588a9d96d8e37949a947ae
2015-11-09,39.87705993652344,EWJ,8715c42e95742f801ef4ec47f9b9d6d368582fc648588a9d96d8e37949a947ae
2015-11-10,40.296817779541016,EWJ,8715c42e95742f801ef4ec47f9b9d6d368582fc648588a9d96d8e37949a947ae
2015-11-11,40.45826721191406,EWJ,8715c42e95742f801ef4ec47f9b9d6d368582fc648588a9d96d8e37949a947ae
2015-11-12,40.070796966552734,EWJ,8715c42e95742f801ef4ec47f9b9d6d368582fc648588a9d96d8e37949a947ae
2015-11-13,39.87705993652344,EWJ,8715c42e95742f801ef4ec47f9b9d6d368582fc648588a9d96d8e37949a947ae
2015-11-16,40.264522552490234,EWJ,8715c42e95742f801ef4ec47f9b9d6d368582fc648588a9d96d8e37949a947ae
2015-11-17,40.36139678955078,EWJ,8715c42e95742f801ef4ec47f9b9d6d368582fc648588a9d96d8e37949a947ae
2015-11-18,40.55513000488281,EWJ,8715c42e95742f801ef4ec47f9b9d6d368582fc648588a9d96d8e37949a947ae
2015-11-19,40.55513000488281,EWJ,8715c42e95742f801ef4ec47f9b9d6d368582fc648588a9d96d8e37949a947ae
2015-11-20,40.74885940551758,EWJ,8715c42e95742f801ef4ec47f9b9d6d368582fc648588a9d96d8e37949a947ae
2015-11-23,40.55513000488281,EWJ,8715c42e95742f801ef4ec47f9b9d6d368582fc648588a9d96d8e37949a947ae
2015-11-24,40.74885940551758,EWJ,8715c42e95742f801ef4ec47f9b9d6d368582fc648588a9d96d8e37949a947ae
2015-11-25,40.49055099487305,EWJ,8715c42e95742f801ef4ec47f9b9d6d368582fc648588a9d96d8e37949a947ae
2015-11-27,40.296817779541016,EWJ,8715c42e95742f801ef4ec47f9b9d6d368582fc648588a9d96d8e37949a947ae
2015-11-30,39.97392654418945,EWJ,8715c42e95742f801ef4ec47f9b9d6d368582fc648588a9d96d8e37949a947ae
2015-12-01,40.58742141723633,EWJ,8715c42e95742f801ef4ec47f9b9d6d368582fc648588a9d96d8e37949a947ae
2015-12-02,40.264522552490234,EWJ,8715c42e95742f801ef4ec47f9b9d6d368582fc648588a9d96d8e37949a947ae
2015-12-03,39.87705993652344,EWJ,8715c42e95742f801ef4ec47f9b9d6d368582fc648588a9d96d8e37949a947ae
2015-12-04,40.10306930541992,EWJ,8715c42e95742f801ef4ec47f9b9d6d368582fc648588a9d96d8e37949a947ae
2015-12-07,40.0062141418457,EWJ,8715c42e95742f801ef4ec47f9b9d6d368582fc648588a9d96d8e37949a947ae
2015-12-08,39.48958206176758,EWJ,8715c42e95742f801ef4ec47f9b9d6d368582fc648588a9d96d8e37949a947ae
2015-12-09,39.03754425048828,EWJ,8715c42e95742f801ef4ec47f9b9d6d368582fc648588a9d96d8e37949a947ae
2015-12-10,39.39271926879883,EWJ,8715c42e95742f801ef4ec47f9b9d6d368582fc648588a9d96d8e37949a947ae
2015-12-11,38.779239654541016,EWJ,8715c42e95742f801ef4ec47f9b9d6d368582fc648588a9d96d8e37949a947ae
2015-12-14,39.134395599365234,EWJ,8715c42e95742f801ef4ec47f9b9d6d368582fc648588a9d96d8e37949a947ae
2015-12-15,38.97296905517578,EWJ,8715c42e95742f801ef4ec47f9b9d6d368582fc648588a9d96d8e37949a947ae
2015-12-16,39.9416389465332,EWJ,8715c42e95742f801ef4ec47f9b9d6d368582fc648588a9d96d8e37949a947ae
2015-12-17,39.55417251586914,EWJ,8715c42e95742f801ef4ec47f9b9d6d368582fc648588a9d96d8e37949a947ae
2015-12-18,39.06983184814453,EWJ,8715c42e95742f801ef4ec47f9b9d6d368582fc648588a9d96d8e37949a947ae
2015-12-21,39.19342803955078,EWJ,8715c42e95742f801ef4ec47f9b9d6d368582fc648588a9d96d8e37949a947ae
2015-12-22,39.48616027832031,EWJ,8715c42e95742f801ef4ec47f9b9d6d368582fc648588a9d96d8e37949a947ae
2015-12-23,39.908992767333984,EWJ,8715c42e95742f801ef4ec47f9b9d6d368582fc648588a9d96d8e37949a947ae
2015-12-24,39.42110824584961,EWJ,8715c42e95742f801ef4ec47f9b9d6d368582fc648588a9d96d8e37949a947ae
2015-12-28,39.45363235473633,EWJ,8715c42e95742f801ef4ec47f9b9d6d368582fc648588a9d96d8e37949a947ae
2015-12-29,40.03909683227539,EWJ,8715c42e95742f801ef4ec47f9b9d6d368582fc648588a9d96d8e37949a947ae
2015-12-30,39.811424255371094,EWJ,8715c42e95742f801ef4ec47f9b9d6d368582fc648588a9d96d8e37949a947ae
2015-12-31,39.42110824584961,EWJ,8715c42e95742f801ef4ec47f9b9d6d368582fc648588a9d96d8e37949a947ae
2016-01-04,38.80311965942383,EWJ,8715c42e95742f801ef4ec47f9b9d6d368582fc648588a9d96d8e37949a947ae
2016-01-05,39.2910041809082,EWJ,8715c42e95742f801ef4ec47f9b9d6d368582fc648588a9d96d8e37949a947ae
2016-01-06,38.60796356201172,EWJ,8715c42e95742f801ef4ec47f9b9d6d368582fc648588a9d96d8e37949a947ae
2016-01-07,38.02250671386719,EWJ,8715c42e95742f801ef4ec47f9b9d6d368582fc648588a9d96d8e37949a947ae
2016-01-08,37.20936584472656,EWJ,8715c42e95742f801ef4ec47f9b9d6d368582fc648588a9d96d8e37949a947ae
2016-01-11,37.46957015991211,EWJ,8715c42e95742f801ef4ec47f9b9d6d368582fc648588a9d96d8e37949a947ae
2016-01-12,37.27442169189453,EWJ,8715c42e95742f801ef4ec47f9b9d6d368582fc648588a9d96d8e37949a947ae
2016-01-13,36.94914245605469,EWJ,8715c42e95742f801ef4ec47f9b9d6d368582fc648588a9d96d8e37949a947ae
2016-01-14,37.40451431274414,EWJ,8715c42e95742f801ef4ec47f9b9d6d368582fc648588a9d96d8e37949a947ae
2016-01-15,36.36369323730469,EWJ,8715c42e95742f801ef4ec47f9b9d6d368582fc648588a9d96d8e37949a947ae
2016-01-19,36.656429290771484,EWJ,8715c42e95742f801ef4ec47f9b9d6d368582fc648588a9d96d8e37949a947ae
2016-01-20,35.2578125,EWJ,8715c42e95742f801ef4ec47f9b9d6d368582fc648588a9d96d8e37949a947ae
2016-01-21,35.127716064453125,EWJ,8715c42e95742f801ef4ec47f9b9d6d368582fc648588a9d96d8e37949a947ae
2016-01-22,36.72147750854492,EWJ,8715c42e95742f801ef4ec47f9b9d6d368582fc648588a9d96d8e37949a947ae
2016-01-25,35.940860748291016,EWJ,8715c42e95742f801ef4ec47f9b9d6d368582fc648588a9d96d8e37949a947ae
2016-01-26,36.428749084472656,EWJ,8715c42e95742f801ef4ec47f9b9d6d368582fc648588a9d96d8e37949a947ae
2016-01-27,36.46126937866211,EWJ,8715c42e95742f801ef4ec47f9b9d6d368582fc648588a9d96d8e37949a947ae
2016-01-28,36.52632141113281,EWJ,8715c42e95742f801ef4ec47f9b9d6d368582fc648588a9d96d8e37949a947ae
2016-01-29,37.40451431274414,EWJ,8715c42e95742f801ef4ec47f9b9d6d368582fc648588a9d96d8e37949a947ae
2016-02-01,37.17683410644531,EWJ,8715c42e95742f801ef4ec47f9b9d6d368582fc648588a9d96d8e37949a947ae
2016-02-02,36.786529541015625,EWJ,8715c42e95742f801ef4ec47f9b9d6d368582fc648588a9d96d8e37949a947ae
2016-02-03,36.3311767578125,EWJ,8715c42e95742f801ef4ec47f9b9d6d368582fc648588a9d96d8e37949a947ae
2016-02-04,36.23359298706055,EWJ,8715c42e95742f801ef4ec47f9b9d6d368582fc648588a9d96d8e37949a947ae
2016-02-05,35.6156120300293,EWJ,8715c42e95742f801ef4ec47f9b9d6d368582fc648588a9d96d8e37949a947ae
2016-02-08,35.55055236816406,EWJ,8715c42e95742f801ef4ec47f9b9d6d368582fc648588a9d96d8e37949a947ae
2016-02-09,34.86751937866211,EWJ,8715c42e95742f801ef4ec47f9b9d6d368582fc648588a9d96d8e37949a947ae
2016-02-10,34.24952697753906,EWJ,8715c42e95742f801ef4ec47f9b9d6d368582fc648588a9d96d8e37949a947ae
2016-02-11,33.56648635864258,EWJ,8715c42e95742f801ef4ec47f9b9d6d368582fc648588a9d96d8e37949a947ae
2016-02-12,33.85921859741211,EWJ,8715c42e95742f801ef4ec47f9b9d6d368582fc648588a9d96d8e37949a947ae
2016-02-16,35.09519577026367,EWJ,8715c42e95742f801ef4ec47f9b9d6d368582fc648588a9d96d8e37949a947ae
2016-02-17,35.3879280090332,EWJ,8715c42e95742f801ef4ec47f9b9d6d368582fc648588a9d96d8e37949a947ae
2016-02-18,35.3879280090332,EWJ,8715c42e95742f801ef4ec47f9b9d6d368582fc648588a9d96d8e37949a947ae
2016-02-19,35.22529602050781,EWJ,8715c42e95742f801ef4ec47f9b9d6d368582fc648588a9d96d8e37949a947ae
2016-02-22,35.810760498046875,EWJ,8715c42e95742f801ef4ec47f9b9d6d368582fc648588a9d96d8e37949a947ae
2016-02-23,35.22529602050781,EWJ,8715c42e95742f801ef4ec47f9b9d6d368582fc648588a9d96d8e37949a947ae
2016-02-24,35.58308029174805,EWJ,8715c42e95742f801ef4ec47f9b9d6d368582fc648588a9d96d8e37949a947ae
2016-02-25,36.005916595458984,EWJ,8715c42e95742f801ef4ec47f9b9d6d368582fc648588a9d96d8e37949a947ae
2016-02-26,35.973384857177734,EWJ,8715c42e95742f801ef4ec47f9b9d6d368582fc648588a9d96d8e37949a947ae
2016-02-29,35.42045593261719,EWJ,8715c42e95742f801ef4ec47f9b9d6d368582fc648588a9d96d8e37949a947ae
2016-03-01,36.298641204833984,EWJ,8715c42e95742f801ef4ec47f9b9d6d368582fc648588a9d96d8e37949a947ae
2016-03-02,36.819053649902344,EWJ,8715c42e95742f801ef4ec47f9b9d6d368582fc648588a9d96d8e37949a947ae
2016-03-03,37.07925033569336,EWJ,8715c42e95742f801ef4ec47f9b9d6d368582fc648588a9d96d8e37949a947ae
2016-03-04,37.46957015991211,EWJ,8715c42e95742f801ef4ec47f9b9d6d368582fc648588a9d96d8e37949a947ae
2016-03-07,37.07925033569336,EWJ,8715c42e95742f801ef4ec47f9b9d6d368582fc648588a9d96d8e37949a947ae
2016-03-08,36.72147750854492,EWJ,8715c42e95742f801ef4ec47f9b9d6d368582fc648588a9d96d8e37949a947ae
2016-03-09,36.68895721435547,EWJ,8715c42e95742f801ef4ec47f9b9d6d368582fc648588a9d96d8e37949a947ae
2016-03-10,36.52632141113281,EWJ,8715c42e95742f801ef4ec47f9b9d6d368582fc648588a9d96d8e37949a947ae
2016-03-11,37.50209426879883,EWJ,8715c42e95742f801ef4ec47f9b9d6d368582fc648588a9d96d8e37949a947ae
2016-03-14,37.66471862792969,EWJ,8715c42e95742f801ef4ec47f9b9d6d368582fc648588a9d96d8e37949a947ae
2016-03-15,37.17683410644531,EWJ,8715c42e95742f801ef4ec47f9b9d6d368582fc648588a9d96d8e37949a947ae
2016-03-16,37.24188232421875,EWJ,8715c42e95742f801ef4ec47f9b9d6d368582fc648588a9d96d8e37949a947ae
2016-03-17,37.371986389160156,EWJ,8715c42e95742f801ef4ec47f9b9d6d368582fc648588a9d96d8e37949a947ae
2016-03-18,37.24188232421875,EWJ,8715c42e95742f801ef4ec47f9b9d6d368582fc648588a9d96d8e37949a947ae
2016-03-21,37.40451431274414,EWJ,8715c42e95742f801ef4ec47f9b9d6d368582fc648588a9d96d8e37949a947ae
2016-03-22,37.632198333740234,EWJ,8715c42e95742f801ef4ec47f9b9d6d368582fc648588a9d96d8e37949a947ae
2016-03-23,37.144317626953125,EWJ,8715c42e95742f801ef4ec47f9b9d6d368582fc648588a9d96d8e37949a947ae
2016-03-24,36.91663360595703,EWJ,8715c42e95742f801ef4ec47f9b9d6d368582fc648588a9d96d8e37949a947ae
2016-03-28,37.46957015991211,EWJ,8715c42e95742f801ef4ec47f9b9d6d368582fc648588a9d96d8e37949a947ae
2016-03-29,37.85988235473633,EWJ,8715c42e95742f801ef4ec47f9b9d6d368582fc648588a9d96d8e37949a947ae
2016-03-30,37.729774475097656,EWJ,8715c42e95742f801ef4ec47f9b9d6d368582fc648588a9d96d8e37949a947ae
2016-03-31,37.11178207397461,EWJ,8715c42e95742f801ef4ec47f9b9d6d368582fc648588a9d96d8e37949a947ae
2016-04-01,36.20107650756836,EWJ,8715c42e95742f801ef4ec47f9b9d6d368582fc648588a9d96d8e37949a947ae
2016-04-04,36.20107650756836,EWJ,8715c42e95742f801ef4ec47f9b9d6d368582fc648588a9d96d8e37949a947ae
2016-04-05,35.42045593261719,EWJ,8715c42e95742f801ef4ec47f9b9d6d368582fc648588a9d96d8e37949a947ae
2016-04-06,36.005916595458984,EWJ,8715c42e95742f801ef4ec47f9b9d6d368582fc648588a9d96d8e37949a947ae
2016-04-07,35.810760498046875,EWJ,8715c42e95742f801ef4ec47f9b9d6d368582fc648588a9d96d8e37949a947ae
2016-04-08,36.8515739440918,EWJ,8715c42e95742f801ef4ec47f9b9d6d368582fc648588a9d96d8e37949a947ae
2016-04-11,36.623897552490234,EWJ,8715c42e95742f801ef4ec47f9b9d6d368582fc648588a9d96d8e37949a947ae
2016-04-12,37.46957015991211,EWJ,8715c42e95742f801ef4ec47f9b9d6d368582fc648588a9d96d8e37949a947ae
2016-04-13,38.51039505004883,EWJ,8715c42e95742f801ef4ec47f9b9d6d368582fc648588a9d96d8e37949a947ae
2016-04-14,38.67301940917969,EWJ,8715c42e95742f801ef4ec47f9b9d6d368582fc648588a9d96d8e37949a947ae
2016-04-15,38.315223693847656,EWJ,8715c42e95742f801ef4ec47f9b9d6d368582fc648588a9d96d8e37949a947ae
2016-04-18,38.60796356201172,EWJ,8715c42e95742f801ef4ec47f9b9d6d368582fc648588a9d96d8e37949a947ae
2016-04-19,39.19342803955078,EWJ,8715c42e95742f801ef4ec47f9b9d6d368582fc648588a9d96d8e37949a947ae
2016-04-20,39.42110824584961,EWJ,8715c42e95742f801ef4ec47f9b9d6d368582fc648588a9d96d8e37949a947ae
2016-04-21,39.42110824584961,EWJ,8715c42e95742f801ef4ec47f9b9d6d368582fc648588a9d96d8e37949a947ae
2016-04-22,39.713829040527344,EWJ,8715c42e95742f801ef4ec47f9b9d6d368582fc648588a9d96d8e37949a947ae
2016-04-25,39.45363235473633,EWJ,8715c42e95742f801ef4ec47f9b9d6d368582fc648588a9d96d8e37949a947ae
2016-04-26,39.2910041809082,EWJ,8715c42e95742f801ef4ec47f9b9d6d368582fc648588a9d96d8e37949a947ae
2016-04-27,39.258480072021484,EWJ,8715c42e95742f801ef4ec47f9b9d6d368582fc648588a9d96d8e37949a947ae
2016-04-28,37.46957015991211,EWJ,8715c42e95742f801ef4ec47f9b9d6d368582fc648588a9d96d8e37949a947ae
2016-04-29,37.144317626953125,EWJ,8715c42e95742f801ef4ec47f9b9d6d368582fc648588a9d96d8e37949a947ae
2016-05-02,37.82735061645508,EWJ,8715c42e95742f801ef4ec47f9b9d6d368582fc648588a9d96d8e37949a947ae
2016-05-03,37.46957015991211,EWJ,8715c42e95742f801ef4ec47f9b9d6d368582fc648588a9d96d8e37949a947ae
2016-05-04,37.144317626953125,EWJ,8715c42e95742f801ef4ec47f9b9d6d368582fc648588a9d96d8e37949a947ae
2016-05-05,37.33946228027344,EWJ,8715c42e95742f801ef4ec47f9b9d6d368582fc648588a9d96d8e37949a947ae
2016-05-06,37.53461837768555,EWJ,8715c42e95742f801ef4ec47f9b9d6d368582fc648588a9d96d8e37949a947ae
2016-05-09,37.50209426879883,EWJ,8715c42e95742f801ef4ec47f9b9d6d368582fc648588a9d96d8e37949a947ae
2016-05-10,38.44534683227539,EWJ,8715c42e95742f801ef4ec47f9b9d6d368582fc648588a9d96d8e37949a947ae
2016-05-11,37.729774475097656,EWJ,8715c42e95742f801ef4ec47f9b9d6d368582fc648588a9d96d8e37949a947ae
2016-05-12,38.02250671386719,EWJ,8715c42e95742f801ef4ec47f9b9d6d368582fc648588a9d96d8e37949a947ae
2016-05-13,37.50209426879883,EWJ,8715c42e95742f801ef4ec47f9b9d6d368582fc648588a9d96d8e37949a947ae
2016-05-16,38.02250671386719,EWJ,8715c42e95742f801ef4ec47f9b9d6d368582fc648588a9d96d8e37949a947ae
2016-05-17,37.76230239868164,EWJ,8715c42e95742f801ef4ec47f9b9d6d368582fc648588a9d96d8e37949a947ae
2016-05-18,37.794822692871094,EWJ,8715c42e95742f801ef4ec47f9b9d6d368582fc648588a9d96d8e37949a947ae
2016-05-19,37.53461837768555,EWJ,8715c42e95742f801ef4ec47f9b9d6d368582fc648588a9d96d8e37949a947ae
2016-05-20,37.794822692871094,EWJ,8715c42e95742f801ef4ec47f9b9d6d368582fc648588a9d96d8e37949a947ae
2016-05-23,37.632198333740234,EWJ,8715c42e95742f801ef4ec47f9b9d6d368582fc648588a9d96d8e37949a947ae
2016-05-24,37.92493438720703,EWJ,8715c42e95742f801ef4ec47f9b9d6d368582fc648588a9d96d8e37949a947ae
2016-05-25,38.18512725830078,EWJ,8715c42e95742f801ef4ec47f9b9d6d368582fc648588a9d96d8e37949a947ae
2016-05-26,38.15260314941406,EWJ,8715c42e95742f801ef4ec47f9b9d6d368582fc648588a9d96d8e37949a947ae
2016-05-27,38.055030822753906,EWJ,8715c42e95742f801ef4ec47f9b9d6d368582fc648588a9d96d8e37949a947ae
2016-05-31,38.3477668762207,EWJ,8715c42e95742f801ef4ec47f9b9d6d368582fc648588a9d96d8e37949a947ae
2016-06-01,38.315223693847656,EWJ,8715c42e95742f801ef4ec47f9b9d6d368582fc648588a9d96d8e37949a947ae
2016-06-02,37.98997497558594,EWJ,8715c42e95742f801ef4ec47f9b9d6d368582fc648588a9d96d8e37949a947ae
2016-06-03,38.15260314941406,EWJ,8715c42e95742f801ef4ec47f9b9d6d368582fc648588a9d96d8e37949a947ae
2016-06-06,38.54292297363281,EWJ,8715c42e95742f801ef4ec47f9b9d6d368582fc648588a9d96d8e37949a947ae
2016-06-07,38.80311965942383,EWJ,8715c42e95742f801ef4ec47f9b9d6d368582fc648588a9d96d8e37949a947ae
2016-06-08,39.03080368041992,EWJ,8715c42e95742f801ef4ec47f9b9d6d368582fc648588a9d96d8e37949a947ae
2016-06-09,38.57543182373047,EWJ,8715c42e95742f801ef4ec47f9b9d6d368582fc648588a9d96d8e37949a947ae
2016-06-10,37.89239501953125,EWJ,8715c42e95742f801ef4ec47f9b9d6d368582fc648588a9d96d8e37949a947ae
2016-06-13,37.20936584472656,EWJ,8715c42e95742f801ef4ec47f9b9d6d368582fc648588a9d96d8e37949a947ae
2016-06-14,37.04673385620117,EWJ,8715c42e95742f801ef4ec47f9b9d6d368582fc648588a9d96d8e37949a947ae
2016-06-15,37.40451431274414,EWJ,8715c42e95742f801ef4ec47f9b9d6d368582fc648588a9d96d8e37949a947ae
2016-06-16,37.24188232421875,EWJ,8715c42e95742f801ef4ec47f9b9d6d368582fc648588a9d96d8e37949a947ae
2016-06-17,37.17683410644531,EWJ,8715c42e95742f801ef4ec47f9b9d6d368582fc648588a9d96d8e37949a947ae
2016-06-20,38.02250671386719,EWJ,8715c42e95742f801ef4ec47f9b9d6d368582fc648588a9d96d8e37949a947ae
2016-06-21,38.282711029052734,EWJ,8715c42e95742f801ef4ec47f9b9d6d368582fc648588a9d96d8e37949a947ae
2016-06-22,37.92866516113281,EWJ,8715c42e95742f801ef4ec47f9b9d6d368582fc648588a9d96d8e37949a947ae
2016-06-23,38.78099060058594,EWJ,8715c42e95742f801ef4ec47f9b9d6d368582fc648588a9d96d8e37949a947ae
2016-06-24,37.1746826171875,EWJ,8715c42e95742f801ef4ec47f9b9d6d368582fc648588a9d96d8e37949a947ae
2016-06-27,36.97798538208008,EWJ,8715c42e95742f801ef4ec47f9b9d6d368582fc648588a9d96d8e37949a947ae
2016-06-28,37.53528594970703,EWJ,8715c42e95742f801ef4ec47f9b9d6d368582fc648588a9d96d8e37949a947ae
2016-06-29,38.02701950073242,EWJ,8715c42e95742f801ef4ec47f9b9d6d368582fc648588a9d96d8e37949a947ae
2016-06-30,37.699195861816406,EWJ,8715c42e95742f801ef4ec47f9b9d6d368582fc648588a9d96d8e37949a947ae
2016-07-01,37.63362121582031,EWJ,8715c42e95742f801ef4ec47f9b9d6d368582fc648588a9d96d8e37949a947ae
2016-07-05,37.63362121582031,EWJ,8715c42e95742f801ef4ec47f9b9d6d368582fc648588a9d96d8e37949a947ae
2016-07-06,37.63362121582031,EWJ,8715c42e95742f801ef4ec47f9b9d6d368582fc648588a9d96d8e37949a947ae
2016-07-07,37.666404724121094,EWJ,8715c42e95742f801ef4ec47f9b9d6d368582fc648588a9d96d8e37949a947ae
2016-07-08,37.92866516113281,EWJ,8715c42e95742f801ef4ec47f9b9d6d368582fc648588a9d96d8e37949a947ae
2016-07-11,38.84656524658203,EWJ,8715c42e95742f801ef4ec47f9b9d6d368582fc648588a9d96d8e37949a947ae
2016-07-12,39.0760383605957,EWJ,8715c42e95742f801ef4ec47f9b9d6d368582fc648588a9d96d8e37949a947ae
2016-07-13,39.01046371459961,EWJ,8715c42e95742f801ef4ec47f9b9d6d368582fc648588a9d96d8e37949a947ae
2016-07-14,39.0760383605957,EWJ,8715c42e95742f801ef4ec47f9b9d6d368582fc648588a9d96d8e37949a947ae
2016-07-15,38.944908142089844,EWJ,8715c42e95742f801ef4ec47f9b9d6d368582fc648588a9d96d8e37949a947ae
2016-07-18,39.043251037597656,EWJ,8715c42e95742f801ef4ec47f9b9d6d368582fc648588a9d96d8e37949a947ae
2016-07-19,38.78099060058594,EWJ,8715c42e95742f801ef4ec47f9b9d6d368582fc648588a9d96d8e37949a947ae
2016-07-20,39.10881423950195,EWJ,8715c42e95742f801ef4ec47f9b9d6d368582fc648588a9d96d8e37949a947ae
2016-07-21,38.81378173828125,EWJ,8715c42e95742f801ef4ec47f9b9d6d368582fc648588a9d96d8e37949a947ae
2016-07-22,38.87933349609375,EWJ,8715c42e95742f801ef4ec47f9b9d6d368582fc648588a9d96d8e37949a947ae
2016-07-25,38.74821853637695,EWJ,8715c42e95742f801ef4ec47f9b9d6d368582fc648588a9d96d8e37949a947ae
2016-07-26,38.78099060058594,EWJ,8715c42e95742f801ef4ec47f9b9d6d368582fc648588a9d96d8e37949a947ae
2016-07-27,38.84656524658203,EWJ,8715c42e95742f801ef4ec47f9b9d6d368582fc648588a9d96d8e37949a947ae
2016-07-28,38.84656524658203,EWJ,8715c42e95742f801ef4ec47f9b9d6d368582fc648588a9d96d8e37949a947ae
2016-07-29,39.53498077392578,EWJ,8715c42e95742f801ef4ec47f9b9d6d368582fc648588a9d96d8e37949a947ae
2016-08-01,39.666114807128906,EWJ,8715c42e95742f801ef4ec47f9b9d6d368582fc648588a9d96d8e37949a947ae
2016-08-02,39.17438507080078,EWJ,8715c42e95742f801ef4ec47f9b9d6d368582fc648588a9d96d8e37949a947ae
2016-08-03,38.97768783569336,EWJ,8715c42e95742f801ef4ec47f9b9d6d368582fc648588a9d96d8e37949a947ae
2016-08-04,39.53498077392578,EWJ,8715c42e95742f801ef4ec47f9b9d6d368582fc648588a9d96d8e37949a947ae
2016-08-05,39.666114807128906,EWJ,8715c42e95742f801ef4ec47f9b9d6d368582fc648588a9d96d8e37949a947ae
2016-08-08,39.830013275146484,EWJ,8715c42e95742f801ef4ec47f9b9d6d368582fc648588a9d96d8e37949a947ae
2016-08-09,40.19062042236328,EWJ,8715c42e95742f801ef4ec47f9b9d6d368582fc648588a9d96d8e37949a947ae
2016-08-10,40.321746826171875,EWJ,8715c42e95742f801ef4ec47f9b9d6d368582fc648588a9d96d8e37949a947ae
2016-08-11,40.616783142089844,EWJ,8715c42e95742f801ef4ec47f9b9d6d368582fc648588a9d96d8e37949a947ae
2016-08-12,40.420082092285156,EWJ,8715c42e95742f801ef4ec47f9b9d6d368582fc648588a9d96d8e37949a947ae
2016-08-15,40.649566650390625,EWJ,8715c42e95742f801ef4ec47f9b9d6d368582fc648588a9d96d8e37949a947ae
2016-08-16,40.288963317871094,EWJ,8715c42e95742f801ef4ec47f9b9d6d368582fc648588a9d96d8e37949a947ae
2016-08-17,40.616783142089844,EWJ,8715c42e95742f801ef4ec47f9b9d6d368582fc648588a9d96d8e37949a947ae
2016-08-18,40.420082092285156,EWJ,8715c42e95742f801ef4ec47f9b9d6d368582fc648588a9d96d8e37949a947ae
2016-08-19,40.321746826171875,EWJ,8715c42e95742f801ef4ec47f9b9d6d368582fc648588a9d96d8e37949a947ae
2016-08-22,40.55121994018555,EWJ,8715c42e95742f801ef4ec47f9b9d6d368582fc648588a9d96d8e37949a947ae
2016-08-23,40.58400344848633,EWJ,8715c42e95742f801ef4ec47f9b9d6d368582fc648588a9d96d8e37949a947ae
2016-08-24,40.55121994018555,EWJ,8715c42e95742f801ef4ec47f9b9d6d368582fc648588a9d96d8e37949a947ae
2016-08-25,40.354522705078125,EWJ,8715c42e95742f801ef4ec47f9b9d6d368582fc648588a9d96d8e37949a947ae
2016-08-26,40.05949401855469,EWJ,8715c42e95742f801ef4ec47f9b9d6d368582fc648588a9d96d8e37949a947ae
2016-08-29,40.19062042236328,EWJ,8715c42e95742f801ef4ec47f9b9d6d368582fc648588a9d96d8e37949a947ae
2016-08-30,40.19062042236328,EWJ,8715c42e95742f801ef4ec47f9b9d6d368582fc648588a9d96d8e37949a947ae
2016-08-31,40.25617980957031,EWJ,8715c42e95742f801ef4ec47f9b9d6d368582fc648588a9d96d8e37949a947ae
2016-09-01,40.55121994018555,EWJ,8715c42e95742f801ef4ec47f9b9d6d368582fc648588a9d96d8e37949a947ae
2016-09-02,40.84625244140625,EWJ,8715c42e95742f801ef4ec47f9b9d6d368582fc648588a9d96d8e37949a947ae
2016-09-06,41.07573318481445,EWJ,8715c42e95742f801ef4ec47f9b9d6d368582fc648588a9d96d8e37949a947ae
2016-09-07,41.27241897583008,EWJ,8715c42e95742f801ef4ec47f9b9d6d368582fc648588a9d96d8e37949a947ae
2016-09-08,41.07573318481445,EWJ,8715c42e95742f801ef4ec47f9b9d6d368582fc648588a9d96d8e37949a947ae
2016-09-09,40.420082092285156,EWJ,8715c42e95742f801ef4ec47f9b9d6d368582fc648588a9d96d8e37949a947ae
2016-09-12,40.74790954589844,EWJ,8715c42e95742f801ef4ec47f9b9d6d368582fc648588a9d96d8e37949a947ae
2016-09-13,40.026702880859375,EWJ,8715c42e95742f801ef4ec47f9b9d6d368582fc648588a9d96d8e37949a947ae
2016-09-14,39.76444625854492,EWJ,8715c42e95742f801ef4ec47f9b9d6d368582fc648588a9d96d8e37949a947ae
2016-09-15,39.96114730834961,EWJ,8715c42e95742f801ef4ec47f9b9d6d368582fc648588a9d96d8e37949a947ae
2016-09-16,39.63333511352539,EWJ,8715c42e95742f801ef4ec47f9b9d6d368582fc648588a9d96d8e37949a947ae
2016-09-19,39.76444625854492,EWJ,8715c42e95742f801ef4ec47f9b9d6d368582fc648588a9d96d8e37949a947ae
2016-09-20,40.321746826171875,EWJ,8715c42e95742f801ef4ec47f9b9d6d368582fc648588a9d96d8e37949a947ae
2016-09-21,41.501888275146484,EWJ,8715c42e95742f801ef4ec47f9b9d6d368582fc648588a9d96d8e37949a947ae
2016-09-22,42.026405334472656,EWJ,8715c42e95742f801ef4ec47f9b9d6d368582fc648588a9d96d8e37949a947ae
2016-09-23,41.43633270263672,EWJ,8715c42e95742f801ef4ec47f9b9d6d368582fc648588a9d96d8e37949a947ae
2016-09-26,41.07573318481445,EWJ,8715c42e95742f801ef4ec47f9b9d6d368582fc648588a9d96d8e37949a947ae
2016-09-27,41.5346794128418,EWJ,8715c42e95742f801ef4ec47f9b9d6d368582fc648588a9d96d8e37949a947ae
2016-09-28,41.4691047668457,EWJ,8715c42e95742f801ef4ec47f9b9d6d368582fc648588a9d96d8e37949a947ae
2016-09-29,41.174072265625,EWJ,8715c42e95742f801ef4ec47f9b9d6d368582fc648588a9d96d8e37949a947ae
2016-09-30,41.1085090637207,EWJ,8715c42e95742f801ef4ec47f9b9d6d368582fc648588a9d96d8e37949a947ae
2016-10-03,40.97738265991211,EWJ,8715c42e95742f801ef4ec47f9b9d6d368582fc648588a9d96d8e37949a947ae
2016-10-04,40.74790954589844,EWJ,8715c42e95742f801ef4ec47f9b9d6d368582fc648588a9d96d8e37949a947ae
2016-10-05,41.01017379760742,EWJ,8715c42e95742f801ef4ec47f9b9d6d368582fc648588a9d96d8e37949a947ae
2016-10-06,40.813472747802734,EWJ,8715c42e95742f801ef4ec47f9b9d6d368582fc648588a9d96d8e37949a947ae
2016-10-07,40.813472747802734,EWJ,8715c42e95742f801ef4ec47f9b9d6d368582fc648588a9d96d8e37949a947ae
2016-10-10,40.944602966308594,EWJ,8715c42e95742f801ef4ec47f9b9d6d368582fc648588a9d96d8e37949a947ae
2016-10-11,40.58400344848633,EWJ,8715c42e95742f801ef4ec47f9b9d6d368582fc648588a9d96d8e37949a947ae
2016-10-12,40.518428802490234,EWJ,8715c42e95742f801ef4ec47f9b9d6d368582fc648588a9d96d8e37949a947ae
2016-10-13,40.452877044677734,EWJ,8715c42e95742f801ef4ec47f9b9d6d368582fc648588a9d96d8e37949a947ae
2016-10-14,40.452877044677734,EWJ,8715c42e95742f801ef4ec47f9b9d6d368582fc648588a9d96d8e37949a947ae
2016-10-17,40.48565673828125,EWJ,8715c42e95742f801ef4ec47f9b9d6d368582fc648588a9d96d8e37949a947ae
2016-10-18,40.71512985229492,EWJ,8715c42e95742f801ef4ec47f9b9d6d368582fc648588a9d96d8e37949a947ae
2016-10-19,40.84625244140625,EWJ,8715c42e95742f801ef4ec47f9b9d6d368582fc648588a9d96d8e37949a947ae
2016-10-20,41.20685577392578,EWJ,8715c42e95742f801ef4ec47f9b9d6d368582fc648588a9d96d8e37949a947ae
2016-10-21,41.20685577392578,EWJ,8715c42e95742f801ef4ec47f9b9d6d368582fc648588a9d96d8e37949a947ae
2016-10-24,41.27241897583008,EWJ,8715c42e95742f801ef4ec47f9b9d6d368582fc648588a9d96d8e37949a947ae
2016-10-25,41.305198669433594,EWJ,8715c42e95742f801ef4ec47f9b9d6d368582fc648588a9d96d8e37949a947ae
2016-10-26,41.2396354675293,EWJ,8715c42e95742f801ef4ec47f9b9d6d368582fc648588a9d96d8e37949a947ae
2016-10-27,41.305198669433594,EWJ,8715c42e95742f801ef4ec47f9b9d6d368582fc648588a9d96d8e37949a947ae
2016-10-28,41.370765686035156,EWJ,8715c42e95742f801ef4ec47f9b9d6d368582fc648588a9d96d8e37949a947ae
2016-10-31,41.4035530090332,EWJ,8715c42e95742f801ef4ec47f9b9d6d368582fc648588a9d96d8e37949a947ae
2016-11-01,41.2396354675293,EWJ,8715c42e95742f801ef4ec47f9b9d6d368582fc648588a9d96d8e37949a947ae
2016-11-02,40.97738265991211,EWJ,8715c42e95742f801ef4ec47f9b9d6d368582fc648588a9d96d8e37949a947ae
2016-11-03,41.07573318481445,EWJ,8715c42e95742f801ef4ec47f9b9d6d368582fc648588a9d96d8e37949a947ae
2016-11-04,40.58400344848633,EWJ,8715c42e95742f801ef4ec47f9b9d6d368582fc648588a9d96d8e37949a947ae
2016-11-07,40.87084197998047,EWJ,8715c42e95742f801ef4ec47f9b9d6d368582fc648588a9d96d8e37949a947ae
2016-11-08,40.82167434692383,EWJ,8715c42e95742f801ef4ec47f9b9d6d368582fc648588a9d96d8e37949a947ae
2016-11-09,40.47746276855469,EWJ,8715c42e95742f801ef4ec47f9b9d6d368582fc648588a9d96d8e37949a947ae
2016-11-10,40.51023864746094,EWJ,8715c42e95742f801ef4ec47f9b9d6d368582fc648588a9d96d8e37949a947ae
2016-11-11,40.56760787963867,EWJ,8715c42e95742f801ef4ec47f9b9d6d368582fc648588a9d96d8e37949a947ae
2016-11-14,40.616783142089844,EWJ,8715c42e95742f801ef4ec47f9b9d6d368582fc648588a9d96d8e37949a947ae
2016-11-15,40.682342529296875,EWJ,8715c42e95742f801ef4ec47f9b9d6d368582fc648588a9d96d8e37949a947ae
2016-11-16,40.48565673828125,EWJ,8715c42e95742f801ef4ec47f9b9d6d368582fc648588a9d96d8e37949a947ae
2016-11-17,41.09211730957031,EWJ,8715c42e95742f801ef4ec47f9b9d6d368582fc648588a9d96d8e37949a947ae
2016-11-18,40.47746276855469,EWJ,8715c42e95742f801ef4ec47f9b9d6d368582fc648588a9d96d8e37949a947ae
2016-11-21,40.80527877807617,EWJ,8715c42e95742f801ef4ec47f9b9d6d368582fc648588a9d96d8e37949a947ae
2016-11-22,40.903629302978516,EWJ,8715c42e95742f801ef4ec47f9b9d6d368582fc648588a9d96d8e37949a947ae
2016-11-23,40.903629302978516,EWJ,8715c42e95742f801ef4ec47f9b9d6d368582fc648588a9d96d8e37949a947ae
2016-11-25,40.559417724609375,EWJ,8715c42e95742f801ef4ec47f9b9d6d368582fc648588a9d96d8e37949a947ae
2016-11-28,40.91182327270508,EWJ,8715c42e95742f801ef4ec47f9b9d6d368582fc648588a9d96d8e37949a947ae
2016-11-29,40.95279312133789,EWJ,8715c42e95742f801ef4ec47f9b9d6d368582fc648588a9d96d8e37949a947ae
2016-11-30,40.88723373413086,EWJ,8715c42e95742f801ef4ec47f9b9d6d368582fc648588a9d96d8e37949a947ae
2016-12-01,40.54302215576172,EWJ,8715c42e95742f801ef4ec47f9b9d6d368582fc648588a9d96d8e37949a947ae
2016-12-02,40.66595458984375,EWJ,8715c42e95742f801ef4ec47f9b9d6d368582fc648588a9d96d8e37949a947ae
2016-12-05,40.616783142089844,EWJ,8715c42e95742f801ef4ec47f9b9d6d368582fc648588a9d96d8e37949a947ae
2016-12-06,40.79708480834961,EWJ,8715c42e95742f801ef4ec47f9b9d6d368582fc648588a9d96d8e37949a947ae
2016-12-07,41.4035530090332,EWJ,8715c42e95742f801ef4ec47f9b9d6d368582fc648588a9d96d8e37949a947ae
2016-12-08,41.878883361816406,EWJ,8715c42e95742f801ef4ec47f9b9d6d368582fc648588a9d96d8e37949a947ae
2016-12-09,42.0018196105957,EWJ,8715c42e95742f801ef4ec47f9b9d6d368582fc648588a9d96d8e37949a947ae
2016-12-12,41.592037200927734,EWJ,8715c42e95742f801ef4ec47f9b9d6d368582fc648588a9d96d8e37949a947ae
2016-12-13,42.08376693725586,EWJ,8715c42e95742f801ef4ec47f9b9d6d368582fc648588a9d96d8e37949a947ae
2016-12-14,41.43633270263672,EWJ,8715c42e95742f801ef4ec47f9b9d6d368582fc648588a9d96d8e37949a947ae
2016-12-15,41.43633270263672,EWJ,8715c42e95742f801ef4ec47f9b9d6d368582fc648588a9d96d8e37949a947ae
2016-12-16,41.07573318481445,EWJ,8715c42e95742f801ef4ec47f9b9d6d368582fc648588a9d96d8e37949a947ae
2016-12-19,41.42814254760742,EWJ,8715c42e95742f801ef4ec47f9b9d6d368582fc648588a9d96d8e37949a947ae
2016-12-20,41.4691047668457,EWJ,8715c42e95742f801ef4ec47f9b9d6d368582fc648588a9d96d8e37949a947ae
2016-12-21,41.24774169921875,EWJ,8715c42e95742f801ef4ec47f9b9d6d368582fc648588a9d96d8e37949a947ae
2016-12-22,41.18141174316406,EWJ,8715c42e95742f801ef4ec47f9b9d6d368582fc648588a9d96d8e37949a947ae
2016-12-23,41.25603103637695,EWJ,8715c42e95742f801ef4ec47f9b9d6d368582fc648588a9d96d8e37949a947ae
2016-12-27,40.99900817871094,EWJ,8715c42e95742f801ef4ec47f9b9d6d368582fc648588a9d96d8e37949a947ae
2016-12-28,40.940975189208984,EWJ,8715c42e95742f801ef4ec47f9b9d6d368582fc648588a9d96d8e37949a947ae
2016-12-29,40.52642822265625,EWJ,8715c42e95742f801ef4ec47f9b9d6d368582fc648588a9d96d8e37949a947ae
2016-12-30,40.50984191894531,EWJ,8715c42e95742f801ef4ec47f9b9d6d368582fc648588a9d96d8e37949a947ae
2017-01-03,40.84147644042969,EWJ,8715c42e95742f801ef4ec47f9b9d6d368582fc648588a9d96d8e37949a947ae
2017-01-04,41.66230010986328,EWJ,8715c42e95742f801ef4ec47f9b9d6d368582fc648588a9d96d8e37949a947ae
2017-01-05,41.90272903442383,EWJ,8715c42e95742f801ef4ec47f9b9d6d368582fc648588a9d96d8e37949a947ae
2017-01-06,41.83641815185547,EWJ,8715c42e95742f801ef4ec47f9b9d6d368582fc648588a9d96d8e37949a947ae
2017-01-09,41.87784957885742,EWJ,8715c42e95742f801ef4ec47f9b9d6d368582fc648588a9d96d8e37949a947ae
2017-01-10,41.7203254699707,EWJ,8715c42e95742f801ef4ec47f9b9d6d368582fc648588a9d96d8e37949a947ae
2017-01-11,41.99393081665039,EWJ,8715c42e95742f801ef4ec47f9b9d6d368582fc648588a9d96d8e37949a947ae
2017-01-12,41.9276008605957,EWJ,8715c42e95742f801ef4ec47f9b9d6d368582fc648588a9d96d8e37949a947ae
2017-01-13,42.19292068481445,EWJ,8715c42e95742f801ef4ec47f9b9d6d368582fc648588a9d96d8e37949a947ae
2017-01-17,41.7203254699707,EWJ,8715c42e95742f801ef4ec47f9b9d6d368582fc648588a9d96d8e37949a947ae
2017-01-18,41.712032318115234,EWJ,8715c42e95742f801ef4ec47f9b9d6d368582fc648588a9d96d8e37949a947ae
2017-01-19,41.59596252441406,EWJ,8715c42e95742f801ef4ec47f9b9d6d368582fc648588a9d96d8e37949a947ae
2017-01-20,41.861270904541016,EWJ,8715c42e95742f801ef4ec47f9b9d6d368582fc648588a9d96d8e37949a947ae
2017-01-23,41.88615417480469,EWJ,8715c42e95742f801ef4ec47f9b9d6d368582fc648588a9d96d8e37949a947ae
2017-01-24,41.99393081665039,EWJ,8715c42e95742f801ef4ec47f9b9d6d368582fc648588a9d96d8e37949a947ae
2017-01-25,42.43335723876953,EWJ,8715c42e95742f801ef4ec47f9b9d6d368582fc648588a9d96d8e37949a947ae
2017-01-26,42.49139404296875,EWJ,8715c42e95742f801ef4ec47f9b9d6d368582fc648588a9d96d8e37949a947ae
2017-01-27,42.14316940307617,EWJ,8715c42e95742f801ef4ec47f9b9d6d368582fc648588a9d96d8e37949a947ae
2017-01-30,42.027095794677734,EWJ,8715c42e95742f801ef4ec47f9b9d6d368582fc648588a9d96d8e37949a947ae
2017-01-31,41.9276008605957,EWJ,8715c42e95742f801ef4ec47f9b9d6d368582fc648588a9d96d8e37949a947ae
2017-02-01,42.151451110839844,EWJ,8715c42e95742f801ef4ec47f9b9d6d368582fc648588a9d96d8e37949a947ae
2017-02-02,42.1348762512207,EWJ,8715c42e95742f801ef4ec47f9b9d6d368582fc648588a9d96d8e37949a947ae
2017-02-03,42.325565338134766,EWJ,8715c42e95742f801ef4ec47f9b9d6d368582fc648588a9d96d8e37949a947ae
2017-02-06,42.259246826171875,EWJ,8715c42e95742f801ef4ec47f9b9d6d368582fc648588a9d96d8e37949a947ae
2017-02-07,42.234375,EWJ,8715c42e95742f801ef4ec47f9b9d6d368582fc648588a9d96d8e37949a947ae
2017-02-08,42.358734130859375,EWJ,8715c42e95742f801ef4ec47f9b9d6d368582fc648588a9d96d8e37949a947ae
2017-02-09,42.30070114135742,EWJ,8715c42e95742f801ef4ec47f9b9d6d368582fc648588a9d96d8e37949a947ae
2017-02-10,42.59917449951172,EWJ,8715c42e95742f801ef4ec47f9b9d6d368582fc648588a9d96d8e37949a947ae
2017-02-13,42.76499938964844,EWJ,8715c42e95742f801ef4ec47f9b9d6d368582fc648588a9d96d8e37949a947ae
2017-02-14,42.458229064941406,EWJ,8715c42e95742f801ef4ec47f9b9d6d368582fc648588a9d96d8e37949a947ae
2017-02-15,42.41677474975586,EWJ,8715c42e95742f801ef4ec47f9b9d6d368582fc648588a9d96d8e37949a947ae
2017-02-16,42.466514587402344,EWJ,8715c42e95742f801ef4ec47f9b9d6d368582fc648588a9d96d8e37949a947ae
2017-02-17,42.441650390625,EWJ,8715c42e95742f801ef4ec47f9b9d6d368582fc648588a9d96d8e37949a947ae
2017-02-21,42.79815673828125,EWJ,8715c42e95742f801ef4ec47f9b9d6d368582fc648588a9d96d8e37949a947ae
2017-02-22,42.84790802001953,EWJ,8715c42e95742f801ef4ec47f9b9d6d368582fc648588a9d96d8e37949a947ae
2017-02-23,42.80644607543945,EWJ,8715c42e95742f801ef4ec47f9b9d6d368582fc648588a9d96d8e37949a947ae
2017-02-24,42.715248107910156,EWJ,8715c42e95742f801ef4ec47f9b9d6d368582fc648588a9d96d8e37949a947ae
2017-02-27,42.58259582519531,EWJ,8715c42e95742f801ef4ec47f9b9d6d368582fc648588a9d96d8e37949a947ae
2017-02-28,42.47481155395508,EWJ,8715c42e95742f801ef4ec47f9b9d6d368582fc648588a9d96d8e37949a947ae
2017-03-01,42.97228240966797,EWJ,8715c42e95742f801ef4ec47f9b9d6d368582fc648588a9d96d8e37949a947ae
2017-03-02,42.56601333618164,EWJ,8715c42e95742f801ef4ec47f9b9d6d368582fc648588a9d96d8e37949a947ae
2017-03-03,42.590885162353516,EWJ,8715c42e95742f801ef4ec47f9b9d6d368582fc648588a9d96d8e37949a947ae
2017-03-06,42.49139404296875,EWJ,8715c42e95742f801ef4ec47f9b9d6d368582fc648588a9d96d8e37949a947ae
2017-03-07,42.39189147949219,EWJ,8715c42e95742f801ef4ec47f9b9d6d368582fc648588a9d96d8e37949a947ae
2017-03-08,42.259246826171875,EWJ,8715c42e95742f801ef4ec47f9b9d6d368582fc648588a9d96d8e37949a947ae
2017-03-09,42.259246826171875,EWJ,8715c42e95742f801ef4ec47f9b9d6d368582fc648588a9d96d8e37949a947ae
2017-03-10,42.56601333618164,EWJ,8715c42e95742f801ef4ec47f9b9d6d368582fc648588a9d96d8e37949a947ae
2017-03-13,42.78157424926758,EWJ,8715c42e95742f801ef4ec47f9b9d6d368582fc648588a9d96d8e37949a947ae
2017-03-14,42.48310089111328,EWJ,8715c42e95742f801ef4ec47f9b9d6d368582fc648588a9d96d8e37949a947ae
2017-03-15,42.91423797607422,EWJ,8715c42e95742f801ef4ec47f9b9d6d368582fc648588a9d96d8e37949a947ae
2017-03-16,42.831321716308594,EWJ,8715c42e95742f801ef4ec47f9b9d6d368582fc648588a9d96d8e37949a947ae
2017-03-17,42.97228240966797,EWJ,8715c42e95742f801ef4ec47f9b9d6d368582fc648588a9d96d8e37949a947ae
2017-03-20,42.98055648803711,EWJ,8715c42e95742f801ef4ec47f9b9d6d368582fc648588a9d96d8e37949a947ae
2017-03-21,42.648921966552734,EWJ,8715c42e95742f801ef4ec47f9b9d6d368582fc648588a9d96d8e37949a947ae
2017-03-22,42.70695495605469,EWJ,8715c42e95742f801ef4ec47f9b9d6d368582fc648588a9d96d8e37949a947ae
2017-03-23,42.7401237487793,EWJ,8715c42e95742f801ef4ec47f9b9d6d368582fc648588a9d96d8e37949a947ae
2017-03-24,43.00543212890625,EWJ,8715c42e95742f801ef4ec47f9b9d6d368582fc648588a9d96d8e37949a947ae
2017-03-27,43.03030014038086,EWJ,8715c42e95742f801ef4ec47f9b9d6d368582fc648588a9d96d8e37949a947ae
2017-03-28,43.39511489868164,EWJ,8715c42e95742f801ef4ec47f9b9d6d368582fc648588a9d96d8e37949a947ae
2017-03-29,43.33708190917969,EWJ,8715c42e95742f801ef4ec47f9b9d6d368582fc648588a9d96d8e37949a947ae
2017-03-30,43.09663391113281,EWJ,8715c42e95742f801ef4ec47f9b9d6d368582fc648588a9d96d8e37949a947ae
2017-03-31,42.69865798950195,EWJ,8715c42e95742f801ef4ec47f9b9d6d368582fc648588a9d96d8e37949a947ae
2017-04-03,42.91423797607422,EWJ,8715c42e95742f801ef4ec47f9b9d6d368582fc648588a9d96d8e37949a947ae
2017-04-04,42.76499938964844,EWJ,8715c42e95742f801ef4ec47f9b9d6d368582fc648588a9d96d8e37949a947ae
2017-04-05,42.466514587402344,EWJ,8715c42e95742f801ef4ec47f9b9d6d368582fc648588a9d96d8e37949a947ae
2017-04-06,42.25094223022461,EWJ,8715c42e95742f801ef4ec47f9b9d6d368582fc648588a9d96d8e37949a947ae
2017-04-07,42.3421516418457,EWJ,8715c42e95742f801ef4ec47f9b9d6d368582fc648588a9d96d8e37949a947ae
2017-04-10,42.2426643371582,EWJ,8715c42e95742f801ef4ec47f9b9d6d368582fc648588a9d96d8e37949a947ae
2017-04-11,42.458229064941406,EWJ,8715c42e95742f801ef4ec47f9b9d6d368582fc648588a9d96d8e37949a947ae
2017-04-12,42.31727981567383,EWJ,8715c42e95742f801ef4ec47f9b9d6d368582fc648588a9d96d8e37949a947ae
2017-04-13,41.96076583862305,EWJ,8715c42e95742f801ef4ec47f9b9d6d368582fc648588a9d96d8e37949a947ae
2017-04-17,42.408485412597656,EWJ,8715c42e95742f801ef4ec47f9b9d6d368582fc648588a9d96d8e37949a947ae
2017-04-18,42.27583312988281,EWJ,8715c42e95742f801ef4ec47f9b9d6d368582fc648588a9d96d8e37949a947ae
2017-04-19,42.25094223022461,EWJ,8715c42e95742f801ef4ec47f9b9d6d368582fc648588a9d96d8e37949a947ae
2017-04-20,42.50797653198242,EWJ,8715c42e95742f801ef4ec47f9b9d6d368582fc648588a9d96d8e37949a947ae
2017-04-21,42.665504455566406,EWJ,8715c42e95742f801ef4ec47f9b9d6d368582fc648588a9d96d8e37949a947ae
2017-04-24,42.96397399902344,EWJ,8715c42e95742f801ef4ec47f9b9d6d368582fc648588a9d96d8e37949a947ae
2017-04-25,43.12151336669922,EWJ,8715c42e95742f801ef4ec47f9b9d6d368582fc648588a9d96d8e37949a947ae
2017-04-26,43.171260833740234,EWJ,8715c42e95742f801ef4ec47f9b9d6d368582fc648588a9d96d8e37949a947ae
2017-04-27,43.20441818237305,EWJ,8715c42e95742f801ef4ec47f9b9d6d368582fc648588a9d96d8e37949a947ae
2017-04-28,42.99714660644531,EWJ,8715c42e95742f801ef4ec47f9b9d6d368582fc648588a9d96d8e37949a947ae
2017-05-01,43.162967681884766,EWJ,8715c42e95742f801ef4ec47f9b9d6d368582fc648588a9d96d8e37949a947ae
2017-05-02,43.29561996459961,EWJ,8715c42e95742f801ef4ec47f9b9d6d368582fc648588a9d96d8e37949a947ae
2017-05-03,43.403404235839844,EWJ,8715c42e95742f801ef4ec47f9b9d6d368582fc648588a9d96d8e37949a947ae
2017-05-04,43.51118850708008,EWJ,8715c42e95742f801ef4ec47f9b9d6d368582fc648588a9d96d8e37949a947ae
2017-05-05,43.75162887573242,EWJ,8715c42e95742f801ef4ec47f9b9d6d368582fc648588a9d96d8e37949a947ae
2017-05-08,43.76820755004883,EWJ,8715c42e95742f801ef4ec47f9b9d6d368582fc648588a9d96d8e37949a947ae
2017-05-09,43.627254486083984,EWJ,8715c42e95742f801ef4ec47f9b9d6d368582fc648588a9d96d8e37949a947ae
2017-05-10,43.42827224731445,EWJ,8715c42e95742f801ef4ec47f9b9d6d368582fc648588a9d96d8e37949a947ae
2017-05-11,43.31220245361328,EWJ,8715c42e95742f801ef4ec47f9b9d6d368582fc648588a9d96d8e37949a947ae
2017-05-12,43.419986724853516,EWJ,8715c42e95742f801ef4ec47f9b9d6d368582fc648588a9d96d8e37949a947ae
2017-05-15,43.544349670410156,EWJ,8715c42e95742f801ef4ec47f9b9d6d368582fc648588a9d96d8e37949a947ae
2017-05-16,43.577518463134766,EWJ,8715c42e95742f801ef4ec47f9b9d6d368582fc648588a9d96d8e37949a947ae
2017-05-17,43.51118850708008,EWJ,8715c42e95742f801ef4ec47f9b9d6d368582fc648588a9d96d8e37949a947ae
2017-05-18,43.627254486083984,EWJ,8715c42e95742f801ef4ec47f9b9d6d368582fc648588a9d96d8e37949a947ae
2017-05-19,43.98377227783203,EWJ,8715c42e95742f801ef4ec47f9b9d6d368582fc648588a9d96d8e37949a947ae
2017-05-22,43.958892822265625,EWJ,8715c42e95742f801ef4ec47f9b9d6d368582fc648588a9d96d8e37949a947ae
2017-05-23,44.01694107055664,EWJ,8715c42e95742f801ef4ec47f9b9d6d368582fc648588a9d96d8e37949a947ae
2017-05-24,43.95061111450195,EWJ,8715c42e95742f801ef4ec47f9b9d6d368582fc648588a9d96d8e37949a947ae
2017-05-25,44.066680908203125,EWJ,8715c42e95742f801ef4ec47f9b9d6d368582fc648588a9d96d8e37949a947ae
2017-05-26,44.091556549072266,EWJ,8715c42e95742f801ef4ec47f9b9d6d368582fc648588a9d96d8e37949a947ae
2017-05-30,44.1827507019043,EWJ,8715c42e95742f801ef4ec47f9b9d6d368582fc648588a9d96d8e37949a947ae
2017-05-31,44.1827507019043,EWJ,8715c42e95742f801ef4ec47f9b9d6d368582fc648588a9d96d8e37949a947ae
2017-06-01,44.580726623535156,EWJ,8715c42e95742f801ef4ec47f9b9d6d368582fc648588a9d96d8e37949a947ae
2017-06-02,45.51761245727539,EWJ,8715c42e95742f801ef4ec47f9b9d6d368582fc648588a9d96d8e37949a947ae
2017-06-05,45.34349822998047,EWJ,8715c42e95742f801ef4ec47f9b9d6d368582fc648588a9d96d8e37949a947ae
2017-06-06,45.37666702270508,EWJ,8715c42e95742f801ef4ec47f9b9d6d368582fc648588a9d96d8e37949a947ae
2017-06-07,45.36008071899414,EWJ,8715c42e95742f801ef4ec47f9b9d6d368582fc648588a9d96d8e37949a947ae
2017-06-08,45.252296447753906,EWJ,8715c42e95742f801ef4ec47f9b9d6d368582fc648588a9d96d8e37949a947ae
2017-06-09,44.84603500366211,EWJ,8715c42e95742f801ef4ec47f9b9d6d368582fc648588a9d96d8e37949a947ae
2017-06-12,44.98698425292969,EWJ,8715c42e95742f801ef4ec47f9b9d6d368582fc648588a9d96d8e37949a947ae
2017-06-13,45.235713958740234,EWJ,8715c42e95742f801ef4ec47f9b9d6d368582fc648588a9d96d8e37949a947ae
2017-06-14,45.210838317871094,EWJ,8715c42e95742f801ef4ec47f9b9d6d368582fc648588a9d96d8e37949a947ae
2017-06-15,44.77142333984375,EWJ,8715c42e95742f801ef4ec47f9b9d6d368582fc648588a9d96d8e37949a947ae
2017-06-16,44.953819274902344,EWJ,8715c42e95742f801ef4ec47f9b9d6d368582fc648588a9d96d8e37949a947ae
2017-06-19,45.09477615356445,EWJ,8715c42e95742f801ef4ec47f9b9d6d368582fc648588a9d96d8e37949a947ae
2017-06-20,45.109798431396484,EWJ,8715c42e95742f801ef4ec47f9b9d6d368582fc648588a9d96d8e37949a947ae
2017-06-21,45.04303741455078,EWJ,8715c42e95742f801ef4ec47f9b9d6d368582fc648588a9d96d8e37949a947ae
2017-06-22,45.13481521606445,EWJ,8715c42e95742f801ef4ec47f9b9d6d368582fc648588a9d96d8e37949a947ae
2017-06-23,45.1014518737793,EWJ,8715c42e95742f801ef4ec47f9b9d6d368582fc648588a9d96d8e37949a947ae
2017-06-26,44.97628402709961,EWJ,8715c42e95742f801ef4ec47f9b9d6d368582fc648588a9d96d8e37949a947ae
2017-06-27,44.86780548095703,EWJ,8715c42e95742f801ef4ec47f9b9d6d368582fc648588a9d96d8e37949a947ae
2017-06-28,45.06806564331055,EWJ,8715c42e95742f801ef4ec47f9b9d6d368582fc648588a9d96d8e37949a947ae
2017-06-29,44.61746597290039,EWJ,8715c42e95742f801ef4ec47f9b9d6d368582fc648588a9d96d8e37949a947ae
2017-06-30,44.767669677734375,EWJ,8715c42e95742f801ef4ec47f9b9d6d368582fc648588a9d96d8e37949a947ae
2017-07-03,44.55071258544922,EWJ,8715c42e95742f801ef4ec47f9b9d6d368582fc648588a9d96d8e37949a947ae
2017-07-05,44.559059143066406,EWJ,8715c42e95742f801ef4ec47f9b9d6d368582fc648588a9d96d8e37949a947ae
2017-07-06,44.23362731933594,EWJ,8715c42e95742f801ef4ec47f9b9d6d368582fc648588a9d96d8e37949a947ae
2017-07-07,44.20860290527344,EWJ,8715c42e95742f801ef4ec47f9b9d6d368582fc648588a9d96d8e37949a947ae
2017-07-10,44.091773986816406,EWJ,8715c42e95742f801ef4ec47f9b9d6d368582fc648588a9d96d8e37949a947ae
2017-07-11,44.39216995239258,EWJ,8715c42e95742f801ef4ec47f9b9d6d368582fc648588a9d96d8e37949a947ae
2017-07-12,44.70092010498047,EWJ,8715c42e95742f801ef4ec47f9b9d6d368582fc648588a9d96d8e37949a947ae
2017-07-13,44.64250183105469,EWJ,8715c42e95742f801ef4ec47f9b9d6d368582fc648588a9d96d8e37949a947ae
2017-07-14,44.750980377197266,EWJ,8715c42e95742f801ef4ec47f9b9d6d368582fc648588a9d96d8e37949a947ae
2017-07-17,44.692562103271484,EWJ,8715c42e95742f801ef4ec47f9b9d6d368582fc648588a9d96d8e37949a947ae
2017-07-18,44.926212310791016,EWJ,8715c42e95742f801ef4ec47f9b9d6d368582fc648588a9d96d8e37949a947ae
2017-07-19,45.109798431396484,EWJ,8715c42e95742f801ef4ec47f9b9d6d368582fc648588a9d96d8e37949a947ae
2017-07-20,45.27667236328125,EWJ,8715c42e95742f801ef4ec47f9b9d6d368582fc648588a9d96d8e37949a947ae
2017-07-21,45.3601188659668,EWJ,8715c42e95742f801ef4ec47f9b9d6d368582fc648588a9d96d8e37949a947ae
2017-07-24,45.26832962036133,EWJ,8715c42e95742f801ef4ec47f9b9d6d368582fc648588a9d96d8e37949a947ae
2017-07-25,45.109798431396484,EWJ,8715c42e95742f801ef4ec47f9b9d6d368582fc648588a9d96d8e37949a947ae
2017-07-26,45.259986877441406,EWJ,8715c42e95742f801ef4ec47f9b9d6d368582fc648588a9d96d8e37949a947ae
2017-07-27,45.41018295288086,EWJ,8715c42e95742f801ef4ec47f9b9d6d368582fc648588a9d96d8e37949a947ae
2017-07-28,45.543697357177734,EWJ,8715c42e95742f801ef4ec47f9b9d6d368582fc648588a9d96d8e37949a947ae
2017-07-31,45.693904876708984,EWJ,8715c42e95742f801ef4ec47f9b9d6d368582fc648588a9d96d8e37949a947ae
2017-08-01,45.960914611816406,EWJ,8715c42e95742f801ef4ec47f9b9d6d368582fc648588a9d96d8e37949a947ae
2017-08-02,45.93588638305664,EWJ,8715c42e95742f801ef4ec47f9b9d6d368582fc648588a9d96d8e37949a947ae
2017-08-03,46.05270767211914,EWJ,8715c42e95742f801ef4ec47f9b9d6d368582fc648588a9d96d8e37949a947ae
2017-08-04,46.01097869873047,EWJ,8715c42e95742f801ef4ec47f9b9d6d368582fc648588a9d96d8e37949a947ae
2017-08-07,45.99429702758789,EWJ,8715c42e95742f801ef4ec47f9b9d6d368582fc648588a9d96d8e37949a947ae
2017-08-08,45.94423294067383,EWJ,8715c42e95742f801ef4ec47f9b9d6d368582fc648588a9d96d8e37949a947ae
2017-08-09,45.660518646240234,EWJ,8715c42e95742f801ef4ec47f9b9d6d368582fc648588a9d96d8e37949a947ae
2017-08-10,45.18488693237305,EWJ,8715c42e95742f801ef4ec47f9b9d6d368582fc648588a9d96d8e37949a947ae
2017-08-11,45.118133544921875,EWJ,8715c42e95742f801ef4ec47f9b9d6d368582fc648588a9d96d8e37949a947ae
2017-08-14,45.451904296875,EWJ,8715c42e95742f801ef4ec47f9b9d6d368582fc648588a9d96d8e37949a947ae
2017-08-15,45.39350509643555,EWJ,8715c42e95742f801ef4ec47f9b9d6d368582fc648588a9d96d8e37949a947ae
2017-08-16,45.543697357177734,EWJ,8715c42e95742f801ef4ec47f9b9d6d368582fc648588a9d96d8e37949a947ae
2017-08-17,45.23495101928711,EWJ,8715c42e95742f801ef4ec47f9b9d6d368582fc648588a9d96d8e37949a947ae
2017-08-18,45.43522262573242,EWJ,8715c42e95742f801ef4ec47f9b9d6d368582fc648588a9d96d8e37949a947ae
2017-08-21,45.335086822509766,EWJ,8715c42e95742f801ef4ec47f9b9d6d368582fc648588a9d96d8e37949a947ae
2017-08-22,45.42687225341797,EWJ,8715c42e95742f801ef4ec47f9b9d6d368582fc648588a9d96d8e37949a947ae
2017-08-23,45.443565368652344,EWJ,8715c42e95742f801ef4ec47f9b9d6d368582fc648588a9d96d8e37949a947ae
2017-08-24,45.209922790527344,EWJ,8715c42e95742f801ef4ec47f9b9d6d368582fc648588a9d96d8e37949a947ae
2017-08-25,45.3601188659668,EWJ,8715c42e95742f801ef4ec47f9b9d6d368582fc648588a9d96d8e37949a947ae
2017-08-28,45.41018295288086,EWJ,8715c42e95742f801ef4ec47f9b9d6d368582fc648588a9d96d8e37949a947ae
2017-08-29,45.318397521972656,EWJ,8715c42e95742f801ef4ec47f9b9d6d368582fc648588a9d96d8e37949a947ae
2017-08-30,45.29337692260742,EWJ,8715c42e95742f801ef4ec47f9b9d6d368582fc648588a9d96d8e37949a947ae
2017-08-31,45.65217590332031,EWJ,8715c42e95742f801ef4ec47f9b9d6d368582fc648588a9d96d8e37949a947ae
2017-09-01,45.468597412109375,EWJ,8715c42e95742f801ef4ec47f9b9d6d368582fc648588a9d96d8e37949a947ae
2017-09-05,45.26832962036133,EWJ,8715c42e95742f801ef4ec47f9b9d6d368582fc648588a9d96d8e37949a947ae
2017-09-06,45.46024703979492,EWJ,8715c42e95742f801ef4ec47f9b9d6d368582fc648588a9d96d8e37949a947ae
2017-09-07,45.72727584838867,EWJ,8715c42e95742f801ef4ec47f9b9d6d368582fc648588a9d96d8e37949a947ae
2017-09-08,45.86912536621094,EWJ,8715c42e95742f801ef4ec47f9b9d6d368582fc648588a9d96d8e37949a947ae
2017-09-11,46.077735900878906,EWJ,8715c42e95742f801ef4ec47f9b9d6d368582fc648588a9d96d8e37949a947ae
2017-09-12,46.11111068725586,EWJ,8715c42e95742f801ef4ec47f9b9d6d368582fc648588a9d96d8e37949a947ae
2017-09-13,46.01933288574219,EWJ,8715c42e95742f801ef4ec47f9b9d6d368582fc648588a9d96d8e37949a947ae
2017-09-14,46.027679443359375,EWJ,8715c42e95742f801ef4ec47f9b9d6d368582fc648588a9d96d8e37949a947ae
2017-09-15,46.09442901611328,EWJ,8715c42e95742f801ef4ec47f9b9d6d368582fc648588a9d96d8e37949a947ae
2017-09-18,46.1027717590332,EWJ,8715c42e95742f801ef4ec47f9b9d6d368582fc648588a9d96d8e37949a947ae
2017-09-19,46.36979675292969,EWJ,8715c42e95742f801ef4ec47f9b9d6d368582fc648588a9d96d8e37949a947ae
2017-09-20,46.386478424072266,EWJ,8715c42e95742f801ef4ec47f9b9d6d368582fc648588a9d96d8e37949a947ae
2017-09-21,46.20290756225586,EWJ,8715c42e95742f801ef4ec47f9b9d6d368582fc648588a9d96d8e37949a947ae
2017-09-22,46.25297164916992,EWJ,8715c42e95742f801ef4ec47f9b9d6d368582fc648588a9d96d8e37949a947ae
2017-09-25,46.35309982299805,EWJ,8715c42e95742f801ef4ec47f9b9d6d368582fc648588a9d96d8e37949a947ae
2017-09-26,46.35309982299805,EWJ,8715c42e95742f801ef4ec47f9b9d6d368582fc648588a9d96d8e37949a947ae
2017-09-27,46.44489288330078,EWJ,8715c42e95742f801ef4ec47f9b9d6d368582fc648588a9d96d8e37949a947ae
2017-09-28,46.478275299072266,EWJ,8715c42e95742f801ef4ec47f9b9d6d368582fc648588a9d96d8e37949a947ae
2017-09-29,46.48662185668945,EWJ,8715c42e95742f801ef4ec47f9b9d6d368582fc648588a9d96d8e37949a947ae
2017-10-02,46.48662185668945,EWJ,8715c42e95742f801ef4ec47f9b9d6d368582fc648588a9d96d8e37949a947ae
2017-10-03,46.76198196411133,EWJ,8715c42e95742f801ef4ec47f9b9d6d368582fc648588a9d96d8e37949a947ae
2017-10-04,46.770320892333984,EWJ,8715c42e95742f801ef4ec47f9b9d6d368582fc648588a9d96d8e37949a947ae
2017-10-05,46.74529266357422,EWJ,8715c42e95742f801ef4ec47f9b9d6d368582fc648588a9d96d8e37949a947ae
2017-10-06,46.72025680541992,EWJ,8715c42e95742f801ef4ec47f9b9d6d368582fc648588a9d96d8e37949a947ae
2017-10-09,46.77867126464844,EWJ,8715c42e95742f801ef4ec47f9b9d6d368582fc648588a9d96d8e37949a947ae
2017-10-10,47.11244201660156,EWJ,8715c42e95742f801ef4ec47f9b9d6d368582fc648588a9d96d8e37949a947ae
2017-10-11,47.354434967041016,EWJ,8715c42e95742f801ef4ec47f9b9d6d368582fc648588a9d96d8e37949a947ae
2017-10-12,47.2960205078125,EWJ,8715c42e95742f801ef4ec47f9b9d6d368582fc648588a9d96d8e37949a947ae
2017-10-13,47.880123138427734,EWJ,8715c42e95742f801ef4ec47f9b9d6d368582fc648588a9d96d8e37949a947ae
2017-10-16,48.09708023071289,EWJ,8715c42e95742f801ef4ec47f9b9d6d368582fc648588a9d96d8e37949a947ae
2017-10-17,48.047019958496094,EWJ,8715c42e95742f801ef4ec47f9b9d6d368582fc648588a9d96d8e37949a947ae
2017-10-18,47.996952056884766,EWJ,8715c42e95742f801ef4ec47f9b9d6d368582fc648588a9d96d8e37949a947ae
2017-10-19,47.88846969604492,EWJ,8715c42e95742f801ef4ec47f9b9d6d368582fc648588a9d96d8e37949a947ae
2017-10-20,47.996952056884766,EWJ,8715c42e95742f801ef4ec47f9b9d6d368582fc648588a9d96d8e37949a947ae
2017-10-23,48.113773345947266,EWJ,8715c42e95742f801ef4ec47f9b9d6d368582fc648588a9d96d8e37949a947ae
2017-10-24,48.51430130004883,EWJ,8715c42e95742f801ef4ec47f9b9d6d368582fc648588a9d96d8e37949a947ae
2017-10-25,48.12211608886719,EWJ,8715c42e95742f801ef4ec47f9b9d6d368582fc648588a9d96d8e37949a947ae
2017-10-26,48.38079071044922,EWJ,8715c42e95742f801ef4ec47f9b9d6d368582fc648588a9d96d8e37949a947ae
2017-10-27,48.74794006347656,EWJ,8715c42e95742f801ef4ec47f9b9d6d368582fc648588a9d96d8e37949a947ae
2017-10-30,48.73125457763672,EWJ,8715c42e95742f801ef4ec47f9b9d6d368582fc648588a9d96d8e37949a947ae
2017-10-31,48.93986129760742,EWJ,8715c42e95742f801ef4ec47f9b9d6d368582fc648588a9d96d8e37949a947ae
2017-11-01,49.21522903442383,EWJ,8715c42e95742f801ef4ec47f9b9d6d368582fc648588a9d96d8e37949a947ae
2017-11-02,49.273643493652344,EWJ,8715c42e95742f801ef4ec47f9b9d6d368582fc648588a9d96d8e37949a947ae
2017-11-03,49.39046096801758,EWJ,8715c42e95742f801ef4ec47f9b9d6d368582fc648588a9d96d8e37949a947ae
2017-11-06,49.38212203979492,EWJ,8715c42e95742f801ef4ec47f9b9d6d368582fc648588a9d96d8e37949a947ae
2017-11-07,49.77429962158203,EWJ,8715c42e95742f801ef4ec47f9b9d6d368582fc648588a9d96d8e37949a947ae
2017-11-08,50.08304214477539,EWJ,8715c42e95742f801ef4ec47f9b9d6d368582fc648588a9d96d8e37949a947ae
2017-11-09,49.665828704833984,EWJ,8715c42e95742f801ef4ec47f9b9d6d368582fc648588a9d96d8e37949a947ae
2017-11-10,49.29867172241211,EWJ,8715c42e95742f801ef4ec47f9b9d6d368582fc648588a9d96d8e37949a947ae
2017-11-13,49.081722259521484,EWJ,8715c42e95742f801ef4ec47f9b9d6d368582fc648588a9d96d8e37949a947ae
2017-11-14,48.82304000854492,EWJ,8715c42e95742f801ef4ec47f9b9d6d368582fc648588a9d96d8e37949a947ae
2017-11-15,48.464229583740234,EWJ,8715c42e95742f801ef4ec47f9b9d6d368582fc648588a9d96d8e37949a947ae
2017-11-16,49.21522903442383,EWJ,8715c42e95742f801ef4ec47f9b9d6d368582fc648588a9d96d8e37949a947ae
2017-11-17,48.973243713378906,EWJ,8715c42e95742f801ef4ec47f9b9d6d368582fc648588a9d96d8e37949a947ae
2017-11-20,49.21522903442383,EWJ,8715c42e95742f801ef4ec47f9b9d6d368582fc648588a9d96d8e37949a947ae
2017-11-21,49.665828704833984,EWJ,8715c42e95742f801ef4ec47f9b9d6d368582fc648588a9d96d8e37949a947ae
2017-11-22,49.6992073059082,EWJ,8715c42e95742f801ef4ec47f9b9d6d368582fc648588a9d96d8e37949a947ae
2017-11-24,50.10807800292969,EWJ,8715c42e95742f801ef4ec47f9b9d6d368582fc648588a9d96d8e37949a947ae
2017-11-27,49.89112091064453,EWJ,8715c42e95742f801ef4ec47f9b9d6d368582fc648588a9d96d8e37949a947ae
2017-11-28,50.04133224487305,EWJ,8715c42e95742f801ef4ec47f9b9d6d368582fc648588a9d96d8e37949a947ae
2017-11-29,49.941192626953125,EWJ,8715c42e95742f801ef4ec47f9b9d6d368582fc648588a9d96d8e37949a947ae
2017-11-30,49.99126052856445,EWJ,8715c42e95742f801ef4ec47f9b9d6d368582fc648588a9d96d8e37949a947ae
2017-12-01,49.765968322753906,EWJ,8715c42e95742f801ef4ec47f9b9d6d368582fc648588a9d96d8e37949a947ae
2017-12-04,49.24026107788086,EWJ,8715c42e95742f801ef4ec47f9b9d6d368582fc648588a9d96d8e37949a947ae
2017-12-05,49.36542892456055,EWJ,8715c42e95742f801ef4ec47f9b9d6d368582fc648588a9d96d8e37949a947ae
2017-12-06,49.181854248046875,EWJ,8715c42e95742f801ef4ec47f9b9d6d368582fc648588a9d96d8e37949a947ae
2017-12-07,49.49892807006836,EWJ,8715c42e95742f801ef4ec47f9b9d6d368582fc648588a9d96d8e37949a947ae
2017-12-08,49.73258590698242,EWJ,8715c42e95742f801ef4ec47f9b9d6d368582fc648588a9d96d8e37949a947ae
2017-12-11,49.899471282958984,EWJ,8715c42e95742f801ef4ec47f9b9d6d368582fc648588a9d96d8e37949a947ae
2017-12-12,49.99126052856445,EWJ,8715c42e95742f801ef4ec47f9b9d6d368582fc648588a9d96d8e37949a947ae
2017-12-13,50.1915283203125,EWJ,8715c42e95742f801ef4ec47f9b9d6d368582fc648588a9d96d8e37949a947ae
2017-12-14,49.95787048339844,EWJ,8715c42e95742f801ef4ec47f9b9d6d368582fc648588a9d96d8e37949a947ae
2017-12-15,49.982913970947266,EWJ,8715c42e95742f801ef4ec47f9b9d6d368582fc648588a9d96d8e37949a947ae
2017-12-18,50.583702087402344,EWJ,8715c42e95742f801ef4ec47f9b9d6d368582fc648588a9d96d8e37949a947ae
2017-12-19,50.070491790771484,EWJ,8715c42e95742f801ef4ec47f9b9d6d368582fc648588a9d96d8e37949a947ae
2017-12-20,50.137691497802734,EWJ,8715c42e95742f801ef4ec47f9b9d6d368582fc648588a9d96d8e37949a947ae
2017-12-21,50.17128372192383,EWJ,8715c42e95742f801ef4ec47f9b9d6d368582fc648588a9d96d8e37949a947ae
2017-12-22,50.4064826965332,EWJ,8715c42e95742f801ef4ec47f9b9d6d368582fc648588a9d96d8e37949a947ae
2017-12-26,50.431671142578125,EWJ,8715c42e95742f801ef4ec47f9b9d6d368582fc648588a9d96d8e37949a947ae
2017-12-27,50.36446762084961,EWJ,8715c42e95742f801ef4ec47f9b9d6d368582fc648588a9d96d8e37949a947ae
2017-12-28,50.246883392333984,EWJ,8715c42e95742f801ef4ec47f9b9d6d368582fc648588a9d96d8e37949a947ae
2017-12-29,50.33928298950195,EWJ,8715c42e95742f801ef4ec47f9b9d6d368582fc648588a9d96d8e37949a947ae
2018-01-02,50.641658782958984,EWJ,8715c42e95742f801ef4ec47f9b9d6d368582fc648588a9d96d8e37949a947ae
2018-01-03,51.338836669921875,EWJ,8715c42e95742f801ef4ec47f9b9d6d368582fc648588a9d96d8e37949a947ae
2018-01-04,51.96881866455078,EWJ,8715c42e95742f801ef4ec47f9b9d6d368582fc648588a9d96d8e37949a947ae
2018-01-05,52.11161422729492,EWJ,8715c42e95742f801ef4ec47f9b9d6d368582fc648588a9d96d8e37949a947ae
2018-01-08,52.41400146484375,EWJ,8715c42e95742f801ef4ec47f9b9d6d368582fc648588a9d96d8e37949a947ae
2018-01-09,52.447593688964844,EWJ,8715c42e95742f801ef4ec47f9b9d6d368582fc648588a9d96d8e37949a947ae
2018-01-10,52.7835807800293,EWJ,8715c42e95742f801ef4ec47f9b9d6d368582fc648588a9d96d8e37949a947ae
2018-01-11,53.136375427246094,EWJ,8715c42e95742f801ef4ec47f9b9d6d368582fc648588a9d96d8e37949a947ae
2018-01-12,53.30436706542969,EWJ,8715c42e95742f801ef4ec47f9b9d6d368582fc648588a9d96d8e37949a947ae
2018-01-16,53.30436706542969,EWJ,8715c42e95742f801ef4ec47f9b9d6d368582fc648588a9d96d8e37949a947ae
2018-01-17,53.73275375366211,EWJ,8715c42e95742f801ef4ec47f9b9d6d368582fc648588a9d96d8e37949a947ae
2018-01-18,53.2791748046875,EWJ,8715c42e95742f801ef4ec47f9b9d6d368582fc648588a9d96d8e37949a947ae
2018-01-19,53.61515426635742,EWJ,8715c42e95742f801ef4ec47f9b9d6d368582fc648588a9d96d8e37949a947ae
2018-01-22,53.841941833496094,EWJ,8715c42e95742f801ef4ec47f9b9d6d368582fc648588a9d96d8e37949a947ae
2018-01-23,54.169532775878906,EWJ,8715c42e95742f801ef4ec47f9b9d6d368582fc648588a9d96d8e37949a947ae
2018-01-24,54.18632507324219,EWJ,8715c42e95742f801ef4ec47f9b9d6d368582fc648588a9d96d8e37949a947ae
2018-01-25,53.925933837890625,EWJ,8715c42e95742f801ef4ec47f9b9d6d368582fc648588a9d96d8e37949a947ae
2018-01-26,54.32072830200195,EWJ,8715c42e95742f801ef4ec47f9b9d6d368582fc648588a9d96d8e37949a947ae
2018-01-29,53.85874938964844,EWJ,8715c42e95742f801ef4ec47f9b9d6d368582fc648588a9d96d8e37949a947ae
2018-01-30,53.16996765136719,EWJ,8715c42e95742f801ef4ec47f9b9d6d368582fc648588a9d96d8e37949a947ae
2018-01-31,52.86758041381836,EWJ,8715c42e95742f801ef4ec47f9b9d6d368582fc648588a9d96d8e37949a947ae
2018-02-01,53.12797164916992,EWJ,8715c42e95742f801ef4ec47f9b9d6d368582fc648588a9d96d8e37949a947ae
2018-02-02,52.34679412841797,EWJ,8715c42e95742f801ef4ec47f9b9d6d368582fc648588a9d96d8e37949a947ae
2018-02-05,49.868892669677734,EWJ,8715c42e95742f801ef4ec47f9b9d6d368582fc648588a9d96d8e37949a947ae
2018-02-06,51.078453063964844,EWJ,8715c42e95742f801ef4ec47f9b9d6d368582fc648588a9d96d8e37949a947ae
2018-02-07,50.62487030029297,EWJ,8715c42e95742f801ef4ec47f9b9d6d368582fc648588a9d96d8e37949a947ae
2018-02-08,49.1213264465332,EWJ,8715c42e95742f801ef4ec47f9b9d6d368582fc648588a9d96d8e37949a947ae
2018-02-09,49.616912841796875,EWJ,8715c42e95742f801ef4ec47f9b9d6d368582fc648588a9d96d8e37949a947ae
2018-02-12,50.58287048339844,EWJ,8715c42e95742f801ef4ec47f9b9d6d368582fc648588a9d96d8e37949a947ae
2018-02-13,49.96129608154297,EWJ,8715c42e95742f801ef4ec47f9b9d6d368582fc648588a9d96d8e37949a947ae
2018-02-14,50.71726608276367,EWJ,8715c42e95742f801ef4ec47f9b9d6d368582fc648588a9d96d8e37949a947ae
2018-02-15,50.960853576660156,EWJ,8715c42e95742f801ef4ec47f9b9d6d368582fc648588a9d96d8e37949a947ae
2018-02-16,51.74201965332031,EWJ,8715c42e95742f801ef4ec47f9b9d6d368582fc648588a9d96d8e37949a947ae
2018-02-20,51.32204818725586,EWJ,8715c42e95742f801ef4ec47f9b9d6d368582fc648588a9d96d8e37949a947ae
2018-02-21,50.809661865234375,EWJ,8715c42e95742f801ef4ec47f9b9d6d368582fc648588a9d96d8e37949a947ae
2018-02-22,51.044857025146484,EWJ,8715c42e95742f801ef4ec47f9b9d6d368582fc648588a9d96d8e37949a947ae
2018-02-23,51.792415618896484,EWJ,8715c42e95742f801ef4ec47f9b9d6d368582fc648588a9d96d8e37949a947ae
2018-02-26,52.464393615722656,EWJ,8715c42e95742f801ef4ec47f9b9d6d368582fc648588a9d96d8e37949a947ae
2018-02-27,51.750431060791016,EWJ,8715c42e95742f801ef4ec47f9b9d6d368582fc648588a9d96d8e37949a947ae
2018-02-28,51.296844482421875,EWJ,8715c42e95742f801ef4ec47f9b9d6d368582fc648588a9d96d8e37949a947ae
2018-03-01,49.810096740722656,EWJ,8715c42e95742f801ef4ec47f9b9d6d368582fc648588a9d96d8e37949a947ae
2018-03-02,50.37287902832031,EWJ,8715c42e95742f801ef4ec47f9b9d6d368582fc648588a9d96d8e37949a947ae
2018-03-05,50.599674224853516,EWJ,8715c42e95742f801ef4ec47f9b9d6d368582fc648588a9d96d8e37949a947ae
2018-03-06,50.91046142578125,EWJ,8715c42e95742f801ef4ec47f9b9d6d368582fc648588a9d96d8e37949a947ae
2018-03-07,50.48207092285156,EWJ,8715c42e95742f801ef4ec47f9b9d6d368582fc648588a9d96d8e37949a947ae
2018-03-08,50.7928581237793,EWJ,8715c42e95742f801ef4ec47f9b9d6d368582fc648588a9d96d8e37949a947ae
2018-03-09,50.91884994506836,EWJ,8715c42e95742f801ef4ec47f9b9d6d368582fc648588a9d96d8e37949a947ae
2018-03-12,50.96925354003906,EWJ,8715c42e95742f801ef4ec47f9b9d6d368582fc648588a9d96d8e37949a947ae
2018-03-13,50.8852653503418,EWJ,8715c42e95742f801ef4ec47f9b9d6d368582fc648588a9d96d8e37949a947ae
2018-03-14,51.1036491394043,EWJ,8715c42e95742f801ef4ec47f9b9d6d368582fc648588a9d96d8e37949a947ae
2018-03-15,51.20444869995117,EWJ,8715c42e95742f801ef4ec47f9b9d6d368582fc648588a9d96d8e37949a947ae
2018-03-16,50.9776496887207,EWJ,8715c42e95742f801ef4ec47f9b9d6d368582fc648588a9d96d8e37949a947ae
2018-03-19,50.11248779296875,EWJ,8715c42e95742f801ef4ec47f9b9d6d368582fc648588a9d96d8e37949a947ae
2018-03-20,50.39808654785156,EWJ,8715c42e95742f801ef4ec47f9b9d6d368582fc648588a9d96d8e37949a947ae
2018-03-21,50.46527862548828,EWJ,8715c42e95742f801ef4ec47f9b9d6d368582fc648588a9d96d8e37949a947ae
2018-03-22,50.00328826904297,EWJ,8715c42e95742f801ef4ec47f9b9d6d368582fc648588a9d96d8e37949a947ae
2018-03-23,48.95333480834961,EWJ,8715c42e95742f801ef4ec47f9b9d6d368582fc648588a9d96d8e37949a947ae
2018-03-26,49.65050506591797,EWJ,8715c42e95742f801ef4ec47f9b9d6d368582fc648588a9d96d8e37949a947ae
2018-03-27,49.768104553222656,EWJ,8715c42e95742f801ef4ec47f9b9d6d368582fc648588a9d96d8e37949a947ae
2018-03-28,50.33087921142578,EWJ,8715c42e95742f801ef4ec47f9b9d6d368582fc648588a9d96d8e37949a947ae
2018-03-29,50.96925354003906,EWJ,8715c42e95742f801ef4ec47f9b9d6d368582fc648588a9d96d8e37949a947ae
2018-04-02,49.94449234008789,EWJ,8715c42e95742f801ef4ec47f9b9d6d368582fc648588a9d96d8e37949a947ae
2018-04-03,50.574466705322266,EWJ,8715c42e95742f801ef4ec47f9b9d6d368582fc648588a9d96d8e37949a947ae
2018-04-04,50.62487030029297,EWJ,8715c42e95742f801ef4ec47f9b9d6d368582fc648588a9d96d8e37949a947ae
2018-04-05,50.876853942871094,EWJ,8715c42e95742f801ef4ec47f9b9d6d368582fc648588a9d96d8e37949a947ae
2018-04-06,50.078880310058594,EWJ,8715c42e95742f801ef4ec47f9b9d6d368582fc648588a9d96d8e37949a947ae
2018-04-09,50.52407455444336,EWJ,8715c42e95742f801ef4ec47f9b9d6d368582fc648588a9d96d8e37949a947ae
2018-04-10,50.80126190185547,EWJ,8715c42e95742f801ef4ec47f9b9d6d368582fc648588a9d96d8e37949a947ae
2018-04-11,50.67527389526367,EWJ,8715c42e95742f801ef4ec47f9b9d6d368582fc648588a9d96d8e37949a947ae
2018-04-12,50.591270446777344,EWJ,8715c42e95742f801ef4ec47f9b9d6d368582fc648588a9d96d8e37949a947ae
2018-04-13,50.591270446777344,EWJ,8715c42e95742f801ef4ec47f9b9d6d368582fc648588a9d96d8e37949a947ae
2018-04-16,50.734066009521484,EWJ,8715c42e95742f801ef4ec47f9b9d6d368582fc648588a9d96d8e37949a947ae
2018-04-17,50.9272575378418,EWJ,8715c42e95742f801ef4ec47f9b9d6d368582fc648588a9d96d8e37949a947ae
2018-04-18,51.271644592285156,EWJ,8715c42e95742f801ef4ec47f9b9d6d368582fc648588a9d96d8e37949a947ae
2018-04-19,51.078453063964844,EWJ,8715c42e95742f801ef4ec47f9b9d6d368582fc648588a9d96d8e37949a947ae
2018-04-20,50.9776496887207,EWJ,8715c42e95742f801ef4ec47f9b9d6d368582fc648588a9d96d8e37949a947ae
2018-04-23,50.91046142578125,EWJ,8715c42e95742f801ef4ec47f9b9d6d368582fc648588a9d96d8e37949a947ae
2018-04-24,50.72565841674805,EWJ,8715c42e95742f801ef4ec47f9b9d6d368582fc648588a9d96d8e37949a947ae
2018-04-25,50.8852653503418,EWJ,8715c42e95742f801ef4ec47f9b9d6d368582fc648588a9d96d8e37949a947ae
2018-04-26,51.19605255126953,EWJ,8715c42e95742f801ef4ec47f9b9d6d368582fc648588a9d96d8e37949a947ae
2018-04-27,51.05324935913086,EWJ,8715c42e95742f801ef4ec47f9b9d6d368582fc648588a9d96d8e37949a947ae
2018-04-30,50.93564987182617,EWJ,8715c42e95742f801ef4ec47f9b9d6d368582fc648588a9d96d8e37949a947ae
2018-05-01,50.89366149902344,EWJ,8715c42e95742f801ef4ec47f9b9d6d368582fc648588a9d96d8e37949a947ae
2018-05-02,50.591270446777344,EWJ,8715c42e95742f801ef4ec47f9b9d6d368582fc648588a9d96d8e37949a947ae
2018-05-03,50.641658782958984,EWJ,8715c42e95742f801ef4ec47f9b9d6d368582fc648588a9d96d8e37949a947ae
2018-05-04,51.01124954223633,EWJ,8715c42e95742f801ef4ec47f9b9d6d368582fc648588a9d96d8e37949a947ae
2018-05-07,51.07005310058594,EWJ,8715c42e95742f801ef4ec47f9b9d6d368582fc648588a9d96d8e37949a947ae
2018-05-08,51.22964096069336,EWJ,8715c42e95742f801ef4ec47f9b9d6d368582fc648588a9d96d8e37949a947ae
2018-05-09,50.7928581237793,EWJ,8715c42e95742f801ef4ec47f9b9d6d368582fc648588a9d96d8e37949a947ae
2018-05-10,51.08684539794922,EWJ,8715c42e95742f801ef4ec47f9b9d6d368582fc648588a9d96d8e37949a947ae
2018-05-11,51.473236083984375,EWJ,8715c42e95742f801ef4ec47f9b9d6d368582fc648588a9d96d8e37949a947ae
2018-05-14,51.75883102416992,EWJ,8715c42e95742f801ef4ec47f9b9d6d368582fc648588a9d96d8e37949a947ae
2018-05-15,51.22964096069336,EWJ,8715c42e95742f801ef4ec47f9b9d6d368582fc648588a9d96d8e37949a947ae
2018-05-16,51.38084030151367,EWJ,8715c42e95742f801ef4ec47f9b9d6d368582fc648588a9d96d8e37949a947ae
2018-05-17,51.372432708740234,EWJ,8715c42e95742f801ef4ec47f9b9d6d368582fc648588a9d96d8e37949a947ae
2018-05-18,51.24644470214844,EWJ,8715c42e95742f801ef4ec47f9b9d6d368582fc648588a9d96d8e37949a947ae
2018-05-21,51.30524444580078,EWJ,8715c42e95742f801ef4ec47f9b9d6d368582fc648588a9d96d8e37949a947ae
2018-05-22,51.18764877319336,EWJ,8715c42e95742f801ef4ec47f9b9d6d368582fc648588a9d96d8e37949a947ae
2018-05-23,50.986053466796875,EWJ,8715c42e95742f801ef4ec47f9b9d6d368582fc648588a9d96d8e37949a947ae
2018-05-24,50.67527389526367,EWJ,8715c42e95742f801ef4ec47f9b9d6d368582fc648588a9d96d8e37949a947ae
2018-05-25,50.50727844238281,EWJ,8715c42e95742f801ef4ec47f9b9d6d368582fc648588a9d96d8e37949a947ae
2018-05-29,50.17128372192383,EWJ,8715c42e95742f801ef4ec47f9b9d6d368582fc648588a9d96d8e37949a947ae
2018-05-30,50.52407455444336,EWJ,8715c42e95742f801ef4ec47f9b9d6d368582fc648588a9d96d8e37949a947ae
2018-05-31,50.1796875,EWJ,8715c42e95742f801ef4ec47f9b9d6d368582fc648588a9d96d8e37949a947ae
2018-06-01,50.52407455444336,EWJ,8715c42e95742f801ef4ec47f9b9d6d368582fc648588a9d96d8e37949a947ae
2018-06-04,50.82645797729492,EWJ,8715c42e95742f801ef4ec47f9b9d6d368582fc648588a9d96d8e37949a947ae
2018-06-05,50.734066009521484,EWJ,8715c42e95742f801ef4ec47f9b9d6d368582fc648588a9d96d8e37949a947ae
2018-06-06,50.95246124267578,EWJ,8715c42e95742f801ef4ec47f9b9d6d368582fc648588a9d96d8e37949a947ae
2018-06-07,50.95246124267578,EWJ,8715c42e95742f801ef4ec47f9b9d6d368582fc648588a9d96d8e37949a947ae
2018-06-08,51.1036491394043,EWJ,8715c42e95742f801ef4ec47f9b9d6d368582fc648588a9d96d8e37949a947ae
2018-06-11,51.263240814208984,EWJ,8715c42e95742f801ef4ec47f9b9d6d368582fc648588a9d96d8e37949a947ae
2018-06-12,50.94405746459961,EWJ,8715c42e95742f801ef4ec47f9b9d6d368582fc648588a9d96d8e37949a947ae
2018-06-13,50.986053466796875,EWJ,8715c42e95742f801ef4ec47f9b9d6d368582fc648588a9d96d8e37949a947ae
2018-06-14,50.93564987182617,EWJ,8715c42e95742f801ef4ec47f9b9d6d368582fc648588a9d96d8e37949a947ae
2018-06-15,50.6668586730957,EWJ,8715c42e95742f801ef4ec47f9b9d6d368582fc648588a9d96d8e37949a947ae
2018-06-18,50.29727554321289,EWJ,8715c42e95742f801ef4ec47f9b9d6d368582fc648588a9d96d8e37949a947ae
2018-06-19,49.76400375366211,EWJ,8715c42e95742f801ef4ec47f9b9d6d368582fc648588a9d96d8e37949a947ae
2018-06-20,49.78093338012695,EWJ,8715c42e95742f801ef4ec47f9b9d6d368582fc648588a9d96d8e37949a947ae
2018-06-21,49.59469985961914,EWJ,8715c42e95742f801ef4ec47f9b9d6d368582fc648588a9d96d8e37949a947ae
2018-06-22,49.840187072753906,EWJ,8715c42e95742f801ef4ec47f9b9d6d368582fc648588a9d96d8e37949a947ae
2018-06-25,49.163002014160156,EWJ,8715c42e95742f801ef4ec47f9b9d6d368582fc648588a9d96d8e37949a947ae
2018-06-26,49.4508056640625,EWJ,8715c42e95742f801ef4ec47f9b9d6d368582fc648588a9d96d8e37949a947ae
2018-06-27,49.120689392089844,EWJ,8715c42e95742f801ef4ec47f9b9d6d368582fc648588a9d96d8e37949a947ae
2018-06-28,49.1799430847168,EWJ,8715c42e95742f801ef4ec47f9b9d6d368582fc648588a9d96d8e37949a947ae
2018-06-29,49.01911926269531,EWJ,8715c42e95742f801ef4ec47f9b9d6d368582fc648588a9d96d8e37949a947ae
2018-07-02,48.240360260009766,EWJ,8715c42e95742f801ef4ec47f9b9d6d368582fc648588a9d96d8e37949a947ae
2018-07-03,48.18110275268555,EWJ,8715c42e95742f801ef4ec47f9b9d6d368582fc648588a9d96d8e37949a947ae
2018-07-05,48.10492706298828,EWJ,8715c42e95742f801ef4ec47f9b9d6d368582fc648588a9d96d8e37949a947ae
2018-07-06,48.418113708496094,EWJ,8715c42e95742f801ef4ec47f9b9d6d368582fc648588a9d96d8e37949a947ae
2018-07-09,49.086830139160156,EWJ,8715c42e95742f801ef4ec47f9b9d6d368582fc648588a9d96d8e37949a947ae
2018-07-10,48.900604248046875,EWJ,8715c42e95742f801ef4ec47f9b9d6d368582fc648588a9d96d8e37949a947ae
2018-07-11,48.22343444824219,EWJ,8715c42e95742f801ef4ec47f9b9d6d368582fc648588a9d96d8e37949a947ae
2018-07-12,48.27421951293945,EWJ,8715c42e95742f801ef4ec47f9b9d6d368582fc648588a9d96d8e37949a947ae
2018-07-13,48.72283935546875,EWJ,8715c42e95742f801ef4ec47f9b9d6d368582fc648588a9d96d8e37949a947ae
2018-07-16,48.73978042602539,EWJ,8715c42e95742f801ef4ec47f9b9d6d368582fc648588a9d96d8e37949a947ae
2018-07-17,49.171470642089844,EWJ,8715c42e95742f801ef4ec47f9b9d6d368582fc648588a9d96d8e37949a947ae
2018-07-18,49.095298767089844,EWJ,8715c42e95742f801ef4ec47f9b9d6d368582fc648588a9d96d8e37949a947ae
2018-07-19,49.103759765625,EWJ,8715c42e95742f801ef4ec47f9b9d6d368582fc648588a9d96d8e37949a947ae
2018-07-20,49.25611877441406,EWJ,8715c42e95742f801ef4ec47f9b9d6d368582fc648588a9d96d8e37949a947ae
2018-07-23,49.50159454345703,EWJ,8715c42e95742f801ef4ec47f9b9d6d368582fc648588a9d96d8e37949a947ae
2018-07-24,49.704750061035156,EWJ,8715c42e95742f801ef4ec47f9b9d6d368582fc648588a9d96d8e37949a947ae
2018-07-25,50.02641296386719,EWJ,8715c42e95742f801ef4ec47f9b9d6d368582fc648588a9d96d8e37949a947ae
2018-07-26,50.153377532958984,EWJ,8715c42e95742f801ef4ec47f9b9d6d368582fc648588a9d96d8e37949a947ae
2018-07-27,50.30574417114258,EWJ,8715c42e95742f801ef4ec47f9b9d6d368582fc648588a9d96d8e37949a947ae
2018-07-30,49.924835205078125,EWJ,8715c42e95742f801ef4ec47f9b9d6d368582fc648588a9d96d8e37949a947ae
2018-07-31,49.54391860961914,EWJ,8715c42e95742f801ef4ec47f9b9d6d368582fc648588a9d96d8e37949a947ae
2018-08-01,49.8655891418457,EWJ,8715c42e95742f801ef4ec47f9b9d6d368582fc648588a9d96d8e37949a947ae
2018-08-02,49.58625030517578,EWJ,8715c42e95742f801ef4ec47f9b9d6d368582fc648588a9d96d8e37949a947ae
2018-08-03,49.577781677246094,EWJ,8715c42e95742f801ef4ec47f9b9d6d368582fc648588a9d96d8e37949a947ae
2018-08-06,49.20534133911133,EWJ,8715c42e95742f801ef4ec47f9b9d6d368582fc648588a9d96d8e37949a947ae
2018-08-07,49.62009811401367,EWJ,8715c42e95742f801ef4ec47f9b9d6d368582fc648588a9d96d8e37949a947ae
2018-08-08,49.569313049316406,EWJ,8715c42e95742f801ef4ec47f9b9d6d368582fc648588a9d96d8e37949a947ae
2018-08-09,49.38309860229492,EWJ,8715c42e95742f801ef4ec47f9b9d6d368582fc648588a9d96d8e37949a947ae
2018-08-10,48.672054290771484,EWJ,8715c42e95742f801ef4ec47f9b9d6d368582fc648588a9d96d8e37949a947ae
2018-08-13,48.38425827026367,EWJ,8715c42e95742f801ef4ec47f9b9d6d368582fc648588a9d96d8e37949a947ae
2018-08-14,48.57894515991211,EWJ,8715c42e95742f801ef4ec47f9b9d6d368582fc648588a9d96d8e37949a947ae
2018-08-15,47.98640441894531,EWJ,8715c42e95742f801ef4ec47f9b9d6d368582fc648588a9d96d8e37949a947ae
2018-08-16,48.24882125854492,EWJ,8715c42e95742f801ef4ec47f9b9d6d368582fc648588a9d96d8e37949a947ae
2018-08-17,48.40965270996094,EWJ,8715c42e95742f801ef4ec47f9b9d6d368582fc648588a9d96d8e37949a947ae
2018-08-20,48.60434341430664,EWJ,8715c42e95742f801ef4ec47f9b9d6d368582fc648588a9d96d8e37949a947ae
2018-08-21,48.59587097167969,EWJ,8715c42e95742f801ef4ec47f9b9d6d368582fc648588a9d96d8e37949a947ae
2018-08-22,48.79902267456055,EWJ,8715c42e95742f801ef4ec47f9b9d6d368582fc648588a9d96d8e37949a947ae
2018-08-23,48.59587097167969,EWJ,8715c42e95742f801ef4ec47f9b9d6d368582fc648588a9d96d8e37949a947ae
2018-08-24,48.76517105102539,EWJ,8715c42e95742f801ef4ec47f9b9d6d368582fc648588a9d96d8e37949a947ae
2018-08-27,49.50159454345703,EWJ,8715c42e95742f801ef4ec47f9b9d6d368582fc648588a9d96d8e37949a947ae
2018-08-28,49.34923553466797,EWJ,8715c42e95742f801ef4ec47f9b9d6d368582fc648588a9d96d8e37949a947ae
2018-08-29,49.52699279785156,EWJ,8715c42e95742f801ef4ec47f9b9d6d368582fc648588a9d96d8e37949a947ae
2018-08-30,49.1799430847168,EWJ,8715c42e95742f801ef4ec47f9b9d6d368582fc648588a9d96d8e37949a947ae
2018-08-31,49.28152084350586,EWJ,8715c42e95742f801ef4ec47f9b9d6d368582fc648588a9d96d8e37949a947ae
2018-09-04,48.672054290771484,EWJ,8715c42e95742f801ef4ec47f9b9d6d368582fc648588a9d96d8e37949a947ae
2018-09-05,48.155704498291016,EWJ,8715c42e95742f801ef4ec47f9b9d6d368582fc648588a9d96d8e37949a947ae
2018-09-06,48.265743255615234,EWJ,8715c42e95742f801ef4ec47f9b9d6d368582fc648588a9d96d8e37949a947ae
2018-09-07,47.969482421875,EWJ,8715c42e95742f801ef4ec47f9b9d6d368582fc648588a9d96d8e37949a947ae
2018-09-10,48.07952117919922,EWJ,8715c42e95742f801ef4ec47f9b9d6d368582fc648588a9d96d8e37949a947ae
2018-09-11,48.18110275268555,EWJ,8715c42e95742f801ef4ec47f9b9d6d368582fc648588a9d96d8e37949a947ae
2018-09-12,48.27421951293945,EWJ,8715c42e95742f801ef4ec47f9b9d6d368582fc648588a9d96d8e37949a947ae
2018-09-13,48.646663665771484,EWJ,8715c42e95742f801ef4ec47f9b9d6d368582fc648588a9d96d8e37949a947ae
2018-09-14,49.19687271118164,EWJ,8715c42e95742f801ef4ec47f9b9d6d368582fc648588a9d96d8e37949a947ae
2018-09-17,49.222259521484375,EWJ,8715c42e95742f801ef4ec47f9b9d6d368582fc648588a9d96d8e37949a947ae
2018-09-18,50.39885711669922,EWJ,8715c42e95742f801ef4ec47f9b9d6d368582fc648588a9d96d8e37949a947ae
2018-09-19,50.57661819458008,EWJ,8715c42e95742f801ef4ec47f9b9d6d368582fc648588a9d96d8e37949a947ae
2018-09-20,50.7120475769043,EWJ,8715c42e95742f801ef4ec47f9b9d6d368582fc648588a9d96d8e37949a947ae
2018-09-21,50.82209396362305,EWJ,8715c42e95742f801ef4ec47f9b9d6d368582fc648588a9d96d8e37949a947ae
2018-09-24,50.593544006347656,EWJ,8715c42e95742f801ef4ec47f9b9d6d368582fc648588a9d96d8e37949a947ae
2018-09-25,50.974464416503906,EWJ,8715c42e95742f801ef4ec47f9b9d6d368582fc648588a9d96d8e37949a947ae
2018-09-26,51.21992874145508,EWJ,8715c42e95742f801ef4ec47f9b9d6d368582fc648588a9d96d8e37949a947ae
2018-09-27,51.08449935913086,EWJ,8715c42e95742f801ef4ec47f9b9d6d368582fc648588a9d96d8e37949a947ae
2018-09-28,50.9829216003418,EWJ,8715c42e95742f801ef4ec47f9b9d6d368582fc648588a9d96d8e37949a947ae
2018-10-01,51.32997512817383,EWJ,8715c42e95742f801ef4ec47f9b9d6d368582fc648588a9d96d8e37949a947ae
2018-10-02,51.21146774291992,EWJ,8715c42e95742f801ef4ec47f9b9d6d368582fc648588a9d96d8e37949a947ae
2018-10-03,50.76284408569336,EWJ,8715c42e95742f801ef4ec47f9b9d6d368582fc648588a9d96d8e37949a947ae
2018-10-04,50.077205657958984,EWJ,8715c42e95742f801ef4ec47f9b9d6d368582fc648588a9d96d8e37949a947ae
2018-10-05,50.085662841796875,EWJ,8715c42e95742f801ef4ec47f9b9d6d368582fc648588a9d96d8e37949a947ae
2018-10-08,50.30574417114258,EWJ,8715c42e95742f801ef4ec47f9b9d6d368582fc648588a9d96d8e37949a947ae
2018-10-09,50.01795196533203,EWJ,8715c42e95742f801ef4ec47f9b9d6d368582fc648588a9d96d8e37949a947ae
2018-10-10,48.790565490722656,EWJ,8715c42e95742f801ef4ec47f9b9d6d368582fc648588a9d96d8e37949a947ae
2018-10-11,47.91023254394531,EWJ,8715c42e95742f801ef4ec47f9b9d6d368582fc648588a9d96d8e37949a947ae
2018-10-12,48.02027893066406,EWJ,8715c42e95742f801ef4ec47f9b9d6d368582fc648588a9d96d8e37949a947ae
2018-10-15,47.87637710571289,EWJ,8715c42e95742f801ef4ec47f9b9d6d368582fc648588a9d96d8e37949a947ae
2018-10-16,48.76517105102539,EWJ,8715c42e95742f801ef4ec47f9b9d6d368582fc648588a9d96d8e37949a947ae
2018-10-17,48.73131561279297,EWJ,8715c42e95742f801ef4ec47f9b9d6d368582fc648588a9d96d8e37949a947ae
2018-10-18,47.85097885131836,EWJ,8715c42e95742f801ef4ec47f9b9d6d368582fc648588a9d96d8e37949a947ae
2018-10-19,47.95255661010742,EWJ,8715c42e95742f801ef4ec47f9b9d6d368582fc648588a9d96d8e37949a947ae
2018-10-22,47.656288146972656,EWJ,8715c42e95742f801ef4ec47f9b9d6d368582fc648588a9d96d8e37949a947ae
2018-10-23,47.10609436035156,EWJ,8715c42e95742f801ef4ec47f9b9d6d368582fc648588a9d96d8e37949a947ae
2018-10-24,45.599361419677734,EWJ,8715c42e95742f801ef4ec47f9b9d6d368582fc648588a9d96d8e37949a947ae
2018-10-25,46.276546478271484,EWJ,8715c42e95742f801ef4ec47f9b9d6d368582fc648588a9d96d8e37949a947ae
2018-10-26,45.68402099609375,EWJ,8715c42e95742f801ef4ec47f9b9d6d368582fc648588a9d96d8e37949a947ae
2018-10-29,45.260780334472656,EWJ,8715c42e95742f801ef4ec47f9b9d6d368582fc648588a9d96d8e37949a947ae
2018-10-30,45.9718132019043,EWJ,8715c42e95742f801ef4ec47f9b9d6d368582fc648588a9d96d8e37949a947ae
2018-10-31,46.42044448852539,EWJ,8715c42e95742f801ef4ec47f9b9d6d368582fc648588a9d96d8e37949a947ae
2018-11-01,46.31040573120117,EWJ,8715c42e95742f801ef4ec47f9b9d6d368582fc648588a9d96d8e37949a947ae
2018-11-02,46.57281494140625,EWJ,8715c42e95742f801ef4ec47f9b9d6d368582fc648588a9d96d8e37949a947ae
2018-11-05,46.40351486206055,EWJ,8715c42e95742f801ef4ec47f9b9d6d368582fc648588a9d96d8e37949a947ae
2018-11-06,46.928321838378906,EWJ,8715c42e95742f801ef4ec47f9b9d6d368582fc648588a9d96d8e37949a947ae
2018-11-07,47.41927719116211,EWJ,8715c42e95742f801ef4ec47f9b9d6d368582fc648588a9d96d8e37949a947ae
2018-11-08,47.114540100097656,EWJ,8715c42e95742f801ef4ec47f9b9d6d368582fc648588a9d96d8e37949a947ae
2018-11-09,46.640525817871094,EWJ,8715c42e95742f801ef4ec47f9b9d6d368582fc648588a9d96d8e37949a947ae
2018-11-12,46.005672454833984,EWJ,8715c42e95742f801ef4ec47f9b9d6d368582fc648588a9d96d8e37949a947ae
2018-11-13,45.83638381958008,EWJ,8715c42e95742f801ef4ec47f9b9d6d368582fc648588a9d96d8e37949a947ae
2018-11-14,45.99721145629883,EWJ,8715c42e95742f801ef4ec47f9b9d6d368582fc648588a9d96d8e37949a947ae
2018-11-15,46.26807403564453,EWJ,8715c42e95742f801ef4ec47f9b9d6d368582fc648588a9d96d8e37949a947ae
2018-11-16,46.30193328857422,EWJ,8715c42e95742f801ef4ec47f9b9d6d368582fc648588a9d96d8e37949a947ae
2018-11-19,46.09878921508789,EWJ,8715c42e95742f801ef4ec47f9b9d6d368582fc648588a9d96d8e37949a947ae
2018-11-20,45.25231170654297,EWJ,8715c42e95742f801ef4ec47f9b9d6d368582fc648588a9d96d8e37949a947ae
2018-11-21,45.94642639160156,EWJ,8715c42e95742f801ef4ec47f9b9d6d368582fc648588a9d96d8e37949a947ae
2018-11-23,45.777130126953125,EWJ,8715c42e95742f801ef4ec47f9b9d6d368582fc648588a9d96d8e37949a947ae
2018-11-26,46.39505386352539,EWJ,8715c42e95742f801ef4ec47f9b9d6d368582fc648588a9d96d8e37949a947ae
2018-11-27,46.35272979736328,EWJ,8715c42e95742f801ef4ec47f9b9d6d368582fc648588a9d96d8e37949a947ae
2018-11-28,46.96217727661133,EWJ,8715c42e95742f801ef4ec47f9b9d6d368582fc648588a9d96d8e37949a947ae
2018-11-29,46.801353454589844,EWJ,8715c42e95742f801ef4ec47f9b9d6d368582fc648588a9d96d8e37949a947ae
2018-11-30,46.84368896484375,EWJ,8715c42e95742f801ef4ec47f9b9d6d368582fc648588a9d96d8e37949a947ae
2018-12-03,47.47853469848633,EWJ,8715c42e95742f801ef4ec47f9b9d6d368582fc648588a9d96d8e37949a947ae
2018-12-04,45.726341247558594,EWJ,8715c42e95742f801ef4ec47f9b9d6d368582fc648588a9d96d8e37949a947ae
2018-12-06,45.65861511230469,EWJ,8715c42e95742f801ef4ec47f9b9d6d368582fc648588a9d96d8e37949a947ae
2018-12-07,45.32003402709961,EWJ,8715c42e95742f801ef4ec47f9b9d6d368582fc648588a9d96d8e37949a947ae
2018-12-10,44.97298049926758,EWJ,8715c42e95742f801ef4ec47f9b9d6d368582fc648588a9d96d8e37949a947ae
2018-12-11,44.939117431640625,EWJ,8715c42e95742f801ef4ec47f9b9d6d368582fc648588a9d96d8e37949a947ae
2018-12-12,45.48086166381836,EWJ,8715c42e95742f801ef4ec47f9b9d6d368582fc648588a9d96d8e37949a947ae
2018-12-13,45.34542465209961,EWJ,8715c42e95742f801ef4ec47f9b9d6d368582fc648588a9d96d8e37949a947ae
2018-12-14,44.82908248901367,EWJ,8715c42e95742f801ef4ec47f9b9d6d368582fc648588a9d96d8e37949a947ae
2018-12-17,44.47356033325195,EWJ,8715c42e95742f801ef4ec47f9b9d6d368582fc648588a9d96d8e37949a947ae
2018-12-18,44.597251892089844,EWJ,8715c42e95742f801ef4ec47f9b9d6d368582fc648588a9d96d8e37949a947ae
2018-12-19,43.94041061401367,EWJ,8715c42e95742f801ef4ec47f9b9d6d368582fc648588a9d96d8e37949a947ae
2018-12-20,43.710086822509766,EWJ,8715c42e95742f801ef4ec47f9b9d6d368582fc648588a9d96d8e37949a947ae
2018-12-21,42.362274169921875,EWJ,8715c42e95742f801ef4ec47f9b9d6d368582fc648588a9d96d8e37949a947ae
2018-12-24,41.901634216308594,EWJ,8715c42e95742f801ef4ec47f9b9d6d368582fc648588a9d96d8e37949a947ae
2018-12-26,42.694969177246094,EWJ,8715c42e95742f801ef4ec47f9b9d6d368582fc648588a9d96d8e37949a947ae
2018-12-27,43.26650619506836,EWJ,8715c42e95742f801ef4ec47f9b9d6d368582fc648588a9d96d8e37949a947ae
2018-12-28,43.317684173583984,EWJ,8715c42e95742f801ef4ec47f9b9d6d368582fc648588a9d96d8e37949a947ae
2018-12-31,43.240909576416016,EWJ,8715c42e95742f801ef4ec47f9b9d6d368582fc648588a9d96d8e37949a947ae
2019-01-02,43.53948211669922,EWJ,8715c42e95742f801ef4ec47f9b9d6d368582fc648588a9d96d8e37949a947ae
2019-01-03,43.29209899902344,EWJ,8715c42e95742f801ef4ec47f9b9d6d368582fc648588a9d96d8e37949a947ae
2019-01-04,44.75933837890625,EWJ,8715c42e95742f801ef4ec47f9b9d6d368582fc648588a9d96d8e37949a947ae
2019-01-07,44.87022399902344,EWJ,8715c42e95742f801ef4ec47f9b9d6d368582fc648588a9d96d8e37949a947ae
2019-01-08,45.083492279052734,EWJ,8715c42e95742f801ef4ec47f9b9d6d368582fc648588a9d96d8e37949a947ae
2019-01-09,45.33087158203125,EWJ,8715c42e95742f801ef4ec47f9b9d6d368582fc648588a9d96d8e37949a947ae
2019-01-10,45.603851318359375,EWJ,8715c42e95742f801ef4ec47f9b9d6d368582fc648588a9d96d8e37949a947ae
2019-01-11,45.0749626159668,EWJ,8715c42e95742f801ef4ec47f9b9d6d368582fc648588a9d96d8e37949a947ae
2019-01-14,44.912879943847656,EWJ,8715c42e95742f801ef4ec47f9b9d6d368582fc648588a9d96d8e37949a947ae
2019-01-15,45.45882797241211,EWJ,8715c42e95742f801ef4ec47f9b9d6d368582fc648588a9d96d8e37949a947ae
2019-01-16,45.680625915527344,EWJ,8715c42e95742f801ef4ec47f9b9d6d368582fc648588a9d96d8e37949a947ae
2019-01-17,45.5867919921875,EWJ,8715c42e95742f801ef4ec47f9b9d6d368582fc648588a9d96d8e37949a947ae
2019-01-18,46.19245147705078,EWJ,8715c42e95742f801ef4ec47f9b9d6d368582fc648588a9d96d8e37949a947ae
2019-01-22,45.364990234375,EWJ,8715c42e95742f801ef4ec47f9b9d6d368582fc648588a9d96d8e37949a947ae
2019-01-23,45.237037658691406,EWJ,8715c42e95742f801ef4ec47f9b9d6d368582fc648588a9d96d8e37949a947ae
2019-01-24,45.50148391723633,EWJ,8715c42e95742f801ef4ec47f9b9d6d368582fc648588a9d96d8e37949a947ae
2019-01-25,45.99625778198242,EWJ,8715c42e95742f801ef4ec47f9b9d6d368582fc648588a9d96d8e37949a947ae
2019-01-28,45.66356658935547,EWJ,8715c42e95742f801ef4ec47f9b9d6d368582fc648588a9d96d8e37949a947ae
2019-01-29,45.706214904785156,EWJ,8715c42e95742f801ef4ec47f9b9d6d368582fc648588a9d96d8e37949a947ae
2019-01-30,46.218040466308594,EWJ,8715c42e95742f801ef4ec47f9b9d6d368582fc648588a9d96d8e37949a947ae
2019-01-31,46.303348541259766,EWJ,8715c42e95742f801ef4ec47f9b9d6d368582fc648588a9d96d8e37949a947ae
2019-02-01,46.11567687988281,EWJ,8715c42e95742f801ef4ec47f9b9d6d368582fc648588a9d96d8e37949a947ae
2019-02-04,46.218040466308594,EWJ,8715c42e95742f801ef4ec47f9b9d6d368582fc648588a9d96d8e37949a947ae
2019-02-05,46.40572738647461,EWJ,8715c42e95742f801ef4ec47f9b9d6d368582fc648588a9d96d8e37949a947ae
2019-02-06,46.021846771240234,EWJ,8715c42e95742f801ef4ec47f9b9d6d368582fc648588a9d96d8e37949a947ae
2019-02-07,45.38205337524414,EWJ,8715c42e95742f801ef4ec47f9b9d6d368582fc648588a9d96d8e37949a947ae
2019-02-08,44.98112487792969,EWJ,8715c42e95742f801ef4ec47f9b9d6d368582fc648588a9d96d8e37949a947ae
2019-02-11,45.02377700805664,EWJ,8715c42e95742f801ef4ec47f9b9d6d368582fc648588a9d96d8e37949a947ae
2019-02-12,45.81711196899414,EWJ,8715c42e95742f801ef4ec47f9b9d6d368582fc648588a9d96d8e37949a947ae
2019-02-13,45.928001403808594,EWJ,8715c42e95742f801ef4ec47f9b9d6d368582fc648588a9d96d8e37949a947ae
2019-02-14,45.893882751464844,EWJ,8715c42e95742f801ef4ec47f9b9d6d368582fc648588a9d96d8e37949a947ae
2019-02-15,46.48249053955078,EWJ,8715c42e95742f801ef4ec47f9b9d6d368582fc648588a9d96d8e37949a947ae
2019-02-19,46.55926513671875,EWJ,8715c42e95742f801ef4ec47f9b9d6d368582fc648588a9d96d8e37949a947ae
2019-02-20,46.610443115234375,EWJ,8715c42e95742f801ef4ec47f9b9d6d368582fc648588a9d96d8e37949a947ae
2019-02-21,46.542205810546875,EWJ,8715c42e95742f801ef4ec47f9b9d6d368582fc648588a9d96d8e37949a947ae
2019-02-22,46.644569396972656,EWJ,8715c42e95742f801ef4ec47f9b9d6d368582fc648588a9d96d8e37949a947ae
2019-02-25,46.90900802612305,EWJ,8715c42e95742f801ef4ec47f9b9d6d368582fc648588a9d96d8e37949a947ae
2019-02-26,47.071083068847656,EWJ,8715c42e95742f801ef4ec47f9b9d6d368582fc648588a9d96d8e37949a947ae
2019-02-27,46.82371139526367,EWJ,8715c42e95742f801ef4ec47f9b9d6d368582fc648588a9d96d8e37949a947ae
2019-02-28,46.37158966064453,EWJ,8715c42e95742f801ef4ec47f9b9d6d368582fc648588a9d96d8e37949a947ae
2019-03-01,46.50808334350586,EWJ,8715c42e95742f801ef4ec47f9b9d6d368582fc648588a9d96d8e37949a947ae
2019-03-04,46.36305618286133,EWJ,8715c42e95742f801ef4ec47f9b9d6d368582fc648588a9d96d8e37949a947ae
2019-03-05,46.40572738647461,EWJ,8715c42e95742f801ef4ec47f9b9d6d368582fc648588a9d96d8e37949a947ae
2019-03-06,46.13274002075195,EWJ,8715c42e95742f801ef4ec47f9b9d6d368582fc648588a9d96d8e37949a947ae
2019-03-07,45.5867919921875,EWJ,8715c42e95742f801ef4ec47f9b9d6d368582fc648588a9d96d8e37949a947ae
2019-03-08,45.51001739501953,EWJ,8715c42e95742f801ef4ec47f9b9d6d368582fc648588a9d96d8e37949a947ae
2019-03-11,46.00478744506836,EWJ,8715c42e95742f801ef4ec47f9b9d6d368582fc648588a9d96d8e37949a947ae
2019-03-12,46.11567687988281,EWJ,8715c42e95742f801ef4ec47f9b9d6d368582fc648588a9d96d8e37949a947ae
2019-03-13,46.29481887817383,EWJ,8715c42e95742f801ef4ec47f9b9d6d368582fc648588a9d96d8e37949a947ae
2019-03-14,45.80004119873047,EWJ,8715c42e95742f801ef4ec47f9b9d6d368582fc648588a9d96d8e37949a947ae
2019-03-15,46.328941345214844,EWJ,8715c42e95742f801ef4ec47f9b9d6d368582fc648588a9d96d8e37949a947ae
2019-03-18,46.4568977355957,EWJ,8715c42e95742f801ef4ec47f9b9d6d368582fc648588a9d96d8e37949a947ae
2019-03-19,46.47395706176758,EWJ,8715c42e95742f801ef4ec47f9b9d6d368582fc648588a9d96d8e37949a947ae
2019-03-20,46.49954605102539,EWJ,8715c42e95742f801ef4ec47f9b9d6d368582fc648588a9d96d8e37949a947ae
2019-03-21,46.80664825439453,EWJ,8715c42e95742f801ef4ec47f9b9d6d368582fc648588a9d96d8e37949a947ae
2019-03-22,46.303348541259766,EWJ,8715c42e95742f801ef4ec47f9b9d6d368582fc648588a9d96d8e37949a947ae
2019-03-25,46.328941345214844,EWJ,8715c42e95742f801ef4ec47f9b9d6d368582fc648588a9d96d8e37949a947ae
2019-03-26,46.84076690673828,EWJ,8715c42e95742f801ef4ec47f9b9d6d368582fc648588a9d96d8e37949a947ae
2019-03-27,46.67869186401367,EWJ,8715c42e95742f801ef4ec47f9b9d6d368582fc648588a9d96d8e37949a947ae
2019-03-28,46.70427322387695,EWJ,8715c42e95742f801ef4ec47f9b9d6d368582fc648588a9d96d8e37949a947ae
2019-03-29,46.67869186401367,EWJ,8715c42e95742f801ef4ec47f9b9d6d368582fc648588a9d96d8e37949a947ae
2019-04-01,47.26728439331055,EWJ,8715c42e95742f801ef4ec47f9b9d6d368582fc648588a9d96d8e37949a947ae
2019-04-02,46.94313430786133,EWJ,8715c42e95742f801ef4ec47f9b9d6d368582fc648588a9d96d8e37949a947ae
2019-04-03,47.22464370727539,EWJ,8715c42e95742f801ef4ec47f9b9d6d368582fc648588a9d96d8e37949a947ae
2019-04-04,47.19904708862305,EWJ,8715c42e95742f801ef4ec47f9b9d6d368582fc648588a9d96d8e37949a947ae
2019-04-05,47.23316955566406,EWJ,8715c42e95742f801ef4ec47f9b9d6d368582fc648588a9d96d8e37949a947ae
2019-04-08,47.12227249145508,EWJ,8715c42e95742f801ef4ec47f9b9d6d368582fc648588a9d96d8e37949a947ae
2019-04-09,46.866363525390625,EWJ,8715c42e95742f801ef4ec47f9b9d6d368582fc648588a9d96d8e37949a947ae
2019-04-10,46.87489318847656,EWJ,8715c42e95742f801ef4ec47f9b9d6d368582fc648588a9d96d8e37949a947ae
2019-04-11,46.7298698425293,EWJ,8715c42e95742f801ef4ec47f9b9d6d368582fc648588a9d96d8e37949a947ae
2019-04-12,46.968727111816406,EWJ,8715c42e95742f801ef4ec47f9b9d6d368582fc648588a9d96d8e37949a947ae
2019-04-15,46.96019744873047,EWJ,8715c42e95742f801ef4ec47f9b9d6d368582fc648588a9d96d8e37949a947ae
2019-04-16,47.14786148071289,EWJ,8715c42e95742f801ef4ec47f9b9d6d368582fc648588a9d96d8e37949a947ae
2019-04-17,47.14786148071289,EWJ,8715c42e95742f801ef4ec47f9b9d6d368582fc648588a9d96d8e37949a947ae
2019-04-18,47.21610641479492,EWJ,8715c42e95742f801ef4ec47f9b9d6d368582fc648588a9d96d8e37949a947ae
2019-04-22,47.04550552368164,EWJ,8715c42e95742f801ef4ec47f9b9d6d368582fc648588a9d96d8e37949a947ae
2019-04-23,47.3099479675293,EWJ,8715c42e95742f801ef4ec47f9b9d6d368582fc648588a9d96d8e37949a947ae
2019-04-24,46.7298698425293,EWJ,8715c42e95742f801ef4ec47f9b9d6d368582fc648588a9d96d8e37949a947ae
2019-04-25,46.832237243652344,EWJ,8715c42e95742f801ef4ec47f9b9d6d368582fc648588a9d96d8e37949a947ae
2019-04-26,47.25876235961914,EWJ,8715c42e95742f801ef4ec47f9b9d6d368582fc648588a9d96d8e37949a947ae
2019-04-29,47.44642639160156,EWJ,8715c42e95742f801ef4ec47f9b9d6d368582fc648588a9d96d8e37949a947ae
2019-04-30,47.275821685791016,EWJ,8715c42e95742f801ef4ec47f9b9d6d368582fc648588a9d96d8e37949a947ae
2019-05-01,47.11374282836914,EWJ,8715c42e95742f801ef4ec47f9b9d6d368582fc648588a9d96d8e37949a947ae
2019-05-02,47.13080596923828,EWJ,8715c42e95742f801ef4ec47f9b9d6d368582fc648588a9d96d8e37949a947ae
2019-05-03,47.73646545410156,EWJ,8715c42e95742f801ef4ec47f9b9d6d368582fc648588a9d96d8e37949a947ae
2019-05-06,47.250221252441406,EWJ,8715c42e95742f801ef4ec47f9b9d6d368582fc648588a9d96d8e37949a947ae
2019-05-07,46.3886604309082,EWJ,8715c42e95742f801ef4ec47f9b9d6d368582fc648588a9d96d8e37949a947ae
2019-05-08,46.107139587402344,EWJ,8715c42e95742f801ef4ec47f9b9d6d368582fc648588a9d96d8e37949a947ae
2019-05-09,45.80858612060547,EWJ,8715c42e95742f801ef4ec47f9b9d6d368582fc648588a9d96d8e37949a947ae
2019-05-10,46.12420654296875,EWJ,8715c42e95742f801ef4ec47f9b9d6d368582fc648588a9d96d8e37949a947ae
2019-05-13,45.083492279052734,EWJ,8715c42e95742f801ef4ec47f9b9d6d368582fc648588a9d96d8e37949a947ae
2019-05-14,45.71474075317383,EWJ,8715c42e95742f801ef4ec47f9b9d6d368582fc648588a9d96d8e37949a947ae
2019-05-15,45.78298568725586,EWJ,8715c42e95742f801ef4ec47f9b9d6d368582fc648588a9d96d8e37949a947ae
2019-05-16,45.97066116333008,EWJ,8715c42e95742f801ef4ec47f9b9d6d368582fc648588a9d96d8e37949a947ae
2019-05-17,45.80004119873047,EWJ,8715c42e95742f801ef4ec47f9b9d6d368582fc648588a9d96d8e37949a947ae
2019-05-20,45.55266571044922,EWJ,8715c42e95742f801ef4ec47f9b9d6d368582fc648588a9d96d8e37949a947ae
2019-05-21,45.8682975769043,EWJ,8715c42e95742f801ef4ec47f9b9d6d368582fc648588a9d96d8e37949a947ae
2019-05-22,45.492958068847656,EWJ,8715c42e95742f801ef4ec47f9b9d6d368582fc648588a9d96d8e37949a947ae
2019-05-23,45.151729583740234,EWJ,8715c42e95742f801ef4ec47f9b9d6d368582fc648588a9d96d8e37949a947ae
2019-05-24,45.85123062133789,EWJ,8715c42e95742f801ef4ec47f9b9d6d368582fc648588a9d96d8e37949a947ae
2019-05-28,45.46735763549805,EWJ,8715c42e95742f801ef4ec47f9b9d6d368582fc648588a9d96d8e37949a947ae
2019-05-29,45.25410079956055,EWJ,8715c42e95742f801ef4ec47f9b9d6d368582fc648588a9d96d8e37949a947ae
2019-05-30,45.45882797241211,EWJ,8715c42e95742f801ef4ec47f9b9d6d368582fc648588a9d96d8e37949a947ae
2019-05-31,44.972599029541016,EWJ,8715c42e95742f801ef4ec47f9b9d6d368582fc648588a9d96d8e37949a947ae
2019-06-03,45.237037658691406,EWJ,8715c42e95742f801ef4ec47f9b9d6d368582fc648588a9d96d8e37949a947ae
2019-06-04,45.75740432739258,EWJ,8715c42e95742f801ef4ec47f9b9d6d368582fc648588a9d96d8e37949a947ae
2019-06-05,45.78298568725586,EWJ,8715c42e95742f801ef4ec47f9b9d6d368582fc648588a9d96d8e37949a947ae
2019-06-06,45.834171295166016,EWJ,8715c42e95742f801ef4ec47f9b9d6d368582fc648588a9d96d8e37949a947ae
2019-06-07,46.3886604309082,EWJ,8715c42e95742f801ef4ec47f9b9d6d368582fc648588a9d96d8e37949a947ae
2019-06-10,46.60190963745117,EWJ,8715c42e95742f801ef4ec47f9b9d6d368582fc648588a9d96d8e37949a947ae
2019-06-11,46.755470275878906,EWJ,8715c42e95742f801ef4ec47f9b9d6d368582fc648588a9d96d8e37949a947ae
2019-06-12,46.235103607177734,EWJ,8715c42e95742f801ef4ec47f9b9d6d368582fc648588a9d96d8e37949a947ae
2019-06-13,46.18391418457031,EWJ,8715c42e95742f801ef4ec47f9b9d6d368582fc648588a9d96d8e37949a947ae
2019-06-14,46.06449508666992,EWJ,8715c42e95742f801ef4ec47f9b9d6d368582fc648588a9d96d8e37949a947ae
2019-06-17,46.199642181396484,EWJ,8715c42e95742f801ef4ec47f9b9d6d368582fc648588a9d96d8e37949a947ae
2019-06-18,46.47510528564453,EWJ,8715c42e95742f801ef4ec47f9b9d6d368582fc648588a9d96d8e37949a947ae
2019-06-19,46.88829040527344,EWJ,8715c42e95742f801ef4ec47f9b9d6d368582fc648588a9d96d8e37949a947ae
2019-06-20,47.34451675415039,EWJ,8715c42e95742f801ef4ec47f9b9d6d368582fc648588a9d96d8e37949a947ae
2019-06-21,46.87967300415039,EWJ,8715c42e95742f801ef4ec47f9b9d6d368582fc648588a9d96d8e37949a947ae
2019-06-24,46.87967300415039,EWJ,8715c42e95742f801ef4ec47f9b9d6d368582fc648588a9d96d8e37949a947ae
2019-06-25,46.6730842590332,EWJ,8715c42e95742f801ef4ec47f9b9d6d368582fc648588a9d96d8e37949a947ae
2019-06-26,46.604225158691406,EWJ,8715c42e95742f801ef4ec47f9b9d6d368582fc648588a9d96d8e37949a947ae
2019-06-27,46.79359436035156,EWJ,8715c42e95742f801ef4ec47f9b9d6d368582fc648588a9d96d8e37949a947ae
2019-06-28,46.98297882080078,EWJ,8715c42e95742f801ef4ec47f9b9d6d368582fc648588a9d96d8e37949a947ae
2019-07-01,47.654415130615234,EWJ,8715c42e95742f801ef4ec47f9b9d6d368582fc648588a9d96d8e37949a947ae
2019-07-02,47.800743103027344,EWJ,8715c42e95742f801ef4ec47f9b9d6d368582fc648588a9d96d8e37949a947ae
2019-07-03,47.9384765625,EWJ,8715c42e95742f801ef4ec47f9b9d6d368582fc648588a9d96d8e37949a947ae
2019-07-05,47.73188400268555,EWJ,8715c42e95742f801ef4ec47f9b9d6d368582fc648588a9d96d8e37949a947ae
2019-07-08,47.456424713134766,EWJ,8715c42e95742f801ef4ec47f9b9d6d368582fc648588a9d96d8e37949a947ae
2019-07-09,47.03462219238281,EWJ,8715c42e95742f801ef4ec47f9b9d6d368582fc648588a9d96d8e37949a947ae
2019-07-10,47.318695068359375,EWJ,8715c42e95742f801ef4ec47f9b9d6d368582fc648588a9d96d8e37949a947ae
2019-07-11,47.40477752685547,EWJ,8715c42e95742f801ef4ec47f9b9d6d368582fc648588a9d96d8e37949a947ae
2019-07-12,47.421993255615234,EWJ,8715c42e95742f801ef4ec47f9b9d6d368582fc648588a9d96d8e37949a947ae
2019-07-15,47.456424713134766,EWJ,8715c42e95742f801ef4ec47f9b9d6d368582fc648588a9d96d8e37949a947ae
2019-07-16,47.10349655151367,EWJ,8715c42e95742f801ef4ec47f9b9d6d368582fc648588a9d96d8e37949a947ae
2019-07-17,47.06045150756836,EWJ,8715c42e95742f801ef4ec47f9b9d6d368582fc648588a9d96d8e37949a947ae
2019-07-18,46.939937591552734,EWJ,8715c42e95742f801ef4ec47f9b9d6d368582fc648588a9d96d8e37949a947ae
2019-07-19,47.06045150756836,EWJ,8715c42e95742f801ef4ec47f9b9d6d368582fc648588a9d96d8e37949a947ae
2019-07-22,47.12932205200195,EWJ,8715c42e95742f801ef4ec47f9b9d6d368582fc648588a9d96d8e37949a947ae
2019-07-23,47.5080680847168,EWJ,8715c42e95742f801ef4ec47f9b9d6d368582fc648588a9d96d8e37949a947ae
2019-07-24,47.56832504272461,EWJ,8715c42e95742f801ef4ec47f9b9d6d368582fc648588a9d96d8e37949a947ae
2019-07-25,47.06045150756836,EWJ,8715c42e95742f801ef4ec47f9b9d6d368582fc648588a9d96d8e37949a947ae
2019-07-26,47.18096923828125,EWJ,8715c42e95742f801ef4ec47f9b9d6d368582fc648588a9d96d8e37949a947ae
2019-07-29,47.1207160949707,EWJ,8715c42e95742f801ef4ec47f9b9d6d368582fc648588a9d96d8e37949a947ae
2019-07-30,46.819427490234375,EWJ,8715c42e95742f801ef4ec47f9b9d6d368582fc648588a9d96d8e37949a947ae
2019-07-31,46.78499221801758,EWJ,8715c42e95742f801ef4ec47f9b9d6d368582fc648588a9d96d8e37949a947ae
2019-08-01,46.77638626098633,EWJ,8715c42e95742f801ef4ec47f9b9d6d368582fc648588a9d96d8e37949a947ae
2019-08-02,46.53536605834961,EWJ,8715c42e95742f801ef4ec47f9b9d6d368582fc648588a9d96d8e37949a947ae
2019-08-05,45.38187026977539,EWJ,8715c42e95742f801ef4ec47f9b9d6d368582fc648588a9d96d8e37949a947ae
2019-08-06,45.9586181640625,EWJ,8715c42e95742f801ef4ec47f9b9d6d368582fc648588a9d96d8e37949a947ae
2019-08-07,46.27711868286133,EWJ,8715c42e95742f801ef4ec47f9b9d6d368582fc648588a9d96d8e37949a947ae
2019-08-08,46.604225158691406,EWJ,8715c42e95742f801ef4ec47f9b9d6d368582fc648588a9d96d8e37949a947ae
2019-08-09,46.113555908203125,EWJ,8715c42e95742f801ef4ec47f9b9d6d368582fc648588a9d96d8e37949a947ae
2019-08-12,45.6745491027832,EWJ,8715c42e95742f801ef4ec47f9b9d6d368582fc648588a9d96d8e37949a947ae
2019-08-13,46.1910400390625,EWJ,8715c42e95742f801ef4ec47f9b9d6d368582fc648588a9d96d8e37949a947ae
2019-08-14,45.07199478149414,EWJ,8715c42e95742f801ef4ec47f9b9d6d368582fc648588a9d96d8e37949a947ae
2019-08-15,45.50239181518555,EWJ,8715c42e95742f801ef4ec47f9b9d6d368582fc648588a9d96d8e37949a947ae
2019-08-16,45.975833892822266,EWJ,8715c42e95742f801ef4ec47f9b9d6d368582fc648588a9d96d8e37949a947ae
2019-08-19,45.967220306396484,EWJ,8715c42e95742f801ef4ec47f9b9d6d368582fc648588a9d96d8e37949a947ae
2019-08-20,45.87253189086914,EWJ,8715c42e95742f801ef4ec47f9b9d6d368582fc648588a9d96d8e37949a947ae
2019-08-21,46.02748489379883,EWJ,8715c42e95742f801ef4ec47f9b9d6d368582fc648588a9d96d8e37949a947ae
2019-08-22,45.9586181640625,EWJ,8715c42e95742f801ef4ec47f9b9d6d368582fc648588a9d96d8e37949a947ae
2019-08-23,45.4421272277832,EWJ,8715c42e95742f801ef4ec47f9b9d6d368582fc648588a9d96d8e37949a947ae
2019-08-26,46.10495376586914,EWJ,8715c42e95742f801ef4ec47f9b9d6d368582fc648588a9d96d8e37949a947ae
2019-08-27,45.9586181640625,EWJ,8715c42e95742f801ef4ec47f9b9d6d368582fc648588a9d96d8e37949a947ae
2019-08-28,45.941402435302734,EWJ,8715c42e95742f801ef4ec47f9b9d6d368582fc648588a9d96d8e37949a947ae
2019-08-29,46.26851272583008,EWJ,8715c42e95742f801ef4ec47f9b9d6d368582fc648588a9d96d8e37949a947ae
2019-08-30,46.41484451293945,EWJ,8715c42e95742f801ef4ec47f9b9d6d368582fc648588a9d96d8e37949a947ae
2019-09-03,46.440670013427734,EWJ,8715c42e95742f801ef4ec47f9b9d6d368582fc648588a9d96d8e37949a947ae
2019-09-04,46.69892120361328,EWJ,8715c42e95742f801ef4ec47f9b9d6d368582fc648588a9d96d8e37949a947ae
2019-09-05,47.03462219238281,EWJ,8715c42e95742f801ef4ec47f9b9d6d368582fc648588a9d96d8e37949a947ae
2019-09-06,47.198184967041016,EWJ,8715c42e95742f801ef4ec47f9b9d6d368582fc648588a9d96d8e37949a947ae
2019-09-09,47.5080680847168,EWJ,8715c42e95742f801ef4ec47f9b9d6d368582fc648588a9d96d8e37949a947ae
2019-09-10,47.64580535888672,EWJ,8715c42e95742f801ef4ec47f9b9d6d368582fc648588a9d96d8e37949a947ae
2019-09-11,48.067604064941406,EWJ,8715c42e95742f801ef4ec47f9b9d6d368582fc648588a9d96d8e37949a947ae
2019-09-12,48.3860969543457,EWJ,8715c42e95742f801ef4ec47f9b9d6d368582fc648588a9d96d8e37949a947ae
2019-09-13,48.954227447509766,EWJ,8715c42e95742f801ef4ec47f9b9d6d368582fc648588a9d96d8e37949a947ae
2019-09-16,48.69599151611328,EWJ,8715c42e95742f801ef4ec47f9b9d6d368582fc648588a9d96d8e37949a947ae
2019-09-17,48.87675857543945,EWJ,8715c42e95742f801ef4ec47f9b9d6d368582fc648588a9d96d8e37949a947ae
2019-09-18,48.77346420288086,EWJ,8715c42e95742f801ef4ec47f9b9d6d368582fc648588a9d96d8e37949a947ae
2019-09-19,49.135009765625,EWJ,8715c42e95742f801ef4ec47f9b9d6d368582fc648588a9d96d8e37949a947ae
2019-09-20,49.02309799194336,EWJ,8715c42e95742f801ef4ec47f9b9d6d368582fc648588a9d96d8e37949a947ae
2019-09-23,48.9714469909668,EWJ,8715c42e95742f801ef4ec47f9b9d6d368582fc648588a9d96d8e37949a947ae
2019-09-24,49.04031753540039,EWJ,8715c42e95742f801ef4ec47f9b9d6d368582fc648588a9d96d8e37949a947ae
2019-09-25,49.23829650878906,EWJ,8715c42e95742f801ef4ec47f9b9d6d368582fc648588a9d96d8e37949a947ae
2019-09-26,49.324378967285156,EWJ,8715c42e95742f801ef4ec47f9b9d6d368582fc648588a9d96d8e37949a947ae
2019-09-27,48.61851501464844,EWJ,8715c42e95742f801ef4ec47f9b9d6d368582fc648588a9d96d8e37949a947ae
2019-09-30,48.84232711791992,EWJ,8715c42e95742f801ef4ec47f9b9d6d368582fc648588a9d96d8e37949a947ae
2019-10-01,48.62712860107422,EWJ,8715c42e95742f801ef4ec47f9b9d6d368582fc648588a9d96d8e37949a947ae
2019-10-02,48.02455520629883,EWJ,8715c42e95742f801ef4ec47f9b9d6d368582fc648588a9d96d8e37949a947ae
2019-10-03,48.265586853027344,EWJ,8715c42e95742f801ef4ec47f9b9d6d368582fc648588a9d96d8e37949a947ae
2019-10-04,48.82511901855469,EWJ,8715c42e95742f801ef4ec47f9b9d6d368582fc648588a9d96d8e37949a947ae
2019-10-07,48.51521682739258,EWJ,8715c42e95742f801ef4ec47f9b9d6d368582fc648588a9d96d8e37949a947ae
2019-10-08,48.23115539550781,EWJ,8715c42e95742f801ef4ec47f9b9d6d368582fc648588a9d96d8e37949a947ae
2019-10-09,48.652950286865234,EWJ,8715c42e95742f801ef4ec47f9b9d6d368582fc648588a9d96d8e37949a947ae
2019-10-10,48.592689514160156,EWJ,8715c42e95742f801ef4ec47f9b9d6d368582fc648588a9d96d8e37949a947ae
2019-10-11,49.195255279541016,EWJ,8715c42e95742f801ef4ec47f9b9d6d368582fc648588a9d96d8e37949a947ae
2019-10-14,48.980064392089844,EWJ,8715c42e95742f801ef4ec47f9b9d6d368582fc648588a9d96d8e37949a947ae
2019-10-15,49.71174621582031,EWJ,8715c42e95742f801ef4ec47f9b9d6d368582fc648588a9d96d8e37949a947ae
2019-10-16,49.60845184326172,EWJ,8715c42e95742f801ef4ec47f9b9d6d368582fc648588a9d96d8e37949a947ae
2019-10-17,49.47932815551758,EWJ,8715c42e95742f801ef4ec47f9b9d6d368582fc648588a9d96d8e37949a947ae
2019-10-18,49.38463592529297,EWJ,8715c42e95742f801ef4ec47f9b9d6d368582fc648588a9d96d8e37949a947ae
2019-10-21,49.73756790161133,EWJ,8715c42e95742f801ef4ec47f9b9d6d368582fc648588a9d96d8e37949a947ae
2019-10-22,49.79782485961914,EWJ,8715c42e95742f801ef4ec47f9b9d6d368582fc648588a9d96d8e37949a947ae
2019-10-23,50.004417419433594,EWJ,8715c42e95742f801ef4ec47f9b9d6d368582fc648588a9d96d8e37949a947ae
2019-10-24,50.030242919921875,EWJ,8715c42e95742f801ef4ec47f9b9d6d368582fc648588a9d96d8e37949a947ae
2019-10-25,50.004417419433594,EWJ,8715c42e95742f801ef4ec47f9b9d6d368582fc648588a9d96d8e37949a947ae
2019-10-28,50.15074920654297,EWJ,8715c42e95742f801ef4ec47f9b9d6d368582fc648588a9d96d8e37949a947ae
2019-10-29,50.36595916748047,EWJ,8715c42e95742f801ef4ec47f9b9d6d368582fc648588a9d96d8e37949a947ae
2019-10-30,50.50368881225586,EWJ,8715c42e95742f801ef4ec47f9b9d6d368582fc648588a9d96d8e37949a947ae
2019-10-31,50.512298583984375,EWJ,8715c42e95742f801ef4ec47f9b9d6d368582fc648588a9d96d8e37949a947ae
2019-11-01,51.01155471801758,EWJ,8715c42e95742f801ef4ec47f9b9d6d368582fc648588a9d96d8e37949a947ae
2019-11-04,51.355892181396484,EWJ,8715c42e95742f801ef4ec47f9b9d6d368582fc648588a9d96d8e37949a947ae
2019-11-05,51.42476272583008,EWJ,8715c42e95742f801ef4ec47f9b9d6d368582fc648588a9d96d8e37949a947ae
2019-11-06,51.31285095214844,EWJ,8715c42e95742f801ef4ec47f9b9d6d368582fc648588a9d96d8e37949a947ae
2019-11-07,51.614131927490234,EWJ,8715c42e95742f801ef4ec47f9b9d6d368582fc648588a9d96d8e37949a947ae
2019-11-08,51.58831024169922,EWJ,8715c42e95742f801ef4ec47f9b9d6d368582fc648588a9d96d8e37949a947ae
2019-11-11,51.459190368652344,EWJ,8715c42e95742f801ef4ec47f9b9d6d368582fc648588a9d96d8e37949a947ae
2019-11-12,51.57109832763672,EWJ,8715c42e95742f801ef4ec47f9b9d6d368582fc648588a9d96d8e37949a947ae
2019-11-13,51.39032745361328,EWJ,8715c42e95742f801ef4ec47f9b9d6d368582fc648588a9d96d8e37949a947ae
2019-11-14,51.16651153564453,EWJ,8715c42e95742f801ef4ec47f9b9d6d368582fc648588a9d96d8e37949a947ae
2019-11-15,51.467796325683594,EWJ,8715c42e95742f801ef4ec47f9b9d6d368582fc648588a9d96d8e37949a947ae
2019-11-18,51.510833740234375,EWJ,8715c42e95742f801ef4ec47f9b9d6d368582fc648588a9d96d8e37949a947ae
2019-11-19,51.34728240966797,EWJ,8715c42e95742f801ef4ec47f9b9d6d368582fc648588a9d96d8e37949a947ae
2019-11-20,51.19234085083008,EWJ,8715c42e95742f801ef4ec47f9b9d6d368582fc648588a9d96d8e37949a947ae
2019-11-21,51.24397659301758,EWJ,8715c42e95742f801ef4ec47f9b9d6d368582fc648588a9d96d8e37949a947ae
2019-11-22,51.27842330932617,EWJ,8715c42e95742f801ef4ec47f9b9d6d368582fc648588a9d96d8e37949a947ae
2019-11-25,51.631351470947266,EWJ,8715c42e95742f801ef4ec47f9b9d6d368582fc648588a9d96d8e37949a947ae
2019-11-26,51.54526901245117,EWJ,8715c42e95742f801ef4ec47f9b9d6d368582fc648588a9d96d8e37949a947ae
2019-11-27,51.6485710144043,EWJ,8715c42e95742f801ef4ec47f9b9d6d368582fc648588a9d96d8e37949a947ae
2019-11-29,51.15790939331055,EWJ,8715c42e95742f801ef4ec47f9b9d6d368582fc648588a9d96d8e37949a947ae
2019-12-02,51.05461502075195,EWJ,8715c42e95742f801ef4ec47f9b9d6d368582fc648588a9d96d8e37949a947ae
2019-12-03,51.25259017944336,EWJ,8715c42e95742f801ef4ec47f9b9d6d368582fc648588a9d96d8e37949a947ae
2019-12-04,51.8293342590332,EWJ,8715c42e95742f801ef4ec47f9b9d6d368582fc648588a9d96d8e37949a947ae
2019-12-05,51.622745513916016,EWJ,8715c42e95742f801ef4ec47f9b9d6d368582fc648588a9d96d8e37949a947ae
2019-12-06,52.216705322265625,EWJ,8715c42e95742f801ef4ec47f9b9d6d368582fc648588a9d96d8e37949a947ae
2019-12-09,51.92402648925781,EWJ,8715c42e95742f801ef4ec47f9b9d6d368582fc648588a9d96d8e37949a947ae
2019-12-10,51.89820098876953,EWJ,8715c42e95742f801ef4ec47f9b9d6d368582fc648588a9d96d8e37949a947ae
2019-12-11,52.01010513305664,EWJ,8715c42e95742f801ef4ec47f9b9d6d368582fc648588a9d96d8e37949a947ae
2019-12-12,52.13923263549805,EWJ,8715c42e95742f801ef4ec47f9b9d6d368582fc648588a9d96d8e37949a947ae
2019-12-13,52.276954650878906,EWJ,8715c42e95742f801ef4ec47f9b9d6d368582fc648588a9d96d8e37949a947ae
2019-12-16,52.51737976074219,EWJ,8715c42e95742f801ef4ec47f9b9d6d368582fc648588a9d96d8e37949a947ae
2019-12-17,52.404136657714844,EWJ,8715c42e95742f801ef4ec47f9b9d6d368582fc648588a9d96d8e37949a947ae
2019-12-18,52.19507598876953,EWJ,8715c42e95742f801ef4ec47f9b9d6d368582fc648588a9d96d8e37949a947ae
2019-12-19,52.14281463623047,EWJ,8715c42e95742f801ef4ec47f9b9d6d368582fc648588a9d96d8e37949a947ae
2019-12-20,52.10797119140625,EWJ,8715c42e95742f801ef4ec47f9b9d6d368582fc648588a9d96d8e37949a947ae
2019-12-23,52.06441879272461,EWJ,8715c42e95742f801ef4ec47f9b9d6d368582fc648588a9d96d8e37949a947ae
2019-12-24,51.8553466796875,EWJ,8715c42e95742f801ef4ec47f9b9d6d368582fc648588a9d96d8e37949a947ae
2019-12-26,51.9947395324707,EWJ,8715c42e95742f801ef4ec47f9b9d6d368582fc648588a9d96d8e37949a947ae
2019-12-27,51.89891052246094,EWJ,8715c42e95742f801ef4ec47f9b9d6d368582fc648588a9d96d8e37949a947ae
2019-12-30,51.4372444152832,EWJ,8715c42e95742f801ef4ec47f9b9d6d368582fc648588a9d96d8e37949a947ae
2019-12-31,51.60274124145508,EWJ,8715c42e95742f801ef4ec47f9b9d6d368582fc648588a9d96d8e37949a947ae
2020-01-02,52.14281463623047,EWJ,8715c42e95742f801ef4ec47f9b9d6d368582fc648588a9d96d8e37949a947ae
2020-01-03,51.567901611328125,EWJ,8715c42e95742f801ef4ec47f9b9d6d368582fc648588a9d96d8e37949a947ae
2020-01-06,51.75082778930664,EWJ,8715c42e95742f801ef4ec47f9b9d6d368582fc648588a9d96d8e37949a947ae
2020-01-07,51.83793640136719,EWJ,8715c42e95742f801ef4ec47f9b9d6d368582fc648588a9d96d8e37949a947ae
2020-01-08,51.846641540527344,EWJ,8715c42e95742f801ef4ec47f9b9d6d368582fc648588a9d96d8e37949a947ae
2020-01-09,52.212493896484375,EWJ,8715c42e95742f801ef4ec47f9b9d6d368582fc648588a9d96d8e37949a947ae
2020-01-10,51.846641540527344,EWJ,8715c42e95742f801ef4ec47f9b9d6d368582fc648588a9d96d8e37949a947ae
2020-01-13,52.14281463623047,EWJ,8715c42e95742f801ef4ec47f9b9d6d368582fc648588a9d96d8e37949a947ae
2020-01-14,52.16023254394531,EWJ,8715c42e95742f801ef4ec47f9b9d6d368582fc648588a9d96d8e37949a947ae
2020-01-15,51.96859359741211,EWJ,8715c42e95742f801ef4ec47f9b9d6d368582fc648588a9d96d8e37949a947ae
2020-01-16,52.00344467163086,EWJ,8715c42e95742f801ef4ec47f9b9d6d368582fc648588a9d96d8e37949a947ae
2020-01-17,52.03828811645508,EWJ,8715c42e95742f801ef4ec47f9b9d6d368582fc648588a9d96d8e37949a947ae
2020-01-21,51.75953674316406,EWJ,8715c42e95742f801ef4ec47f9b9d6d368582fc648588a9d96d8e37949a947ae
2020-01-22,51.9947395324707,EWJ,8715c42e95742f801ef4ec47f9b9d6d368582fc648588a9d96d8e37949a947ae
2020-01-23,52.05569839477539,EWJ,8715c42e95742f801ef4ec47f9b9d6d368582fc648588a9d96d8e37949a947ae
2020-01-24,51.8553466796875,EWJ,8715c42e95742f801ef4ec47f9b9d6d368582fc648588a9d96d8e37949a947ae
2020-01-27,50.92329788208008,EWJ,8715c42e95742f801ef4ec47f9b9d6d368582fc648588a9d96d8e37949a947ae
2020-01-28,51.376258850097656,EWJ,8715c42e95742f801ef4ec47f9b9d6d368582fc648588a9d96d8e37949a947ae
2020-01-29,51.210758209228516,EWJ,8715c42e95742f801ef4ec47f9b9d6d368582fc648588a9d96d8e37949a947ae
2020-01-30,51.14107131958008,EWJ,8715c42e95742f801ef4ec47f9b9d6d368582fc648588a9d96d8e37949a947ae
2020-01-31,50.30483627319336,EWJ,8715c42e95742f801ef4ec47f9b9d6d368582fc648588a9d96d8e37949a947ae
2020-02-03,50.688114166259766,EWJ,8715c42e95742f801ef4ec47f9b9d6d368582fc648588a9d96d8e37949a947ae
2020-02-04,51.45465850830078,EWJ,8715c42e95742f801ef4ec47f9b9d6d368582fc648588a9d96d8e37949a947ae
2020-02-05,51.91633224487305,EWJ,8715c42e95742f801ef4ec47f9b9d6d368582fc648588a9d96d8e37949a947ae
2020-02-06,52.30831527709961,EWJ,8715c42e95742f801ef4ec47f9b9d6d368582fc648588a9d96d8e37949a947ae
2020-02-07,51.80309295654297,EWJ,8715c42e95742f801ef4ec47f9b9d6d368582fc648588a9d96d8e37949a947ae
2020-02-10,51.74211502075195,EWJ,8715c42e95742f801ef4ec47f9b9d6d368582fc648588a9d96d8e37949a947ae
2020-02-11,52.00344467163086,EWJ,8715c42e95742f801ef4ec47f9b9d6d368582fc648588a9d96d8e37949a947ae
2020-02-12,51.75082778930664,EWJ,8715c42e95742f801ef4ec47f9b9d6d368582fc648588a9d96d8e37949a947ae
2020-02-13,51.2978630065918,EWJ,8715c42e95742f801ef4ec47f9b9d6d368582fc648588a9d96d8e37949a947ae
2020-02-14,50.91459655761719,EWJ,8715c42e95742f801ef4ec47f9b9d6d368582fc648588a9d96d8e37949a947ae
2020-02-18,50.15675735473633,EWJ,8715c42e95742f801ef4ec47f9b9d6d368582fc648588a9d96d8e37949a947ae
2020-02-19,50.069644927978516,EWJ,8715c42e95742f801ef4ec47f9b9d6d368582fc648588a9d96d8e37949a947ae
2020-02-20,49.747344970703125,EWJ,8715c42e95742f801ef4ec47f9b9d6d368582fc648588a9d96d8e37949a947ae
2020-02-21,49.329227447509766,EWJ,8715c42e95742f801ef4ec47f9b9d6d368582fc648588a9d96d8e37949a947ae
2020-02-24,47.66546630859375,EWJ,8715c42e95742f801ef4ec47f9b9d6d368582fc648588a9d96d8e37949a947ae
2020-02-25,47.58707046508789,EWJ,8715c42e95742f801ef4ec47f9b9d6d368582fc648588a9d96d8e37949a947ae
2020-02-26,47.82225799560547,EWJ,8715c42e95742f801ef4ec47f9b9d6d368582fc648588a9d96d8e37949a947ae
2020-02-27,46.184627532958984,EWJ,8715c42e95742f801ef4ec47f9b9d6d368582fc648588a9d96d8e37949a947ae
2020-02-28,46.132362365722656,EWJ,8715c42e95742f801ef4ec47f9b9d6d368582fc648588a9d96d8e37949a947ae
2020-03-02,46.71599197387695,EWJ,8715c42e95742f801ef4ec47f9b9d6d368582fc648588a9d96d8e37949a947ae
2020-03-03,46.114933013916016,EWJ,8715c42e95742f801ef4ec47f9b9d6d368582fc648588a9d96d8e37949a947ae
2020-03-04,47.11668395996094,EWJ,8715c42e95742f801ef4ec47f9b9d6d368582fc648588a9d96d8e37949a947ae
2020-03-05,46.263031005859375,EWJ,8715c42e95742f801ef4ec47f9b9d6d368582fc648588a9d96d8e37949a947ae
2020-03-06,45.81877517700195,EWJ,8715c42e95742f801ef4ec47f9b9d6d368582fc648588a9d96d8e37949a947ae
2020-03-09,43.48427963256836,EWJ,8715c42e95742f801ef4ec47f9b9d6d368582fc648588a9d96d8e37949a947ae
2020-03-10,44.78219985961914,EWJ,8715c42e95742f801ef4ec47f9b9d6d368582fc648588a9d96d8e37949a947ae
2020-03-11,43.266510009765625,EWJ,8715c42e95742f801ef4ec47f9b9d6d368582fc648588a9d96d8e37949a947ae
2020-03-12,39.02436065673828,EWJ,8715c42e95742f801ef4ec47f9b9d6d368582fc648588a9d96d8e37949a947ae
2020-03-13,40.304847717285156,EWJ,8715c42e95742f801ef4ec47f9b9d6d368582fc648588a9d96d8e37949a947ae
2020-03-16,37.64805221557617,EWJ,8715c42e95742f801ef4ec47f9b9d6d368582fc648588a9d96d8e37949a947ae
2020-03-17,39.494747161865234,EWJ,8715c42e95742f801ef4ec47f9b9d6d368582fc648588a9d96d8e37949a947ae
2020-03-18,38.65850067138672,EWJ,8715c42e95742f801ef4ec47f9b9d6d368582fc648588a9d96d8e37949a947ae
2020-03-19,39.198577880859375,EWJ,8715c42e95742f801ef4ec47f9b9d6d368582fc648588a9d96d8e37949a947ae
2020-03-20,39.29438781738281,EWJ,8715c42e95742f801ef4ec47f9b9d6d368582fc648588a9d96d8e37949a947ae
2020-03-23,38.88498306274414,EWJ,8715c42e95742f801ef4ec47f9b9d6d368582fc648588a9d96d8e37949a947ae
2020-03-24,41.58533477783203,EWJ,8715c42e95742f801ef4ec47f9b9d6d368582fc648588a9d96d8e37949a947ae
2020-03-25,42.36929702758789,EWJ,8715c42e95742f801ef4ec47f9b9d6d368582fc648588a9d96d8e37949a947ae
2020-03-26,43.76303482055664,EWJ,8715c42e95742f801ef4ec47f9b9d6d368582fc648588a9d96d8e37949a947ae
2020-03-27,43.71076202392578,EWJ,8715c42e95742f801ef4ec47f9b9d6d368582fc648588a9d96d8e37949a947ae
2020-03-30,44.24212646484375,EWJ,8715c42e95742f801ef4ec47f9b9d6d368582fc648588a9d96d8e37949a947ae
2020-03-31,43.02261734008789,EWJ,8715c42e95742f801ef4ec47f9b9d6d368582fc648588a9d96d8e37949a947ae
2020-04-01,40.975582122802734,EWJ,8715c42e95742f801ef4ec47f9b9d6d368582fc648588a9d96d8e37949a947ae
2020-04-02,41.49822235107422,EWJ,8715c42e95742f801ef4ec47f9b9d6d368582fc648588a9d96d8e37949a947ae
2020-04-03,40.56616973876953,EWJ,8715c42e95742f801ef4ec47f9b9d6d368582fc648588a9d96d8e37949a947ae
2020-04-06,42.96162796020508,EWJ,8715c42e95742f801ef4ec47f9b9d6d368582fc648588a9d96d8e37949a947ae
2020-04-07,43.423309326171875,EWJ,8715c42e95742f801ef4ec47f9b9d6d368582fc648588a9d96d8e37949a947ae
2020-04-08,43.31877899169922,EWJ,8715c42e95742f801ef4ec47f9b9d6d368582fc648588a9d96d8e37949a947ae
2020-04-09,43.88498306274414,EWJ,8715c42e95742f801ef4ec47f9b9d6d368582fc648588a9d96d8e37949a947ae
2020-04-13,43.702056884765625,EWJ,8715c42e95742f801ef4ec47f9b9d6d368582fc648588a9d96d8e37949a947ae
2020-04-14,44.503448486328125,EWJ,8715c42e95742f801ef4ec47f9b9d6d368582fc648588a9d96d8e37949a947ae
2020-04-15,44.059200286865234,EWJ,8715c42e95742f801ef4ec47f9b9d6d368582fc648588a9d96d8e37949a947ae
2020-04-16,43.68463134765625,EWJ,8715c42e95742f801ef4ec47f9b9d6d368582fc648588a9d96d8e37949a947ae
2020-04-17,44.268245697021484,EWJ,8715c42e95742f801ef4ec47f9b9d6d368582fc648588a9d96d8e37949a947ae
2020-04-20,43.58882141113281,EWJ,8715c42e95742f801ef4ec47f9b9d6d368582fc648588a9d96d8e37949a947ae
2020-04-21,43.17940902709961,EWJ,8715c42e95742f801ef4ec47f9b9d6d368582fc648588a9d96d8e37949a947ae
2020-04-22,43.928531646728516,EWJ,8715c42e95742f801ef4ec47f9b9d6d368582fc648588a9d96d8e37949a947ae
2020-04-23,43.9895133972168,EWJ,8715c42e95742f801ef4ec47f9b9d6d368582fc648588a9d96d8e37949a947ae
2020-04-24,44.3292350769043,EWJ,8715c42e95742f801ef4ec47f9b9d6d368582fc648588a9d96d8e37949a947ae
2020-04-27,44.938987731933594,EWJ,8715c42e95742f801ef4ec47f9b9d6d368582fc648588a9d96d8e37949a947ae
2020-04-28,45.5922966003418,EWJ,8715c42e95742f801ef4ec47f9b9d6d368582fc648588a9d96d8e37949a947ae
2020-04-29,46.39369583129883,EWJ,8715c42e95742f801ef4ec47f9b9d6d368582fc648588a9d96d8e37949a947ae
2020-04-30,45.08707046508789,EWJ,8715c42e95742f801ef4ec47f9b9d6d368582fc648588a9d96d8e37949a947ae
2020-05-01,44.29438781738281,EWJ,8715c42e95742f801ef4ec47f9b9d6d368582fc648588a9d96d8e37949a947ae
2020-05-04,44.076622009277344,EWJ,8715c42e95742f801ef4ec47f9b9d6d368582fc648588a9d96d8e37949a947ae
2020-05-05,44.503448486328125,EWJ,8715c42e95742f801ef4ec47f9b9d6d368582fc648588a9d96d8e37949a947ae
2020-05-06,44.16372299194336,EWJ,8715c42e95742f801ef4ec47f9b9d6d368582fc648588a9d96d8e37949a947ae
2020-05-07,44.825748443603516,EWJ,8715c42e95742f801ef4ec47f9b9d6d368582fc648588a9d96d8e37949a947ae
2020-05-08,45.5922966003418,EWJ,8715c42e95742f801ef4ec47f9b9d6d368582fc648588a9d96d8e37949a947ae
2020-05-11,46.027835845947266,EWJ,8715c42e95742f801ef4ec47f9b9d6d368582fc648588a9d96d8e37949a947ae
2020-05-12,45.42679214477539,EWJ,8715c42e95742f801ef4ec47f9b9d6d368582fc648588a9d96d8e37949a947ae
2020-05-13,45.644561767578125,EWJ,8715c42e95742f801ef4ec47f9b9d6d368582fc648588a9d96d8e37949a947ae
2020-05-14,44.96511459350586,EWJ,8715c42e95742f801ef4ec47f9b9d6d368582fc648588a9d96d8e37949a947ae
2020-05-15,45.04351043701172,EWJ,8715c42e95742f801ef4ec47f9b9d6d368582fc648588a9d96d8e37949a947ae
2020-05-18,46.167213439941406,EWJ,8715c42e95742f801ef4ec47f9b9d6d368582fc648588a9d96d8e37949a947ae
2020-05-19,45.62714385986328,EWJ,8715c42e95742f801ef4ec47f9b9d6d368582fc648588a9d96d8e37949a947ae
2020-05-20,46.31528854370117,EWJ,8715c42e95742f801ef4ec47f9b9d6d368582fc648588a9d96d8e37949a947ae
2020-05-21,45.81877517700195,EWJ,8715c42e95742f801ef4ec47f9b9d6d368582fc648588a9d96d8e37949a947ae
2020-05-22,45.87974548339844,EWJ,8715c42e95742f801ef4ec47f9b9d6d368582fc648588a9d96d8e37949a947ae
2020-05-26,47.4389762878418,EWJ,8715c42e95742f801ef4ec47f9b9d6d368582fc648588a9d96d8e37949a947ae
2020-05-27,48.048744201660156,EWJ,8715c42e95742f801ef4ec47f9b9d6d368582fc648588a9d96d8e37949a947ae
2020-05-28,48.6759147644043,EWJ,8715c42e95742f801ef4ec47f9b9d6d368582fc648588a9d96d8e37949a947ae
2020-05-29,48.266510009765625,EWJ,8715c42e95742f801ef4ec47f9b9d6d368582fc648588a9d96d8e37949a947ae
2020-06-01,48.99821472167969,EWJ,8715c42e95742f801ef4ec47f9b9d6d368582fc648588a9d96d8e37949a947ae
2020-06-02,49.21598434448242,EWJ,8715c42e95742f801ef4ec47f9b9d6d368582fc648588a9d96d8e37949a947ae
2020-06-03,49.55570602416992,EWJ,8715c42e95742f801ef4ec47f9b9d6d368582fc648588a9d96d8e37949a947ae
2020-06-04,48.99821472167969,EWJ,8715c42e95742f801ef4ec47f9b9d6d368582fc648588a9d96d8e37949a947ae
2020-06-05,49.703792572021484,EWJ,8715c42e95742f801ef4ec47f9b9d6d368582fc648588a9d96d8e37949a947ae
2020-06-08,50.43550109863281,EWJ,8715c42e95742f801ef4ec47f9b9d6d368582fc648588a9d96d8e37949a947ae
2020-06-09,50.17417526245117,EWJ,8715c42e95742f801ef4ec47f9b9d6d368582fc648588a9d96d8e37949a947ae
2020-06-10,50.14804458618164,EWJ,8715c42e95742f801ef4ec47f9b9d6d368582fc648588a9d96d8e37949a947ae
2020-06-11,48.040035247802734,EWJ,8715c42e95742f801ef4ec47f9b9d6d368582fc648588a9d96d8e37949a947ae
2020-06-12,48.90238952636719,EWJ,8715c42e95742f801ef4ec47f9b9d6d368582fc648588a9d96d8e37949a947ae
2020-06-15,48.36857604980469,EWJ,8715c42e95742f801ef4ec47f9b9d6d368582fc648588a9d96d8e37949a947ae
2020-06-16,49.29924774169922,EWJ,8715c42e95742f801ef4ec47f9b9d6d368582fc648588a9d96d8e37949a947ae
2020-06-17,49.51874923706055,EWJ,8715c42e95742f801ef4ec47f9b9d6d368582fc648588a9d96d8e37949a947ae
2020-06-18,49.43095016479492,EWJ,8715c42e95742f801ef4ec47f9b9d6d368582fc648588a9d96d8e37949a947ae
2020-06-19,49.193885803222656,EWJ,8715c42e95742f801ef4ec47f9b9d6d368582fc648588a9d96d8e37949a947ae
2020-06-22,49.52752685546875,EWJ,8715c42e95742f801ef4ec47f9b9d6d368582fc648588a9d96d8e37949a947ae
2020-06-23,49.65922546386719,EWJ,8715c42e95742f801ef4ec47f9b9d6d368582fc648588a9d96d8e37949a947ae
2020-06-24,48.623191833496094,EWJ,8715c42e95742f801ef4ec47f9b9d6d368582fc648588a9d96d8e37949a947ae
2020-06-25,49.176326751708984,EWJ,8715c42e95742f801ef4ec47f9b9d6d368582fc648588a9d96d8e37949a947ae
2020-06-26,48.70221710205078,EWJ,8715c42e95742f801ef4ec47f9b9d6d368582fc648588a9d96d8e37949a947ae
2020-06-29,48.71099090576172,EWJ,8715c42e95742f801ef4ec47f9b9d6d368582fc648588a9d96d8e37949a947ae
2020-06-30,48.219322204589844,EWJ,8715c42e95742f801ef4ec47f9b9d6d368582fc648588a9d96d8e37949a947ae
2020-07-01,48.12274932861328,EWJ,8715c42e95742f801ef4ec47f9b9d6d368582fc648588a9d96d8e37949a947ae
2020-07-02,48.438819885253906,EWJ,8715c42e95742f801ef4ec47f9b9d6d368582fc648588a9d96d8e37949a947ae
2020-07-06,49.062198638916016,EWJ,8715c42e95742f801ef4ec47f9b9d6d368582fc648588a9d96d8e37949a947ae
2020-07-07,48.623191833496094,EWJ,8715c42e95742f801ef4ec47f9b9d6d368582fc648588a9d96d8e37949a947ae
2020-07-08,48.58807373046875,EWJ,8715c42e95742f801ef4ec47f9b9d6d368582fc648588a9d96d8e37949a947ae
2020-07-09,48.35102081298828,EWJ,8715c42e95742f801ef4ec47f9b9d6d368582fc648588a9d96d8e37949a947ae
2020-07-10,48.98316955566406,EWJ,8715c42e95742f801ef4ec47f9b9d6d368582fc648588a9d96d8e37949a947ae
2020-07-13,48.728553771972656,EWJ,8715c42e95742f801ef4ec47f9b9d6d368582fc648588a9d96d8e37949a947ae
2020-07-14,49.1148796081543,EWJ,8715c42e95742f801ef4ec47f9b9d6d368582fc648588a9d96d8e37949a947ae
2020-07-15,49.738250732421875,EWJ,8715c42e95742f801ef4ec47f9b9d6d368582fc648588a9d96d8e37949a947ae
2020-07-16,49.22901153564453,EWJ,8715c42e95742f801ef4ec47f9b9d6d368582fc648588a9d96d8e37949a947ae
2020-07-17,49.30802536010742,EWJ,8715c42e95742f801ef4ec47f9b9d6d368582fc648588a9d96d8e37949a947ae
2020-07-20,49.3431510925293,EWJ,8715c42e95742f801ef4ec47f9b9d6d368582fc648588a9d96d8e37949a947ae
2020-07-21,49.36948776245117,EWJ,8715c42e95742f801ef4ec47f9b9d6d368582fc648588a9d96d8e37949a947ae
2020-07-22,49.23779296875,EWJ,8715c42e95742f801ef4ec47f9b9d6d368582fc648588a9d96d8e37949a947ae
2020-07-23,49.07097244262695,EWJ,8715c42e95742f801ef4ec47f9b9d6d368582fc648588a9d96d8e37949a947ae
2020-07-24,49.01829147338867,EWJ,8715c42e95742f801ef4ec47f9b9d6d368582fc648588a9d96d8e37949a947ae
2020-07-27,49.992855072021484,EWJ,8715c42e95742f801ef4ec47f9b9d6d368582fc648588a9d96d8e37949a947ae
2020-07-28,49.68556594848633,EWJ,8715c42e95742f801ef4ec47f9b9d6d368582fc648588a9d96d8e37949a947ae
2020-07-29,49.711910247802734,EWJ,8715c42e95742f801ef4ec47f9b9d6d368582fc648588a9d96d8e37949a947ae
2020-07-30,48.965614318847656,EWJ,8715c42e95742f801ef4ec47f9b9d6d368582fc648588a9d96d8e37949a947ae
2020-07-31,47.70130157470703,EWJ,8715c42e95742f801ef4ec47f9b9d6d368582fc648588a9d96d8e37949a947ae
2020-08-03,48.67587661743164,EWJ,8715c42e95742f801ef4ec47f9b9d6d368582fc648588a9d96d8e37949a947ae
2020-08-04,49.22023391723633,EWJ,8715c42e95742f801ef4ec47f9b9d6d368582fc648588a9d96d8e37949a947ae
2020-08-05,49.18511199951172,EWJ,8715c42e95742f801ef4ec47f9b9d6d368582fc648588a9d96d8e37949a947ae
2020-08-06,49.149993896484375,EWJ,8715c42e95742f801ef4ec47f9b9d6d368582fc648588a9d96d8e37949a947ae
2020-08-07,49.16755676269531,EWJ,8715c42e95742f801ef4ec47f9b9d6d368582fc648588a9d96d8e37949a947ae
2020-08-10,49.40460968017578,EWJ,8715c42e95742f801ef4ec47f9b9d6d368582fc648588a9d96d8e37949a947ae
2020-08-11,49.80848693847656,EWJ,8715c42e95742f801ef4ec47f9b9d6d368582fc648588a9d96d8e37949a947ae
2020-08-12,50.8620719909668,EWJ,8715c42e95742f801ef4ec47f9b9d6d368582fc648588a9d96d8e37949a947ae
2020-08-13,50.80061721801758,EWJ,8715c42e95742f801ef4ec47f9b9d6d368582fc648588a9d96d8e37949a947ae
2020-08-14,50.79182815551758,EWJ,8715c42e95742f801ef4ec47f9b9d6d368582fc648588a9d96d8e37949a947ae
2020-08-17,51.0025520324707,EWJ,8715c42e95742f801ef4ec47f9b9d6d368582fc648588a9d96d8e37949a947ae
2020-08-18,51.17814636230469,EWJ,8715c42e95742f801ef4ec47f9b9d6d368582fc648588a9d96d8e37949a947ae
2020-08-19,50.905975341796875,EWJ,8715c42e95742f801ef4ec47f9b9d6d368582fc648588a9d96d8e37949a947ae
2020-08-20,50.72159957885742,EWJ,8715c42e95742f801ef4ec47f9b9d6d368582fc648588a9d96d8e37949a947ae
2020-08-21,50.581119537353516,EWJ,8715c42e95742f801ef4ec47f9b9d6d368582fc648588a9d96d8e37949a947ae
2020-08-24,51.14303970336914,EWJ,8715c42e95742f801ef4ec47f9b9d6d368582fc648588a9d96d8e37949a947ae
2020-08-25,51.07278823852539,EWJ,8715c42e95742f801ef4ec47f9b9d6d368582fc648588a9d96d8e37949a947ae
2020-08-26,51.21327209472656,EWJ,8715c42e95742f801ef4ec47f9b9d6d368582fc648588a9d96d8e37949a947ae
2020-08-27,50.739158630371094,EWJ,8715c42e95742f801ef4ec47f9b9d6d368582fc648588a9d96d8e37949a947ae
2020-08-28,51.01133346557617,EWJ,8715c42e95742f801ef4ec47f9b9d6d368582fc648588a9d96d8e37949a947ae
2020-08-31,50.94110107421875,EWJ,8715c42e95742f801ef4ec47f9b9d6d368582fc648588a9d96d8e37949a947ae
2020-09-01,51.08156967163086,EWJ,8715c42e95742f801ef4ec47f9b9d6d368582fc648588a9d96d8e37949a947ae
2020-09-02,51.59081268310547,EWJ,8715c42e95742f801ef4ec47f9b9d6d368582fc648588a9d96d8e37949a947ae
2020-09-03,50.686485290527344,EWJ,8715c42e95742f801ef4ec47f9b9d6d368582fc648588a9d96d8e37949a947ae
2020-09-04,50.967430114746094,EWJ,8715c42e95742f801ef4ec47f9b9d6d368582fc648588a9d96d8e37949a947ae
2020-09-08,50.545997619628906,EWJ,8715c42e95742f801ef4ec47f9b9d6d368582fc648588a9d96d8e37949a947ae
2020-09-09,50.72159957885742,EWJ,8715c42e95742f801ef4ec47f9b9d6d368582fc648588a9d96d8e37949a947ae
2020-09-10,50.7479362487793,EWJ,8715c42e95742f801ef4ec47f9b9d6d368582fc648588a9d96d8e37949a947ae
2020-09-11,51.40643310546875,EWJ,8715c42e95742f801ef4ec47f9b9d6d368582fc648588a9d96d8e37949a947ae
2020-09-14,51.77518844604492,EWJ,8715c42e95742f801ef4ec47f9b9d6d368582fc648588a9d96d8e37949a947ae
2020-09-15,52.012245178222656,EWJ,8715c42e95742f801ef4ec47f9b9d6d368582fc648588a9d96d8e37949a947ae
2020-09-16,52.19662094116211,EWJ,8715c42e95742f801ef4ec47f9b9d6d368582fc648588a9d96d8e37949a947ae
2020-09-17,52.25808334350586,EWJ,8715c42e95742f801ef4ec47f9b9d6d368582fc648588a9d96d8e37949a947ae
2020-09-18,52.02980041503906,EWJ,8715c42e95742f801ef4ec47f9b9d6d368582fc648588a9d96d8e37949a947ae
2020-09-21,51.25717544555664,EWJ,8715c42e95742f801ef4ec47f9b9d6d368582fc648588a9d96d8e37949a947ae
2020-09-22,51.41521072387695,EWJ,8715c42e95742f801ef4ec47f9b9d6d368582fc648588a9d96d8e37949a947ae
2020-09-23,51.71372985839844,EWJ,8715c42e95742f801ef4ec47f9b9d6d368582fc648588a9d96d8e37949a947ae
2020-09-24,51.51178741455078,EWJ,8715c42e95742f801ef4ec47f9b9d6d368582fc648588a9d96d8e37949a947ae
2020-09-25,51.59081268310547,EWJ,8715c42e95742f801ef4ec47f9b9d6d368582fc648588a9d96d8e37949a947ae
2020-09-28,52.31076431274414,EWJ,8715c42e95742f801ef4ec47f9b9d6d368582fc648588a9d96d8e37949a947ae
2020-09-29,52.26685333251953,EWJ,8715c42e95742f801ef4ec47f9b9d6d368582fc648588a9d96d8e37949a947ae
2020-09-30,51.86298751831055,EWJ,8715c42e95742f801ef4ec47f9b9d6d368582fc648588a9d96d8e37949a947ae
2020-10-01,51.87177276611328,EWJ,8715c42e95742f801ef4ec47f9b9d6d368582fc648588a9d96d8e37949a947ae
2020-10-02,51.617149353027344,EWJ,8715c42e95742f801ef4ec47f9b9d6d368582fc648588a9d96d8e37949a947ae
2020-10-05,52.0385856628418,EWJ,8715c42e95742f801ef4ec47f9b9d6d368582fc648588a9d96d8e37949a947ae
2020-10-06,51.92444610595703,EWJ,8715c42e95742f801ef4ec47f9b9d6d368582fc648588a9d96d8e37949a947ae
2020-10-07,52.19662094116211,EWJ,8715c42e95742f801ef4ec47f9b9d6d368582fc648588a9d96d8e37949a947ae
2020-10-08,52.21418380737305,EWJ,8715c42e95742f801ef4ec47f9b9d6d368582fc648588a9d96d8e37949a947ae
2020-10-09,52.20540237426758,EWJ,8715c42e95742f801ef4ec47f9b9d6d368582fc648588a9d96d8e37949a947ae
2020-10-12,52.345882415771484,EWJ,8715c42e95742f801ef4ec47f9b9d6d368582fc648588a9d96d8e37949a947ae
2020-10-13,52.17906951904297,EWJ,8715c42e95742f801ef4ec47f9b9d6d368582fc648588a9d96d8e37949a947ae
2020-10-14,52.25808334350586,EWJ,8715c42e95742f801ef4ec47f9b9d6d368582fc648588a9d96d8e37949a947ae
2020-10-15,51.81908416748047,EWJ,8715c42e95742f801ef4ec47f9b9d6d368582fc648588a9d96d8e37949a947ae
2020-10-16,51.71372985839844,EWJ,8715c42e95742f801ef4ec47f9b9d6d368582fc648588a9d96d8e37949a947ae
2020-10-19,51.77518844604492,EWJ,8715c42e95742f801ef4ec47f9b9d6d368582fc648588a9d96d8e37949a947ae
2020-10-20,51.78396224975586,EWJ,8715c42e95742f801ef4ec47f9b9d6d368582fc648588a9d96d8e37949a947ae
2020-10-21,52.18785095214844,EWJ,8715c42e95742f801ef4ec47f9b9d6d368582fc648588a9d96d8e37949a947ae
2020-10-22,52.0385856628418,EWJ,8715c42e95742f801ef4ec47f9b9d6d368582fc648588a9d96d8e37949a947ae
2020-10-23,52.06492614746094,EWJ,8715c42e95742f801ef4ec47f9b9d6d368582fc648588a9d96d8e37949a947ae
2020-10-26,51.56446838378906,EWJ,8715c42e95742f801ef4ec47f9b9d6d368582fc648588a9d96d8e37949a947ae
2020-10-27,51.748844146728516,EWJ,8715c42e95742f801ef4ec47f9b9d6d368582fc648588a9d96d8e37949a947ae
2020-10-28,51.04645919799805,EWJ,8715c42e95742f801ef4ec47f9b9d6d368582fc648588a9d96d8e37949a947ae
2020-10-29,51.432769775390625,EWJ,8715c42e95742f801ef4ec47f9b9d6d368582fc648588a9d96d8e37949a947ae
2020-10-30,51.13425064086914,EWJ,8715c42e95742f801ef4ec47f9b9d6d368582fc648588a9d96d8e37949a947ae
2020-11-02,51.669830322265625,EWJ,8715c42e95742f801ef4ec47f9b9d6d368582fc648588a9d96d8e37949a947ae
2020-11-03,52.758541107177734,EWJ,8715c42e95742f801ef4ec47f9b9d6d368582fc648588a9d96d8e37949a947ae
2020-11-04,52.67074203491211,EWJ,8715c42e95742f801ef4ec47f9b9d6d368582fc648588a9d96d8e37949a947ae
2020-11-05,53.97016906738281,EWJ,8715c42e95742f801ef4ec47f9b9d6d368582fc648588a9d96d8e37949a947ae
2020-11-06,54.014068603515625,EWJ,8715c42e95742f801ef4ec47f9b9d6d368582fc648588a9d96d8e37949a947ae
2020-11-09,55.603233337402344,EWJ,8715c42e95742f801ef4ec47f9b9d6d368582fc648588a9d96d8e37949a947ae
2020-11-10,55.392513275146484,EWJ,8715c42e95742f801ef4ec47f9b9d6d368582fc648588a9d96d8e37949a947ae
2020-11-11,55.72615051269531,EWJ,8715c42e95742f801ef4ec47f9b9d6d368582fc648588a9d96d8e37949a947ae
2020-11-12,54.865718841552734,EWJ,8715c42e95742f801ef4ec47f9b9d6d368582fc648588a9d96d8e37949a947ae
2020-11-13,55.647132873535156,EWJ,8715c42e95742f801ef4ec47f9b9d6d368582fc648588a9d96d8e37949a947ae
2020-11-16,56.43732833862305,EWJ,8715c42e95742f801ef4ec47f9b9d6d368582fc648588a9d96d8e37949a947ae
2020-11-17,56.21782684326172,EWJ,8715c42e95742f801ef4ec47f9b9d6d368582fc648588a9d96d8e37949a947ae
2020-11-18,55.84028625488281,EWJ,8715c42e95742f801ef4ec47f9b9d6d368582fc648588a9d96d8e37949a947ae
2020-11-19,56.20904541015625,EWJ,8715c42e95742f801ef4ec47f9b9d6d368582fc648588a9d96d8e37949a947ae
2020-11-20,56.8411979675293,EWJ,8715c42e95742f801ef4ec47f9b9d6d368582fc648588a9d96d8e37949a947ae
2020-11-23,56.87632369995117,EWJ,8715c42e95742f801ef4ec47f9b9d6d368582fc648588a9d96d8e37949a947ae
2020-11-24,57.73675537109375,EWJ,8715c42e95742f801ef4ec47f9b9d6d368582fc648588a9d96d8e37949a947ae
2020-11-25,57.324100494384766,EWJ,8715c42e95742f801ef4ec47f9b9d6d368582fc648588a9d96d8e37949a947ae
2020-11-27,58.149410247802734,EWJ,8715c42e95742f801ef4ec47f9b9d6d368582fc648588a9d96d8e37949a947ae
2020-11-30,56.533905029296875,EWJ,8715c42e95742f801ef4ec47f9b9d6d368582fc648588a9d96d8e37949a947ae
2020-12-01,57.69285583496094,EWJ,8715c42e95742f801ef4ec47f9b9d6d368582fc648588a9d96d8e37949a947ae
2020-12-02,57.596282958984375,EWJ,8715c42e95742f801ef4ec47f9b9d6d368582fc648588a9d96d8e37949a947ae
2020-12-03,57.73675537109375,EWJ,8715c42e95742f801ef4ec47f9b9d6d368582fc648588a9d96d8e37949a947ae
2020-12-04,58.00014877319336,EWJ,8715c42e95742f801ef4ec47f9b9d6d368582fc648588a9d96d8e37949a947ae
2020-12-07,57.148502349853516,EWJ,8715c42e95742f801ef4ec47f9b9d6d368582fc648588a9d96d8e37949a947ae
2020-12-08,57.28019332885742,EWJ,8715c42e95742f801ef4ec47f9b9d6d368582fc648588a9d96d8e37949a947ae
2020-12-09,57.6840705871582,EWJ,8715c42e95742f801ef4ec47f9b9d6d368582fc648588a9d96d8e37949a947ae
2020-12-10,57.78065490722656,EWJ,8715c42e95742f801ef4ec47f9b9d6d368582fc648588a9d96d8e37949a947ae
2020-12-11,57.90357208251953,EWJ,8715c42e95742f801ef4ec47f9b9d6d368582fc648588a9d96d8e37949a947ae
2020-12-14,58.09572982788086,EWJ,8715c42e95742f801ef4ec47f9b9d6d368582fc648588a9d96d8e37949a947ae
2020-12-15,58.51000213623047,EWJ,8715c42e95742f801ef4ec47f9b9d6d368582fc648588a9d96d8e37949a947ae
2020-12-16,58.501197814941406,EWJ,8715c42e95742f801ef4ec47f9b9d6d368582fc648588a9d96d8e37949a947ae
2020-12-17,58.844940185546875,EWJ,8715c42e95742f801ef4ec47f9b9d6d368582fc648588a9d96d8e37949a947ae
2020-12-18,58.67747116088867,EWJ,8715c42e95742f801ef4ec47f9b9d6d368582fc648588a9d96d8e37949a947ae
2020-12-21,58.042842864990234,EWJ,8715c42e95742f801ef4ec47f9b9d6d368582fc648588a9d96d8e37949a947ae
2020-12-22,58.01640319824219,EWJ,8715c42e95742f801ef4ec47f9b9d6d368582fc648588a9d96d8e37949a947ae
2020-12-23,58.22793960571289,EWJ,8715c42e95742f801ef4ec47f9b9d6d368582fc648588a9d96d8e37949a947ae
2020-12-24,58.01640319824219,EWJ,8715c42e95742f801ef4ec47f9b9d6d368582fc648588a9d96d8e37949a947ae
2020-12-28,58.60695266723633,EWJ,8715c42e95742f801ef4ec47f9b9d6d368582fc648588a9d96d8e37949a947ae
2020-12-29,59.33855056762695,EWJ,8715c42e95742f801ef4ec47f9b9d6d368582fc648588a9d96d8e37949a947ae
2020-12-30,59.36499786376953,EWJ,8715c42e95742f801ef4ec47f9b9d6d368582fc648588a9d96d8e37949a947ae
2020-12-31,59.55009841918945,EWJ,8715c42e95742f801ef4ec47f9b9d6d368582fc648588a9d96d8e37949a947ae
2021-01-04,58.844940185546875,EWJ,8715c42e95742f801ef4ec47f9b9d6d368582fc648588a9d96d8e37949a947ae
2021-01-05,59.391441345214844,EWJ,8715c42e95742f801ef4ec47f9b9d6d368582fc648588a9d96d8e37949a947ae
2021-01-06,60.09659957885742,EWJ,8715c42e95742f801ef4ec47f9b9d6d368582fc648588a9d96d8e37949a947ae
2021-01-07,59.97319030761719,EWJ,8715c42e95742f801ef4ec47f9b9d6d368582fc648588a9d96d8e37949a947ae
2021-01-08,61.074989318847656,EWJ,8715c42e95742f801ef4ec47f9b9d6d368582fc648588a9d96d8e37949a947ae
2021-01-11,60.502052307128906,EWJ,8715c42e95742f801ef4ec47f9b9d6d368582fc648588a9d96d8e37949a947ae
2021-01-12,60.81937789916992,EWJ,8715c42e95742f801ef4ec47f9b9d6d368582fc648588a9d96d8e37949a947ae
2021-01-13,60.995662689208984,EWJ,8715c42e95742f801ef4ec47f9b9d6d368582fc648588a9d96d8e37949a947ae
2021-01-14,61.63029479980469,EWJ,8715c42e95742f801ef4ec47f9b9d6d368582fc648588a9d96d8e37949a947ae
2021-01-15,60.57257843017578,EWJ,8715c42e95742f801ef4ec47f9b9d6d368582fc648588a9d96d8e37949a947ae
2021-01-19,60.925148010253906,EWJ,8715c42e95742f801ef4ec47f9b9d6d368582fc648588a9d96d8e37949a947ae
2021-01-20,61.23365020751953,EWJ,8715c42e95742f801ef4ec47f9b9d6d368582fc648588a9d96d8e37949a947ae
2021-01-21,60.995662689208984,EWJ,8715c42e95742f801ef4ec47f9b9d6d368582fc648588a9d96d8e37949a947ae
2021-01-22,61.030921936035156,EWJ,8715c42e95742f801ef4ec47f9b9d6d368582fc648588a9d96d8e37949a947ae
2021-01-25,61.2689094543457,EWJ,8715c42e95742f801ef4ec47f9b9d6d368582fc648588a9d96d8e37949a947ae
2021-01-26,61.2777214050293,EWJ,8715c42e95742f801ef4ec47f9b9d6d368582fc648588a9d96d8e37949a947ae
2021-01-27,59.937931060791016,EWJ,8715c42e95742f801ef4ec47f9b9d6d368582fc648588a9d96d8e37949a947ae
2021-01-28,60.325775146484375,EWJ,8715c42e95742f801ef4ec47f9b9d6d368582fc648588a9d96d8e37949a947ae
2021-01-29,59.04767608642578,EWJ,8715c42e95742f801ef4ec47f9b9d6d368582fc648588a9d96d8e37949a947ae
2021-02-01,59.66469192504883,EWJ,8715c42e95742f801ef4ec47f9b9d6d368582fc648588a9d96d8e37949a947ae
2021-02-02,60.140663146972656,EWJ,8715c42e95742f801ef4ec47f9b9d6d368582fc648588a9d96d8e37949a947ae
2021-02-03,60.493228912353516,EWJ,8715c42e95742f801ef4ec47f9b9d6d368582fc648588a9d96d8e37949a947ae
2021-02-04,60.56376647949219,EWJ,8715c42e95742f801ef4ec47f9b9d6d368582fc648588a9d96d8e37949a947ae
2021-02-05,61.03973388671875,EWJ,8715c42e95742f801ef4ec47f9b9d6d368582fc648588a9d96d8e37949a947ae
2021-02-08,62.13271713256836,EWJ,8715c42e95742f801ef4ec47f9b9d6d368582fc648588a9d96d8e37949a947ae
2021-02-09,62.46767044067383,EWJ,8715c42e95742f801ef4ec47f9b9d6d368582fc648588a9d96d8e37949a947ae
2021-02-10,62.35308074951172,EWJ,8715c42e95742f801ef4ec47f9b9d6d368582fc648588a9d96d8e37949a947ae
2021-02-11,62.67921829223633,EWJ,8715c42e95742f801ef4ec47f9b9d6d368582fc648588a9d96d8e37949a947ae
2021-02-12,63.067054748535156,EWJ,8715c42e95742f801ef4ec47f9b9d6d368582fc648588a9d96d8e37949a947ae
2021-02-16,63.34029006958008,EWJ,8715c42e95742f801ef4ec47f9b9d6d368582fc648588a9d96d8e37949a947ae
2021-02-17,63.25215530395508,EWJ,8715c42e95742f801ef4ec47f9b9d6d368582fc648588a9d96d8e37949a947ae
2021-02-18,62.49409866333008,EWJ,8715c42e95742f801ef4ec47f9b9d6d368582fc648588a9d96d8e37949a947ae
2021-02-19,62.8819465637207,EWJ,8715c42e95742f801ef4ec47f9b9d6d368582fc648588a9d96d8e37949a947ae
2021-02-22,62.732093811035156,EWJ,8715c42e95742f801ef4ec47f9b9d6d368582fc648588a9d96d8e37949a947ae
2021-02-23,62.59107971191406,EWJ,8715c42e95742f801ef4ec47f9b9d6d368582fc648588a9d96d8e37949a947ae
2021-02-24,62.071006774902344,EWJ,8715c42e95742f801ef4ec47f9b9d6d368582fc648588a9d96d8e37949a947ae
2021-02-25,61.00447082519531,EWJ,8715c42e95742f801ef4ec47f9b9d6d368582fc648588a9d96d8e37949a947ae
2021-02-26,60.13185501098633,EWJ,8715c42e95742f801ef4ec47f9b9d6d368582fc648588a9d96d8e37949a947ae
2021-03-01,61.12787628173828,EWJ,8715c42e95742f801ef4ec47f9b9d6d368582fc648588a9d96d8e37949a947ae
2021-03-02,60.52849578857422,EWJ,8715c42e95742f801ef4ec47f9b9d6d368582fc648588a9d96d8e37949a947ae
2021-03-03,60.167110443115234,EWJ,8715c42e95742f801ef4ec47f9b9d6d368582fc648588a9d96d8e37949a947ae
2021-03-04,59.594173431396484,EWJ,8715c42e95742f801ef4ec47f9b9d6d368582fc648588a9d96d8e37949a947ae
2021-03-05,60.0789680480957,EWJ,8715c42e95742f801ef4ec47f9b9d6d368582fc648588a9d96d8e37949a947ae
2021-03-08,59.40907287597656,EWJ,8715c42e95742f801ef4ec47f9b9d6d368582fc648588a9d96d8e37949a947ae
2021-03-09,60.06134033203125,EWJ,8715c42e95742f801ef4ec47f9b9d6d368582fc648588a9d96d8e37949a947ae
2021-03-10,60.272884368896484,EWJ,8715c42e95742f801ef4ec47f9b9d6d368582fc648588a9d96d8e37949a947ae
2021-03-11,59.97319030761719,EWJ,8715c42e95742f801ef4ec47f9b9d6d368582fc648588a9d96d8e37949a947ae
2021-03-12,60.7664909362793,EWJ,8715c42e95742f801ef4ec47f9b9d6d368582fc648588a9d96d8e37949a947ae
2021-03-15,61.092620849609375,EWJ,8715c42e95742f801ef4ec47f9b9d6d368582fc648588a9d96d8e37949a947ae
2021-03-16,61.29534912109375,EWJ,8715c42e95742f801ef4ec47f9b9d6d368582fc648588a9d96d8e37949a947ae
2021-03-17,61.69200134277344,EWJ,8715c42e95742f801ef4ec47f9b9d6d368582fc648588a9d96d8e37949a947ae
2021-03-18,61.85947036743164,EWJ,8715c42e95742f801ef4ec47f9b9d6d368582fc648588a9d96d8e37949a947ae
2021-03-19,62.30900955200195,EWJ,8715c42e95742f801ef4ec47f9b9d6d368582fc648588a9d96d8e37949a947ae
2021-03-22,61.89473342895508,EWJ,8715c42e95742f801ef4ec47f9b9d6d368582fc648588a9d96d8e37949a947ae
2021-03-23,60.96921157836914,EWJ,8715c42e95742f801ef4ec47f9b9d6d368582fc648588a9d96d8e37949a947ae
2021-03-24,60.29932403564453,EWJ,8715c42e95742f801ef4ec47f9b9d6d368582fc648588a9d96d8e37949a947ae
2021-03-25,60.986854553222656,EWJ,8715c42e95742f801ef4ec47f9b9d6d368582fc648588a9d96d8e37949a947ae
2021-03-26,61.79777526855469,EWJ,8715c42e95742f801ef4ec47f9b9d6d368582fc648588a9d96d8e37949a947ae
2021-03-29,61.42757034301758,EWJ,8715c42e95742f801ef4ec47f9b9d6d368582fc648588a9d96d8e37949a947ae
2021-03-30,60.97802734375,EWJ,8715c42e95742f801ef4ec47f9b9d6d368582fc648588a9d96d8e37949a947ae
2021-03-31,60.396278381347656,EWJ,8715c42e95742f801ef4ec47f9b9d6d368582fc648588a9d96d8e37949a947ae
2021-04-01,60.942771911621094,EWJ,8715c42e95742f801ef4ec47f9b9d6d368582fc648588a9d96d8e37949a947ae
2021-04-05,61.683189392089844,EWJ,8715c42e95742f801ef4ec47f9b9d6d368582fc648588a9d96d8e37949a947ae
2021-04-06,60.74885559082031,EWJ,8715c42e95742f801ef4ec47f9b9d6d368582fc648588a9d96d8e37949a947ae
2021-04-07,60.925148010253906,EWJ,8715c42e95742f801ef4ec47f9b9d6d368582fc648588a9d96d8e37949a947ae
2021-04-08,60.986854553222656,EWJ,8715c42e95742f801ef4ec47f9b9d6d368582fc648588a9d96d8e37949a947ae
2021-04-09,61.409934997558594,EWJ,8715c42e95742f801ef4ec47f9b9d6d368582fc648588a9d96d8e37949a947ae
2021-04-12,61.030921936035156,EWJ,8715c42e95742f801ef4ec47f9b9d6d368582fc648588a9d96d8e37949a947ae
2021-04-13,61.41875076293945,EWJ,8715c42e95742f801ef4ec47f9b9d6d368582fc648588a9d96d8e37949a947ae
2021-04-14,61.30418014526367,EWJ,8715c42e95742f801ef4ec47f9b9d6d368582fc648588a9d96d8e37949a947ae
2021-04-15,61.59504699707031,EWJ,8715c42e95742f801ef4ec47f9b9d6d368582fc648588a9d96d8e37949a947ae
2021-04-16,61.66556167602539,EWJ,8715c42e95742f801ef4ec47f9b9d6d368582fc648588a9d96d8e37949a947ae
2021-04-19,61.074989318847656,EWJ,8715c42e95742f801ef4ec47f9b9d6d368582fc648588a9d96d8e37949a947ae
2021-04-20,59.75282669067383,EWJ,8715c42e95742f801ef4ec47f9b9d6d368582fc648588a9d96d8e37949a947ae
2021-04-21,60.26406478881836,EWJ,8715c42e95742f801ef4ec47f9b9d6d368582fc648588a9d96d8e37949a947ae
2021-04-22,60.36984634399414,EWJ,8715c42e95742f801ef4ec47f9b9d6d368582fc648588a9d96d8e37949a947ae
2021-04-23,60.90751266479492,EWJ,8715c42e95742f801ef4ec47f9b9d6d368582fc648588a9d96d8e37949a947ae
2021-04-26,60.678340911865234,EWJ,8715c42e95742f801ef4ec47f9b9d6d368582fc648588a9d96d8e37949a947ae
2021-04-27,59.937931060791016,EWJ,8715c42e95742f801ef4ec47f9b9d6d368582fc648588a9d96d8e37949a947ae
2021-04-28,59.92031478881836,EWJ,8715c42e95742f801ef4ec47f9b9d6d368582fc648588a9d96d8e37949a947ae
2021-04-29,59.97319030761719,EWJ,8715c42e95742f801ef4ec47f9b9d6d368582fc648588a9d96d8e37949a947ae
2021-04-30,59.42670440673828,EWJ,8715c42e95742f801ef4ec47f9b9d6d368582fc648588a9d96d8e37949a947ae
2021-05-03,60.13185501098633,EWJ,8715c42e95742f801ef4ec47f9b9d6d368582fc648588a9d96d8e37949a947ae
2021-05-04,59.37381362915039,EWJ,8715c42e95742f801ef4ec47f9b9d6d368582fc648588a9d96d8e37949a947ae
2021-05-05,60.0877799987793,EWJ,8715c42e95742f801ef4ec47f9b9d6d368582fc648588a9d96d8e37949a947ae
2021-05-06,60.57257843017578,EWJ,8715c42e95742f801ef4ec47f9b9d6d368582fc648588a9d96d8e37949a947ae
2021-05-07,60.87226104736328,EWJ,8715c42e95742f801ef4ec47f9b9d6d368582fc648588a9d96d8e37949a947ae
2021-05-10,60.74885559082031,EWJ,8715c42e95742f801ef4ec47f9b9d6d368582fc648588a9d96d8e37949a947ae
2021-05-11,59.71757125854492,EWJ,8715c42e95742f801ef4ec47f9b9d6d368582fc648588a9d96d8e37949a947ae
2021-05-12,57.67263412475586,EWJ,8715c42e95742f801ef4ec47f9b9d6d368582fc648588a9d96d8e37949a947ae
2021-05-13,58.14860916137695,EWJ,8715c42e95742f801ef4ec47f9b9d6d368582fc648588a9d96d8e37949a947ae
2021-05-14,59.0653076171875,EWJ,8715c42e95742f801ef4ec47f9b9d6d368582fc648588a9d96d8e37949a947ae
2021-05-17,58.57169723510742,EWJ,8715c42e95742f801ef4ec47f9b9d6d368582fc648588a9d96d8e37949a947ae
2021-05-18,59.312103271484375,EWJ,8715c42e95742f801ef4ec47f9b9d6d368582fc648588a9d96d8e37949a947ae
2021-05-19,59.01241683959961,EWJ,8715c42e95742f801ef4ec47f9b9d6d368582fc648588a9d96d8e37949a947ae
2021-05-20,59.55009841918945,EWJ,8715c42e95742f801ef4ec47f9b9d6d368582fc648588a9d96d8e37949a947ae
2021-05-21,59.8762321472168,EWJ,8715c42e95742f801ef4ec47f9b9d6d368582fc648588a9d96d8e37949a947ae
2021-05-24,60.140663146972656,EWJ,8715c42e95742f801ef4ec47f9b9d6d368582fc648588a9d96d8e37949a947ae
2021-05-25,59.9996337890625,EWJ,8715c42e95742f801ef4ec47f9b9d6d368582fc648588a9d96d8e37949a947ae
2021-05-26,60.13185501098633,EWJ,8715c42e95742f801ef4ec47f9b9d6d368582fc648588a9d96d8e37949a947ae
2021-05-27,60.17592239379883,EWJ,8715c42e95742f801ef4ec47f9b9d6d368582fc648588a9d96d8e37949a947ae
2021-05-28,60.44917297363281,EWJ,8715c42e95742f801ef4ec47f9b9d6d368582fc648588a9d96d8e37949a947ae
2021-06-01,60.070159912109375,EWJ,8715c42e95742f801ef4ec47f9b9d6d368582fc648588a9d96d8e37949a947ae
2021-06-02,60.625457763671875,EWJ,8715c42e95742f801ef4ec47f9b9d6d368582fc648588a9d96d8e37949a947ae
2021-06-03,60.64309310913086,EWJ,8715c42e95742f801ef4ec47f9b9d6d368582fc648588a9d96d8e37949a947ae
2021-06-04,61.30418014526367,EWJ,8715c42e95742f801ef4ec47f9b9d6d368582fc648588a9d96d8e37949a947ae
2021-06-07,61.542152404785156,EWJ,8715c42e95742f801ef4ec47f9b9d6d368582fc648588a9d96d8e37949a947ae
2021-06-08,61.24247360229492,EWJ,8715c42e95742f801ef4ec47f9b9d6d368582fc648588a9d96d8e37949a947ae
2021-06-09,60.8105583190918,EWJ,8715c42e95742f801ef4ec47f9b9d6d368582fc648588a9d96d8e37949a947ae
2021-06-10,61.072505950927734,EWJ,8715c42e95742f801ef4ec47f9b9d6d368582fc648588a9d96d8e37949a947ae
2021-06-11,61.16128921508789,EWJ,8715c42e95742f801ef4ec47f9b9d6d368582fc648588a9d96d8e37949a947ae
2021-06-14,61.1435432434082,EWJ,8715c42e95742f801ef4ec47f9b9d6d368582fc648588a9d96d8e37949a947ae
2021-06-15,61.43656539916992,EWJ,8715c42e95742f801ef4ec47f9b9d6d368582fc648588a9d96d8e37949a947ae
2021-06-16,61.33889389038086,EWJ,8715c42e95742f801ef4ec47f9b9d6d368582fc648588a9d96d8e37949a947ae
2021-06-17,61.1080207824707,EWJ,8715c42e95742f801ef4ec47f9b9d6d368582fc648588a9d96d8e37949a947ae
2021-06-18,59.71395492553711,EWJ,8715c42e95742f801ef4ec47f9b9d6d368582fc648588a9d96d8e37949a947ae
2021-06-21,60.34440231323242,EWJ,8715c42e95742f801ef4ec47f9b9d6d368582fc648588a9d96d8e37949a947ae
2021-06-22,60.415428161621094,EWJ,8715c42e95742f801ef4ec47f9b9d6d368582fc648588a9d96d8e37949a947ae
2021-06-23,59.953697204589844,EWJ,8715c42e95742f801ef4ec47f9b9d6d368582fc648588a9d96d8e37949a947ae
2021-06-24,60.47758102416992,EWJ,8715c42e95742f801ef4ec47f9b9d6d368582fc648588a9d96d8e37949a947ae
2021-06-25,60.752845764160156,EWJ,8715c42e95742f801ef4ec47f9b9d6d368582fc648588a9d96d8e37949a947ae
2021-06-28,60.50422668457031,EWJ,8715c42e95742f801ef4ec47f9b9d6d368582fc648588a9d96d8e37949a947ae
2021-06-29,60.548622131347656,EWJ,8715c42e95742f801ef4ec47f9b9d6d368582fc648588a9d96d8e37949a947ae
2021-06-30,59.97146224975586,EWJ,8715c42e95742f801ef4ec47f9b9d6d368582fc648588a9d96d8e37949a947ae
2021-07-01,59.927066802978516,EWJ,8715c42e95742f801ef4ec47f9b9d6d368582fc648588a9d96d8e37949a947ae
2021-07-02,60.300010681152344,EWJ,8715c42e95742f801ef4ec47f9b9d6d368582fc648588a9d96d8e37949a947ae
2021-07-06,60.07801818847656,EWJ,8715c42e95742f801ef4ec47f9b9d6d368582fc648588a9d96d8e37949a947ae
2021-07-07,60.104652404785156,EWJ,8715c42e95742f801ef4ec47f9b9d6d368582fc648588a9d96d8e37949a947ae
2021-07-08,59.17230987548828,EWJ,8715c42e95742f801ef4ec47f9b9d6d368582fc648588a9d96d8e37949a947ae
2021-07-09,60.7617301940918,EWJ,8715c42e95742f801ef4ec47f9b9d6d368582fc648588a9d96d8e37949a947ae
2021-07-12,60.939300537109375,EWJ,8715c42e95742f801ef4ec47f9b9d6d368582fc648588a9d96d8e37949a947ae
2021-07-13,60.74396514892578,EWJ,8715c42e95742f801ef4ec47f9b9d6d368582fc648588a9d96d8e37949a947ae
2021-07-14,61.04586410522461,EWJ,8715c42e95742f801ef4ec47f9b9d6d368582fc648588a9d96d8e37949a947ae
2021-07-15,60.300010681152344,EWJ,8715c42e95742f801ef4ec47f9b9d6d368582fc648588a9d96d8e37949a947ae
2021-07-16,59.687320709228516,EWJ,8715c42e95742f801ef4ec47f9b9d6d368582fc648588a9d96d8e37949a947ae
2021-07-19,58.83489990234375,EWJ,8715c42e95742f801ef4ec47f9b9d6d368582fc648588a9d96d8e37949a947ae
2021-07-20,59.53636932373047,EWJ,8715c42e95742f801ef4ec47f9b9d6d368582fc648588a9d96d8e37949a947ae
2021-07-21,59.96257400512695,EWJ,8715c42e95742f801ef4ec47f9b9d6d368582fc648588a9d96d8e37949a947ae
2021-07-22,59.927066802978516,EWJ,8715c42e95742f801ef4ec47f9b9d6d368582fc648588a9d96d8e37949a947ae
2021-07-23,60.26448059082031,EWJ,8715c42e95742f801ef4ec47f9b9d6d368582fc648588a9d96d8e37949a947ae
2021-07-26,60.0513801574707,EWJ,8715c42e95742f801ef4ec47f9b9d6d368582fc648588a9d96d8e37949a947ae
2021-07-27,59.722835540771484,EWJ,8715c42e95742f801ef4ec47f9b9d6d368582fc648588a9d96d8e37949a947ae
2021-07-28,60.042484283447266,EWJ,8715c42e95742f801ef4ec47f9b9d6d368582fc648588a9d96d8e37949a947ae
2021-07-29,60.24671936035156,EWJ,8715c42e95742f801ef4ec47f9b9d6d368582fc648588a9d96d8e37949a947ae
2021-07-30,59.58964920043945,EWJ,8715c42e95742f801ef4ec47f9b9d6d368582fc648588a9d96d8e37949a947ae
2021-08-02,60.166805267333984,EWJ,8715c42e95742f801ef4ec47f9b9d6d368582fc648588a9d96d8e37949a947ae
2021-08-03,60.61077880859375,EWJ,8715c42e95742f801ef4ec47f9b9d6d368582fc648588a9d96d8e37949a947ae
2021-08-04,59.98921585083008,EWJ,8715c42e95742f801ef4ec47f9b9d6d368582fc648588a9d96d8e37949a947ae
2021-08-05,60.34440231323242,EWJ,8715c42e95742f801ef4ec47f9b9d6d368582fc648588a9d96d8e37949a947ae
2021-08-06,60.2200813293457,EWJ,8715c42e95742f801ef4ec47f9b9d6d368582fc648588a9d96d8e37949a947ae
2021-08-09,60.18456268310547,EWJ,8715c42e95742f801ef4ec47f9b9d6d368582fc648588a9d96d8e37949a947ae
2021-08-10,60.2200813293457,EWJ,8715c42e95742f801ef4ec47f9b9d6d368582fc648588a9d96d8e37949a947ae
2021-08-11,60.965965270996094,EWJ,8715c42e95742f801ef4ec47f9b9d6d368582fc648588a9d96d8e37949a947ae
2021-08-12,60.7617301940918,EWJ,8715c42e95742f801ef4ec47f9b9d6d368582fc648588a9d96d8e37949a947ae
2021-08-13,60.94818878173828,EWJ,8715c42e95742f801ef4ec47f9b9d6d368582fc648588a9d96d8e37949a947ae
2021-08-16,60.530860900878906,EWJ,8715c42e95742f801ef4ec47f9b9d6d368582fc648588a9d96d8e37949a947ae
2021-08-17,60.02473068237305,EWJ,8715c42e95742f801ef4ec47f9b9d6d368582fc648588a9d96d8e37949a947ae
2021-08-18,59.71395492553711,EWJ,8715c42e95742f801ef4ec47f9b9d6d368582fc648588a9d96d8e37949a947ae
2021-08-19,59.14568328857422,EWJ,8715c42e95742f801ef4ec47f9b9d6d368582fc648588a9d96d8e37949a947ae
2021-08-20,59.19007873535156,EWJ,8715c42e95742f801ef4ec47f9b9d6d368582fc648588a9d96d8e37949a947ae
2021-08-23,59.97146224975586,EWJ,8715c42e95742f801ef4ec47f9b9d6d368582fc648588a9d96d8e37949a947ae
2021-08-24,60.50422668457031,EWJ,8715c42e95742f801ef4ec47f9b9d6d368582fc648588a9d96d8e37949a947ae
2021-08-25,60.388790130615234,EWJ,8715c42e95742f801ef4ec47f9b9d6d368582fc648588a9d96d8e37949a947ae
2021-08-26,60.07801818847656,EWJ,8715c42e95742f801ef4ec47f9b9d6d368582fc648588a9d96d8e37949a947ae
2021-08-27,60.495338439941406,EWJ,8715c42e95742f801ef4ec47f9b9d6d368582fc648588a9d96d8e37949a947ae
2021-08-30,60.415428161621094,EWJ,8715c42e95742f801ef4ec47f9b9d6d368582fc648588a9d96d8e37949a947ae
2021-08-31,60.7350959777832,EWJ,8715c42e95742f801ef4ec47f9b9d6d368582fc648588a9d96d8e37949a947ae
2021-09-01,61.720699310302734,EWJ,8715c42e95742f801ef4ec47f9b9d6d368582fc648588a9d96d8e37949a947ae
2021-09-02,62.00484085083008,EWJ,8715c42e95742f801ef4ec47f9b9d6d368582fc648588a9d96d8e37949a947ae
2021-09-03,63.76295852661133,EWJ,8715c42e95742f801ef4ec47f9b9d6d368582fc648588a9d96d8e37949a947ae
2021-09-07,64.42891693115234,EWJ,8715c42e95742f801ef4ec47f9b9d6d368582fc648588a9d96d8e37949a947ae
2021-09-08,64.15364837646484,EWJ,8715c42e95742f801ef4ec47f9b9d6d368582fc648588a9d96d8e37949a947ae
2021-09-09,64.72193908691406,EWJ,8715c42e95742f801ef4ec47f9b9d6d368582fc648588a9d96d8e37949a947ae
2021-09-10,64.65090942382812,EWJ,8715c42e95742f801ef4ec47f9b9d6d368582fc648588a9d96d8e37949a947ae
2021-09-13,65.5388412475586,EWJ,8715c42e95742f801ef4ec47f9b9d6d368582fc648588a9d96d8e37949a947ae
2021-09-14,65.1747817993164,EWJ,8715c42e95742f801ef4ec47f9b9d6d368582fc648588a9d96d8e37949a947ae
2021-09-15,65.81410217285156,EWJ,8715c42e95742f801ef4ec47f9b9d6d368582fc648588a9d96d8e37949a947ae
2021-09-16,65.66314697265625,EWJ,8715c42e95742f801ef4ec47f9b9d6d368582fc648588a9d96d8e37949a947ae
2021-09-17,65.20142364501953,EWJ,8715c42e95742f801ef4ec47f9b9d6d368582fc648588a9d96d8e37949a947ae
2021-09-20,64.26021575927734,EWJ,8715c42e95742f801ef4ec47f9b9d6d368582fc648588a9d96d8e37949a947ae
2021-09-21,64.83735656738281,EWJ,8715c42e95742f801ef4ec47f9b9d6d368582fc648588a9d96d8e37949a947ae
2021-09-22,64.36675262451172,EWJ,8715c42e95742f801ef4ec47f9b9d6d368582fc648588a9d96d8e37949a947ae
2021-09-23,64.73969268798828,EWJ,8715c42e95742f801ef4ec47f9b9d6d368582fc648588a9d96d8e37949a947ae
2021-09-24,64.51771545410156,EWJ,8715c42e95742f801ef4ec47f9b9d6d368582fc648588a9d96d8e37949a947ae
2021-09-27,64.46443176269531,EWJ,8715c42e95742f801ef4ec47f9b9d6d368582fc648588a9d96d8e37949a947ae
2021-09-28,63.070369720458984,EWJ,8715c42e95742f801ef4ec47f9b9d6d368582fc648588a9d96d8e37949a947ae
2021-09-29,63.034847259521484,EWJ,8715c42e95742f801ef4ec47f9b9d6d368582fc648588a9d96d8e37949a947ae
2021-09-30,62.377777099609375,EWJ,8715c42e95742f801ef4ec47f9b9d6d368582fc648588a9d96d8e37949a947ae
2021-10-01,62.0936279296875,EWJ,8715c42e95742f801ef4ec47f9b9d6d368582fc648588a9d96d8e37949a947ae
2021-10-04,60.37102508544922,EWJ,8715c42e95742f801ef4ec47f9b9d6d368582fc648588a9d96d8e37949a947ae
2021-10-05,60.70844650268555,EWJ,8715c42e95742f801ef4ec47f9b9d6d368582fc648588a9d96d8e37949a947ae
2021-10-06,60.18456268310547,EWJ,8715c42e95742f801ef4ec47f9b9d6d368582fc648588a9d96d8e37949a947ae
2021-10-07,60.530860900878906,EWJ,8715c42e95742f801ef4ec47f9b9d6d368582fc648588a9d96d8e37949a947ae
2021-10-08,60.25559997558594,EWJ,8715c42e95742f801ef4ec47f9b9d6d368582fc648588a9d96d8e37949a947ae
2021-10-11,60.5219841003418,EWJ,8715c42e95742f801ef4ec47f9b9d6d368582fc648588a9d96d8e37949a947ae
2021-10-12,60.13129806518555,EWJ,8715c42e95742f801ef4ec47f9b9d6d368582fc648588a9d96d8e37949a947ae
2021-10-13,60.09577178955078,EWJ,8715c42e95742f801ef4ec47f9b9d6d368582fc648588a9d96d8e37949a947ae
2021-10-14,60.6640510559082,EWJ,8715c42e95742f801ef4ec47f9b9d6d368582fc648588a9d96d8e37949a947ae
2021-10-15,61.303375244140625,EWJ,8715c42e95742f801ef4ec47f9b9d6d368582fc648588a9d96d8e37949a947ae
2021-10-18,61.001461029052734,EWJ,8715c42e95742f801ef4ec47f9b9d6d368582fc648588a9d96d8e37949a947ae
2021-10-19,61.38328552246094,EWJ,8715c42e95742f801ef4ec47f9b9d6d368582fc648588a9d96d8e37949a947ae
2021-10-20,61.321128845214844,EWJ,8715c42e95742f801ef4ec47f9b9d6d368582fc648588a9d96d8e37949a947ae
2021-10-21,60.25559997558594,EWJ,8715c42e95742f801ef4ec47f9b9d6d368582fc648588a9d96d8e37949a947ae
2021-10-22,60.752845764160156,EWJ,8715c42e95742f801ef4ec47f9b9d6d368582fc648588a9d96d8e37949a947ae
2021-10-25,60.77947998046875,EWJ,8715c42e95742f801ef4ec47f9b9d6d368582fc648588a9d96d8e37949a947ae
2021-10-26,60.78836441040039,EWJ,8715c42e95742f801ef4ec47f9b9d6d368582fc648588a9d96d8e37949a947ae
2021-10-27,60.34440231323242,EWJ,8715c42e95742f801ef4ec47f9b9d6d368582fc648588a9d96d8e37949a947ae
2021-10-28,60.82387924194336,EWJ,8715c42e95742f801ef4ec47f9b9d6d368582fc648588a9d96d8e37949a947ae
2021-10-29,60.7350959777832,EWJ,8715c42e95742f801ef4ec47f9b9d6d368582fc648588a9d96d8e37949a947ae
2021-11-01,61.649662017822266,EWJ,8715c42e95742f801ef4ec47f9b9d6d368582fc648588a9d96d8e37949a947ae
2021-11-02,61.57862854003906,EWJ,8715c42e95742f801ef4ec47f9b9d6d368582fc648588a9d96d8e37949a947ae
2021-11-03,61.95156478881836,EWJ,8715c42e95742f801ef4ec47f9b9d6d368582fc648588a9d96d8e37949a947ae
2021-11-04,62.39552688598633,EWJ,8715c42e95742f801ef4ec47f9b9d6d368582fc648588a9d96d8e37949a947ae
2021-11-05,62.47545623779297,EWJ,8715c42e95742f801ef4ec47f9b9d6d368582fc648588a9d96d8e37949a947ae
2021-11-08,62.34226608276367,EWJ,8715c42e95742f801ef4ec47f9b9d6d368582fc648588a9d96d8e37949a947ae
2021-11-09,61.95156478881836,EWJ,8715c42e95742f801ef4ec47f9b9d6d368582fc648588a9d96d8e37949a947ae
2021-11-10,60.98371124267578,EWJ,8715c42e95742f801ef4ec47f9b9d6d368582fc648588a9d96d8e37949a947ae
2021-11-11,61.33889389038086,EWJ,8715c42e95742f801ef4ec47f9b9d6d368582fc648588a9d96d8e37949a947ae
2021-11-12,62.226837158203125,EWJ,8715c42e95742f801ef4ec47f9b9d6d368582fc648588a9d96d8e37949a947ae
2021-11-15,62.17354965209961,EWJ,8715c42e95742f801ef4ec47f9b9d6d368582fc648588a9d96d8e37949a947ae
2021-11-16,62.04924392700195,EWJ,8715c42e95742f801ef4ec47f9b9d6d368582fc648588a9d96d8e37949a947ae
2021-11-17,61.79173278808594,EWJ,8715c42e95742f801ef4ec47f9b9d6d368582fc648588a9d96d8e37949a947ae
2021-11-18,61.95156478881836,EWJ,8715c42e95742f801ef4ec47f9b9d6d368582fc648588a9d96d8e37949a947ae
2021-11-19,62.075870513916016,EWJ,8715c42e95742f801ef4ec47f9b9d6d368582fc648588a9d96d8e37949a947ae
2021-11-22,61.756229400634766,EWJ,8715c42e95742f801ef4ec47f9b9d6d368582fc648588a9d96d8e37949a947ae
2021-11-23,61.82725143432617,EWJ,8715c42e95742f801ef4ec47f9b9d6d368582fc648588a9d96d8e37949a947ae
2021-11-24,61.072505950927734,EWJ,8715c42e95742f801ef4ec47f9b9d6d368582fc648588a9d96d8e37949a947ae
2021-11-26,59.456451416015625,EWJ,8715c42e95742f801ef4ec47f9b9d6d368582fc648588a9d96d8e37949a947ae
2021-11-29,59.625160217285156,EWJ,8715c42e95742f801ef4ec47f9b9d6d368582fc648588a9d96d8e37949a947ae
2021-11-30,58.89705276489258,EWJ,8715c42e95742f801ef4ec47f9b9d6d368582fc648588a9d96d8e37949a947ae
2021-12-01,58.586273193359375,EWJ,8715c42e95742f801ef4ec47f9b9d6d368582fc648588a9d96d8e37949a947ae
2021-12-02,59.46533966064453,EWJ,8715c42e95742f801ef4ec47f9b9d6d368582fc648588a9d96d8e37949a947ae
2021-12-03,59.81163024902344,EWJ,8715c42e95742f801ef4ec47f9b9d6d368582fc648588a9d96d8e37949a947ae
2021-12-06,59.84714889526367,EWJ,8715c42e95742f801ef4ec47f9b9d6d368582fc648588a9d96d8e37949a947ae
2021-12-07,61.241214752197266,EWJ,8715c42e95742f801ef4ec47f9b9d6d368582fc648588a9d96d8e37949a947ae
2021-12-08,61.17017364501953,EWJ,8715c42e95742f801ef4ec47f9b9d6d368582fc648588a9d96d8e37949a947ae
2021-12-09,60.672935485839844,EWJ,8715c42e95742f801ef4ec47f9b9d6d368582fc648588a9d96d8e37949a947ae
2021-12-10,60.7617301940918,EWJ,8715c42e95742f801ef4ec47f9b9d6d368582fc648588a9d96d8e37949a947ae
2021-12-13,60.17517852783203,EWJ,8715c42e95742f801ef4ec47f9b9d6d368582fc648588a9d96d8e37949a947ae
2021-12-14,60.10320281982422,EWJ,8715c42e95742f801ef4ec47f9b9d6d368582fc648588a9d96d8e37949a947ae
2021-12-15,61.13776779174805,EWJ,8715c42e95742f801ef4ec47f9b9d6d368582fc648588a9d96d8e37949a947ae
2021-12-16,61.20973205566406,EWJ,8715c42e95742f801ef4ec47f9b9d6d368582fc648588a9d96d8e37949a947ae
2021-12-17,60.46305847167969,EWJ,8715c42e95742f801ef4ec47f9b9d6d368582fc648588a9d96d8e37949a947ae
2021-12-20,59.95027160644531,EWJ,8715c42e95742f801ef4ec47f9b9d6d368582fc648588a9d96d8e37949a947ae
2021-12-21,60.301116943359375,EWJ,8715c42e95742f801ef4ec47f9b9d6d368582fc648588a9d96d8e37949a947ae
2021-12-22,60.40008544921875,EWJ,8715c42e95742f801ef4ec47f9b9d6d368582fc648588a9d96d8e37949a947ae
2021-12-23,60.63397979736328,EWJ,8715c42e95742f801ef4ec47f9b9d6d368582fc648588a9d96d8e37949a947ae
2021-12-27,60.58000183105469,EWJ,8715c42e95742f801ef4ec47f9b9d6d368582fc648588a9d96d8e37949a947ae
2021-12-28,60.6519775390625,EWJ,8715c42e95742f801ef4ec47f9b9d6d368582fc648588a9d96d8e37949a947ae
2021-12-29,60.36409378051758,EWJ,8715c42e95742f801ef4ec47f9b9d6d368582fc648588a9d96d8e37949a947ae
2021-12-30,60.19317626953125,EWJ,8715c42e95742f801ef4ec47f9b9d6d368582fc648588a9d96d8e37949a947ae
2021-12-31,60.23815155029297,EWJ,8715c42e95742f801ef4ec47f9b9d6d368582fc648588a9d96d8e37949a947ae
2022-01-03,60.301116943359375,EWJ,8715c42e95742f801ef4ec47f9b9d6d368582fc648588a9d96d8e37949a947ae
2022-01-04,61.09279251098633,EWJ,8715c42e95742f801ef4ec47f9b9d6d368582fc648588a9d96d8e37949a947ae
2022-01-05,60.813899993896484,EWJ,8715c42e95742f801ef4ec47f9b9d6d368582fc648588a9d96d8e37949a947ae
2022-01-06,60.36409378051758,EWJ,8715c42e95742f801ef4ec47f9b9d6d368582fc648588a9d96d8e37949a947ae
2022-01-07,59.977264404296875,EWJ,8715c42e95742f801ef4ec47f9b9d6d368582fc648588a9d96d8e37949a947ae
2022-01-10,59.83332443237305,EWJ,8715c42e95742f801ef4ec47f9b9d6d368582fc648588a9d96d8e37949a947ae
2022-01-11,60.301116943359375,EWJ,8715c42e95742f801ef4ec47f9b9d6d368582fc648588a9d96d8e37949a947ae
2022-01-12,61.16474533081055,EWJ,8715c42e95742f801ef4ec47f9b9d6d368582fc648588a9d96d8e37949a947ae
2022-01-13,60.55300521850586,EWJ,8715c42e95742f801ef4ec47f9b9d6d368582fc648588a9d96d8e37949a947ae
2022-01-14,60.48105239868164,EWJ,8715c42e95742f801ef4ec47f9b9d6d368582fc648588a9d96d8e37949a947ae
2022-01-18,59.52745056152344,EWJ,8715c42e95742f801ef4ec47f9b9d6d368582fc648588a9d96d8e37949a947ae
2022-01-19,58.789772033691406,EWJ,8715c42e95742f801ef4ec47f9b9d6d368582fc648588a9d96d8e37949a947ae
2022-01-20,58.52888107299805,EWJ,8715c42e95742f801ef4ec47f9b9d6d368582fc648588a9d96d8e37949a947ae
2022-01-21,58.30398178100586,EWJ,8715c42e95742f801ef4ec47f9b9d6d368582fc648588a9d96d8e37949a947ae
2022-01-24,58.05208969116211,EWJ,8715c42e95742f801ef4ec47f9b9d6d368582fc648588a9d96d8e37949a947ae
2022-01-25,57.845176696777344,EWJ,8715c42e95742f801ef4ec47f9b9d6d368582fc648588a9d96d8e37949a947ae
2022-01-26,57.044517517089844,EWJ,8715c42e95742f801ef4ec47f9b9d6d368582fc648588a9d96d8e37949a947ae
2022-01-27,56.23486328125,EWJ,8715c42e95742f801ef4ec47f9b9d6d368582fc648588a9d96d8e37949a947ae
2022-01-28,56.450775146484375,EWJ,8715c42e95742f801ef4ec47f9b9d6d368582fc648588a9d96d8e37949a947ae
2022-01-31,57.64726638793945,EWJ,8715c42e95742f801ef4ec47f9b9d6d368582fc648588a9d96d8e37949a947ae
2022-02-01,57.66524887084961,EWJ,8715c42e95742f801ef4ec47f9b9d6d368582fc648588a9d96d8e37949a947ae
2022-02-02,58.546878814697266,EWJ,8715c42e95742f801ef4ec47f9b9d6d368582fc648588a9d96d8e37949a947ae
2022-02-03,57.32339859008789,EWJ,8715c42e95742f801ef4ec47f9b9d6d368582fc648588a9d96d8e37949a947ae
2022-02-04,57.7732048034668,EWJ,8715c42e95742f801ef4ec47f9b9d6d368582fc648588a9d96d8e37949a947ae
2022-02-07,57.80919647216797,EWJ,8715c42e95742f801ef4ec47f9b9d6d368582fc648588a9d96d8e37949a947ae
2022-02-08,58.14204788208008,EWJ,8715c42e95742f801ef4ec47f9b9d6d368582fc648588a9d96d8e37949a947ae
2022-02-09,58.94269943237305,EWJ,8715c42e95742f801ef4ec47f9b9d6d368582fc648588a9d96d8e37949a947ae
2022-02-10,58.007110595703125,EWJ,8715c42e95742f801ef4ec47f9b9d6d368582fc648588a9d96d8e37949a947ae
2022-02-11,57.539306640625,EWJ,8715c42e95742f801ef4ec47f9b9d6d368582fc648588a9d96d8e37949a947ae
2022-02-14,57.539306640625,EWJ,8715c42e95742f801ef4ec47f9b9d6d368582fc648588a9d96d8e37949a947ae
2022-02-15,58.17803192138672,EWJ,8715c42e95742f801ef4ec47f9b9d6d368582fc648588a9d96d8e37949a947ae
2022-02-16,58.18702697753906,EWJ,8715c42e95742f801ef4ec47f9b9d6d368582fc648588a9d96d8e37949a947ae
2022-02-17,57.332401275634766,EWJ,8715c42e95742f801ef4ec47f9b9d6d368582fc648588a9d96d8e37949a947ae
2022-02-18,57.242435455322266,EWJ,8715c42e95742f801ef4ec47f9b9d6d368582fc648588a9d96d8e37949a947ae
2022-02-22,56.783634185791016,EWJ,8715c42e95742f801ef4ec47f9b9d6d368582fc648588a9d96d8e37949a947ae
2022-02-23,56.198883056640625,EWJ,8715c42e95742f801ef4ec47f9b9d6d368582fc648588a9d96d8e37949a947ae
2022-02-24,55.875022888183594,EWJ,8715c42e95742f801ef4ec47f9b9d6d368582fc648588a9d96d8e37949a947ae
2022-02-25,57.17047119140625,EWJ,8715c42e95742f801ef4ec47f9b9d6d368582fc648588a9d96d8e37949a947ae
2022-02-28,56.621700286865234,EWJ,8715c42e95742f801ef4ec47f9b9d6d368582fc648588a9d96d8e37949a947ae
2022-03-01,55.84803771972656,EWJ,8715c42e95742f801ef4ec47f9b9d6d368582fc648588a9d96d8e37949a947ae
2022-03-02,56.03695297241211,EWJ,8715c42e95742f801ef4ec47f9b9d6d368582fc648588a9d96d8e37949a947ae
2022-03-03,55.7580680847168,EWJ,8715c42e95742f801ef4ec47f9b9d6d368582fc648588a9d96d8e37949a947ae
2022-03-04,55.03838348388672,EWJ,8715c42e95742f801ef4ec47f9b9d6d368582fc648588a9d96d8e37949a947ae
2022-03-07,53.104209899902344,EWJ,8715c42e95742f801ef4ec47f9b9d6d368582fc648588a9d96d8e37949a947ae
2022-03-08,52.33953857421875,EWJ,8715c42e95742f801ef4ec47f9b9d6d368582fc648588a9d96d8e37949a947ae
2022-03-09,53.75193405151367,EWJ,8715c42e95742f801ef4ec47f9b9d6d368582fc648588a9d96d8e37949a947ae
2022-03-10,53.52703094482422,EWJ,8715c42e95742f801ef4ec47f9b9d6d368582fc648588a9d96d8e37949a947ae
2022-03-11,52.66340255737305,EWJ,8715c42e95742f801ef4ec47f9b9d6d368582fc648588a9d96d8e37949a947ae
2022-03-14,52.73536682128906,EWJ,8715c42e95742f801ef4ec47f9b9d6d368582fc648588a9d96d8e37949a947ae
2022-03-15,53.59900665283203,EWJ,8715c42e95742f801ef4ec47f9b9d6d368582fc648588a9d96d8e37949a947ae
2022-03-16,54.79548263549805,EWJ,8715c42e95742f801ef4ec47f9b9d6d368582fc648588a9d96d8e37949a947ae
2022-03-17,55.308265686035156,EWJ,8715c42e95742f801ef4ec47f9b9d6d368582fc648588a9d96d8e37949a947ae
2022-03-18,56.01896286010742,EWJ,8715c42e95742f801ef4ec47f9b9d6d368582fc648588a9d96d8e37949a947ae
2022-03-21,56.00096893310547,EWJ,8715c42e95742f801ef4ec47f9b9d6d368582fc648588a9d96d8e37949a947ae
2022-03-22,56.17189025878906,EWJ,8715c42e95742f801ef4ec47f9b9d6d368582fc648588a9d96d8e37949a947ae
2022-03-23,55.83903884887695,EWJ,8715c42e95742f801ef4ec47f9b9d6d368582fc648588a9d96d8e37949a947ae
2022-03-24,56.450775146484375,EWJ,8715c42e95742f801ef4ec47f9b9d6d368582fc648588a9d96d8e37949a947ae
2022-03-25,56.4417724609375,EWJ,8715c42e95742f801ef4ec47f9b9d6d368582fc648588a9d96d8e37949a947ae
2022-03-28,55.59614181518555,EWJ,8715c42e95742f801ef4ec47f9b9d6d368582fc648588a9d96d8e37949a947ae
2022-03-29,56.69367218017578,EWJ,8715c42e95742f801ef4ec47f9b9d6d368582fc648588a9d96d8e37949a947ae
2022-03-30,56.09992599487305,EWJ,8715c42e95742f801ef4ec47f9b9d6d368582fc648588a9d96d8e37949a947ae
2022-03-31,55.42522048950195,EWJ,8715c42e95742f801ef4ec47f9b9d6d368582fc648588a9d96d8e37949a947ae
2022-04-01,55.713096618652344,EWJ,8715c42e95742f801ef4ec47f9b9d6d368582fc648588a9d96d8e37949a947ae
2022-04-04,56.16290283203125,EWJ,8715c42e95742f801ef4ec47f9b9d6d368582fc648588a9d96d8e37949a947ae
2022-04-05,54.69652557373047,EWJ,8715c42e95742f801ef4ec47f9b9d6d368582fc648588a9d96d8e37949a947ae
2022-04-06,53.87787628173828,EWJ,8715c42e95742f801ef4ec47f9b9d6d368582fc648588a9d96d8e37949a947ae
2022-04-07,53.68895721435547,EWJ,8715c42e95742f801ef4ec47f9b9d6d368582fc648588a9d96d8e37949a947ae
2022-04-08,53.46405792236328,EWJ,8715c42e95742f801ef4ec47f9b9d6d368582fc648588a9d96d8e37949a947ae
2022-04-11,52.627418518066406,EWJ,8715c42e95742f801ef4ec47f9b9d6d368582fc648588a9d96d8e37949a947ae
2022-04-12,51.93471145629883,EWJ,8715c42e95742f801ef4ec47f9b9d6d368582fc648588a9d96d8e37949a947ae
2022-04-13,52.681396484375,EWJ,8715c42e95742f801ef4ec47f9b9d6d368582fc648588a9d96d8e37949a947ae
2022-04-14,52.53745651245117,EWJ,8715c42e95742f801ef4ec47f9b9d6d368582fc648588a9d96d8e37949a947ae
2022-04-18,51.90772247314453,EWJ,8715c42e95742f801ef4ec47f9b9d6d368582fc648588a9d96d8e37949a947ae
2022-04-19,51.91671371459961,EWJ,8715c42e95742f801ef4ec47f9b9d6d368582fc648588a9d96d8e37949a947ae
2022-04-20,52.40251159667969,EWJ,8715c42e95742f801ef4ec47f9b9d6d368582fc648588a9d96d8e37949a947ae
2022-04-21,51.970699310302734,EWJ,8715c42e95742f801ef4ec47f9b9d6d368582fc648588a9d96d8e37949a947ae
2022-04-22,51.1970329284668,EWJ,8715c42e95742f801ef4ec47f9b9d6d368582fc648588a9d96d8e37949a947ae
2022-04-25,51.511898040771484,EWJ,8715c42e95742f801ef4ec47f9b9d6d368582fc648588a9d96d8e37949a947ae
2022-04-26,50.423362731933594,EWJ,8715c42e95742f801ef4ec47f9b9d6d368582fc648588a9d96d8e37949a947ae
2022-04-27,50.621273040771484,EWJ,8715c42e95742f801ef4ec47f9b9d6d368582fc648588a9d96d8e37949a947ae
2022-04-28,51.547874450683594,EWJ,8715c42e95742f801ef4ec47f9b9d6d368582fc648588a9d96d8e37949a947ae
2022-04-29,50.93614196777344,EWJ,8715c42e95742f801ef4ec47f9b9d6d368582fc648588a9d96d8e37949a947ae
2022-05-02,50.918148040771484,EWJ,8715c42e95742f801ef4ec47f9b9d6d368582fc648588a9d96d8e37949a947ae
2022-05-03,51.32297897338867,EWJ,8715c42e95742f801ef4ec47f9b9d6d368582fc648588a9d96d8e37949a947ae
2022-05-04,52.23158645629883,EWJ,8715c42e95742f801ef4ec47f9b9d6d368582fc648588a9d96d8e37949a947ae
2022-05-05,50.80119705200195,EWJ,8715c42e95742f801ef4ec47f9b9d6d368582fc648588a9d96d8e37949a947ae
2022-05-06,50.999107360839844,EWJ,8715c42e95742f801ef4ec47f9b9d6d368582fc648588a9d96d8e37949a947ae
2022-05-09,49.559730529785156,EWJ,8715c42e95742f801ef4ec47f9b9d6d368582fc648588a9d96d8e37949a947ae
2022-05-10,49.63169860839844,EWJ,8715c42e95742f801ef4ec47f9b9d6d368582fc648588a9d96d8e37949a947ae
2022-05-11,49.09192657470703,EWJ,8715c42e95742f801ef4ec47f9b9d6d368582fc648588a9d96d8e37949a947ae
2022-05-12,49.64069366455078,EWJ,8715c42e95742f801ef4ec47f9b9d6d368582fc648588a9d96d8e37949a947ae
2022-05-13,50.666255950927734,EWJ,8715c42e95742f801ef4ec47f9b9d6d368582fc648588a9d96d8e37949a947ae
2022-05-16,50.39636993408203,EWJ,8715c42e95742f801ef4ec47f9b9d6d368582fc648588a9d96d8e37949a947ae
2022-05-17,50.76521301269531,EWJ,8715c42e95742f801ef4ec47f9b9d6d368582fc648588a9d96d8e37949a947ae
2022-05-18,50.27942657470703,EWJ,8715c42e95742f801ef4ec47f9b9d6d368582fc648588a9d96d8e37949a947ae
2022-05-19,50.71123504638672,EWJ,8715c42e95742f801ef4ec47f9b9d6d368582fc648588a9d96d8e37949a947ae
2022-05-20,51.35895538330078,EWJ,8715c42e95742f801ef4ec47f9b9d6d368582fc648588a9d96d8e37949a947ae
2022-05-23,51.85374069213867,EWJ,8715c42e95742f801ef4ec47f9b9d6d368582fc648588a9d96d8e37949a947ae
2022-05-24,51.65583038330078,EWJ,8715c42e95742f801ef4ec47f9b9d6d368582fc648588a9d96d8e37949a947ae
2022-05-25,51.763790130615234,EWJ,8715c42e95742f801ef4ec47f9b9d6d368582fc648588a9d96d8e37949a947ae
2022-05-26,52.16862106323242,EWJ,8715c42e95742f801ef4ec47f9b9d6d368582fc648588a9d96d8e37949a947ae
2022-05-27,52.48347854614258,EWJ,8715c42e95742f801ef4ec47f9b9d6d368582fc648588a9d96d8e37949a947ae
2022-05-31,51.81776428222656,EWJ,8715c42e95742f801ef4ec47f9b9d6d368582fc648588a9d96d8e37949a947ae
2022-06-01,51.84475326538086,EWJ,8715c42e95742f801ef4ec47f9b9d6d368582fc648588a9d96d8e37949a947ae
2022-06-02,52.375526428222656,EWJ,8715c42e95742f801ef4ec47f9b9d6d368582fc648588a9d96d8e37949a947ae
2022-06-03,51.2869873046875,EWJ,8715c42e95742f801ef4ec47f9b9d6d368582fc648588a9d96d8e37949a947ae
2022-06-06,51.56586456298828,EWJ,8715c42e95742f801ef4ec47f9b9d6d368582fc648588a9d96d8e37949a947ae
2022-06-07,51.72780227661133,EWJ,8715c42e95742f801ef4ec47f9b9d6d368582fc648588a9d96d8e37949a947ae
2022-06-08,51.05309295654297,EWJ,8715c42e95742f801ef4ec47f9b9d6d368582fc648588a9d96d8e37949a947ae
2022-06-09,50.686119079589844,EWJ,8715c42e95742f801ef4ec47f9b9d6d368582fc648588a9d96d8e37949a947ae
2022-06-10,49.768680572509766,EWJ,8715c42e95742f801ef4ec47f9b9d6d368582fc648588a9d96d8e37949a947ae
2022-06-13,48.37889862060547,EWJ,8715c42e95742f801ef4ec47f9b9d6d368582fc648588a9d96d8e37949a947ae
2022-06-14,48.0518913269043,EWJ,8715c42e95742f801ef4ec47f9b9d6d368582fc648588a9d96d8e37949a947ae
2022-06-15,48.58781814575195,EWJ,8715c42e95742f801ef4ec47f9b9d6d368582fc648588a9d96d8e37949a947ae
2022-06-16,47.81571578979492,EWJ,8715c42e95742f801ef4ec47f9b9d6d368582fc648588a9d96d8e37949a947ae
2022-06-17,47.288875579833984,EWJ,8715c42e95742f801ef4ec47f9b9d6d368582fc648588a9d96d8e37949a947ae
2022-06-21,47.779388427734375,EWJ,8715c42e95742f801ef4ec47f9b9d6d368582fc648588a9d96d8e37949a947ae
2022-06-22,47.543209075927734,EWJ,8715c42e95742f801ef4ec47f9b9d6d368582fc648588a9d96d8e37949a947ae
2022-06-23,47.83388137817383,EWJ,8715c42e95742f801ef4ec47f9b9d6d368582fc648588a9d96d8e37949a947ae
2022-06-24,48.7785758972168,EWJ,8715c42e95742f801ef4ec47f9b9d6d368582fc648588a9d96d8e37949a947ae
2022-06-27,48.35165023803711,EWJ,8715c42e95742f801ef4ec47f9b9d6d368582fc648588a9d96d8e37949a947ae
2022-06-28,48.27898025512695,EWJ,8715c42e95742f801ef4ec47f9b9d6d368582fc648588a9d96d8e37949a947ae
2022-06-29,48.060977935791016,EWJ,8715c42e95742f801ef4ec47f9b9d6d368582fc648588a9d96d8e37949a947ae
2022-06-30,47.988311767578125,EWJ,8715c42e95742f801ef4ec47f9b9d6d368582fc648588a9d96d8e37949a947ae
2022-07-01,48.188140869140625,EWJ,8715c42e95742f801ef4ec47f9b9d6d368582fc648588a9d96d8e37949a947ae
2022-07-05,47.87930679321289,EWJ,8715c42e95742f801ef4ec47f9b9d6d368582fc648588a9d96d8e37949a947ae
2022-07-06,47.8702278137207,EWJ,8715c42e95742f801ef4ec47f9b9d6d368582fc648588a9d96d8e37949a947ae
2022-07-07,48.55148696899414,EWJ,8715c42e95742f801ef4ec47f9b9d6d368582fc648588a9d96d8e37949a947ae
2022-07-08,48.79673767089844,EWJ,8715c42e95742f801ef4ec47f9b9d6d368582fc648588a9d96d8e37949a947ae
2022-07-11,48.133644104003906,EWJ,8715c42e95742f801ef4ec47f9b9d6d368582fc648588a9d96d8e37949a947ae
2022-07-12,48.15180587768555,EWJ,8715c42e95742f801ef4ec47f9b9d6d368582fc648588a9d96d8e37949a947ae
2022-07-13,47.89747619628906,EWJ,8715c42e95742f801ef4ec47f9b9d6d368582fc648588a9d96d8e37949a947ae
2022-07-14,47.42512512207031,EWJ,8715c42e95742f801ef4ec47f9b9d6d368582fc648588a9d96d8e37949a947ae
2022-07-15,47.92471694946289,EWJ,8715c42e95742f801ef4ec47f9b9d6d368582fc648588a9d96d8e37949a947ae
2022-07-18,48.01555633544922,EWJ,8715c42e95742f801ef4ec47f9b9d6d368582fc648588a9d96d8e37949a947ae
2022-07-19,48.70590591430664,EWJ,8715c42e95742f801ef4ec47f9b9d6d368582fc648588a9d96d8e37949a947ae
2022-07-20,48.91482925415039,EWJ,8715c42e95742f801ef4ec47f9b9d6d368582fc648588a9d96d8e37949a947ae
2022-07-21,49.53250503540039,EWJ,8715c42e95742f801ef4ec47f9b9d6d368582fc648588a9d96d8e37949a947ae
2022-07-22,49.68693542480469,EWJ,8715c42e95742f801ef4ec47f9b9d6d368582fc648588a9d96d8e37949a947ae
2022-07-25,49.67784118652344,EWJ,8715c42e95742f801ef4ec47f9b9d6d368582fc648588a9d96d8e37949a947ae
2022-07-26,49.13283157348633,EWJ,8715c42e95742f801ef4ec47f9b9d6d368582fc648588a9d96d8e37949a947ae
2022-07-27,50.12294006347656,EWJ,8715c42e95742f801ef4ec47f9b9d6d368582fc648588a9d96d8e37949a947ae
2022-07-28,50.53169631958008,EWJ,8715c42e95742f801ef4ec47f9b9d6d368582fc648588a9d96d8e37949a947ae
2022-07-29,51.00403594970703,EWJ,8715c42e95742f801ef4ec47f9b9d6d368582fc648588a9d96d8e37949a947ae
2022-08-01,51.65805435180664,EWJ,8715c42e95742f801ef4ec47f9b9d6d368582fc648588a9d96d8e37949a947ae
2022-08-02,50.67702865600586,EWJ,8715c42e95742f801ef4ec47f9b9d6d368582fc648588a9d96d8e37949a947ae
2022-08-03,50.56803512573242,EWJ,8715c42e95742f801ef4ec47f9b9d6d368582fc648588a9d96d8e37949a947ae
2022-08-04,50.54986572265625,EWJ,8715c42e95742f801ef4ec47f9b9d6d368582fc648588a9d96d8e37949a947ae
2022-08-05,50.241024017333984,EWJ,8715c42e95742f801ef4ec47f9b9d6d368582fc648588a9d96d8e37949a947ae
2022-08-08,50.22285842895508,EWJ,8715c42e95742f801ef4ec47f9b9d6d368582fc648588a9d96d8e37949a947ae
2022-08-09,49.723262786865234,EWJ,8715c42e95742f801ef4ec47f9b9d6d368582fc648588a9d96d8e37949a947ae
2022-08-10,51.14938735961914,EWJ,8715c42e95742f801ef4ec47f9b9d6d368582fc648588a9d96d8e37949a947ae
2022-08-11,51.1312141418457,EWJ,8715c42e95742f801ef4ec47f9b9d6d368582fc648588a9d96d8e37949a947ae
2022-08-12,51.80339050292969,EWJ,8715c42e95742f801ef4ec47f9b9d6d368582fc648588a9d96d8e37949a947ae
2022-08-15,52.01231384277344,EWJ,8715c42e95742f801ef4ec47f9b9d6d368582fc648588a9d96d8e37949a947ae
2022-08-16,51.767059326171875,EWJ,8715c42e95742f801ef4ec47f9b9d6d368582fc648588a9d96d8e37949a947ae
2022-08-17,51.603546142578125,EWJ,8715c42e95742f801ef4ec47f9b9d6d368582fc648588a9d96d8e37949a947ae
2022-08-18,51.42188262939453,EWJ,8715c42e95742f801ef4ec47f9b9d6d368582fc648588a9d96d8e37949a947ae
2022-08-19,50.53169631958008,EWJ,8715c42e95742f801ef4ec47f9b9d6d368582fc648588a9d96d8e37949a947ae
2022-08-22,50.01393508911133,EWJ,8715c42e95742f801ef4ec47f9b9d6d368582fc648588a9d96d8e37949a947ae
2022-08-23,50.13201904296875,EWJ,8715c42e95742f801ef4ec47f9b9d6d368582fc648588a9d96d8e37949a947ae
2022-08-24,50.11384963989258,EWJ,8715c42e95742f801ef4ec47f9b9d6d368582fc648588a9d96d8e37949a947ae
2022-08-25,50.686119079589844,EWJ,8715c42e95742f801ef4ec47f9b9d6d368582fc648588a9d96d8e37949a947ae
2022-08-26,49.45075607299805,EWJ,8715c42e95742f801ef4ec47f9b9d6d368582fc648588a9d96d8e37949a947ae
2022-08-29,48.9511604309082,EWJ,8715c42e95742f801ef4ec47f9b9d6d368582fc648588a9d96d8e37949a947ae
2022-08-30,48.89665985107422,EWJ,8715c42e95742f801ef4ec47f9b9d6d368582fc648588a9d96d8e37949a947ae
2022-08-31,48.67865753173828,EWJ,8715c42e95742f801ef4ec47f9b9d6d368582fc648588a9d96d8e37949a947ae
2022-09-01,48.097312927246094,EWJ,8715c42e95742f801ef4ec47f9b9d6d368582fc648588a9d96d8e37949a947ae
2022-09-02,47.57046890258789,EWJ,8715c42e95742f801ef4ec47f9b9d6d368582fc648588a9d96d8e37949a947ae
2022-09-06,46.82561492919922,EWJ,8715c42e95742f801ef4ec47f9b9d6d368582fc648588a9d96d8e37949a947ae
2022-09-07,46.75294494628906,EWJ,8715c42e95742f801ef4ec47f9b9d6d368582fc648588a9d96d8e37949a947ae
2022-09-08,47.316131591796875,EWJ,8715c42e95742f801ef4ec47f9b9d6d368582fc648588a9d96d8e37949a947ae
2022-09-09,48.20630645751953,EWJ,8715c42e95742f801ef4ec47f9b9d6d368582fc648588a9d96d8e37949a947ae
2022-09-12,48.22447967529297,EWJ,8715c42e95742f801ef4ec47f9b9d6d368582fc648588a9d96d8e37949a947ae
2022-09-13,46.63486099243164,EWJ,8715c42e95742f801ef4ec47f9b9d6d368582fc648588a9d96d8e37949a947ae
2022-09-14,47.30704116821289,EWJ,8715c42e95742f801ef4ec47f9b9d6d368582fc648588a9d96d8e37949a947ae
2022-09-15,46.93461608886719,EWJ,8715c42e95742f801ef4ec47f9b9d6d368582fc648588a9d96d8e37949a947ae
2022-09-16,46.898284912109375,EWJ,8715c42e95742f801ef4ec47f9b9d6d368582fc648588a9d96d8e37949a947ae
2022-09-19,47.05270004272461,EWJ,8715c42e95742f801ef4ec47f9b9d6d368582fc648588a9d96d8e37949a947ae
2022-09-20,46.56218719482422,EWJ,8715c42e95742f801ef4ec47f9b9d6d368582fc648588a9d96d8e37949a947ae
2022-09-21,46.02626037597656,EWJ,8715c42e95742f801ef4ec47f9b9d6d368582fc648588a9d96d8e37949a947ae
2022-09-22,46.38960266113281,EWJ,8715c42e95742f801ef4ec47f9b9d6d368582fc648588a9d96d8e37949a947ae
2022-09-23,45.45400619506836,EWJ,8715c42e95742f801ef4ec47f9b9d6d368582fc648588a9d96d8e37949a947ae
2022-09-26,44.71823501586914,EWJ,8715c42e95742f801ef4ec47f9b9d6d368582fc648588a9d96d8e37949a947ae
2022-09-27,44.3458137512207,EWJ,8715c42e95742f801ef4ec47f9b9d6d368582fc648588a9d96d8e37949a947ae
2022-09-28,45.18149948120117,EWJ,8715c42e95742f801ef4ec47f9b9d6d368582fc648588a9d96d8e37949a947ae
2022-09-29,44.7454833984375,EWJ,8715c42e95742f801ef4ec47f9b9d6d368582fc648588a9d96d8e37949a947ae
2022-09-30,44.37306213378906,EWJ,8715c42e95742f801ef4ec47f9b9d6d368582fc648588a9d96d8e37949a947ae
2022-10-03,45.17240905761719,EWJ,8715c42e95742f801ef4ec47f9b9d6d368582fc648588a9d96d8e37949a947ae
2022-10-04,46.616695404052734,EWJ,8715c42e95742f801ef4ec47f9b9d6d368582fc648588a9d96d8e37949a947ae
2022-10-05,46.126182556152344,EWJ,8715c42e95742f801ef4ec47f9b9d6d368582fc648588a9d96d8e37949a947ae
2022-10-06,45.708335876464844,EWJ,8715c42e95742f801ef4ec47f9b9d6d368582fc648588a9d96d8e37949a947ae
2022-10-07,45.24507522583008,EWJ,8715c42e95742f801ef4ec47f9b9d6d368582fc648588a9d96d8e37949a947ae
2022-10-10,45.063411712646484,EWJ,8715c42e95742f801ef4ec47f9b9d6d368582fc648588a9d96d8e37949a947ae
2022-10-11,44.60014724731445,EWJ,8715c42e95742f801ef4ec47f9b9d6d368582fc648588a9d96d8e37949a947ae
2022-10-12,44.27315139770508,EWJ,8715c42e95742f801ef4ec47f9b9d6d368582fc648588a9d96d8e37949a947ae
2022-10-13,44.663734436035156,EWJ,8715c42e95742f801ef4ec47f9b9d6d368582fc648588a9d96d8e37949a947ae
2022-10-14,44.018802642822266,EWJ,8715c42e95742f801ef4ec47f9b9d6d368582fc648588a9d96d8e37949a947ae
2022-10-17,44.46389389038086,EWJ,8715c42e95742f801ef4ec47f9b9d6d368582fc648588a9d96d8e37949a947ae
2022-10-18,44.30947494506836,EWJ,8715c42e95742f801ef4ec47f9b9d6d368582fc648588a9d96d8e37949a947ae
2022-10-19,44.03696823120117,EWJ,8715c42e95742f801ef4ec47f9b9d6d368582fc648588a9d96d8e37949a947ae
2022-10-20,44.00063705444336,EWJ,8715c42e95742f801ef4ec47f9b9d6d368582fc648588a9d96d8e37949a947ae
2022-10-21,44.77273941040039,EWJ,8715c42e95742f801ef4ec47f9b9d6d368582fc648588a9d96d8e37949a947ae
2022-10-24,44.4820671081543,EWJ,8715c42e95742f801ef4ec47f9b9d6d368582fc648588a9d96d8e37949a947ae
2022-10-25,45.499412536621094,EWJ,8715c42e95742f801ef4ec47f9b9d6d368582fc648588a9d96d8e37949a947ae
2022-10-26,45.762847900390625,EWJ,8715c42e95742f801ef4ec47f9b9d6d368582fc648588a9d96d8e37949a947ae
2022-10-27,45.190582275390625,EWJ,8715c42e95742f801ef4ec47f9b9d6d368582fc648588a9d96d8e37949a947ae
2022-10-28,45.6720085144043,EWJ,8715c42e95742f801ef4ec47f9b9d6d368582fc648588a9d96d8e37949a947ae
2022-10-31,45.40858840942383,EWJ,8715c42e95742f801ef4ec47f9b9d6d368582fc648588a9d96d8e37949a947ae
2022-11-01,45.75375747680664,EWJ,8715c42e95742f801ef4ec47f9b9d6d368582fc648588a9d96d8e37949a947ae
2022-11-02,45.45400619506836,EWJ,8715c42e95742f801ef4ec47f9b9d6d368582fc648588a9d96d8e37949a947ae
2022-11-03,45.32683563232422,EWJ,8715c42e95742f801ef4ec47f9b9d6d368582fc648588a9d96d8e37949a947ae
2022-11-04,46.20793533325195,EWJ,8715c42e95742f801ef4ec47f9b9d6d368582fc648588a9d96d8e37949a947ae
2022-11-07,46.47135543823242,EWJ,8715c42e95742f801ef4ec47f9b9d6d368582fc648588a9d96d8e37949a947ae
2022-11-08,47.143531799316406,EWJ,8715c42e95742f801ef4ec47f9b9d6d368582fc648588a9d96d8e37949a947ae
2022-11-09,46.34418869018555,EWJ,8715c42e95742f801ef4ec47f9b9d6d368582fc648588a9d96d8e37949a947ae
2022-11-10,48.93299102783203,EWJ,8715c42e95742f801ef4ec47f9b9d6d368582fc648588a9d96d8e37949a947ae
2022-11-11,49.90493392944336,EWJ,8715c42e95742f801ef4ec47f9b9d6d368582fc648588a9d96d8e37949a947ae
2022-11-14,49.223670959472656,EWJ,8715c42e95742f801ef4ec47f9b9d6d368582fc648588a9d96d8e37949a947ae
2022-11-15,49.55067825317383,EWJ,8715c42e95742f801ef4ec47f9b9d6d368582fc648588a9d96d8e37949a947ae
2022-11-16,49.37807846069336,EWJ,8715c42e95742f801ef4ec47f9b9d6d368582fc648588a9d96d8e37949a947ae
2022-11-17,49.287254333496094,EWJ,8715c42e95742f801ef4ec47f9b9d6d368582fc648588a9d96d8e37949a947ae
2022-11-18,49.26908493041992,EWJ,8715c42e95742f801ef4ec47f9b9d6d368582fc648588a9d96d8e37949a947ae
2022-11-21,48.869407653808594,EWJ,8715c42e95742f801ef4ec47f9b9d6d368582fc648588a9d96d8e37949a947ae
2022-11-22,49.91402053833008,EWJ,8715c42e95742f801ef4ec47f9b9d6d368582fc648588a9d96d8e37949a947ae
2022-11-23,50.48627853393555,EWJ,8715c42e95742f801ef4ec47f9b9d6d368582fc648588a9d96d8e37949a947ae
2022-11-25,50.831451416015625,EWJ,8715c42e95742f801ef4ec47f9b9d6d368582fc648588a9d96d8e37949a947ae
2022-11-28,50.44085693359375,EWJ,8715c42e95742f801ef4ec47f9b9d6d368582fc648588a9d96d8e37949a947ae
2022-11-29,50.13201904296875,EWJ,8715c42e95742f801ef4ec47f9b9d6d368582fc648588a9d96d8e37949a947ae
2022-11-30,50.686119079589844,EWJ,8715c42e95742f801ef4ec47f9b9d6d368582fc648588a9d96d8e37949a947ae
2022-12-01,51.03129577636719,EWJ,8715c42e95742f801ef4ec47f9b9d6d368582fc648588a9d96d8e37949a947ae
2022-12-02,50.80420684814453,EWJ,8715c42e95742f801ef4ec47f9b9d6d368582fc648588a9d96d8e37949a947ae
2022-12-05,49.741424560546875,EWJ,8715c42e95742f801ef4ec47f9b9d6d368582fc648588a9d96d8e37949a947ae
2022-12-06,49.587013244628906,EWJ,8715c42e95742f801ef4ec47f9b9d6d368582fc648588a9d96d8e37949a947ae
2022-12-07,49.73234558105469,EWJ,8715c42e95742f801ef4ec47f9b9d6d368582fc648588a9d96d8e37949a947ae
2022-12-08,50.04118347167969,EWJ,8715c42e95742f801ef4ec47f9b9d6d368582fc648588a9d96d8e37949a947ae
2022-12-09,50.19560241699219,EWJ,8715c42e95742f801ef4ec47f9b9d6d368582fc648588a9d96d8e37949a947ae
2022-12-12,50.186519622802734,EWJ,8715c42e95742f801ef4ec47f9b9d6d368582fc648588a9d96d8e37949a947ae
2022-12-13,50.90937423706055,EWJ,8715c42e95742f801ef4ec47f9b9d6d368582fc648588a9d96d8e37949a947ae
2022-12-14,50.86385726928711,EWJ,8715c42e95742f801ef4ec47f9b9d6d368582fc648588a9d96d8e37949a947ae
2022-12-15,49.62571334838867,EWJ,8715c42e95742f801ef4ec47f9b9d6d368582fc648588a9d96d8e37949a947ae
2022-12-16,49.66213607788086,EWJ,8715c42e95742f801ef4ec47f9b9d6d368582fc648588a9d96d8e37949a947ae
2022-12-19,49.34349822998047,EWJ,8715c42e95742f801ef4ec47f9b9d6d368582fc648588a9d96d8e37949a947ae
2022-12-20,50.044498443603516,EWJ,8715c42e95742f801ef4ec47f9b9d6d368582fc648588a9d96d8e37949a947ae
2022-12-21,49.97167205810547,EWJ,8715c42e95742f801ef4ec47f9b9d6d368582fc648588a9d96d8e37949a947ae
2022-12-22,49.82600021362305,EWJ,8715c42e95742f801ef4ec47f9b9d6d368582fc648588a9d96d8e37949a947ae
2022-12-23,49.86241912841797,EWJ,8715c42e95742f801ef4ec47f9b9d6d368582fc648588a9d96d8e37949a947ae
2022-12-27,49.63482666015625,EWJ,8715c42e95742f801ef4ec47f9b9d6d368582fc648588a9d96d8e37949a947ae
2022-12-28,49.04306411743164,EWJ,8715c42e95742f801ef4ec47f9b9d6d368582fc648588a9d96d8e37949a947ae
2022-12-29,49.95345687866211,EWJ,8715c42e95742f801ef4ec47f9b9d6d368582fc648588a9d96d8e37949a947ae
2022-12-30,49.561988830566406,EWJ,8715c42e95742f801ef4ec47f9b9d6d368582fc648588a9d96d8e37949a947ae
2023-01-03,49.79869842529297,EWJ,8715c42e95742f801ef4ec47f9b9d6d368582fc648588a9d96d8e37949a947ae
2023-01-04,49.30707550048828,EWJ,8715c42e95742f801ef4ec47f9b9d6d368582fc648588a9d96d8e37949a947ae
2023-01-05,48.64249038696289,EWJ,8715c42e95742f801ef4ec47f9b9d6d368582fc648588a9d96d8e37949a947ae
2023-01-06,49.86241912841797,EWJ,8715c42e95742f801ef4ec47f9b9d6d368582fc648588a9d96d8e37949a947ae
2023-01-09,49.97167205810547,EWJ,8715c42e95742f801ef4ec47f9b9d6d368582fc648588a9d96d8e37949a947ae
2023-01-10,49.85331344604492,EWJ,8715c42e95742f801ef4ec47f9b9d6d368582fc648588a9d96d8e37949a947ae
2023-01-11,50.2538948059082,EWJ,8715c42e95742f801ef4ec47f9b9d6d368582fc648588a9d96d8e37949a947ae
2023-01-12,51.4647216796875,EWJ,8715c42e95742f801ef4ec47f9b9d6d368582fc648588a9d96d8e37949a947ae
2023-01-13,51.6832160949707,EWJ,8715c42e95742f801ef4ec47f9b9d6d368582fc648588a9d96d8e37949a947ae
2023-01-17,52.174827575683594,EWJ,8715c42e95742f801ef4ec47f9b9d6d368582fc648588a9d96d8e37949a947ae
2023-01-18,52.101993560791016,EWJ,8715c42e95742f801ef4ec47f9b9d6d368582fc648588a9d96d8e37949a947ae
2023-01-19,52.074684143066406,EWJ,8715c42e95742f801ef4ec47f9b9d6d368582fc648588a9d96d8e37949a947ae
2023-01-20,52.666439056396484,EWJ,8715c42e95742f801ef4ec47f9b9d6d368582fc648588a9d96d8e37949a947ae
2023-01-23,52.520774841308594,EWJ,8715c42e95742f801ef4ec47f9b9d6d368582fc648588a9d96d8e37949a947ae
2023-01-24,52.87583541870117,EWJ,8715c42e95742f801ef4ec47f9b9d6d368582fc648588a9d96d8e37949a947ae
2023-01-25,53.51311111450195,EWJ,8715c42e95742f801ef4ec47f9b9d6d368582fc648588a9d96d8e37949a947ae
2023-01-26,53.40386199951172,EWJ,8715c42e95742f801ef4ec47f9b9d6d368582fc648588a9d96d8e37949a947ae
2023-01-27,53.54952621459961,EWJ,8715c42e95742f801ef4ec47f9b9d6d368582fc648588a9d96d8e37949a947ae
2023-01-30,53.230892181396484,EWJ,8715c42e95742f801ef4ec47f9b9d6d368582fc648588a9d96d8e37949a947ae
2023-01-31,53.412967681884766,EWJ,8715c42e95742f801ef4ec47f9b9d6d368582fc648588a9d96d8e37949a947ae
2023-02-01,53.59504699707031,EWJ,8715c42e95742f801ef4ec47f9b9d6d368582fc648588a9d96d8e37949a947ae
2023-02-02,53.46759033203125,EWJ,8715c42e95742f801ef4ec47f9b9d6d368582fc648588a9d96d8e37949a947ae
2023-02-03,52.85762405395508,EWJ,8715c42e95742f801ef4ec47f9b9d6d368582fc648588a9d96d8e37949a947ae
2023-02-06,52.375118255615234,EWJ,8715c42e95742f801ef4ec47f9b9d6d368582fc648588a9d96d8e37949a947ae
2023-02-07,53.13984298706055,EWJ,8715c42e95742f801ef4ec47f9b9d6d368582fc648588a9d96d8e37949a947ae
2023-02-08,52.55719757080078,EWJ,8715c42e95742f801ef4ec47f9b9d6d368582fc648588a9d96d8e37949a947ae
2023-02-09,52.611820220947266,EWJ,8715c42e95742f801ef4ec47f9b9d6d368582fc648588a9d96d8e37949a947ae
2023-02-10,52.91225051879883,EWJ,8715c42e95742f801ef4ec47f9b9d6d368582fc648588a9d96d8e37949a947ae
2023-02-13,52.88493728637695,EWJ,8715c42e95742f801ef4ec47f9b9d6d368582fc648588a9d96d8e37949a947ae
2023-02-14,52.62092208862305,EWJ,8715c42e95742f801ef4ec47f9b9d6d368582fc648588a9d96d8e37949a947ae
2023-02-15,52.101993560791016,EWJ,8715c42e95742f801ef4ec47f9b9d6d368582fc648588a9d96d8e37949a947ae
2023-02-16,51.92902374267578,EWJ,8715c42e95742f801ef4ec47f9b9d6d368582fc648588a9d96d8e37949a947ae
2023-02-17,51.91081619262695,EWJ,8715c42e95742f801ef4ec47f9b9d6d368582fc648588a9d96d8e37949a947ae
2023-02-21,51.273536682128906,EWJ,8715c42e95742f801ef4ec47f9b9d6d368582fc648588a9d96d8e37949a947ae
2023-02-22,50.891170501708984,EWJ,8715c42e95742f801ef4ec47f9b9d6d368582fc648588a9d96d8e37949a947ae
2023-02-23,51.40099334716797,EWJ,8715c42e95742f801ef4ec47f9b9d6d368582fc648588a9d96d8e37949a947ae
2023-02-24,50.636253356933594,EWJ,8715c42e95742f801ef4ec47f9b9d6d368582fc648588a9d96d8e37949a947ae
2023-02-27,51.11876678466797,EWJ,8715c42e95742f801ef4ec47f9b9d6d368582fc648588a9d96d8e37949a947ae
2023-02-28,50.92758560180664,EWJ,8715c42e95742f801ef4ec47f9b9d6d368582fc648588a9d96d8e37949a947ae
2023-03-01,51.009517669677734,EWJ,8715c42e95742f801ef4ec47f9b9d6d368582fc648588a9d96d8e37949a947ae
2023-03-02,51.06414794921875,EWJ,8715c42e95742f801ef4ec47f9b9d6d368582fc648588a9d96d8e37949a947ae
2023-03-03,52.238555908203125,EWJ,8715c42e95742f801ef4ec47f9b9d6d368582fc648588a9d96d8e37949a947ae
2023-03-06,52.238555908203125,EWJ,8715c42e95742f801ef4ec47f9b9d6d368582fc648588a9d96d8e37949a947ae
2023-03-07,51.77425003051758,EWJ,8715c42e95742f801ef4ec47f9b9d6d368582fc648588a9d96d8e37949a947ae
2023-03-08,52.41153335571289,EWJ,8715c42e95742f801ef4ec47f9b9d6d368582fc648588a9d96d8e37949a947ae
2023-03-09,52.320491790771484,EWJ,8715c42e95742f801ef4ec47f9b9d6d368582fc648588a9d96d8e37949a947ae
2023-03-10,51.69231414794922,EWJ,8715c42e95742f801ef4ec47f9b9d6d368582fc648588a9d96d8e37949a947ae
2023-03-13,51.200706481933594,EWJ,8715c42e95742f801ef4ec47f9b9d6d368582fc648588a9d96d8e37949a947ae
2023-03-14,51.05504608154297,EWJ,8715c42e95742f801ef4ec47f9b9d6d368582fc648588a9d96d8e37949a947ae
2023-03-15,50.01719284057617,EWJ,8715c42e95742f801ef4ec47f9b9d6d368582fc648588a9d96d8e37949a947ae
2023-03-16,51.036834716796875,EWJ,8715c42e95742f801ef4ec47f9b9d6d368582fc648588a9d96d8e37949a947ae
2023-03-17,50.718196868896484,EWJ,8715c42e95742f801ef4ec47f9b9d6d368582fc648588a9d96d8e37949a947ae
2023-03-20,51.45561599731445,EWJ,8715c42e95742f801ef4ec47f9b9d6d368582fc648588a9d96d8e37949a947ae
2023-03-21,51.77425003051758,EWJ,8715c42e95742f801ef4ec47f9b9d6d368582fc648588a9d96d8e37949a947ae
2023-03-22,51.62859344482422,EWJ,8715c42e95742f801ef4ec47f9b9d6d368582fc648588a9d96d8e37949a947ae
2023-03-23,51.8561897277832,EWJ,8715c42e95742f801ef4ec47f9b9d6d368582fc648588a9d96d8e37949a947ae
2023-03-24,52.010963439941406,EWJ,8715c42e95742f801ef4ec47f9b9d6d368582fc648588a9d96d8e37949a947ae
2023-03-27,52.238555908203125,EWJ,8715c42e95742f801ef4ec47f9b9d6d368582fc648588a9d96d8e37949a947ae
2023-03-28,52.33869934082031,EWJ,8715c42e95742f801ef4ec47f9b9d6d368582fc648588a9d96d8e37949a947ae
2023-03-29,52.53898239135742,EWJ,8715c42e95742f801ef4ec47f9b9d6d368582fc648588a9d96d8e37949a947ae
2023-03-30,52.7847900390625,EWJ,8715c42e95742f801ef4ec47f9b9d6d368582fc648588a9d96d8e37949a947ae
2023-03-31,53.431175231933594,EWJ,8715c42e95742f801ef4ec47f9b9d6d368582fc648588a9d96d8e37949a947ae
2023-04-03,53.67698669433594,EWJ,8715c42e95742f801ef4ec47f9b9d6d368582fc648588a9d96d8e37949a947ae
2023-04-04,53.65877151489258,EWJ,8715c42e95742f801ef4ec47f9b9d6d368582fc648588a9d96d8e37949a947ae
2023-04-05,52.85762405395508,EWJ,8715c42e95742f801ef4ec47f9b9d6d368582fc648588a9d96d8e37949a947ae
2023-04-06,52.630027770996094,EWJ,8715c42e95742f801ef4ec47f9b9d6d368582fc648588a9d96d8e37949a947ae
2023-04-10,52.520774841308594,EWJ,8715c42e95742f801ef4ec47f9b9d6d368582fc648588a9d96d8e37949a947ae
2023-04-11,52.69375991821289,EWJ,8715c42e95742f801ef4ec47f9b9d6d368582fc648588a9d96d8e37949a947ae
2023-04-12,52.866729736328125,EWJ,8715c42e95742f801ef4ec47f9b9d6d368582fc648588a9d96d8e37949a947ae
2023-04-13,53.60415267944336,EWJ,8715c42e95742f801ef4ec47f9b9d6d368582fc648588a9d96d8e37949a947ae
2023-04-14,53.203575134277344,EWJ,8715c42e95742f801ef4ec47f9b9d6d368582fc648588a9d96d8e37949a947ae
2023-04-17,53.35834503173828,EWJ,8715c42e95742f801ef4ec47f9b9d6d368582fc648588a9d96d8e37949a947ae
2023-04-18,53.67698669433594,EWJ,8715c42e95742f801ef4ec47f9b9d6d368582fc648588a9d96d8e37949a947ae
2023-04-19,53.24909591674805,EWJ,8715c42e95742f801ef4ec47f9b9d6d368582fc648588a9d96d8e37949a947ae
2023-04-20,53.42206954956055,EWJ,8715c42e95742f801ef4ec47f9b9d6d368582fc648588a9d96d8e37949a947ae
2023-04-21,53.72249984741211,EWJ,8715c42e95742f801ef4ec47f9b9d6d368582fc648588a9d96d8e37949a947ae
2023-04-24,53.6951904296875,EWJ,8715c42e95742f801ef4ec47f9b9d6d368582fc648588a9d96d8e37949a947ae
2023-04-25,53.32192611694336,EWJ,8715c42e95742f801ef4ec47f9b9d6d368582fc648588a9d96d8e37949a947ae
2023-04-26,53.1307487487793,EWJ,8715c42e95742f801ef4ec47f9b9d6d368582fc648588a9d96d8e37949a947ae
2023-04-27,53.99562454223633,EWJ,8715c42e95742f801ef4ec47f9b9d6d368582fc648588a9d96d8e37949a947ae
2023-04-28,53.56774139404297,EWJ,8715c42e95742f801ef4ec47f9b9d6d368582fc648588a9d96d8e37949a947ae
2023-05-01,53.50401306152344,EWJ,8715c42e95742f801ef4ec47f9b9d6d368582fc648588a9d96d8e37949a947ae
2023-05-02,53.05791473388672,EWJ,8715c42e95742f801ef4ec47f9b9d6d368582fc648588a9d96d8e37949a947ae
2023-05-03,53.376556396484375,EWJ,8715c42e95742f801ef4ec47f9b9d6d368582fc648588a9d96d8e37949a947ae
2023-05-04,53.47669982910156,EWJ,8715c42e95742f801ef4ec47f9b9d6d368582fc648588a9d96d8e37949a947ae
2023-05-05,54.19590377807617,EWJ,8715c42e95742f801ef4ec47f9b9d6d368582fc648588a9d96d8e37949a947ae
2023-05-08,54.07755661010742,EWJ,8715c42e95742f801ef4ec47f9b9d6d368582fc648588a9d96d8e37949a947ae
2023-05-09,54.660213470458984,EWJ,8715c42e95742f801ef4ec47f9b9d6d368582fc648588a9d96d8e37949a947ae
2023-05-10,54.38709259033203,EWJ,8715c42e95742f801ef4ec47f9b9d6d368582fc648588a9d96d8e37949a947ae
2023-05-11,54.5418586730957,EWJ,8715c42e95742f801ef4ec47f9b9d6d368582fc648588a9d96d8e37949a947ae
2023-05-12,54.80587387084961,EWJ,8715c42e95742f801ef4ec47f9b9d6d368582fc648588a9d96d8e37949a947ae
2023-05-15,55.13361740112305,EWJ,8715c42e95742f801ef4ec47f9b9d6d368582fc648588a9d96d8e37949a947ae
2023-05-16,55.02437210083008,EWJ,8715c42e95742f801ef4ec47f9b9d6d368582fc648588a9d96d8e37949a947ae
2023-05-17,55.39763259887695,EWJ,8715c42e95742f801ef4ec47f9b9d6d368582fc648588a9d96d8e37949a947ae
2023-05-18,55.406742095947266,EWJ,8715c42e95742f801ef4ec47f9b9d6d368582fc648588a9d96d8e37949a947ae
2023-05-19,55.497772216796875,EWJ,8715c42e95742f801ef4ec47f9b9d6d368582fc648588a9d96d8e37949a947ae
2023-05-22,55.74358367919922,EWJ,8715c42e95742f801ef4ec47f9b9d6d368582fc648588a9d96d8e37949a947ae
2023-05-23,54.94243621826172,EWJ,8715c42e95742f801ef4ec47f9b9d6d368582fc648588a9d96d8e37949a947ae
2023-05-24,54.35978317260742,EWJ,8715c42e95742f801ef4ec47f9b9d6d368582fc648588a9d96d8e37949a947ae
2023-05-25,54.6693115234375,EWJ,8715c42e95742f801ef4ec47f9b9d6d368582fc648588a9d96d8e37949a947ae
2023-05-26,54.85139465332031,EWJ,8715c42e95742f801ef4ec47f9b9d6d368582fc648588a9d96d8e37949a947ae
2023-05-30,54.49634552001953,EWJ,8715c42e95742f801ef4ec47f9b9d6d368582fc648588a9d96d8e37949a947ae
2023-05-31,54.02293014526367,EWJ,8715c42e95742f801ef4ec47f9b9d6d368582fc648588a9d96d8e37949a947ae
2023-06-01,55.379425048828125,EWJ,8715c42e95742f801ef4ec47f9b9d6d368582fc648588a9d96d8e37949a947ae
2023-06-02,56.44458770751953,EWJ,8715c42e95742f801ef4ec47f9b9d6d368582fc648588a9d96d8e37949a947ae
2023-06-05,56.244300842285156,EWJ,8715c42e95742f801ef4ec47f9b9d6d368582fc648588a9d96d8e37949a947ae
2023-06-06,57.39140319824219,EWJ,8715c42e95742f801ef4ec47f9b9d6d368582fc648588a9d96d8e37949a947ae
2023-06-07,55.91648864746094,EWJ,8715c42e95742f801ef4ec47f9b9d6d368582fc648588a9d96d8e37949a947ae
2023-06-08,56.393150329589844,EWJ,8715c42e95742f801ef4ec47f9b9d6d368582fc648588a9d96d8e37949a947ae
2023-06-09,57.03482437133789,EWJ,8715c42e95742f801ef4ec47f9b9d6d368582fc648588a9d96d8e37949a947ae
2023-06-12,57.3923225402832,EWJ,8715c42e95742f801ef4ec47f9b9d6d368582fc648588a9d96d8e37949a947ae
2023-06-13,58.21731185913086,EWJ,8715c42e95742f801ef4ec47f9b9d6d368582fc648588a9d96d8e37949a947ae
2023-06-14,58.483150482177734,EWJ,8715c42e95742f801ef4ec47f9b9d6d368582fc648588a9d96d8e37949a947ae
2023-06-15,58.40065002441406,EWJ,8715c42e95742f801ef4ec47f9b9d6d368582fc648588a9d96d8e37949a947ae
2023-06-16,57.84148406982422,EWJ,8715c42e95742f801ef4ec47f9b9d6d368582fc648588a9d96d8e37949a947ae
2023-06-20,57.04398727416992,EWJ,8715c42e95742f801ef4ec47f9b9d6d368582fc648588a9d96d8e37949a947ae
2023-06-21,57.722320556640625,EWJ,8715c42e95742f801ef4ec47f9b9d6d368582fc648588a9d96d8e37949a947ae
2023-06-22,57.24565124511719,EWJ,8715c42e95742f801ef4ec47f9b9d6d368582fc648588a9d96d8e37949a947ae
2023-06-23,55.833984375,EWJ,8715c42e95742f801ef4ec47f9b9d6d368582fc648588a9d96d8e37949a947ae
2023-06-26,55.833984375,EWJ,8715c42e95742f801ef4ec47f9b9d6d368582fc648588a9d96d8e37949a947ae
2023-06-27,56.044822692871094,EWJ,8715c42e95742f801ef4ec47f9b9d6d368582fc648588a9d96d8e37949a947ae
2023-06-28,56.668155670166016,EWJ,8715c42e95742f801ef4ec47f9b9d6d368582fc648588a9d96d8e37949a947ae
2023-06-29,56.38398742675781,EWJ,8715c42e95742f801ef4ec47f9b9d6d368582fc648588a9d96d8e37949a947ae
2023-06-30,56.74148178100586,EWJ,8715c42e95742f801ef4ec47f9b9d6d368582fc648588a9d96d8e37949a947ae
2023-07-03,56.91565704345703,EWJ,8715c42e95742f801ef4ec47f9b9d6d368582fc648588a9d96d8e37949a947ae
2023-07-05,56.448158264160156,EWJ,8715c42e95742f801ef4ec47f9b9d6d368582fc648588a9d96d8e37949a947ae
2023-07-06,55.70565414428711,EWJ,8715c42e95742f801ef4ec47f9b9d6d368582fc648588a9d96d8e37949a947ae
2023-07-07,56.503150939941406,EWJ,8715c42e95742f801ef4ec47f9b9d6d368582fc648588a9d96d8e37949a947ae
2023-07-10,56.420650482177734,EWJ,8715c42e95742f801ef4ec47f9b9d6d368582fc648588a9d96d8e37949a947ae
2023-07-11,56.668155670166016,EWJ,8715c42e95742f801ef4ec47f9b9d6d368582fc648588a9d96d8e37949a947ae
2023-07-12,57.062320709228516,EWJ,8715c42e95742f801ef4ec47f9b9d6d368582fc648588a9d96d8e37949a947ae
2023-07-13,57.914817810058594,EWJ,8715c42e95742f801ef4ec47f9b9d6d368582fc648588a9d96d8e37949a947ae
2023-07-14,57.21814727783203,EWJ,8715c42e95742f801ef4ec47f9b9d6d368582fc648588a9d96d8e37949a947ae
2023-07-17,57.24565124511719,EWJ,8715c42e95742f801ef4ec47f9b9d6d368582fc648588a9d96d8e37949a947ae
2023-07-18,58.03398132324219,EWJ,8715c42e95742f801ef4ec47f9b9d6d368582fc648588a9d96d8e37949a947ae
2023-07-19,58.043155670166016,EWJ,8715c42e95742f801ef4ec47f9b9d6d368582fc648588a9d96d8e37949a947ae
2023-07-20,57.273155212402344,EWJ,8715c42e95742f801ef4ec47f9b9d6d368582fc648588a9d96d8e37949a947ae
2023-07-21,57.208984375,EWJ,8715c42e95742f801ef4ec47f9b9d6d368582fc648588a9d96d8e37949a947ae
2023-07-24,57.29148864746094,EWJ,8715c42e95742f801ef4ec47f9b9d6d368582fc648588a9d96d8e37949a947ae
2023-07-25,57.36482238769531,EWJ,8715c42e95742f801ef4ec47f9b9d6d368582fc648588a9d96d8e37949a947ae
2023-07-26,57.593990325927734,EWJ,8715c42e95742f801ef4ec47f9b9d6d368582fc648588a9d96d8e37949a947ae
2023-07-27,58.061485290527344,EWJ,8715c42e95742f801ef4ec47f9b9d6d368582fc648588a9d96d8e37949a947ae
2023-07-28,58.391483306884766,EWJ,8715c42e95742f801ef4ec47f9b9d6d368582fc648588a9d96d8e37949a947ae
2023-07-31,58.13481521606445,EWJ,8715c42e95742f801ef4ec47f9b9d6d368582fc648588a9d96d8e37949a947ae
2023-08-01,57.44731903076172,EWJ,8715c42e95742f801ef4ec47f9b9d6d368582fc648588a9d96d8e37949a947ae
2023-08-02,56.36566162109375,EWJ,8715c42e95742f801ef4ec47f9b9d6d368582fc648588a9d96d8e37949a947ae
2023-08-03,56.09065628051758,EWJ,8715c42e95742f801ef4ec47f9b9d6d368582fc648588a9d96d8e37949a947ae
2023-08-04,56.63148498535156,EWJ,8715c42e95742f801ef4ec47f9b9d6d368582fc648588a9d96d8e37949a947ae
2023-08-07,57.108150482177734,EWJ,8715c42e95742f801ef4ec47f9b9d6d368582fc648588a9d96d8e37949a947ae
2023-08-08,56.60398483276367,EWJ,8715c42e95742f801ef4ec47f9b9d6d368582fc648588a9d96d8e37949a947ae
2023-08-09,56.10898971557617,EWJ,8715c42e95742f801ef4ec47f9b9d6d368582fc648588a9d96d8e37949a947ae
2023-08-10,56.34732437133789,EWJ,8715c42e95742f801ef4ec47f9b9d6d368582fc648588a9d96d8e37949a947ae
2023-08-11,56.255653381347656,EWJ,8715c42e95742f801ef4ec47f9b9d6d368582fc648588a9d96d8e37949a947ae
2023-08-14,55.751487731933594,EWJ,8715c42e95742f801ef4ec47f9b9d6d368582fc648588a9d96d8e37949a947ae
2023-08-15,55.15565872192383,EWJ,8715c42e95742f801ef4ec47f9b9d6d368582fc648588a9d96d8e37949a947ae
2023-08-16,54.468162536621094,EWJ,8715c42e95742f801ef4ec47f9b9d6d368582fc648588a9d96d8e37949a947ae
2023-08-17,54.23899459838867,EWJ,8715c42e95742f801ef4ec47f9b9d6d368582fc648588a9d96d8e37949a947ae
2023-08-18,54.376495361328125,EWJ,8715c42e95742f801ef4ec47f9b9d6d368582fc648588a9d96d8e37949a947ae
2023-08-21,54.422325134277344,EWJ,8715c42e95742f801ef4ec47f9b9d6d368582fc648588a9d96d8e37949a947ae
2023-08-22,54.68815994262695,EWJ,8715c42e95742f801ef4ec47f9b9d6d368582fc648588a9d96d8e37949a947ae
2023-08-23,55.41232681274414,EWJ,8715c42e95742f801ef4ec47f9b9d6d368582fc648588a9d96d8e37949a947ae
2023-08-24,54.68815994262695,EWJ,8715c42e95742f801ef4ec47f9b9d6d368582fc648588a9d96d8e37949a947ae
2023-08-25,54.97233200073242,EWJ,8715c42e95742f801ef4ec47f9b9d6d368582fc648588a9d96d8e37949a947ae
2023-08-28,55.62316131591797,EWJ,8715c42e95742f801ef4ec47f9b9d6d368582fc648588a9d96d8e37949a947ae
2023-08-29,56.008155822753906,EWJ,8715c42e95742f801ef4ec47f9b9d6d368582fc648588a9d96d8e37949a947ae
2023-08-30,55.907325744628906,EWJ,8715c42e95742f801ef4ec47f9b9d6d368582fc648588a9d96d8e37949a947ae
2023-08-31,56.503150939941406,EWJ,8715c42e95742f801ef4ec47f9b9d6d368582fc648588a9d96d8e37949a947ae
2023-09-01,56.86981964111328,EWJ,8715c42e95742f801ef4ec47f9b9d6d368582fc648588a9d96d8e37949a947ae
2023-09-05,56.89731979370117,EWJ,8715c42e95742f801ef4ec47f9b9d6d368582fc648588a9d96d8e37949a947ae
2023-09-06,57.04398727416992,EWJ,8715c42e95742f801ef4ec47f9b9d6d368582fc648588a9d96d8e37949a947ae
2023-09-07,57.04398727416992,EWJ,8715c42e95742f801ef4ec47f9b9d6d368582fc648588a9d96d8e37949a947ae
2023-09-08,56.47565460205078,EWJ,8715c42e95742f801ef4ec47f9b9d6d368582fc648588a9d96d8e37949a947ae
2023-09-11,57.12648391723633,EWJ,8715c42e95742f801ef4ec47f9b9d6d368582fc648588a9d96d8e37949a947ae
2023-09-12,57.1173210144043,EWJ,8715c42e95742f801ef4ec47f9b9d6d368582fc648588a9d96d8e37949a947ae
2023-09-13,57.089820861816406,EWJ,8715c42e95742f801ef4ec47f9b9d6d368582fc648588a9d96d8e37949a947ae
2023-09-14,58.061485290527344,EWJ,8715c42e95742f801ef4ec47f9b9d6d368582fc648588a9d96d8e37949a947ae
2023-09-15,57.74065017700195,EWJ,8715c42e95742f801ef4ec47f9b9d6d368582fc648588a9d96d8e37949a947ae
2023-09-18,57.87815475463867,EWJ,8715c42e95742f801ef4ec47f9b9d6d368582fc648588a9d96d8e37949a947ae
2023-09-19,58.16231918334961,EWJ,8715c42e95742f801ef4ec47f9b9d6d368582fc648588a9d96d8e37949a947ae
2023-09-20,57.383148193359375,EWJ,8715c42e95742f801ef4ec47f9b9d6d368582fc648588a9d96d8e37949a947ae
2023-09-21,56.49399185180664,EWJ,8715c42e95742f801ef4ec47f9b9d6d368582fc648588a9d96d8e37949a947ae
2023-09-22,56.64982223510742,EWJ,8715c42e95742f801ef4ec47f9b9d6d368582fc648588a9d96d8e37949a947ae
2023-09-25,56.57648849487305,EWJ,8715c42e95742f801ef4ec47f9b9d6d368582fc648588a9d96d8e37949a947ae
2023-09-26,55.70565414428711,EWJ,8715c42e95742f801ef4ec47f9b9d6d368582fc648588a9d96d8e37949a947ae
2023-09-27,55.94398880004883,EWJ,8715c42e95742f801ef4ec47f9b9d6d368582fc648588a9d96d8e37949a947ae
2023-09-28,56.053993225097656,EWJ,8715c42e95742f801ef4ec47f9b9d6d368582fc648588a9d96d8e37949a947ae
2023-09-29,55.26565933227539,EWJ,8715c42e95742f801ef4ec47f9b9d6d368582fc648588a9d96d8e37949a947ae
2023-10-02,54.78899383544922,EWJ,8715c42e95742f801ef4ec47f9b9d6d368582fc648588a9d96d8e37949a947ae
2023-10-03,53.83565902709961,EWJ,8715c42e95742f801ef4ec47f9b9d6d368582fc648588a9d96d8e37949a947ae
2023-10-04,53.249000549316406,EWJ,8715c42e95742f801ef4ec47f9b9d6d368582fc648588a9d96d8e37949a947ae
2023-10-05,54.29399871826172,EWJ,8715c42e95742f801ef4ec47f9b9d6d368582fc648588a9d96d8e37949a947ae
2023-10-06,54.431495666503906,EWJ,8715c42e95742f801ef4ec47f9b9d6d368582fc648588a9d96d8e37949a947ae
2023-10-09,54.58732604980469,EWJ,8715c42e95742f801ef4ec47f9b9d6d368582fc648588a9d96d8e37949a947ae
2023-10-10,55.30232620239258,EWJ,8715c42e95742f801ef4ec47f9b9d6d368582fc648588a9d96d8e37949a947ae
2023-10-11,55.164825439453125,EWJ,8715c42e95742f801ef4ec47f9b9d6d368582fc648588a9d96d8e37949a947ae
2023-10-12,55.30232620239258,EWJ,8715c42e95742f801ef4ec47f9b9d6d368582fc648588a9d96d8e37949a947ae
2023-10-13,54.614830017089844,EWJ,8715c42e95742f801ef4ec47f9b9d6d368582fc648588a9d96d8e37949a947ae
2023-10-16,54.78899383544922,EWJ,8715c42e95742f801ef4ec47f9b9d6d368582fc648588a9d96d8e37949a947ae
2023-10-17,54.898990631103516,EWJ,8715c42e95742f801ef4ec47f9b9d6d368582fc648588a9d96d8e37949a947ae
2023-10-18,54.037330627441406,EWJ,8715c42e95742f801ef4ec47f9b9d6d368582fc648588a9d96d8e37949a947ae
2023-10-19,53.64316177368164,EWJ,8715c42e95742f801ef4ec47f9b9d6d368582fc648588a9d96d8e37949a947ae
2023-10-20,53.285667419433594,EWJ,8715c42e95742f801ef4ec47f9b9d6d368582fc648588a9d96d8e37949a947ae
2023-10-23,53.1573371887207,EWJ,8715c42e95742f801ef4ec47f9b9d6d368582fc648588a9d96d8e37949a947ae
2023-10-24,53.496498107910156,EWJ,8715c42e95742f801ef4ec47f9b9d6d368582fc648588a9d96d8e37949a947ae
2023-10-25,53.285667419433594,EWJ,8715c42e95742f801ef4ec47f9b9d6d368582fc648588a9d96d8e37949a947ae
2023-10-26,52.561500549316406,EWJ,8715c42e95742f801ef4ec47f9b9d6d368582fc648588a9d96d8e37949a947ae
2023-10-27,53.00149917602539,EWJ,8715c42e95742f801ef4ec47f9b9d6d368582fc648588a9d96d8e37949a947ae
2023-10-30,53.39566421508789,EWJ,8715c42e95742f801ef4ec47f9b9d6d368582fc648588a9d96d8e37949a947ae
2023-10-31,54.0464973449707,EWJ,8715c42e95742f801ef4ec47f9b9d6d368582fc648588a9d96d8e37949a947ae
2023-11-01,54.97233200073242,EWJ,8715c42e95742f801ef4ec47f9b9d6d368582fc648588a9d96d8e37949a947ae
2023-11-02,55.87065505981445,EWJ,8715c42e95742f801ef4ec47f9b9d6d368582fc648588a9d96d8e37949a947ae
2023-11-03,56.83315658569336,EWJ,8715c42e95742f801ef4ec47f9b9d6d368582fc648588a9d96d8e37949a947ae
2023-11-06,56.099822998046875,EWJ,8715c42e95742f801ef4ec47f9b9d6d368582fc648588a9d96d8e37949a947ae
2023-11-07,55.58649444580078,EWJ,8715c42e95742f801ef4ec47f9b9d6d368582fc648588a9d96d8e37949a947ae
2023-11-08,54.669830322265625,EWJ,8715c42e95742f801ef4ec47f9b9d6d368582fc648588a9d96d8e37949a947ae
2023-11-09,54.898990631103516,EWJ,8715c42e95742f801ef4ec47f9b9d6d368582fc648588a9d96d8e37949a947ae
2023-11-10,55.43065643310547,EWJ,8715c42e95742f801ef4ec47f9b9d6d368582fc648588a9d96d8e37949a947ae
2023-11-13,55.40315628051758,EWJ,8715c42e95742f801ef4ec47f9b9d6d368582fc648588a9d96d8e37949a947ae
2023-11-14,56.503150939941406,EWJ,8715c42e95742f801ef4ec47f9b9d6d368582fc648588a9d96d8e37949a947ae
2023-11-15,56.08149337768555,EWJ,8715c42e95742f801ef4ec47f9b9d6d368582fc648588a9d96d8e37949a947ae
2023-11-16,56.273990631103516,EWJ,8715c42e95742f801ef4ec47f9b9d6d368582fc648588a9d96d8e37949a947ae
2023-11-17,57.153987884521484,EWJ,8715c42e95742f801ef4ec47f9b9d6d368582fc648588a9d96d8e37949a947ae
2023-11-20,57.16315460205078,EWJ,8715c42e95742f801ef4ec47f9b9d6d368582fc648588a9d96d8e37949a947ae
2023-11-21,56.9248161315918,EWJ,8715c42e95742f801ef4ec47f9b9d6d368582fc648588a9d96d8e37949a947ae
2023-11-22,57.282325744628906,EWJ,8715c42e95742f801ef4ec47f9b9d6d368582fc648588a9d96d8e37949a947ae
2023-11-24,57.3923225402832,EWJ,8715c42e95742f801ef4ec47f9b9d6d368582fc648588a9d96d8e37949a947ae
2023-11-27,57.34648513793945,EWJ,8715c42e95742f801ef4ec47f9b9d6d368582fc648588a9d96d8e37949a947ae
2023-11-28,57.337318420410156,EWJ,8715c42e95742f801ef4ec47f9b9d6d368582fc648588a9d96d8e37949a947ae
2023-11-29,57.282325744628906,EWJ,8715c42e95742f801ef4ec47f9b9d6d368582fc648588a9d96d8e37949a947ae
2023-11-30,57.3923225402832,EWJ,8715c42e95742f801ef4ec47f9b9d6d368582fc648588a9d96d8e37949a947ae
2023-12-01,57.94231414794922,EWJ,8715c42e95742f801ef4ec47f9b9d6d368582fc648588a9d96d8e37949a947ae
2023-12-04,57.062320709228516,EWJ,8715c42e95742f801ef4ec47f9b9d6d368582fc648588a9d96d8e37949a947ae
2023-12-05,56.85149002075195,EWJ,8715c42e95742f801ef4ec47f9b9d6d368582fc648588a9d96d8e37949a947ae
2023-12-06,57.44731903076172,EWJ,8715c42e95742f801ef4ec47f9b9d6d368582fc648588a9d96d8e37949a947ae
2023-12-07,57.8873176574707,EWJ,8715c42e95742f801ef4ec47f9b9d6d368582fc648588a9d96d8e37949a947ae
2023-12-08,57.54814910888672,EWJ,8715c42e95742f801ef4ec47f9b9d6d368582fc648588a9d96d8e37949a947ae
2023-12-11,57.87815475463867,EWJ,8715c42e95742f801ef4ec47f9b9d6d368582fc648588a9d96d8e37949a947ae
2023-12-12,57.795658111572266,EWJ,8715c42e95742f801ef4ec47f9b9d6d368582fc648588a9d96d8e37949a947ae
2023-12-13,58.67565155029297,EWJ,8715c42e95742f801ef4ec47f9b9d6d368582fc648588a9d96d8e37949a947ae
2023-12-14,58.40981674194336,EWJ,8715c42e95742f801ef4ec47f9b9d6d368582fc648588a9d96d8e37949a947ae
2023-12-15,57.90564727783203,EWJ,8715c42e95742f801ef4ec47f9b9d6d368582fc648588a9d96d8e37949a947ae
2023-12-18,57.795658111572266,EWJ,8715c42e95742f801ef4ec47f9b9d6d368582fc648588a9d96d8e37949a947ae
2023-12-19,57.969818115234375,EWJ,8715c42e95742f801ef4ec47f9b9d6d368582fc648588a9d96d8e37949a947ae
2023-12-20,57.67702102661133,EWJ,8715c42e95742f801ef4ec47f9b9d6d368582fc648588a9d96d8e37949a947ae
2023-12-21,58.680904388427734,EWJ,8715c42e95742f801ef4ec47f9b9d6d368582fc648588a9d96d8e37949a947ae
2023-12-22,58.8668098449707,EWJ,8715c42e95742f801ef4ec47f9b9d6d368582fc648588a9d96d8e37949a947ae
2023-12-26,58.84821701049805,EWJ,8715c42e95742f801ef4ec47f9b9d6d368582fc648588a9d96d8e37949a947ae
2023-12-27,59.17355728149414,EWJ,8715c42e95742f801ef4ec47f9b9d6d368582fc648588a9d96d8e37949a947ae
2023-12-28,59.52677917480469,EWJ,8715c42e95742f801ef4ec47f9b9d6d368582fc648588a9d96d8e37949a947ae
2023-12-29,59.61972427368164,EWJ,8715c42e95742f801ef4ec47f9b9d6d368582fc648588a9d96d8e37949a947ae
2024-01-02,59.080604553222656,EWJ,8715c42e95742f801ef4ec47f9b9d6d368582fc648588a9d96d8e37949a947ae
2024-01-03,58.75526428222656,EWJ,8715c42e95742f801ef4ec47f9b9d6d368582fc648588a9d96d8e37949a947ae
2024-01-04,58.615840911865234,EWJ,8715c42e95742f801ef4ec47f9b9d6d368582fc648588a9d96d8e37949a947ae
2024-01-05,59.052711486816406,EWJ,8715c42e95742f801ef4ec47f9b9d6d368582fc648588a9d96d8e37949a947ae
2024-01-08,59.91717529296875,EWJ,8715c42e95742f801ef4ec47f9b9d6d368582fc648588a9d96d8e37949a947ae
2024-01-09,59.55466079711914,EWJ,8715c42e95742f801ef4ec47f9b9d6d368582fc648588a9d96d8e37949a947ae
2024-01-10,60.62361145019531,EWJ,8715c42e95742f801ef4ec47f9b9d6d368582fc648588a9d96d8e37949a947ae
2024-01-11,61.16273498535156,EWJ,8715c42e95742f801ef4ec47f9b9d6d368582fc648588a9d96d8e37949a947ae
2024-01-12,61.74833679199219,EWJ,8715c42e95742f801ef4ec47f9b9d6d368582fc648588a9d96d8e37949a947ae
2024-01-16,61.29287338256836,EWJ,8715c42e95742f801ef4ec47f9b9d6d368582fc648588a9d96d8e37949a947ae
2024-01-17,60.530670166015625,EWJ,8715c42e95742f801ef4ec47f9b9d6d368582fc648588a9d96d8e37949a947ae
2024-01-18,61.097679138183594,EWJ,8715c42e95742f801ef4ec47f9b9d6d368582fc648588a9d96d8e37949a947ae
2024-01-19,61.25569152832031,EWJ,8715c42e95742f801ef4ec47f9b9d6d368582fc648588a9d96d8e37949a947ae
2024-01-22,61.98072052001953,EWJ,8715c42e95742f801ef4ec47f9b9d6d368582fc648588a9d96d8e37949a947ae
2024-01-23,61.43229675292969,EWJ,8715c42e95742f801ef4ec47f9b9d6d368582fc648588a9d96d8e37949a947ae
2024-01-24,61.50666427612305,EWJ,8715c42e95742f801ef4ec47f9b9d6d368582fc648588a9d96d8e37949a947ae
2024-01-25,61.2742805480957,EWJ,8715c42e95742f801ef4ec47f9b9d6d368582fc648588a9d96d8e37949a947ae
2024-01-26,60.78163146972656,EWJ,8715c42e95742f801ef4ec47f9b9d6d368582fc648588a9d96d8e37949a947ae
2024-01-29,61.50666427612305,EWJ,8715c42e95742f801ef4ec47f9b9d6d368582fc648588a9d96d8e37949a947ae
2024-01-30,61.283573150634766,EWJ,8715c42e95742f801ef4ec47f9b9d6d368582fc648588a9d96d8e37949a947ae
2024-01-31,61.54383850097656,EWJ,8715c42e95742f801ef4ec47f9b9d6d368582fc648588a9d96d8e37949a947ae
2024-02-01,62.203800201416016,EWJ,8715c42e95742f801ef4ec47f9b9d6d368582fc648588a9d96d8e37949a947ae
2024-02-02,61.82270431518555,EWJ,8715c42e95742f801ef4ec47f9b9d6d368582fc648588a9d96d8e37949a947ae
2024-02-05,61.5252571105957,EWJ,8715c42e95742f801ef4ec47f9b9d6d368582fc648588a9d96d8e37949a947ae
2024-02-06,61.51595687866211,EWJ,8715c42e95742f801ef4ec47f9b9d6d368582fc648588a9d96d8e37949a947ae
2024-02-07,61.869171142578125,EWJ,8715c42e95742f801ef4ec47f9b9d6d368582fc648588a9d96d8e37949a947ae
2024-02-08,61.71115493774414,EWJ,8715c42e95742f801ef4ec47f9b9d6d368582fc648588a9d96d8e37949a947ae
2024-02-09,61.93423843383789,EWJ,8715c42e95742f801ef4ec47f9b9d6d368582fc648588a9d96d8e37949a947ae
2024-02-12,62.250282287597656,EWJ,8715c42e95742f801ef4ec47f9b9d6d368582fc648588a9d96d8e37949a947ae
2024-02-13,62.03649139404297,EWJ,8715c42e95742f801ef4ec47f9b9d6d368582fc648588a9d96d8e37949a947ae
2024-02-14,62.278167724609375,EWJ,8715c42e95742f801ef4ec47f9b9d6d368582fc648588a9d96d8e37949a947ae
2024-02-15,62.87306213378906,EWJ,8715c42e95742f801ef4ec47f9b9d6d368582fc648588a9d96d8e37949a947ae
2024-02-16,62.86376190185547,EWJ,8715c42e95742f801ef4ec47f9b9d6d368582fc648588a9d96d8e37949a947ae
2024-02-20,63.14262771606445,EWJ,8715c42e95742f801ef4ec47f9b9d6d368582fc648588a9d96d8e37949a947ae
2024-02-21,63.01249313354492,EWJ,8715c42e95742f801ef4ec47f9b9d6d368582fc648588a9d96d8e37949a947ae
2024-02-22,64.04426574707031,EWJ,8715c42e95742f801ef4ec47f9b9d6d368582fc648588a9d96d8e37949a947ae
2024-02-23,64.14652252197266,EWJ,8715c42e95742f801ef4ec47f9b9d6d368582fc648588a9d96d8e37949a947ae
2024-02-26,64.13722229003906,EWJ,8715c42e95742f801ef4ec47f9b9d6d368582fc648588a9d96d8e37949a947ae
2024-02-27,64.30453491210938,EWJ,8715c42e95742f801ef4ec47f9b9d6d368582fc648588a9d96d8e37949a947ae
2024-02-28,63.83045959472656,EWJ,8715c42e95742f801ef4ec47f9b9d6d368582fc648588a9d96d8e37949a947ae
2024-02-29,64.24877166748047,EWJ,8715c42e95742f801ef4ec47f9b9d6d368582fc648588a9d96d8e37949a947ae
2024-03-01,65.37348175048828,EWJ,8715c42e95742f801ef4ec47f9b9d6d368582fc648588a9d96d8e37949a947ae
2024-03-04,64.99238586425781,EWJ,8715c42e95742f801ef4ec47f9b9d6d368582fc648588a9d96d8e37949a947ae
2024-03-05,65.3456039428711,EWJ,8715c42e95742f801ef4ec47f9b9d6d368582fc648588a9d96d8e37949a947ae
2024-03-06,66.34019470214844,EWJ,8715c42e95742f801ef4ec47f9b9d6d368582fc648588a9d96d8e37949a947ae
2024-03-07,66.31230163574219,EWJ,8715c42e95742f801ef4ec47f9b9d6d368582fc648588a9d96d8e37949a947ae
2024-03-08,66.16358947753906,EWJ,8715c42e95742f801ef4ec47f9b9d6d368582fc648588a9d96d8e37949a947ae
2024-03-11,64.69493103027344,EWJ,8715c42e95742f801ef4ec47f9b9d6d368582fc648588a9d96d8e37949a947ae
2024-03-12,65.04815673828125,EWJ,8715c42e95742f801ef4ec47f9b9d6d368582fc648588a9d96d8e37949a947ae
2024-03-13,64.48114013671875,EWJ,8715c42e95742f801ef4ec47f9b9d6d368582fc648588a9d96d8e37949a947ae
2024-03-14,64.1929931640625,EWJ,8715c42e95742f801ef4ec47f9b9d6d368582fc648588a9d96d8e37949a947ae
2024-03-15,64.66704559326172,EWJ,8715c42e95742f801ef4ec47f9b9d6d368582fc648588a9d96d8e37949a947ae
2024-03-18,65.6709213256836,EWJ,8715c42e95742f801ef4ec47f9b9d6d368582fc648588a9d96d8e37949a947ae
2024-03-19,65.92190551757812,EWJ,8715c42e95742f801ef4ec47f9b9d6d368582fc648588a9d96d8e37949a947ae
2024-03-20,66.43313598632812,EWJ,8715c42e95742f801ef4ec47f9b9d6d368582fc648588a9d96d8e37949a947ae
2024-03-21,66.76776885986328,EWJ,8715c42e95742f801ef4ec47f9b9d6d368582fc648588a9d96d8e37949a947ae
2024-03-22,66.75847625732422,EWJ,8715c42e95742f801ef4ec47f9b9d6d368582fc648588a9d96d8e37949a947ae
2024-03-25,65.98697662353516,EWJ,8715c42e95742f801ef4ec47f9b9d6d368582fc648588a9d96d8e37949a947ae
2024-03-26,66.27511596679688,EWJ,8715c42e95742f801ef4ec47f9b9d6d368582fc648588a9d96d8e37949a947ae
2024-03-27,66.56327819824219,EWJ,8715c42e95742f801ef4ec47f9b9d6d368582fc648588a9d96d8e37949a947ae
2024-03-28,66.32159423828125,EWJ,8715c42e95742f801ef4ec47f9b9d6d368582fc648588a9d96d8e37949a947ae
2024-04-01,65.3270034790039,EWJ,8715c42e95742f801ef4ec47f9b9d6d368582fc648588a9d96d8e37949a947ae
2024-04-02,64.99238586425781,EWJ,8715c42e95742f801ef4ec47f9b9d6d368582fc648588a9d96d8e37949a947ae
2024-04-03,65.43856048583984,EWJ,8715c42e95742f801ef4ec47f9b9d6d368582fc648588a9d96d8e37949a947ae
2024-04-04,64.75999450683594,EWJ,8715c42e95742f801ef4ec47f9b9d6d368582fc648588a9d96d8e37949a947ae
2024-04-05,64.94590759277344,EWJ,8715c42e95742f801ef4ec47f9b9d6d368582fc648588a9d96d8e37949a947ae
2024-04-08,65.271240234375,EWJ,8715c42e95742f801ef4ec47f9b9d6d368582fc648588a9d96d8e37949a947ae
2024-04-09,65.5129165649414,EWJ,8715c42e95742f801ef4ec47f9b9d6d368582fc648588a9d96d8e37949a947ae
2024-04-10,64.49043273925781,EWJ,8715c42e95742f801ef4ec47f9b9d6d368582fc648588a9d96d8e37949a947ae
2024-04-11,65.05744171142578,EWJ,8715c42e95742f801ef4ec47f9b9d6d368582fc648588a9d96d8e37949a947ae
2024-04-12,64.1929931640625,EWJ,8715c42e95742f801ef4ec47f9b9d6d368582fc648588a9d96d8e37949a947ae
2024-04-15,63.923431396484375,EWJ,8715c42e95742f801ef4ec47f9b9d6d368582fc648588a9d96d8e37949a947ae
2024-04-16,63.03108215332031,EWJ,8715c42e95742f801ef4ec47f9b9d6d368582fc648588a9d96d8e37949a947ae
2024-04-17,62.361820220947266,EWJ,8715c42e95742f801ef4ec47f9b9d6d368582fc648588a9d96d8e37949a947ae
2024-04-18,62.17591857910156,EWJ,8715c42e95742f801ef4ec47f9b9d6d368582fc648588a9d96d8e37949a947ae
2024-04-19,61.80411148071289,EWJ,8715c42e95742f801ef4ec47f9b9d6d368582fc648588a9d96d8e37949a947ae
2024-04-22,62.436187744140625,EWJ,8715c42e95742f801ef4ec47f9b9d6d368582fc648588a9d96d8e37949a947ae
2024-04-23,62.57561492919922,EWJ,8715c42e95742f801ef4ec47f9b9d6d368582fc648588a9d96d8e37949a947ae
2024-04-24,62.84517288208008,EWJ,8715c42e95742f801ef4ec47f9b9d6d368582fc648588a9d96d8e37949a947ae
2024-04-25,61.869171142578125,EWJ,8715c42e95742f801ef4ec47f9b9d6d368582fc648588a9d96d8e37949a947ae
2024-04-26,62.39900207519531,EWJ,8715c42e95742f801ef4ec47f9b9d6d368582fc648588a9d96d8e37949a947ae
2024-04-29,62.96601486206055,EWJ,8715c42e95742f801ef4ec47f9b9d6d368582fc648588a9d96d8e37949a947ae
2024-04-30,62.52914047241211,EWJ,8715c42e95742f801ef4ec47f9b9d6d368582fc648588a9d96d8e37949a947ae
2024-05-01,62.38041305541992,EWJ,8715c42e95742f801ef4ec47f9b9d6d368582fc648588a9d96d8e37949a947ae
2024-05-02,63.644569396972656,EWJ,8715c42e95742f801ef4ec47f9b9d6d368582fc648588a9d96d8e37949a947ae
2024-05-03,64.37889099121094,EWJ,8715c42e95742f801ef4ec47f9b9d6d368582fc648588a9d96d8e37949a947ae
2024-05-06,64.75999450683594,EWJ,8715c42e95742f801ef4ec47f9b9d6d368582fc648588a9d96d8e37949a947ae
2024-05-07,64.0535659790039,EWJ,8715c42e95742f801ef4ec47f9b9d6d368582fc648588a9d96d8e37949a947ae
2024-05-08,63.244869232177734,EWJ,8715c42e95742f801ef4ec47f9b9d6d368582fc648588a9d96d8e37949a947ae
2024-05-09,63.52373123168945,EWJ,8715c42e95742f801ef4ec47f9b9d6d368582fc648588a9d96d8e37949a947ae
2024-05-10,63.16120910644531,EWJ,8715c42e95742f801ef4ec47f9b9d6d368582fc648588a9d96d8e37949a947ae
2024-05-13,62.91024398803711,EWJ,8715c42e95742f801ef4ec47f9b9d6d368582fc648588a9d96d8e37949a947ae
2024-05-14,63.402896881103516,EWJ,8715c42e95742f801ef4ec47f9b9d6d368582fc648588a9d96d8e37949a947ae
2024-05-15,64.10933685302734,EWJ,8715c42e95742f801ef4ec47f9b9d6d368582fc648588a9d96d8e37949a947ae
2024-05-16,63.458656311035156,EWJ,8715c42e95742f801ef4ec47f9b9d6d368582fc648588a9d96d8e37949a947ae
2024-05-17,63.88624572753906,EWJ,8715c42e95742f801ef4ec47f9b9d6d368582fc648588a9d96d8e37949a947ae
2024-05-20,64.34170532226562,EWJ,8715c42e95742f801ef4ec47f9b9d6d368582fc648588a9d96d8e37949a947ae
2024-05-21,63.96990203857422,EWJ,8715c42e95742f801ef4ec47f9b9d6d368582fc648588a9d96d8e37949a947ae
2024-05-22,63.226280212402344,EWJ,8715c42e95742f801ef4ec47f9b9d6d368582fc648588a9d96d8e37949a947ae
2024-05-23,62.94742202758789,EWJ,8715c42e95742f801ef4ec47f9b9d6d368582fc648588a9d96d8e37949a947ae
2024-05-24,63.63526916503906,EWJ,8715c42e95742f801ef4ec47f9b9d6d368582fc648588a9d96d8e37949a947ae
2024-05-28,63.99778747558594,EWJ,8715c42e95742f801ef4ec47f9b9d6d368582fc648588a9d96d8e37949a947ae
2024-05-29,62.71504211425781,EWJ,8715c42e95742f801ef4ec47f9b9d6d368582fc648588a9d96d8e37949a947ae
2024-05-30,63.26346206665039,EWJ,8715c42e95742f801ef4ec47f9b9d6d368582fc648588a9d96d8e37949a947ae
2024-05-31,64.10933685302734,EWJ,8715c42e95742f801ef4ec47f9b9d6d368582fc648588a9d96d8e37949a947ae
2024-06-03,64.50902557373047,EWJ,8715c42e95742f801ef4ec47f9b9d6d368582fc648588a9d96d8e37949a947ae
2024-06-04,64.58338928222656,EWJ,8715c42e95742f801ef4ec47f9b9d6d368582fc648588a9d96d8e37949a947ae
2024-06-05,64.39747619628906,EWJ,8715c42e95742f801ef4ec47f9b9d6d368582fc648588a9d96d8e37949a947ae
2024-06-06,64.36029052734375,EWJ,8715c42e95742f801ef4ec47f9b9d6d368582fc648588a9d96d8e37949a947ae
2024-06-07,63.88624572753906,EWJ,8715c42e95742f801ef4ec47f9b9d6d368582fc648588a9d96d8e37949a947ae
2024-06-10,64.45325469970703,EWJ,8715c42e95742f801ef4ec47f9b9d6d368582fc648588a9d96d8e37949a947ae
2024-06-11,63.731292724609375,EWJ,8715c42e95742f801ef4ec47f9b9d6d368582fc648588a9d96d8e37949a947ae
2024-06-12,64.04029846191406,EWJ,8715c42e95742f801ef4ec47f9b9d6d368582fc648588a9d96d8e37949a947ae
2024-06-13,62.87916946411133,EWJ,8715c42e95742f801ef4ec47f9b9d6d368582fc648588a9d96d8e37949a947ae
2024-06-14,62.86043930053711,EWJ,8715c42e95742f801ef4ec47f9b9d6d368582fc648588a9d96d8e37949a947ae
2024-06-17,62.373512268066406,EWJ,8715c42e95742f801ef4ec47f9b9d6d368582fc648588a9d96d8e37949a947ae
2024-06-18,62.42034149169922,EWJ,8715c42e95742f801ef4ec47f9b9d6d368582fc648588a9d96d8e37949a947ae
2024-06-20,62.25178146362305,EWJ,8715c42e95742f801ef4ec47f9b9d6d368582fc648588a9d96d8e37949a947ae
2024-06-21,61.811676025390625,EWJ,8715c42e95742f801ef4ec47f9b9d6d368582fc648588a9d96d8e37949a947ae
2024-06-24,62.27988052368164,EWJ,8715c42e95742f801ef4ec47f9b9d6d368582fc648588a9d96d8e37949a947ae
2024-06-25,63.26309585571289,EWJ,8715c42e95742f801ef4ec47f9b9d6d368582fc648588a9d96d8e37949a947ae
2024-06-26,63.028995513916016,EWJ,8715c42e95742f801ef4ec47f9b9d6d368582fc648588a9d96d8e37949a947ae
2024-06-27,63.347373962402344,EWJ,8715c42e95742f801ef4ec47f9b9d6d368582fc648588a9d96d8e37949a947ae
2024-06-28,63.899845123291016,EWJ,8715c42e95742f801ef4ec47f9b9d6d368582fc648588a9d96d8e37949a947ae
2024-07-01,63.47846603393555,EWJ,8715c42e95742f801ef4ec47f9b9d6d368582fc648588a9d96d8e37949a947ae
2024-07-02,64.48040771484375,EWJ,8715c42e95742f801ef4ec47f9b9d6d368582fc648588a9d96d8e37949a947ae
2024-07-03,65.0703353881836,EWJ,8715c42e95742f801ef4ec47f9b9d6d368582fc648588a9d96d8e37949a947ae
2024-07-05,65.51045227050781,EWJ,8715c42e95742f801ef4ec47f9b9d6d368582fc648588a9d96d8e37949a947ae
2024-07-08,65.19207000732422,EWJ,8715c42e95742f801ef4ec47f9b9d6d368582fc648588a9d96d8e37949a947ae
2024-07-09,65.54791259765625,EWJ,8715c42e95742f801ef4ec47f9b9d6d368582fc648588a9d96d8e37949a947ae
2024-07-10,66.74649810791016,EWJ,8715c42e95742f801ef4ec47f9b9d6d368582fc648588a9d96d8e37949a947ae
2024-07-11,66.4936752319336,EWJ,8715c42e95742f801ef4ec47f9b9d6d368582fc648588a9d96d8e37949a947ae
2024-07-12,66.8588638305664,EWJ,8715c42e95742f801ef4ec47f9b9d6d368582fc648588a9d96d8e37949a947ae
2024-07-15,66.54048919677734,EWJ,8715c42e95742f801ef4ec47f9b9d6d368582fc648588a9d96d8e37949a947ae
2024-07-16,67.32707214355469,EWJ,8715c42e95742f801ef4ec47f9b9d6d368582fc648588a9d96d8e37949a947ae
2024-07-17,66.93377685546875,EWJ,8715c42e95742f801ef4ec47f9b9d6d368582fc648588a9d96d8e37949a947ae
2024-07-18,65.92247772216797,EWJ,8715c42e95742f801ef4ec47f9b9d6d368582fc648588a9d96d8e37949a947ae
2024-07-19,65.51045227050781,EWJ,8715c42e95742f801ef4ec47f9b9d6d368582fc648588a9d96d8e37949a947ae
2024-07-22,65.8288345336914,EWJ,8715c42e95742f801ef4ec47f9b9d6d368582fc648588a9d96d8e37949a947ae
2024-07-23,65.77263641357422,EWJ,8715c42e95742f801ef4ec47f9b9d6d368582fc648588a9d96d8e37949a947ae
2024-07-24,64.48040771484375,EWJ,8715c42e95742f801ef4ec47f9b9d6d368582fc648588a9d96d8e37949a947ae
2024-07-25,63.46909713745117,EWJ,8715c42e95742f801ef4ec47f9b9d6d368582fc648588a9d96d8e37949a947ae
2024-07-26,64.32122802734375,EWJ,8715c42e95742f801ef4ec47f9b9d6d368582fc648588a9d96d8e37949a947ae
2024-07-29,64.4710464477539,EWJ,8715c42e95742f801ef4ec47f9b9d6d368582fc648588a9d96d8e37949a947ae
2024-07-30,64.55532836914062,EWJ,8715c42e95742f801ef4ec47f9b9d6d368582fc648588a9d96d8e37949a947ae
2024-07-31,66.45622253417969,EWJ,8715c42e95742f801ef4ec47f9b9d6d368582fc648588a9d96d8e37949a947ae
2024-08-01,63.25373458862305,EWJ,8715c42e95742f801ef4ec47f9b9d6d368582fc648588a9d96d8e37949a947ae
2024-08-02,60.53817367553711,EWJ,8715c42e95742f801ef4ec47f9b9d6d368582fc648588a9d96d8e37949a947ae
2024-08-05,59.39577102661133,EWJ,8715c42e95742f801ef4ec47f9b9d6d368582fc648588a9d96d8e37949a947ae
2024-08-06,59.1054801940918,EWJ,8715c42e95742f801ef4ec47f9b9d6d368582fc648588a9d96d8e37949a947ae
2024-08-07,60.08869934082031,EWJ,8715c42e95742f801ef4ec47f9b9d6d368582fc648588a9d96d8e37949a947ae
2024-08-08,61.36220169067383,EWJ,8715c42e95742f801ef4ec47f9b9d6d368582fc648588a9d96d8e37949a947ae
2024-08-09,61.21238708496094,EWJ,8715c42e95742f801ef4ec47f9b9d6d368582fc648588a9d96d8e37949a947ae
2024-08-12,61.54949188232422,EWJ,8715c42e95742f801ef4ec47f9b9d6d368582fc648588a9d96d8e37949a947ae
2024-08-13,63.30990982055664,EWJ,8715c42e95742f801ef4ec47f9b9d6d368582fc648588a9d96d8e37949a947ae
2024-08-14,63.40355682373047,EWJ,8715c42e95742f801ef4ec47f9b9d6d368582fc648588a9d96d8e37949a947ae
2024-08-15,64.62088012695312,EWJ,8715c42e95742f801ef4ec47f9b9d6d368582fc648588a9d96d8e37949a947ae
2024-08-16,64.95797729492188,EWJ,8715c42e95742f801ef4ec47f9b9d6d368582fc648588a9d96d8e37949a947ae
2024-08-19,65.885009765625,EWJ,8715c42e95742f801ef4ec47f9b9d6d368582fc648588a9d96d8e37949a947ae
2024-08-20,65.56663513183594,EWJ,8715c42e95742f801ef4ec47f9b9d6d368582fc648588a9d96d8e37949a947ae
2024-08-21,66.32511901855469,EWJ,8715c42e95742f801ef4ec47f9b9d6d368582fc648588a9d96d8e37949a947ae
2024-08-22,65.83818817138672,EWJ,8715c42e95742f801ef4ec47f9b9d6d368582fc648588a9d96d8e37949a947ae
2024-08-23,67.35515594482422,EWJ,8715c42e95742f801ef4ec47f9b9d6d368582fc648588a9d96d8e37949a947ae
2024-08-26,66.51239013671875,EWJ,8715c42e95742f801ef4ec47f9b9d6d368582fc648588a9d96d8e37949a947ae
2024-08-27,67.16788482666016,EWJ,8715c42e95742f801ef4ec47f9b9d6d368582fc648588a9d96d8e37949a947ae
2024-08-28,66.87759399414062,EWJ,8715c42e95742f801ef4ec47f9b9d6d368582fc648588a9d96d8e37949a947ae
2024-08-29,66.9899673461914,EWJ,8715c42e95742f801ef4ec47f9b9d6d368582fc648588a9d96d8e37949a947ae
2024-08-30,67.39260864257812,EWJ,8715c42e95742f801ef4ec47f9b9d6d368582fc648588a9d96d8e37949a947ae
2024-09-03,66.38130187988281,EWJ,8715c42e95742f801ef4ec47f9b9d6d368582fc648588a9d96d8e37949a947ae
2024-09-04,65.6977310180664,EWJ,8715c42e95742f801ef4ec47f9b9d6d368582fc648588a9d96d8e37949a947ae
2024-09-05,66.09102630615234,EWJ,8715c42e95742f801ef4ec47f9b9d6d368582fc648588a9d96d8e37949a947ae
2024-09-06,63.75938034057617,EWJ,8715c42e95742f801ef4ec47f9b9d6d368582fc648588a9d96d8e37949a947ae
2024-09-09,64.92051696777344,EWJ,8715c42e95742f801ef4ec47f9b9d6d368582fc648588a9d96d8e37949a947ae
2024-09-10,64.74259948730469,EWJ,8715c42e95742f801ef4ec47f9b9d6d368582fc648588a9d96d8e37949a947ae
2024-09-11,65.13589477539062,EWJ,8715c42e95742f801ef4ec47f9b9d6d368582fc648588a9d96d8e37949a947ae
2024-09-12,65.78199768066406,EWJ,8715c42e95742f801ef4ec47f9b9d6d368582fc648588a9d96d8e37949a947ae
2024-09-13,65.42617797851562,EWJ,8715c42e95742f801ef4ec47f9b9d6d368582fc648588a9d96d8e37949a947ae
2024-09-16,66.05355834960938,EWJ,8715c42e95742f801ef4ec47f9b9d6d368582fc648588a9d96d8e37949a947ae
2024-09-17,65.2763442993164,EWJ,8715c42e95742f801ef4ec47f9b9d6d368582fc648588a9d96d8e37949a947ae
2024-09-18,64.9767074584961,EWJ,8715c42e95742f801ef4ec47f9b9d6d368582fc648588a9d96d8e37949a947ae
2024-09-19,66.6996841430664,EWJ,8715c42e95742f801ef4ec47f9b9d6d368582fc648588a9d96d8e37949a947ae
2024-09-20,66.73713684082031,EWJ,8715c42e95742f801ef4ec47f9b9d6d368582fc648588a9d96d8e37949a947ae
2024-09-23,67.13977813720703,EWJ,8715c42e95742f801ef4ec47f9b9d6d368582fc648588a9d96d8e37949a947ae
2024-09-24,66.55921936035156,EWJ,8715c42e95742f801ef4ec47f9b9d6d368582fc648588a9d96d8e37949a947ae
2024-09-25,66.43748474121094,EWJ,8715c42e95742f801ef4ec47f9b9d6d368582fc648588a9d96d8e37949a947ae
2024-09-26,68.34774017333984,EWJ,8715c42e95742f801ef4ec47f9b9d6d368582fc648588a9d96d8e37949a947ae
2024-09-27,66.55921936035156,EWJ,8715c42e95742f801ef4ec47f9b9d6d368582fc648588a9d96d8e37949a947ae
2024-09-30,66.9899673461914,EWJ,8715c42e95742f801ef4ec47f9b9d6d368582fc648588a9d96d8e37949a947ae
2024-10-01,67.0835952758789,EWJ,8715c42e95742f801ef4ec47f9b9d6d368582fc648588a9d96d8e37949a947ae
2024-10-02,66.6996841430664,EWJ,8715c42e95742f801ef4ec47f9b9d6d368582fc648588a9d96d8e37949a947ae
2024-10-03,66.43748474121094,EWJ,8715c42e95742f801ef4ec47f9b9d6d368582fc648588a9d96d8e37949a947ae
2024-10-04,67.3083267211914,EWJ,8715c42e95742f801ef4ec47f9b9d6d368582fc648588a9d96d8e37949a947ae
2024-10-07,66.52176666259766,EWJ,8715c42e95742f801ef4ec47f9b9d6d368582fc648588a9d96d8e37949a947ae
2024-10-08,66.72776794433594,EWJ,8715c42e95742f801ef4ec47f9b9d6d368582fc648588a9d96d8e37949a947ae
2024-10-09,66.38130187988281,EWJ,8715c42e95742f801ef4ec47f9b9d6d368582fc648588a9d96d8e37949a947ae
2024-10-10,66.39066314697266,EWJ,8715c42e95742f801ef4ec47f9b9d6d368582fc648588a9d96d8e37949a947ae
2024-10-11,66.5311279296875,EWJ,8715c42e95742f801ef4ec47f9b9d6d368582fc648588a9d96d8e37949a947ae
2024-10-14,66.64348602294922,EWJ,8715c42e95742f801ef4ec47f9b9d6d368582fc648588a9d96d8e37949a947ae
2024-10-15,65.2763442993164,EWJ,8715c42e95742f801ef4ec47f9b9d6d368582fc648588a9d96d8e37949a947ae
2024-10-16,65.66963958740234,EWJ,8715c42e95742f801ef4ec47f9b9d6d368582fc648588a9d96d8e37949a947ae
2024-10-17,65.32317352294922,EWJ,8715c42e95742f801ef4ec47f9b9d6d368582fc648588a9d96d8e37949a947ae
2024-10-18,65.66963958740234,EWJ,8715c42e95742f801ef4ec47f9b9d6d368582fc648588a9d96d8e37949a947ae
2024-10-21,64.58341979980469,EWJ,8715c42e95742f801ef4ec47f9b9d6d368582fc648588a9d96d8e37949a947ae
2024-10-22,63.731292724609375,EWJ,8715c42e95742f801ef4ec47f9b9d6d368582fc648588a9d96d8e37949a947ae
2024-10-23,62.42969512939453,EWJ,8715c42e95742f801ef4ec47f9b9d6d368582fc648588a9d96d8e37949a947ae
2024-10-24,62.94471740722656,EWJ,8715c42e95742f801ef4ec47f9b9d6d368582fc648588a9d96d8e37949a947ae
2024-10-25,62.96343994140625,EWJ,8715c42e95742f801ef4ec47f9b9d6d368582fc648588a9d96d8e37949a947ae
2024-10-28,63.39418029785156,EWJ,8715c42e95742f801ef4ec47f9b9d6d368582fc648588a9d96d8e37949a947ae
2024-10-29,64.01221466064453,EWJ,8715c42e95742f801ef4ec47f9b9d6d368582fc648588a9d96d8e37949a947ae
2024-10-30,64.06839752197266,EWJ,8715c42e95742f801ef4ec47f9b9d6d368582fc648588a9d96d8e37949a947ae
2024-10-31,63.740657806396484,EWJ,8715c42e95742f801ef4ec47f9b9d6d368582fc648588a9d96d8e37949a947ae
2024-11-01,63.65638732910156,EWJ,8715c42e95742f801ef4ec47f9b9d6d368582fc648588a9d96d8e37949a947ae
2024-11-04,63.712562561035156,EWJ,8715c42e95742f801ef4ec47f9b9d6d368582fc648588a9d96d8e37949a947ae
2024-11-05,64.67705535888672,EWJ,8715c42e95742f801ef4ec47f9b9d6d368582fc648588a9d96d8e37949a947ae
2024-11-06,64.96733856201172,EWJ,8715c42e95742f801ef4ec47f9b9d6d368582fc648588a9d96d8e37949a947ae
2024-11-07,65.52918243408203,EWJ,8715c42e95742f801ef4ec47f9b9d6d368582fc648588a9d96d8e37949a947ae
2024-11-08,65.01415252685547,EWJ,8715c42e95742f801ef4ec47f9b9d6d368582fc648588a9d96d8e37949a947ae
2024-11-11,65.17334747314453,EWJ,8715c42e95742f801ef4ec47f9b9d6d368582fc648588a9d96d8e37949a947ae
2024-11-12,64.143310546875,EWJ,8715c42e95742f801ef4ec47f9b9d6d368582fc648588a9d96d8e37949a947ae
2024-11-13,63.431644439697266,EWJ,8715c42e95742f801ef4ec47f9b9d6d368582fc648588a9d96d8e37949a947ae
2024-11-14,63.506553649902344,EWJ,8715c42e95742f801ef4ec47f9b9d6d368582fc648588a9d96d8e37949a947ae
2024-11-15,63.19754409790039,EWJ,8715c42e95742f801ef4ec47f9b9d6d368582fc648588a9d96d8e37949a947ae
2024-11-18,63.562744140625,EWJ,8715c42e95742f801ef4ec47f9b9d6d368582fc648588a9d96d8e37949a947ae
2024-11-19,63.46909713745117,EWJ,8715c42e95742f801ef4ec47f9b9d6d368582fc648588a9d96d8e37949a947ae
2024-11-20,63.00090026855469,EWJ,8715c42e95742f801ef4ec47f9b9d6d368582fc648588a9d96d8e37949a947ae
2024-11-21,63.17881774902344,EWJ,8715c42e95742f801ef4ec47f9b9d6d368582fc648588a9d96d8e37949a947ae
2024-11-22,63.6282844543457,EWJ,8715c42e95742f801ef4ec47f9b9d6d368582fc648588a9d96d8e37949a947ae
2024-11-25,64.06839752197266,EWJ,8715c42e95742f801ef4ec47f9b9d6d368582fc648588a9d96d8e37949a947ae
2024-11-26,63.740657806396484,EWJ,8715c42e95742f801ef4ec47f9b9d6d368582fc648588a9d96d8e37949a947ae
2024-11-27,63.562744140625,EWJ,8715c42e95742f801ef4ec47f9b9d6d368582fc648588a9d96d8e37949a947ae
2024-11-29,65.25762939453125,EWJ,8715c42e95742f801ef4ec47f9b9d6d368582fc648588a9d96d8e37949a947ae
2024-12-02,66.05355834960938,EWJ,8715c42e95742f801ef4ec47f9b9d6d368582fc648588a9d96d8e37949a947ae
2024-12-03,66.99932861328125,EWJ,8715c42e95742f801ef4ec47f9b9d6d368582fc648588a9d96d8e37949a947ae
2024-12-04,66.62477111816406,EWJ,8715c42e95742f801ef4ec47f9b9d6d368582fc648588a9d96d8e37949a947ae
2024-12-05,66.5030288696289,EWJ,8715c42e95742f801ef4ec47f9b9d6d368582fc648588a9d96d8e37949a947ae
2024-12-06,66.55921936035156,EWJ,8715c42e95742f801ef4ec47f9b9d6d368582fc648588a9d96d8e37949a947ae
2024-12-09,65.97864532470703,EWJ,8715c42e95742f801ef4ec47f9b9d6d368582fc648588a9d96d8e37949a947ae
2024-12-10,65.62281799316406,EWJ,8715c42e95742f801ef4ec47f9b9d6d368582fc648588a9d96d8e37949a947ae
2024-12-11,66.54985046386719,EWJ,8715c42e95742f801ef4ec47f9b9d6d368582fc648588a9d96d8e37949a947ae
2024-12-12,65.89437103271484,EWJ,8715c42e95742f801ef4ec47f9b9d6d368582fc648588a9d96d8e37949a947ae
2024-12-13,65.1171646118164,EWJ,8715c42e95742f801ef4ec47f9b9d6d368582fc648588a9d96d8e37949a947ae
2024-12-16,64.78006744384766,EWJ,8715c42e95742f801ef4ec47f9b9d6d368582fc648588a9d96d8e37949a947ae
2024-12-17,64.55561828613281,EWJ,8715c42e95742f801ef4ec47f9b9d6d368582fc648588a9d96d8e37949a947ae
2024-12-18,62.938873291015625,EWJ,8715c42e95742f801ef4ec47f9b9d6d368582fc648588a9d96d8e37949a947ae
2024-12-19,63.138587951660156,EWJ,8715c42e95742f801ef4ec47f9b9d6d368582fc648588a9d96d8e37949a947ae
2024-12-20,62.96739959716797,EWJ,8715c42e95742f801ef4ec47f9b9d6d368582fc648588a9d96d8e37949a947ae
2024-12-23,63.23369216918945,EWJ,8715c42e95742f801ef4ec47f9b9d6d368582fc648588a9d96d8e37949a947ae
2024-12-24,63.195648193359375,EWJ,8715c42e95742f801ef4ec47f9b9d6d368582fc648588a9d96d8e37949a947ae
2024-12-26,63.92793655395508,EWJ,8715c42e95742f801ef4ec47f9b9d6d368582fc648588a9d96d8e37949a947ae
2024-12-27,64.4129638671875,EWJ,8715c42e95742f801ef4ec47f9b9d6d368582fc648588a9d96d8e37949a947ae
2024-12-30,63.870880126953125,EWJ,8715c42e95742f801ef4ec47f9b9d6d368582fc648588a9d96d8e37949a947ae
2024-12-31,63.813819885253906,EWJ,8715c42e95742f801ef4ec47f9b9d6d368582fc648588a9d96d8e37949a947ae
2025-01-02,63.72822189331055,EWJ,8715c42e95742f801ef4ec47f9b9d6d368582fc648588a9d96d8e37949a947ae
2025-01-03,63.98500061035156,EWJ,8715c42e95742f801ef4ec47f9b9d6d368582fc648588a9d96d8e37949a947ae
2025-01-06,64.12764739990234,EWJ,8715c42e95742f801ef4ec47f9b9d6d368582fc648588a9d96d8e37949a947ae
2025-01-07,63.97549057006836,EWJ,8715c42e95742f801ef4ec47f9b9d6d368582fc648588a9d96d8e37949a947ae
2025-01-08,63.813819885253906,EWJ,8715c42e95742f801ef4ec47f9b9d6d368582fc648588a9d96d8e37949a947ae
2025-01-10,62.04490280151367,EWJ,8715c42e95742f801ef4ec47f9b9d6d368582fc648588a9d96d8e37949a947ae
2025-01-13,62.21609115600586,EWJ,8715c42e95742f801ef4ec47f9b9d6d368582fc648588a9d96d8e37949a947ae
2025-01-14,62.09246063232422,EWJ,8715c42e95742f801ef4ec47f9b9d6d368582fc648588a9d96d8e37949a947ae
2025-01-15,63.02445983886719,EWJ,8715c42e95742f801ef4ec47f9b9d6d368582fc648588a9d96d8e37949a947ae
2025-01-16,62.625030517578125,EWJ,8715c42e95742f801ef4ec47f9b9d6d368582fc648588a9d96d8e37949a947ae
2025-01-17,62.938873291015625,EWJ,8715c42e95742f801ef4ec47f9b9d6d368582fc648588a9d96d8e37949a947ae
2025-01-21,64.03255462646484,EWJ,8715c42e95742f801ef4ec47f9b9d6d368582fc648588a9d96d8e37949a947ae
2025-01-22,63.95646667480469,EWJ,8715c42e95742f801ef4ec47f9b9d6d368582fc648588a9d96d8e37949a947ae
2025-01-23,64.49855041503906,EWJ,8715c42e95742f801ef4ec47f9b9d6d368582fc648588a9d96d8e37949a947ae
2025-01-24,65.12622833251953,EWJ,8715c42e95742f801ef4ec47f9b9d6d368582fc648588a9d96d8e37949a947ae
2025-01-27,64.42247009277344,EWJ,8715c42e95742f801ef4ec47f9b9d6d368582fc648588a9d96d8e37949a947ae
2025-01-28,64.96455383300781,EWJ,8715c42e95742f801ef4ec47f9b9d6d368582fc648588a9d96d8e37949a947ae
2025-01-29,64.76483917236328,EWJ,8715c42e95742f801ef4ec47f9b9d6d368582fc648588a9d96d8e37949a947ae
2025-01-30,65.73489379882812,EWJ,8715c42e95742f801ef4ec47f9b9d6d368582fc648588a9d96d8e37949a947ae
2025-01-31,64.96455383300781,EWJ,8715c42e95742f801ef4ec47f9b9d6d368582fc648588a9d96d8e37949a947ae
2025-02-03,64.34639739990234,EWJ,8715c42e95742f801ef4ec47f9b9d6d368582fc648588a9d96d8e37949a947ae
2025-02-04,64.92650604248047,EWJ,8715c42e95742f801ef4ec47f9b9d6d368582fc648588a9d96d8e37949a947ae
2025-02-05,65.73489379882812,EWJ,8715c42e95742f801ef4ec47f9b9d6d368582fc648588a9d96d8e37949a947ae
2025-02-06,66.00117492675781,EWJ,8715c42e95742f801ef4ec47f9b9d6d368582fc648588a9d96d8e37949a947ae
2025-02-07,65.12622833251953,EWJ,8715c42e95742f801ef4ec47f9b9d6d368582fc648588a9d96d8e37949a947ae
2025-02-10,65.38300323486328,EWJ,8715c42e95742f801ef4ec47f9b9d6d368582fc648588a9d96d8e37949a947ae
2025-02-11,65.37349700927734,EWJ,8715c42e95742f801ef4ec47f9b9d6d368582fc648588a9d96d8e37949a947ae
2025-02-12,64.68875885009766,EWJ,8715c42e95742f801ef4ec47f9b9d6d368582fc648588a9d96d8e37949a947ae
2025-02-13,65.86803436279297,EWJ,8715c42e95742f801ef4ec47f9b9d6d368582fc648588a9d96d8e37949a947ae
2025-02-14,65.97264862060547,EWJ,8715c42e95742f801ef4ec47f9b9d6d368582fc648588a9d96d8e37949a947ae
2025-02-18,66.6668930053711,EWJ,8715c42e95742f801ef4ec47f9b9d6d368582fc648588a9d96d8e37949a947ae
2025-02-19,66.21039581298828,EWJ,8715c42e95742f801ef4ec47f9b9d6d368582fc648588a9d96d8e37949a947ae
2025-02-20,66.29598999023438,EWJ,8715c42e95742f801ef4ec47f9b9d6d368582fc648588a9d96d8e37949a947ae
2025-02-21,65.70635223388672,EWJ,8715c42e95742f801ef4ec47f9b9d6d368582fc648588a9d96d8e37949a947ae
2025-02-24,65.41154479980469,EWJ,8715c42e95742f801ef4ec47f9b9d6d368582fc648588a9d96d8e37949a947ae
2025-02-25,66.0677490234375,EWJ,8715c42e95742f801ef4ec47f9b9d6d368582fc648588a9d96d8e37949a947ae
2025-02-26,66.10578918457031,EWJ,8715c42e95742f801ef4ec47f9b9d6d368582fc648588a9d96d8e37949a947ae
2025-02-27,65.62076568603516,EWJ,8715c42e95742f801ef4ec47f9b9d6d368582fc648588a9d96d8e37949a947ae
2025-02-28,65.1167221069336,EWJ,8715c42e95742f801ef4ec47f9b9d6d368582fc648588a9d96d8e37949a947ae
2025-03-03,65.82048034667969,EWJ,8715c42e95742f801ef4ec47f9b9d6d368582fc648588a9d96d8e37949a947ae
2025-03-04,65.27839660644531,EWJ,8715c42e95742f801ef4ec47f9b9d6d368582fc648588a9d96d8e37949a947ae
2025-03-05,66.71444702148438,EWJ,8715c42e95742f801ef4ec47f9b9d6d368582fc648588a9d96d8e37949a947ae
2025-03-06,66.20088958740234,EWJ,8715c42e95742f801ef4ec47f9b9d6d368582fc648588a9d96d8e37949a947ae
2025-03-07,66.73346710205078,EWJ,8715c42e95742f801ef4ec47f9b9d6d368582fc648588a9d96d8e37949a947ae
2025-03-10,65.31644439697266,EWJ,8715c42e95742f801ef4ec47f9b9d6d368582fc648588a9d96d8e37949a947ae
2025-03-11,64.91700744628906,EWJ,8715c42e95742f801ef4ec47f9b9d6d368582fc648588a9d96d8e37949a947ae
2025-03-12,66.11529541015625,EWJ,8715c42e95742f801ef4ec47f9b9d6d368582fc648588a9d96d8e37949a947ae
2025-03-13,65.86803436279297,EWJ,8715c42e95742f801ef4ec47f9b9d6d368582fc648588a9d96d8e37949a947ae
2025-03-14,66.90464782714844,EWJ,8715c42e95742f801ef4ec47f9b9d6d368582fc648588a9d96d8e37949a947ae
2025-03-17,67.6083984375,EWJ,8715c42e95742f801ef4ec47f9b9d6d368582fc648588a9d96d8e37949a947ae
2025-03-18,67.41820526123047,EWJ,8715c42e95742f801ef4ec47f9b9d6d368582fc648588a9d96d8e37949a947ae
2025-03-19,68.18852996826172,EWJ,8715c42e95742f801ef4ec47f9b9d6d368582fc648588a9d96d8e37949a947ae
2025-03-20,67.8271484375,EWJ,8715c42e95742f801ef4ec47f9b9d6d368582fc648588a9d96d8e37949a947ae
2025-03-21,67.83666229248047,EWJ,8715c42e95742f801ef4ec47f9b9d6d368582fc648588a9d96d8e37949a947ae
2025-03-24,67.68448638916016,EWJ,8715c42e95742f801ef4ec47f9b9d6d368582fc648588a9d96d8e37949a947ae
2025-03-25,68.16950988769531,EWJ,8715c42e95742f801ef4ec47f9b9d6d368582fc648588a9d96d8e37949a947ae
2025-03-26,67.2850570678711,EWJ,8715c42e95742f801ef4ec47f9b9d6d368582fc648588a9d96d8e37949a947ae
2025-03-27,67.18994903564453,EWJ,8715c42e95742f801ef4ec47f9b9d6d368582fc648588a9d96d8e37949a947ae
2025-03-28,65.82998657226562,EWJ,8715c42e95742f801ef4ec47f9b9d6d368582fc648588a9d96d8e37949a947ae
2025-03-31,65.20230865478516,EWJ,8715c42e95742f801ef4ec47f9b9d6d368582fc648588a9d96d8e37949a947ae
2025-04-01,64.85993957519531,EWJ,8715c42e95742f801ef4ec47f9b9d6d368582fc648588a9d96d8e37949a947ae
2025-04-02,64.87896728515625,EWJ,8715c42e95742f801ef4ec47f9b9d6d368582fc648588a9d96d8e37949a947ae
2025-04-03,62.20658493041992,EWJ,8715c42e95742f801ef4ec47f9b9d6d368582fc648588a9d96d8e37949a947ae
2025-04-04,58.497581481933594,EWJ,8715c42e95742f801ef4ec47f9b9d6d368582fc648588a9d96d8e37949a947ae
2025-04-07,58.31688690185547,EWJ,8715c42e95742f801ef4ec47f9b9d6d368582fc648588a9d96d8e37949a947ae
2025-04-08,58.63072967529297,EWJ,8715c42e95742f801ef4ec47f9b9d6d368582fc648588a9d96d8e37949a947ae
2025-04-09,63.091033935546875,EWJ,8715c42e95742f801ef4ec47f9b9d6d368582fc648588a9d96d8e37949a947ae
2025-04-10,61.074867248535156,EWJ,8715c42e95742f801ef4ec47f9b9d6d368582fc648588a9d96d8e37949a947ae
2025-04-11,62.596500396728516,EWJ,8715c42e95742f801ef4ec47f9b9d6d368582fc648588a9d96d8e37949a947ae
2025-04-14,63.62360763549805,EWJ,8715c42e95742f801ef4ec47f9b9d6d368582fc648588a9d96d8e37949a947ae
2025-04-15,64.13716888427734,EWJ,8715c42e95742f801ef4ec47f9b9d6d368582fc648588a9d96d8e37949a947ae
2025-04-16,63.509490966796875,EWJ,8715c42e95742f801ef4ec47f9b9d6d368582fc648588a9d96d8e37949a947ae
2025-04-17,64.73631286621094,EWJ,8715c42e95742f801ef4ec47f9b9d6d368582fc648588a9d96d8e37949a947ae
2025-04-21,64.5936508178711,EWJ,8715c42e95742f801ef4ec47f9b9d6d368582fc648588a9d96d8e37949a947ae
2025-04-22,65.8775405883789,EWJ,8715c42e95742f801ef4ec47f9b9d6d368582fc648588a9d96d8e37949a947ae
2025-04-23,66.07726287841797,EWJ,8715c42e95742f801ef4ec47f9b9d6d368582fc648588a9d96d8e37949a947ae
2025-04-24,66.83807373046875,EWJ,8715c42e95742f801ef4ec47f9b9d6d368582fc648588a9d96d8e37949a947ae
2025-04-25,67.3040771484375,EWJ,8715c42e95742f801ef4ec47f9b9d6d368582fc648588a9d96d8e37949a947ae
2025-04-28,68.22657012939453,EWJ,8715c42e95742f801ef4ec47f9b9d6d368582fc648588a9d96d8e37949a947ae
2025-04-29,68.49286651611328,EWJ,8715c42e95742f801ef4ec47f9b9d6d368582fc648588a9d96d8e37949a947ae
2025-04-30,67.93175506591797,EWJ,8715c42e95742f801ef4ec47f9b9d6d368582fc648588a9d96d8e37949a947ae
2025-05-01,67.68448638916016,EWJ,8715c42e95742f801ef4ec47f9b9d6d368582fc648588a9d96d8e37949a947ae
2025-05-02,68.36923217773438,EWJ,8715c42e95742f801ef4ec47f9b9d6d368582fc648588a9d96d8e37949a947ae
2025-05-05,68.84474182128906,EWJ,8715c42e95742f801ef4ec47f9b9d6d368582fc648588a9d96d8e37949a947ae
2025-05-06,68.88278198242188,EWJ,8715c42e95742f801ef4ec47f9b9d6d368582fc648588a9d96d8e37949a947ae
2025-05-07,68.45482635498047,EWJ,8715c42e95742f801ef4ec47f9b9d6d368582fc648588a9d96d8e37949a947ae
2025-05-08,68.31216430664062,EWJ,8715c42e95742f801ef4ec47f9b9d6d368582fc648588a9d96d8e37949a947ae
2025-05-09,68.48335266113281,EWJ,8715c42e95742f801ef4ec47f9b9d6d368582fc648588a9d96d8e37949a947ae
2025-05-12,69.23466491699219,EWJ,8715c42e95742f801ef4ec47f9b9d6d368582fc648588a9d96d8e37949a947ae
2025-05-13,68.71159362792969,EWJ,8715c42e95742f801ef4ec47f9b9d6d368582fc648588a9d96d8e37949a947ae
2025-05-14,67.95077514648438,EWJ,8715c42e95742f801ef4ec47f9b9d6d368582fc648588a9d96d8e37949a947ae
2025-05-15,68.7591552734375,EWJ,8715c42e95742f801ef4ec47f9b9d6d368582fc648588a9d96d8e37949a947ae
2025-05-16,68.9398422241211,EWJ,8715c42e95742f801ef4ec47f9b9d6d368582fc648588a9d96d8e37949a947ae
2025-05-19,69.01593017578125,EWJ,8715c42e95742f801ef4ec47f9b9d6d368582fc648588a9d96d8e37949a947ae
2025-05-20,69.41535949707031,EWJ,8715c42e95742f801ef4ec47f9b9d6d368582fc648588a9d96d8e37949a947ae
2025-05-21,68.7686538696289,EWJ,8715c42e95742f801ef4ec47f9b9d6d368582fc648588a9d96d8e37949a947ae
2025-05-22,68.82572937011719,EWJ,8715c42e95742f801ef4ec47f9b9d6d368582fc648588a9d96d8e37949a947ae
2025-05-23,69.45339965820312,EWJ,8715c42e95742f801ef4ec47f9b9d6d368582fc648588a9d96d8e37949a947ae
2025-05-27,71.27936553955078,EWJ,8715c42e95742f801ef4ec47f9b9d6d368582fc648588a9d96d8e37949a947ae
2025-05-28,70.00499725341797,EWJ,8715c42e95742f801ef4ec47f9b9d6d368582fc648588a9d96d8e37949a947ae
2025-05-29,70.4044189453125,EWJ,8715c42e95742f801ef4ec47f9b9d6d368582fc648588a9d96d8e37949a947ae
2025-05-30,70.4900131225586,EWJ,8715c42e95742f801ef4ec47f9b9d6d368582fc648588a9d96d8e37949a947ae
2025-06-02,71.36495971679688,EWJ,8715c42e95742f801ef4ec47f9b9d6d368582fc648588a9d96d8e37949a947ae
2025-06-03,70.49952697753906,EWJ,8715c42e95742f801ef4ec47f9b9d6d368582fc648588a9d96d8e37949a947ae
2025-06-04,70.45197296142578,EWJ,8715c42e95742f801ef4ec47f9b9d6d368582fc648588a9d96d8e37949a947ae
2025-06-05,69.79576873779297,EWJ,8715c42e95742f801ef4ec47f9b9d6d368582fc648588a9d96d8e37949a947ae
2025-06-06,70.20470428466797,EWJ,8715c42e95742f801ef4ec47f9b9d6d368582fc648588a9d96d8e37949a947ae
2025-06-09,70.30931854248047,EWJ,8715c42e95742f801ef4ec47f9b9d6d368582fc648588a9d96d8e37949a947ae
2025-06-10,70.26177215576172,EWJ,8715c42e95742f801ef4ec47f9b9d6d368582fc648588a9d96d8e37949a947ae
2025-06-11,70.06204986572266,EWJ,8715c42e95742f801ef4ec47f9b9d6d368582fc648588a9d96d8e37949a947ae
2025-06-12,70.57560729980469,EWJ,8715c42e95742f801ef4ec47f9b9d6d368582fc648588a9d96d8e37949a947ae
2025-06-13,69.9954833984375,EWJ,8715c42e95742f801ef4ec47f9b9d6d368582fc648588a9d96d8e37949a947ae
2025-06-16,70.13066101074219,EWJ,8715c42e95742f801ef4ec47f9b9d6d368582fc648588a9d96d8e37949a947ae
2025-06-17,69.29656982421875,EWJ,8715c42e95742f801ef4ec47f9b9d6d368582fc648588a9d96d8e37949a947ae
2025-06-18,70.03479766845703,EWJ,8715c42e95742f801ef4ec47f9b9d6d368582fc648588a9d96d8e37949a947ae
2025-06-20,68.79803466796875,EWJ,8715c42e95742f801ef4ec47f9b9d6d368582fc648588a9d96d8e37949a947ae
2025-06-23,69.04730224609375,EWJ,8715c42e95742f801ef4ec47f9b9d6d368582fc648588a9d96d8e37949a947ae
2025-06-24,69.73757934570312,EWJ,8715c42e95742f801ef4ec47f9b9d6d368582fc648588a9d96d8e37949a947ae
2025-06-25,69.4499740600586,EWJ,8715c42e95742f801ef4ec47f9b9d6d368582fc648588a9d96d8e37949a947ae
2025-06-26,70.91681671142578,EWJ,8715c42e95742f801ef4ec47f9b9d6d368582fc648588a9d96d8e37949a947ae
2025-06-27,72.17274475097656,EWJ,8715c42e95742f801ef4ec47f9b9d6d368582fc648588a9d96d8e37949a947ae
2025-06-30,71.87554168701172,EWJ,8715c42e95742f801ef4ec47f9b9d6d368582fc648588a9d96d8e37949a947ae
2025-07-01,71.34823608398438,EWJ,8715c42e95742f801ef4ec47f9b9d6d368582fc648588a9d96d8e37949a947ae
2025-07-02,71.38658905029297,EWJ,8715c42e95742f801ef4ec47f9b9d6d368582fc648588a9d96d8e37949a947ae
2025-07-03,71.52080535888672,EWJ,8715c42e95742f801ef4ec47f9b9d6d368582fc648588a9d96d8e37949a947ae
2025-07-07,69.81428527832031,EWJ,8715c42e95742f801ef4ec47f9b9d6d368582fc648588a9d96d8e37949a947ae
2025-07-08,70.16901397705078,EWJ,8715c42e95742f801ef4ec47f9b9d6d368582fc648588a9d96d8e37949a947ae
2025-07-09,70.27447509765625,EWJ,8715c42e95742f801ef4ec47f9b9d6d368582fc648588a9d96d8e37949a947ae
2025-07-10,69.92933654785156,EWJ,8715c42e95742f801ef4ec47f9b9d6d368582fc648588a9d96d8e37949a947ae
2025-07-11,69.37327575683594,EWJ,8715c42e95742f801ef4ec47f9b9d6d368582fc648588a9d96d8e37949a947ae
2025-07-14,69.42120361328125,EWJ,8715c42e95742f801ef4ec47f9b9d6d368582fc648588a9d96d8e37949a947ae
2025-07-15,68.73092651367188,EWJ,8715c42e95742f801ef4ec47f9b9d6d368582fc648588a9d96d8e37949a947ae
2025-07-16,69.04730224609375,EWJ,8715c42e95742f801ef4ec47f9b9d6d368582fc648588a9d96d8e37949a947ae
2025-07-17,69.40203094482422,EWJ,8715c42e95742f801ef4ec47f9b9d6d368582fc648588a9d96d8e37949a947ae
2025-07-18,68.8459701538086,EWJ,8715c42e95742f801ef4ec47f9b9d6d368582fc648588a9d96d8e37949a947ae
2025-07-21,69.61295318603516,EWJ,8715c42e95742f801ef4ec47f9b9d6d368582fc648588a9d96d8e37949a947ae
2025-07-22,69.96768188476562,EWJ,8715c42e95742f801ef4ec47f9b9d6d368582fc648588a9d96d8e37949a947ae
2025-07-23,73.33280181884766,EWJ,8715c42e95742f801ef4ec47f9b9d6d368582fc648588a9d96d8e37949a947ae
2025-07-24,73.39032745361328,EWJ,8715c42e95742f801ef4ec47f9b9d6d368582fc648588a9d96d8e37949a947ae
2025-07-25,72.55623626708984,EWJ,8715c42e95742f801ef4ec47f9b9d6d368582fc648588a9d96d8e37949a947ae
2025-07-28,71.20442962646484,EWJ,8715c42e95742f801ef4ec47f9b9d6d368582fc648588a9d96d8e37949a947ae
2025-07-29,70.83052825927734,EWJ,8715c42e95742f801ef4ec47f9b9d6d368582fc648588a9d96d8e37949a947ae
2025-07-30,70.92640686035156,EWJ,8715c42e95742f801ef4ec47f9b9d6d368582fc648588a9d96d8e37949a947ae
2025-07-31,70.58126068115234,EWJ,8715c42e95742f801ef4ec47f9b9d6d368582fc648588a9d96d8e37949a947ae
2025-08-01,71.01268768310547,EWJ,8715c42e95742f801ef4ec47f9b9d6d368582fc648588a9d96d8e37949a947ae
2025-08-04,72.18233489990234,EWJ,8715c42e95742f801ef4ec47f9b9d6d368582fc648588a9d96d8e37949a947ae
2025-08-05,71.93306732177734,EWJ,8715c42e95742f801ef4ec47f9b9d6d368582fc648588a9d96d8e37949a947ae
2025-08-06,72.89178466796875,EWJ,8715c42e95742f801ef4ec47f9b9d6d368582fc648588a9d96d8e37949a947ae
2025-08-07,73.45743560791016,EWJ,8715c42e95742f801ef4ec47f9b9d6d368582fc648588a9d96d8e37949a947ae
2025-08-08,74.71336364746094,EWJ,8715c42e95742f801ef4ec47f9b9d6d368582fc648588a9d96d8e37949a947ae
2025-08-11,74.57913970947266,EWJ,8715c42e95742f801ef4ec47f9b9d6d368582fc648588a9d96d8e37949a947ae
2025-08-12,75.95970916748047,EWJ,8715c42e95742f801ef4ec47f9b9d6d368582fc648588a9d96d8e37949a947ae
2025-08-13,75.99805450439453,EWJ,8715c42e95742f801ef4ec47f9b9d6d368582fc648588a9d96d8e37949a947ae
2025-08-14,75.54745483398438,EWJ,8715c42e95742f801ef4ec47f9b9d6d368582fc648588a9d96d8e37949a947ae
2025-08-15,76.84173583984375,EWJ,8715c42e95742f801ef4ec47f9b9d6d368582fc648588a9d96d8e37949a947ae
2025-08-18,76.98554229736328,EWJ,8715c42e95742f801ef4ec47f9b9d6d368582fc648588a9d96d8e37949a947ae
2025-08-19,76.71709442138672,EWJ,8715c42e95742f801ef4ec47f9b9d6d368582fc648588a9d96d8e37949a947ae
2025-08-20,76.35277557373047,EWJ,8715c42e95742f801ef4ec47f9b9d6d368582fc648588a9d96d8e37949a947ae
2025-08-21,75.45157623291016,EWJ,8715c42e95742f801ef4ec47f9b9d6d368582fc648588a9d96d8e37949a947ae
2025-08-22,76.71709442138672,EWJ,8715c42e95742f801ef4ec47f9b9d6d368582fc648588a9d96d8e37949a947ae
2025-08-25,75.78713989257812,EWJ,8715c42e95742f801ef4ec47f9b9d6d368582fc648588a9d96d8e37949a947ae
2025-08-26,75.6624984741211,EWJ,8715c42e95742f801ef4ec47f9b9d6d368582fc648588a9d96d8e37949a947ae
2025-08-27,75.38446807861328,EWJ,8715c42e95742f801ef4ec47f9b9d6d368582fc648588a9d96d8e37949a947ae
2025-08-28,76.01722717285156,EWJ,8715c42e95742f801ef4ec47f9b9d6d368582fc648588a9d96d8e37949a947ae
2025-08-29,75.04891967773438,EWJ,8715c42e95742f801ef4ec47f9b9d6d368582fc648588a9d96d8e37949a947ae
2025-09-02,74.92427825927734,EWJ,8715c42e95742f801ef4ec47f9b9d6d368582fc648588a9d96d8e37949a947ae
2025-09-03,74.71336364746094,EWJ,8715c42e95742f801ef4ec47f9b9d6d368582fc648588a9d96d8e37949a947ae
2025-09-04,75.48033905029297,EWJ,8715c42e95742f801ef4ec47f9b9d6d368582fc648588a9d96d8e37949a947ae
2025-09-05,75.9117660522461,EWJ,8715c42e95742f801ef4ec47f9b9d6d368582fc648588a9d96d8e37949a947ae
2025-09-08,77.61829376220703,EWJ,8715c42e95742f801ef4ec47f9b9d6d368582fc648588a9d96d8e37949a947ae
2025-09-09,76.75543975830078,EWJ,8715c42e95742f801ef4ec47f9b9d6d368582fc648588a9d96d8e37949a947ae
2025-09-10,77.0430679321289,EWJ,8715c42e95742f801ef4ec47f9b9d6d368582fc648588a9d96d8e37949a947ae
2025-09-11,77.96343994140625,EWJ,8715c42e95742f801ef4ec47f9b9d6d368582fc648588a9d96d8e37949a947ae
2025-09-12,77.42655181884766,EWJ,8715c42e95742f801ef4ec47f9b9d6d368582fc648588a9d96d8e37949a947ae
2025-09-15,77.99220275878906,EWJ,8715c42e95742f801ef4ec47f9b9d6d368582fc648588a9d96d8e37949a947ae
2025-09-16,77.99220275878906,EWJ,8715c42e95742f801ef4ec47f9b9d6d368582fc648588a9d96d8e37949a947ae
2025-09-17,77.81963348388672,EWJ,8715c42e95742f801ef4ec47f9b9d6d368582fc648588a9d96d8e37949a947ae
2025-09-18,78.12641906738281,EWJ,8715c42e95742f801ef4ec47f9b9d6d368582fc648588a9d96d8e37949a947ae
2025-09-19,77.45531463623047,EWJ,8715c42e95742f801ef4ec47f9b9d6d368582fc648588a9d96d8e37949a947ae
2025-09-22,77.89632415771484,EWJ,8715c42e95742f801ef4ec47f9b9d6d368582fc648588a9d96d8e37949a947ae
2025-09-23,77.74292755126953,EWJ,8715c42e95742f801ef4ec47f9b9d6d368582fc648588a9d96d8e37949a947ae
2025-09-24,77.51283264160156,EWJ,8715c42e95742f801ef4ec47f9b9d6d368582fc648588a9d96d8e37949a947ae
2025-09-25,77.13893127441406,EWJ,8715c42e95742f801ef4ec47f9b9d6d368582fc648588a9d96d8e37949a947ae
2025-09-26,77.11976623535156,EWJ,8715c42e95742f801ef4ec47f9b9d6d368582fc648588a9d96d8e37949a947ae
2025-09-29,77.18687438964844,EWJ,8715c42e95742f801ef4ec47f9b9d6d368582fc648588a9d96d8e37949a947ae
2025-09-30,76.89925384521484,EWJ,8715c42e95742f801ef4ec47f9b9d6d368582fc648588a9d96d8e37949a947ae
2025-10-01,76.89925384521484,EWJ,8715c42e95742f801ef4ec47f9b9d6d368582fc648588a9d96d8e37949a947ae
2025-10-02,76.84173583984375,EWJ,8715c42e95742f801ef4ec47f9b9d6d368582fc648588a9d96d8e37949a947ae
2025-10-03,78.40444946289062,EWJ,8715c42e95742f801ef4ec47f9b9d6d368582fc648588a9d96d8e37949a947ae
2025-10-06,79.83294677734375,EWJ,8715c42e95742f801ef4ec47f9b9d6d368582fc648588a9d96d8e37949a947ae
2025-10-07,78.57701873779297,EWJ,8715c42e95742f801ef4ec47f9b9d6d368582fc648588a9d96d8e37949a947ae
2025-10-08,78.37569427490234,EWJ,8715c42e95742f801ef4ec47f9b9d6d368582fc648588a9d96d8e37949a947ae
2025-10-09,78.18394470214844,EWJ,8715c42e95742f801ef4ec47f9b9d6d368582fc648588a9d96d8e37949a947ae
2025-10-10,75.12561798095703,EWJ,8715c42e95742f801ef4ec47f9b9d6d368582fc648588a9d96d8e37949a947ae
2025-10-13,76.01722717285156,EWJ,8715c42e95742f801ef4ec47f9b9d6d368582fc648588a9d96d8e37949a947ae
2025-10-14,76.73627471923828,EWJ,8715c42e95742f801ef4ec47f9b9d6d368582fc648588a9d96d8e37949a947ae
2025-10-15,77.93467712402344,EWJ,8715c42e95742f801ef4ec47f9b9d6d368582fc648588a9d96d8e37949a947ae
2025-10-16,78.18394470214844,EWJ,8715c42e95742f801ef4ec47f9b9d6d368582fc648588a9d96d8e37949a947ae
2025-10-17,78.61537170410156,EWJ,8715c42e95742f801ef4ec47f9b9d6d368582fc648588a9d96d8e37949a947ae
2025-10-20,80.09180450439453,EWJ,8715c42e95742f801ef4ec47f9b9d6d368582fc648588a9d96d8e37949a947ae
2025-10-21,79.1618423461914,EWJ,8715c42e95742f801ef4ec47f9b9d6d368582fc648588a9d96d8e37949a947ae
2025-10-22,78.7879409790039,EWJ,8715c42e95742f801ef4ec47f9b9d6d368582fc648588a9d96d8e37949a947ae
2025-10-23,78.8262939453125,EWJ,8715c42e95742f801ef4ec47f9b9d6d368582fc648588a9d96d8e37949a947ae
2025-10-24,79.0947265625,EWJ,8715c42e95742f801ef4ec47f9b9d6d368582fc648588a9d96d8e37949a947ae
2025-10-27,80.08221435546875,EWJ,8715c42e95742f801ef4ec47f9b9d6d368582fc648588a9d96d8e37949a947ae
2025-10-28,80.46570587158203,EWJ,8715c42e95742f801ef4ec47f9b9d6d368582fc648588a9d96d8e37949a947ae
2025-10-29,79.79460144042969,EWJ,8715c42e95742f801ef4ec47f9b9d6d368582fc648588a9d96d8e37949a947ae
2025-10-30,79.77542877197266,EWJ,8715c42e95742f801ef4ec47f9b9d6d368582fc648588a9d96d8e37949a947ae
2025-10-31,80.0055160522461,EWJ,8715c42e95742f801ef4ec47f9b9d6d368582fc648588a9d96d8e37949a947ae
2025-11-03,80.18767547607422,EWJ,8715c42e95742f801ef4ec47f9b9d6d368582fc648588a9d96d8e37949a947ae
2025-11-04,79.4111099243164,EWJ,8715c42e95742f801ef4ec47f9b9d6d368582fc648588a9d96d8e37949a947ae
2025-11-05,79.38235473632812,EWJ,8715c42e95742f801ef4ec47f9b9d6d368582fc648588a9d96d8e37949a947ae
2025-11-06,79.5357437133789,EWJ,8715c42e95742f801ef4ec47f9b9d6d368582fc648588a9d96d8e37949a947ae
2025-11-07,79.85212707519531,EWJ,8715c42e95742f801ef4ec47f9b9d6d368582fc648588a9d96d8e37949a947ae
2025-11-10,80.22602844238281,EWJ,8715c42e95742f801ef4ec47f9b9d6d368582fc648588a9d96d8e37949a947ae
2025-11-11,80.29313659667969,EWJ,8715c42e95742f801ef4ec47f9b9d6d368582fc648588a9d96d8e37949a947ae
2025-11-12,80.85877990722656,EWJ,8715c42e95742f801ef4ec47f9b9d6d368582fc648588a9d96d8e37949a947ae
2025-11-13,79.58367919921875,EWJ,8715c42e95742f801ef4ec47f9b9d6d368582fc648588a9d96d8e37949a947ae
2025-11-14,80.5136489868164,EWJ,8715c42e95742f801ef4ec47f9b9d6d368582fc648588a9d96d8e37949a947ae
2025-11-17,79.06597137451172,EWJ,8715c42e95742f801ef4ec47f9b9d6d368582fc648588a9d96d8e37949a947ae
2025-11-18,77.44572448730469,EWJ,8715c42e95742f801ef4ec47f9b9d6d368582fc648588a9d96d8e37949a947ae
2025-11-19,77.349853515625,EWJ,8715c42e95742f801ef4ec47f9b9d6d368582fc648588a9d96d8e37949a947ae
2025-11-20,76.20897674560547,EWJ,8715c42e95742f801ef4ec47f9b9d6d368582fc648588a9d96d8e37949a947ae
2025-11-21,77.83880615234375,EWJ,8715c42e95742f801ef4ec47f9b9d6d368582fc648588a9d96d8e37949a947ae
2025-11-24,78.36609649658203,EWJ,8715c42e95742f801ef4ec47f9b9d6d368582fc648588a9d96d8e37949a947ae
2025-11-25,78.53866577148438,EWJ,8715c42e95742f801ef4ec47f9b9d6d368582fc648588a9d96d8e37949a947ae
2025-11-26,79.8233642578125,EWJ,8715c42e95742f801ef4ec47f9b9d6d368582fc648588a9d96d8e37949a947ae
2025-11-28,79.58367919921875,EWJ,8715c42e95742f801ef4ec47f9b9d6d368582fc648588a9d96d8e37949a947ae
2025-12-01,79.12348937988281,EWJ,8715c42e95742f801ef4ec47f9b9d6d368582fc648588a9d96d8e37949a947ae
2025-12-02,79.06597137451172,EWJ,8715c42e95742f801ef4ec47f9b9d6d368582fc648588a9d96d8e37949a947ae
2025-12-03,79.20018768310547,EWJ,8715c42e95742f801ef4ec47f9b9d6d368582fc648588a9d96d8e37949a947ae
2025-12-04,80.16851043701172,EWJ,8715c42e95742f801ef4ec47f9b9d6d368582fc648588a9d96d8e37949a947ae
2025-12-05,80.24519348144531,EWJ,8715c42e95742f801ef4ec47f9b9d6d368582fc648588a9d96d8e37949a947ae
2025-12-08,79.7562484741211,EWJ,8715c42e95742f801ef4ec47f9b9d6d368582fc648588a9d96d8e37949a947ae
2025-12-09,79.87129211425781,EWJ,8715c42e95742f801ef4ec47f9b9d6d368582fc648588a9d96d8e37949a947ae
2025-12-10,80.44654083251953,EWJ,8715c42e95742f801ef4ec47f9b9d6d368582fc648588a9d96d8e37949a947ae
2025-12-11,80.74373626708984,EWJ,8715c42e95742f801ef4ec47f9b9d6d368582fc648588a9d96d8e37949a947ae
2025-12-12,80.5328140258789,EWJ,8715c42e95742f801ef4ec47f9b9d6d368582fc648588a9d96d8e37949a947ae
2025-12-15,81.36690521240234,EWJ,8715c42e95742f801ef4ec47f9b9d6d368582fc648588a9d96d8e37949a947ae
2025-12-16,80.41309356689453,EWJ,8715c42e95742f801ef4ec47f9b9d6d368582fc648588a9d96d8e37949a947ae
2025-12-17,79.30908966064453,EWJ,8715c42e95742f801ef4ec47f9b9d6d368582fc648588a9d96d8e37949a947ae
2025-12-18,79.53784942626953,EWJ,8715c42e95742f801ef4ec47f9b9d6d368582fc648588a9d96d8e37949a947ae
2025-12-19,80.1445541381836,EWJ,8715c42e95742f801ef4ec47f9b9d6d368582fc648588a9d96d8e37949a947ae
2025-12-22,80.02519989013672,EWJ,8715c42e95742f801ef4ec47f9b9d6d368582fc648588a9d96d8e37949a947ae
2025-12-23,80.70152282714844,EWJ,8715c42e95742f801ef4ec47f9b9d6d368582fc648588a9d96d8e37949a947ae
2025-12-24,80.5622787475586,EWJ,8715c42e95742f801ef4ec47f9b9d6d368582fc648588a9d96d8e37949a947ae
2025-12-26,80.5324478149414,EWJ,8715c42e95742f801ef4ec47f9b9d6d368582fc648588a9d96d8e37949a947ae
2025-12-29,80.65179443359375,EWJ,8715c42e95742f801ef4ec47f9b9d6d368582fc648588a9d96d8e37949a947ae
2025-12-30,80.54238891601562,EWJ,8715c42e95742f801ef4ec47f9b9d6d368582fc648588a9d96d8e37949a947ae
2025-12-31,80.30368041992188,EWJ,8715c42e95742f801ef4ec47f9b9d6d368582fc648588a9d96d8e37949a947ae
2026-01-02,80.8905029296875,EWJ,8715c42e95742f801ef4ec47f9b9d6d368582fc648588a9d96d8e37949a947ae
2026-01-05,82.68077087402344,EWJ,8715c42e95742f801ef4ec47f9b9d6d368582fc648588a9d96d8e37949a947ae
2026-01-06,82.62109375,EWJ,8715c42e95742f801ef4ec47f9b9d6d368582fc648588a9d96d8e37949a947ae
2026-01-07,82.4719009399414,EWJ,8715c42e95742f801ef4ec47f9b9d6d368582fc648588a9d96d8e37949a947ae
2026-01-08,82.4122314453125,EWJ,8715c42e95742f801ef4ec47f9b9d6d368582fc648588a9d96d8e37949a947ae
2026-01-09,84.15277099609375,EWJ,8715c42e95742f801ef4ec47f9b9d6d368582fc648588a9d96d8e37949a947ae
2026-01-12,84.8291015625,EWJ,8715c42e95742f801ef4ec47f9b9d6d368582fc648588a9d96d8e37949a947ae
2026-01-13,83.99363708496094,EWJ,8715c42e95742f801ef4ec47f9b9d6d368582fc648588a9d96d8e37949a947ae
2026-01-14,84.58045196533203,EWJ,8715c42e95742f801ef4ec47f9b9d6d368582fc648588a9d96d8e37949a947ae
2026-01-15,84.9583969116211,EWJ,8715c42e95742f801ef4ec47f9b9d6d368582fc648588a9d96d8e37949a947ae
2026-01-16,85.01807403564453,EWJ,8715c42e95742f801ef4ec47f9b9d6d368582fc648588a9d96d8e37949a947ae
2026-01-20,83.26758575439453,EWJ,8715c42e95742f801ef4ec47f9b9d6d368582fc648588a9d96d8e37949a947ae
2026-01-21,84.32185363769531,EWJ,8715c42e95742f801ef4ec47f9b9d6d368582fc648588a9d96d8e37949a947ae
2026-01-22,84.40142059326172,EWJ,8715c42e95742f801ef4ec47f9b9d6d368582fc648588a9d96d8e37949a947ae
2026-01-23,84.10304260253906,EWJ,8715c42e95742f801ef4ec47f9b9d6d368582fc648588a9d96d8e37949a947ae
2026-01-26,84.17266082763672,EWJ,8715c42e95742f801ef4ec47f9b9d6d368582fc648588a9d96d8e37949a947ae
2026-01-27,85.3761215209961,EWJ,8715c42e95742f801ef4ec47f9b9d6d368582fc648588a9d96d8e37949a947ae
2026-01-28,84.74952697753906,EWJ,8715c42e95742f801ef4ec47f9b9d6d368582fc648588a9d96d8e37949a947ae
2026-01-29,85.62477111816406,EWJ,8715c42e95742f801ef4ec47f9b9d6d368582fc648588a9d96d8e37949a947ae
2026-01-30,85.25677490234375,EWJ,8715c42e95742f801ef4ec47f9b9d6d368582fc648588a9d96d8e37949a947ae
2026-02-02,85.42585754394531,EWJ,8715c42e95742f801ef4ec47f9b9d6d368582fc648588a9d96d8e37949a947ae
2026-02-03,86.21158599853516,EWJ,8715c42e95742f801ef4ec47f9b9d6d368582fc648588a9d96d8e37949a947ae
2026-02-04,87.01720428466797,EWJ,8715c42e95742f801ef4ec47f9b9d6d368582fc648588a9d96d8e37949a947ae
2026-02-05,85.63471984863281,EWJ,8715c42e95742f801ef4ec47f9b9d6d368582fc648588a9d96d8e37949a947ae
2026-02-06,88.9168930053711,EWJ,8715c42e95742f801ef4ec47f9b9d6d368582fc648588a9d96d8e37949a947ae
2026-02-09,90.79667663574219,EWJ,8715c42e95742f801ef4ec47f9b9d6d368582fc648588a9d96d8e37949a947ae
2026-02-10,92.59689331054688,EWJ,8715c42e95742f801ef4ec47f9b9d6d368582fc648588a9d96d8e37949a947ae
2026-02-11,93.46219635009766,EWJ,8715c42e95742f801ef4ec47f9b9d6d368582fc648588a9d96d8e37949a947ae
2026-02-12,92.86544036865234,EWJ,8715c42e95742f801ef4ec47f9b9d6d368582fc648588a9d96d8e37949a947ae
2026-02-13,93.34284210205078,EWJ,8715c42e95742f801ef4ec47f9b9d6d368582fc648588a9d96d8e37949a947ae
2026-02-17,91.37354278564453,EWJ,8715c42e95742f801ef4ec47f9b9d6d368582fc648588a9d96d8e37949a947ae
2026-02-18,90.88618469238281,EWJ,8715c42e95742f801ef4ec47f9b9d6d368582fc648588a9d96d8e37949a947ae
2026-02-19,90.70716094970703,EWJ,8715c42e95742f801ef4ec47f9b9d6d368582fc648588a9d96d8e37949a947ae
2026-02-20,90.97570037841797,EWJ,8715c42e95742f801ef4ec47f9b9d6d368582fc648588a9d96d8e37949a947ae
2026-02-23,90.89613342285156,EWJ,8715c42e95742f801ef4ec47f9b9d6d368582fc648588a9d96d8e37949a947ae
2026-02-24,90.73699951171875,EWJ,8715c42e95742f801ef4ec47f9b9d6d368582fc648588a9d96d8e37949a947ae
2026-02-25,91.94046020507812,EWJ,8715c42e95742f801ef4ec47f9b9d6d368582fc648588a9d96d8e37949a947ae
2026-02-26,91.9802474975586,EWJ,8715c42e95742f801ef4ec47f9b9d6d368582fc648588a9d96d8e37949a947ae
2026-02-27,91.87084197998047,EWJ,8715c42e95742f801ef4ec47f9b9d6d368582fc648588a9d96d8e37949a947ae
2026-03-02,89.71256256103516,EWJ,8715c42e95742f801ef4ec47f9b9d6d368582fc648588a9d96d8e37949a947ae
2026-03-03,86.36077880859375,EWJ,8715c42e95742f801ef4ec47f9b9d6d368582fc648588a9d96d8e37949a947ae
2026-03-04,88.11125946044922,EWJ,8715c42e95742f801ef4ec47f9b9d6d368582fc648588a9d96d8e37949a947ae
2026-03-05,85.42585754394531,EWJ,8715c42e95742f801ef4ec47f9b9d6d368582fc648588a9d96d8e37949a947ae
2026-03-06,84.31190490722656,EWJ,8715c42e95742f801ef4ec47f9b9d6d368582fc648588a9d96d8e37949a947ae
2026-03-09,85.17720794677734,EWJ,8715c42e95742f801ef4ec47f9b9d6d368582fc648588a9d96d8e37949a947ae
2026-03-10,85.9927749633789,EWJ,8715c42e95742f801ef4ec47f9b9d6d368582fc648588a9d96d8e37949a947ae
2026-03-11,85.2667236328125,EWJ,8715c42e95742f801ef4ec47f9b9d6d368582fc648588a9d96d8e37949a947ae
2026-03-12,83.73504638671875,EWJ,8715c42e95742f801ef4ec47f9b9d6d368582fc648588a9d96d8e37949a947ae
2026-03-13,82.90953063964844,EWJ,8715c42e95742f801ef4ec47f9b9d6d368582fc648588a9d96d8e37949a947ae
2026-03-16,84.61029052734375,EWJ,8715c42e95742f801ef4ec47f9b9d6d368582fc648588a9d96d8e37949a947ae
2026-03-17,84.62023162841797,EWJ,8715c42e95742f801ef4ec47f9b9d6d368582fc648588a9d96d8e37949a947ae
2026-03-18,83.69525909423828,EWJ,8715c42e95742f801ef4ec47f9b9d6d368582fc648588a9d96d8e37949a947ae
2026-03-19,83.62564086914062,EWJ,8715c42e95742f801ef4ec47f9b9d6d368582fc648588a9d96d8e37949a947ae
2026-03-20,80.76119995117188,EWJ,8715c42e95742f801ef4ec47f9b9d6d368582fc648588a9d96d8e37949a947ae
2026-03-23,83.09850311279297,EWJ,8715c42e95742f801ef4ec47f9b9d6d368582fc648588a9d96d8e37949a947ae
2026-03-24,82.8299560546875,EWJ,8715c42e95742f801ef4ec47f9b9d6d368582fc648588a9d96d8e37949a947ae
2026-03-25,84.2920150756836,EWJ,8715c42e95742f801ef4ec47f9b9d6d368582fc648588a9d96d8e37949a947ae
2026-03-26,82.2630386352539,EWJ,8715c42e95742f801ef4ec47f9b9d6d368582fc648588a9d96d8e37949a947ae
2026-03-27,80.98995971679688,EWJ,8715c42e95742f801ef4ec47f9b9d6d368582fc648588a9d96d8e37949a947ae
2026-03-30,81.0794677734375,EWJ,8715c42e95742f801ef4ec47f9b9d6d368582fc648588a9d96d8e37949a947ae
2026-03-31,83.98369598388672,EWJ,8715c42e95742f801ef4ec47f9b9d6d368582fc648588a9d96d8e37949a947ae
2026-04-01,86.0126724243164,EWJ,8715c42e95742f801ef4ec47f9b9d6d368582fc648588a9d96d8e37949a947ae
2026-04-02,84.8291015625,EWJ,8715c42e95742f801ef4ec47f9b9d6d368582fc648588a9d96d8e37949a947ae
2026-04-06,85.10758209228516,EWJ,8715c42e95742f801ef4ec47f9b9d6d368582fc648588a9d96d8e37949a947ae
2026-04-07,85.04791259765625,EWJ,8715c42e95742f801ef4ec47f9b9d6d368582fc648588a9d96d8e37949a947ae
2026-04-08,88.92683410644531,EWJ,8715c42e95742f801ef4ec47f9b9d6d368582fc648588a9d96d8e37949a947ae
2026-04-09,87.7432632446289,EWJ,8715c42e95742f801ef4ec47f9b9d6d368582fc648588a9d96d8e37949a947ae
2026-04-10,87.65374755859375,EWJ,8715c42e95742f801ef4ec47f9b9d6d368582fc648588a9d96d8e37949a947ae
2026-04-13,87.87255859375,EWJ,8715c42e95742f801ef4ec47f9b9d6d368582fc648588a9d96d8e37949a947ae
2026-04-14,88.92683410644531,EWJ,8715c42e95742f801ef4ec47f9b9d6d368582fc648588a9d96d8e37949a947ae
2026-04-15,88.58866882324219,EWJ,8715c42e95742f801ef4ec47f9b9d6d368582fc648588a9d96d8e37949a947ae
2026-04-16,88.92683410644531,EWJ,8715c42e95742f801ef4ec47f9b9d6d368582fc648588a9d96d8e37949a947ae
2026-04-17,89.70262145996094,EWJ,8715c42e95742f801ef4ec47f9b9d6d368582fc648588a9d96d8e37949a947ae
2026-04-20,88.8472671508789,EWJ,8715c42e95742f801ef4ec47f9b9d6d368582fc648588a9d96d8e37949a947ae
2026-04-21,86.66909790039062,EWJ,8715c42e95742f801ef4ec47f9b9d6d368582fc648588a9d96d8e37949a947ae
2026-04-22,87.28575134277344,EWJ,8715c42e95742f801ef4ec47f9b9d6d368582fc648588a9d96d8e37949a947ae
2026-04-23,86.59947967529297,EWJ,8715c42e95742f801ef4ec47f9b9d6d368582fc648588a9d96d8e37949a947ae
2026-04-24,86.84812927246094,EWJ,8715c42e95742f801ef4ec47f9b9d6d368582fc648588a9d96d8e37949a947ae
2026-04-27,87.20618438720703,EWJ,8715c42e95742f801ef4ec47f9b9d6d368582fc648588a9d96d8e37949a947ae
2026-04-28,87.08683013916016,EWJ,8715c42e95742f801ef4ec47f9b9d6d368582fc648588a9d96d8e37949a947ae
2026-04-29,86.34088134765625,EWJ,8715c42e95742f801ef4ec47f9b9d6d368582fc648588a9d96d8e37949a947ae
2026-04-30,88.6185073852539,EWJ,8715c42e95742f801ef4ec47f9b9d6d368582fc648588a9d96d8e37949a947ae
2026-05-01,87.82283782958984,EWJ,8715c42e95742f801ef4ec47f9b9d6d368582fc648588a9d96d8e37949a947ae
2026-05-04,87.64380645751953,EWJ,8715c42e95742f801ef4ec47f9b9d6d368582fc648588a9d96d8e37949a947ae
2026-05-05,88.77764892578125,EWJ,8715c42e95742f801ef4ec47f9b9d6d368582fc648588a9d96d8e37949a947ae
2026-05-06,91.1845703125,EWJ,8715c42e95742f801ef4ec47f9b9d6d368582fc648588a9d96d8e37949a947ae
2026-05-07,90.498291015625,EWJ,8715c42e95742f801ef4ec47f9b9d6d368582fc648588a9d96d8e37949a947ae
2026-05-08,91.72164916992188,EWJ,8715c42e95742f801ef4ec47f9b9d6d368582fc648588a9d96d8e37949a947ae
2026-05-11,91.76143646240234,EWJ,8715c42e95742f801ef4ec47f9b9d6d368582fc648588a9d96d8e37949a947ae
2026-05-12,91.56250762939453,EWJ,8715c42e95742f801ef4ec47f9b9d6d368582fc648588a9d96d8e37949a947ae
2026-05-13,92.58694458007812,EWJ,8715c42e95742f801ef4ec47f9b9d6d368582fc648588a9d96d8e37949a947ae
2026-05-14,91.56250762939453,EWJ,8715c42e95742f801ef4ec47f9b9d6d368582fc648588a9d96d8e37949a947ae
2026-05-15,90.57786560058594,EWJ,8715c42e95742f801ef4ec47f9b9d6d368582fc648588a9d96d8e37949a947ae
2026-05-18,90.42867279052734,EWJ,8715c42e95742f801ef4ec47f9b9d6d368582fc648588a9d96d8e37949a947ae
2026-05-19,89.80207824707031,EWJ,8715c42e95742f801ef4ec47f9b9d6d368582fc648588a9d96d8e37949a947ae
2026-05-20,90.71710968017578,EWJ,8715c42e95742f801ef4ec47f9b9d6d368582fc648588a9d96d8e37949a947ae
2026-05-21,90.8762435913086,EWJ,8715c42e95742f801ef4ec47f9b9d6d368582fc648588a9d96d8e37949a947ae
2026-05-22,91.11494445800781,EWJ,8715c42e95742f801ef4ec47f9b9d6d368582fc648588a9d96d8e37949a947ae
2026-05-26,92.3979721069336,EWJ,8715c42e95742f801ef4ec47f9b9d6d368582fc648588a9d96d8e37949a947ae
2026-05-27,91.79127502441406,EWJ,8715c42e95742f801ef4ec47f9b9d6d368582fc648588a9d96d8e37949a947ae
2026-05-28,92.19905090332031,EWJ,8715c42e95742f801ef4ec47f9b9d6d368582fc648588a9d96d8e37949a947ae
2026-05-29,92.45764923095703,EWJ,8715c42e95742f801ef4ec47f9b9d6d368582fc648588a9d96d8e37949a947ae
2026-06-01,92.42781066894531,EWJ,8715c42e95742f801ef4ec47f9b9d6d368582fc648588a9d96d8e37949a947ae
2026-06-02,93.07430267333984,EWJ,8715c42e95742f801ef4ec47f9b9d6d368582fc648588a9d96d8e37949a947ae
2026-06-03,93.43235778808594,EWJ,8715c42e95742f801ef4ec47f9b9d6d368582fc648588a9d96d8e37949a947ae
2026-06-04,93.62132263183594,EWJ,8715c42e95742f801ef4ec47f9b9d6d368582fc648588a9d96d8e37949a947ae
2026-06-05,90.2297592163086,EWJ,8715c42e95742f801ef4ec47f9b9d6d368582fc648588a9d96d8e37949a947ae
2026-06-08,91.4531021118164,EWJ,8715c42e95742f801ef4ec47f9b9d6d368582fc648588a9d96d8e37949a947ae
2026-06-09,90.45851135253906,EWJ,8715c42e95742f801ef4ec47f9b9d6d368582fc648588a9d96d8e37949a947ae
2026-06-10,88.80747985839844,EWJ,8715c42e95742f801ef4ec47f9b9d6d368582fc648588a9d96d8e37949a947ae
2026-06-11,91.6818618774414,EWJ,8715c42e95742f801ef4ec47f9b9d6d368582fc648588a9d96d8e37949a947ae
2026-06-12,92.20899963378906,EWJ,8715c42e95742f801ef4ec47f9b9d6d368582fc648588a9d96d8e37949a947ae
2026-06-15,94.05999755859375,EWJ,8715c42e95742f801ef4ec47f9b9d6d368582fc648588a9d96d8e37949a947ae
2026-06-16,94.12000274658203,EWJ,8715c42e95742f801ef4ec47f9b9d6d368582fc648588a9d96d8e37949a947ae
2026-06-17,94.44999694824219,EWJ,8715c42e95742f801ef4ec47f9b9d6d368582fc648588a9d96d8e37949a947ae
2026-06-18,96.26000213623047,EWJ,8715c42e95742f801ef4ec47f9b9d6d368582fc648588a9d96d8e37949a947ae
2026-06-22,96.97000122070312,EWJ,8715c42e95742f801ef4ec47f9b9d6d368582fc648588a9d96d8e37949a947ae
2026-06-23,92.75,EWJ,8715c42e95742f801ef4ec47f9b9d6d368582fc648588a9d96d8e37949a947ae
2026-06-24,92.61000061035156,EWJ,8715c42e95742f801ef4ec47f9b9d6d368582fc648588a9d96d8e37949a947ae
2026-06-25,93.38999938964844,EWJ,8715c42e95742f801ef4ec47f9b9d6d368582fc648588a9d96d8e37949a947ae
2026-06-26,92.80000305175781,EWJ,8715c42e95742f801ef4ec47f9b9d6d368582fc648588a9d96d8e37949a947ae
2026-06-29,93.20999908447266,EWJ,8715c42e95742f801ef4ec47f9b9d6d368582fc648588a9d96d8e37949a947ae
2026-06-30,93.2699966430664,EWJ,8715c42e95742f801ef4ec47f9b9d6d368582fc648588a9d96d8e37949a947ae
2026-07-01,93.05000305175781,EWJ,8715c42e95742f801ef4ec47f9b9d6d368582fc648588a9d96d8e37949a947ae
2026-07-02,93.13999938964844,EWJ,8715c42e95742f801ef4ec47f9b9d6d368582fc648588a9d96d8e37949a947ae
2026-07-06,95.2699966430664,EWJ,8715c42e95742f801ef4ec47f9b9d6d368582fc648588a9d96d8e37949a947ae
2026-07-07,93.06999969482422,EWJ,8715c42e95742f801ef4ec47f9b9d6d368582fc648588a9d96d8e37949a947ae
2026-07-08,92.54000091552734,EWJ,8715c42e95742f801ef4ec47f9b9d6d368582fc648588a9d96d8e37949a947ae
2026-07-09,93.5199966430664,EWJ,8715c42e95742f801ef4ec47f9b9d6d368582fc648588a9d96d8e37949a947ae
2026-07-10,94.55000305175781,EWJ,8715c42e95742f801ef4ec47f9b9d6d368582fc648588a9d96d8e37949a947ae
2026-07-13,92.72000122070312,EWJ,8715c42e95742f801ef4ec47f9b9d6d368582fc648588a9d96d8e37949a947ae
2026-07-14,93.88999938964844,EWJ,8715c42e95742f801ef4ec47f9b9d6d368582fc648588a9d96d8e37949a947ae
2026-07-15,93.5,EWJ,8715c42e95742f801ef4ec47f9b9d6d368582fc648588a9d96d8e37949a947ae
2026-07-16,91.91000366210938,EWJ,8715c42e95742f801ef4ec47f9b9d6d368582fc648588a9d96d8e37949a947ae
2026-07-17,90.48999786376953,EWJ,8715c42e95742f801ef4ec47f9b9d6d368582fc648588a9d96d8e37949a947ae
2026-07-20,90.43000030517578,EWJ,8715c42e95742f801ef4ec47f9b9d6d368582fc648588a9d96d8e37949a947ae
2026-07-21,92.73999786376953,EWJ,8715c42e95742f801ef4ec47f9b9d6d368582fc648588a9d96d8e37949a947ae
2026-07-22,92.19000244140625,EWJ,8715c42e95742f801ef4ec47f9b9d6d368582fc648588a9d96d8e37949a947ae
2026-07-23,91.0999984741211,EWJ,8715c42e95742f801ef4ec47f9b9d6d368582fc648588a9d96d8e37949a947ae
2026-07-24,91.20999908447266,EWJ,8715c42e95742f801ef4ec47f9b9d6d368582fc648588a9d96d8e37949a947ae
2026-07-27,91.51000213623047,EWJ,8715c42e95742f801ef4ec47f9b9d6d368582fc648588a9d96d8e37949a947ae
2026-07-28,89.83000183105469,EWJ,8715c42e95742f801ef4ec47f9b9d6d368582fc648588a9d96d8e37949a947ae
2026-07-29,89.3499984741211,EWJ,8715c42e95742f801ef4ec47f9b9d6d368582fc648588a9d96d8e37949a947ae
2026-07-30,93.29000091552734,EWJ,8715c42e95742f801ef4ec47f9b9d6d368582fc648588a9d96d8e37949a947ae
2026-07-31,92.38999938964844,EWJ,8715c42e95742f801ef4ec47f9b9d6d368582fc648588a9d96d8e37949a947ae
2026-08-03,92.91000366210938,EWJ,8715c42e95742f801ef4ec47f9b9d6d368582fc648588a9d96d8e37949a947ae
2026-08-04,94.61000061035156,EWJ,8715c42e95742f801ef4ec47f9b9d6d368582fc648588a9d96d8e37949a947ae
2026-08-05,95.16000366210938,EWJ,8715c42e95742f801ef4ec47f9b9d6d368582fc648588a9d96d8e37949a947ae
2026-08-06,95.1500015258789,EWJ,8715c42e95742f801ef4ec47f9b9d6d368582fc648588a9d96d8e37949a947ae
2026-08-07,96.9000015258789,EWJ,8715c42e95742f801ef4ec47f9b9d6d368582fc648588a9d96d8e37949a947ae
2026-08-10,96.05000305175781,EWJ,8715c42e95742f801ef4ec47f9b9d6d368582fc648588a9d96d8e37949a947ae
2026-08-11,96.27999877929688,EWJ,8715c42e95742f801ef4ec47f9b9d6d368582fc648588a9d96d8e37949a947ae
2026-08-12,97.79000091552734,EWJ,8715c42e95742f801ef4ec47f9b9d6d368582fc648588a9d96d8e37949a947ae
2026-08-13,98.47000122070312,EWJ,8715c42e95742f801ef4ec47f9b9d6d368582fc648588a9d96d8e37949a947ae
2026-08-14,98.20999908447266,EWJ,8715c42e95742f801ef4ec47f9b9d6d368582fc648588a9d96d8e37949a947ae
2026-08-17,98.16999816894531,EWJ,8715c42e95742f801ef4ec47f9b9d6d368582fc648588a9d96d8e37949a947ae
2026-08-18,95.37000274658203,EWJ,8715c42e95742f801ef4ec47f9b9d6d368582fc648588a9d96d8e37949a947ae
2026-08-19,94.77999877929688,EWJ,8715c42e95742f801ef4ec47f9b9d6d368582fc648588a9d96d8e37949a947ae
2026-08-20,94.2699966430664,EWJ,8715c42e95742f801ef4ec47f9b9d6d368582fc648588a9d96d8e37949a947ae
2026-08-21,95.18000030517578,EWJ,8715c42e95742f801ef4ec47f9b9d6d368582fc648588a9d96d8e37949a947ae
2026-08-24,94.83999633789062,EWJ,8715c42e95742f801ef4ec47f9b9d6d368582fc648588a9d96d8e37949a947ae
2026-08-25,95.62999725341797,EWJ,8715c42e95742f801ef4ec47f9b9d6d368582fc648588a9d96d8e37949a947ae
2026-08-26,95.43000030517578,EWJ,8715c42e95742f801ef4ec47f9b9d6d368582fc648588a9d96d8e37949a947ae
2026-08-27,95.83999633789062,EWJ,8715c42e95742f801ef4ec47f9b9d6d368582fc648588a9d96d8e37949a947ae
2026-08-28,95.87000274658203,EWJ,8715c42e95742f801ef4ec47f9b9d6d368582fc648588a9d96d8e37949a947ae
2026-08-31,95.87999725341797,EWJ,8715c42e95742f801ef4ec47f9b9d6d368582fc648588a9d96d8e37949a947ae
2026-09-01,95.22000122070312,EWJ,8715c42e95742f801ef4ec47f9b9d6d368582fc648588a9d96d8e37949a947ae
2026-09-02,96.04000091552734,EWJ,8715c42e95742f801ef4ec47f9b9d6d368582fc648588a9d96d8e37949a947ae
2026-09-03,97.9000015258789,EWJ,8715c42e95742f801ef4ec47f9b9d6d368582fc648588a9d96d8e37949a947ae
2026-09-04,98.27999877929688,EWJ,8715c42e95742f801ef4ec47f9b9d6d368582fc648588a9d96d8e37949a947ae
2026-09-08,97.95999908447266,EWJ,8715c42e95742f801ef4ec47f9b9d6d368582fc648588a9d96d8e37949a947ae
2026-09-09,97.0,EWJ,8715c42e95742f801ef4ec47f9b9d6d368582fc648588a9d96d8e37949a947ae
2026-09-10,96.44000244140625,EWJ,8715c42e95742f801ef4ec47f9b9d6d368582fc648588a9d96d8e37949a947ae
2026-09-11,98.55999755859375,EWJ,8715c42e95742f801ef4ec47f9b9d6d368582fc648588a9d96d8e37949a947ae
2026-09-14,97.58000183105469,EWJ,8715c42e95742f801ef4ec47f9b9d6d368582fc648588a9d96d8e37949a947ae
2026-09-15,96.91999816894531,EWJ,8715c42e95742f801ef4ec47f9b9d6d368582fc648588a9d96d8e37949a947ae
2026-09-16,97.01000213623047,EWJ,8715c42e95742f801ef4ec47f9b9d6d368582fc648588a9d96d8e37949a947ae
2026-09-17,97.91000366210938,EWJ,8715c42e95742f801ef4ec47f9b9d6d368582fc648588a9d96d8e37949a947ae
