date,adjusted_close,ticker,source_snapshot_sha256
2014-02-05,12.239677429199219,HEWJ,e1045c5b21ef49a76030e9697012f0ca7ca2ec3025857f9b10d6e6616c517129
2014-02-06,12.489686012268066,HEWJ,e1045c5b21ef49a76030e9697012f0ca7ca2ec3025857f9b10d6e6616c517129
2014-02-07,12.67054271697998,HEWJ,e1045c5b21ef49a76030e9697012f0ca7ca2ec3025857f9b10d6e6616c517129
2014-02-10,12.67054271697998,HEWJ,e1045c5b21ef49a76030e9697012f0ca7ca2ec3025857f9b10d6e6616c517129
2014-02-11,12.729058265686035,HEWJ,e1045c5b21ef49a76030e9697012f0ca7ca2ec3025857f9b10d6e6616c517129
2014-02-12,12.835439682006836,HEWJ,e1045c5b21ef49a76030e9697012f0ca7ca2ec3025857f9b10d6e6616c517129
2014-02-13,12.681180000305176,HEWJ,e1045c5b21ef49a76030e9697012f0ca7ca2ec3025857f9b10d6e6616c517129
2014-02-14,12.580116271972656,HEWJ,e1045c5b21ef49a76030e9697012f0ca7ca2ec3025857f9b10d6e6616c517129
2014-02-18,12.846078872680664,HEWJ,e1045c5b21ef49a76030e9697012f0ca7ca2ec3025857f9b10d6e6616c517129
2014-02-19,12.819482803344727,HEWJ,e1045c5b21ef49a76030e9697012f0ca7ca2ec3025857f9b10d6e6616c517129
2014-02-20,12.659904479980469,HEWJ,e1045c5b21ef49a76030e9697012f0ca7ca2ec3025857f9b10d6e6616c517129
2014-02-21,12.659904479980469,HEWJ,e1045c5b21ef49a76030e9697012f0ca7ca2ec3025857f9b10d6e6616c517129
2014-02-24,12.941828727722168,HEWJ,e1045c5b21ef49a76030e9697012f0ca7ca2ec3025857f9b10d6e6616c517129
2014-02-25,12.941828727722168,HEWJ,e1045c5b21ef49a76030e9697012f0ca7ca2ec3025857f9b10d6e6616c517129
2014-02-26,12.851396560668945,HEWJ,e1045c5b21ef49a76030e9697012f0ca7ca2ec3025857f9b10d6e6616c517129
2014-02-27,12.787569046020508,HEWJ,e1045c5b21ef49a76030e9697012f0ca7ca2ec3025857f9b10d6e6616c517129
2014-02-28,12.840760231018066,HEWJ,e1045c5b21ef49a76030e9697012f0ca7ca2ec3025857f9b10d6e6616c517129
2014-03-03,12.505644798278809,HEWJ,e1045c5b21ef49a76030e9697012f0ca7ca2ec3025857f9b10d6e6616c517129
2014-03-04,12.872674942016602,HEWJ,e1045c5b21ef49a76030e9697012f0ca7ca2ec3025857f9b10d6e6616c517129
2014-03-05,12.782248497009277,HEWJ,e1045c5b21ef49a76030e9697012f0ca7ca2ec3025857f9b10d6e6616c517129
2014-03-06,13.08012866973877,HEWJ,e1045c5b21ef49a76030e9697012f0ca7ca2ec3025857f9b10d6e6616c517129
2014-03-07,12.984382629394531,HEWJ,e1045c5b21ef49a76030e9697012f0ca7ca2ec3025857f9b10d6e6616c517129
2014-03-10,12.920550346374512,HEWJ,e1045c5b21ef49a76030e9697012f0ca7ca2ec3025857f9b10d6e6616c517129
2014-03-11,12.755651473999023,HEWJ,e1045c5b21ef49a76030e9697012f0ca7ca2ec3025857f9b10d6e6616c517129
2014-03-12,12.63331127166748,HEWJ,e1045c5b21ef49a76030e9697012f0ca7ca2ec3025857f9b10d6e6616c517129
2014-03-13,12.308829307556152,HEWJ,e1045c5b21ef49a76030e9697012f0ca7ca2ec3025857f9b10d6e6616c517129
2014-03-14,12.106698036193848,HEWJ,e1045c5b21ef49a76030e9697012f0ca7ca2ec3025857f9b10d6e6616c517129
2014-03-17,12.250317573547363,HEWJ,e1045c5b21ef49a76030e9697012f0ca7ca2ec3025857f9b10d6e6616c517129
2014-03-18,12.26095962524414,HEWJ,e1045c5b21ef49a76030e9697012f0ca7ca2ec3025857f9b10d6e6616c517129
2014-03-19,12.287552833557129,HEWJ,e1045c5b21ef49a76030e9697012f0ca7ca2ec3025857f9b10d6e6616c517129
2014-03-20,12.106698036193848,HEWJ,e1045c5b21ef49a76030e9697012f0ca7ca2ec3025857f9b10d6e6616c517129
2014-03-21,12.048186302185059,HEWJ,e1045c5b21ef49a76030e9697012f0ca7ca2ec3025857f9b10d6e6616c517129
2014-03-24,12.048186302185059,HEWJ,e1045c5b21ef49a76030e9697012f0ca7ca2ec3025857f9b10d6e6616c517129
2014-03-25,12.175848007202148,HEWJ,e1045c5b21ef49a76030e9697012f0ca7ca2ec3025857f9b10d6e6616c517129
2014-03-26,12.175848007202148,HEWJ,e1045c5b21ef49a76030e9697012f0ca7ca2ec3025857f9b10d6e6616c517129
2014-03-27,12.175848007202148,HEWJ,e1045c5b21ef49a76030e9697012f0ca7ca2ec3025857f9b10d6e6616c517129
2014-03-28,12.580116271972656,HEWJ,e1045c5b21ef49a76030e9697012f0ca7ca2ec3025857f9b10d6e6616c517129
2014-03-31,12.675863265991211,HEWJ,e1045c5b21ef49a76030e9697012f0ca7ca2ec3025857f9b10d6e6616c517129
2014-04-01,12.675863265991211,HEWJ,e1045c5b21ef49a76030e9697012f0ca7ca2ec3025857f9b10d6e6616c517129
2014-04-02,12.840760231018066,HEWJ,e1045c5b21ef49a76030e9697012f0ca7ca2ec3025857f9b10d6e6616c517129
2014-04-03,12.771611213684082,HEWJ,e1045c5b21ef49a76030e9697012f0ca7ca2ec3025857f9b10d6e6616c517129
2014-04-04,12.69182014465332,HEWJ,e1045c5b21ef49a76030e9697012f0ca7ca2ec3025857f9b10d6e6616c517129
2014-04-07,12.590753555297852,HEWJ,e1045c5b21ef49a76030e9697012f0ca7ca2ec3025857f9b10d6e6616c517129
2014-04-08,12.17052936553955,HEWJ,e1045c5b21ef49a76030e9697012f0ca7ca2ec3025857f9b10d6e6616c517129
2014-04-09,12.276911735534668,HEWJ,e1045c5b21ef49a76030e9697012f0ca7ca2ec3025857f9b10d6e6616c517129
2014-04-10,12.276911735534668,HEWJ,e1045c5b21ef49a76030e9697012f0ca7ca2ec3025857f9b10d6e6616c517129
2014-04-11,12.276911735534668,HEWJ,e1045c5b21ef49a76030e9697012f0ca7ca2ec3025857f9b10d6e6616c517129
2014-04-14,12.122657775878906,HEWJ,e1045c5b21ef49a76030e9697012f0ca7ca2ec3025857f9b10d6e6616c517129
2014-04-15,12.090739250183105,HEWJ,e1045c5b21ef49a76030e9697012f0ca7ca2ec3025857f9b10d6e6616c517129
2014-04-16,12.090739250183105,HEWJ,e1045c5b21ef49a76030e9697012f0ca7ca2ec3025857f9b10d6e6616c517129
2014-04-17,12.409897804260254,HEWJ,e1045c5b21ef49a76030e9697012f0ca7ca2ec3025857f9b10d6e6616c517129
2014-04-21,12.404579162597656,HEWJ,e1045c5b21ef49a76030e9697012f0ca7ca2ec3025857f9b10d6e6616c517129
2014-04-22,12.330107688903809,HEWJ,e1045c5b21ef49a76030e9697012f0ca7ca2ec3025857f9b10d6e6616c517129
2014-04-23,12.330107688903809,HEWJ,e1045c5b21ef49a76030e9697012f0ca7ca2ec3025857f9b10d6e6616c517129
2014-04-24,12.330107688903809,HEWJ,e1045c5b21ef49a76030e9697012f0ca7ca2ec3025857f9b10d6e6616c517129
2014-04-25,12.213083267211914,HEWJ,e1045c5b21ef49a76030e9697012f0ca7ca2ec3025857f9b10d6e6616c517129
2014-04-28,12.213083267211914,HEWJ,e1045c5b21ef49a76030e9697012f0ca7ca2ec3025857f9b10d6e6616c517129
2014-04-29,12.372661590576172,HEWJ,e1045c5b21ef49a76030e9697012f0ca7ca2ec3025857f9b10d6e6616c517129
2014-04-30,12.26095962524414,HEWJ,e1045c5b21ef49a76030e9697012f0ca7ca2ec3025857f9b10d6e6616c517129
2014-05-01,12.436493873596191,HEWJ,e1045c5b21ef49a76030e9697012f0ca7ca2ec3025857f9b10d6e6616c517129
2014-05-02,12.436493873596191,HEWJ,e1045c5b21ef49a76030e9697012f0ca7ca2ec3025857f9b10d6e6616c517129
2014-05-05,12.346067428588867,HEWJ,e1045c5b21ef49a76030e9697012f0ca7ca2ec3025857f9b10d6e6616c517129
2014-05-06,12.287552833557129,HEWJ,e1045c5b21ef49a76030e9697012f0ca7ca2ec3025857f9b10d6e6616c517129
2014-05-07,12.239677429199219,HEWJ,e1045c5b21ef49a76030e9697012f0ca7ca2ec3025857f9b10d6e6616c517129
2014-05-08,12.159893035888672,HEWJ,e1045c5b21ef49a76030e9697012f0ca7ca2ec3025857f9b10d6e6616c517129
2014-05-09,12.159893035888672,HEWJ,e1045c5b21ef49a76030e9697012f0ca7ca2ec3025857f9b10d6e6616c517129
2014-05-12,12.319467544555664,HEWJ,e1045c5b21ef49a76030e9697012f0ca7ca2ec3025857f9b10d6e6616c517129
2014-05-13,12.319467544555664,HEWJ,e1045c5b21ef49a76030e9697012f0ca7ca2ec3025857f9b10d6e6616c517129
2014-05-14,12.431174278259277,HEWJ,e1045c5b21ef49a76030e9697012f0ca7ca2ec3025857f9b10d6e6616c517129
2014-05-15,12.308829307556152,HEWJ,e1045c5b21ef49a76030e9697012f0ca7ca2ec3025857f9b10d6e6616c517129
2014-05-16,12.308829307556152,HEWJ,e1045c5b21ef49a76030e9697012f0ca7ca2ec3025857f9b10d6e6616c517129
2014-05-19,12.308829307556152,HEWJ,e1045c5b21ef49a76030e9697012f0ca7ca2ec3025857f9b10d6e6616c517129
2014-05-20,12.122657775878906,HEWJ,e1045c5b21ef49a76030e9697012f0ca7ca2ec3025857f9b10d6e6616c517129
2014-05-21,12.122657775878906,HEWJ,e1045c5b21ef49a76030e9697012f0ca7ca2ec3025857f9b10d6e6616c517129
2014-05-22,12.457768440246582,HEWJ,e1045c5b21ef49a76030e9697012f0ca7ca2ec3025857f9b10d6e6616c517129
2014-05-23,12.585433959960938,HEWJ,e1045c5b21ef49a76030e9697012f0ca7ca2ec3025857f9b10d6e6616c517129
2014-05-27,12.585433959960938,HEWJ,e1045c5b21ef49a76030e9697012f0ca7ca2ec3025857f9b10d6e6616c517129
2014-05-28,12.63331127166748,HEWJ,e1045c5b21ef49a76030e9697012f0ca7ca2ec3025857f9b10d6e6616c517129
2014-05-29,12.702461242675781,HEWJ,e1045c5b21ef49a76030e9697012f0ca7ca2ec3025857f9b10d6e6616c517129
2014-05-30,12.702461242675781,HEWJ,e1045c5b21ef49a76030e9697012f0ca7ca2ec3025857f9b10d6e6616c517129
2014-06-02,13.01629638671875,HEWJ,e1045c5b21ef49a76030e9697012f0ca7ca2ec3025857f9b10d6e6616c517129
2014-06-03,13.005657196044922,HEWJ,e1045c5b21ef49a76030e9697012f0ca7ca2ec3025857f9b10d6e6616c517129
2014-06-04,13.08012866973877,HEWJ,e1045c5b21ef49a76030e9697012f0ca7ca2ec3025857f9b10d6e6616c517129
2014-06-05,13.112043380737305,HEWJ,e1045c5b21ef49a76030e9697012f0ca7ca2ec3025857f9b10d6e6616c517129
2014-06-06,13.112043380737305,HEWJ,e1045c5b21ef49a76030e9697012f0ca7ca2ec3025857f9b10d6e6616c517129
2014-06-09,13.127999305725098,HEWJ,e1045c5b21ef49a76030e9697012f0ca7ca2ec3025857f9b10d6e6616c517129
2014-06-10,12.92586898803711,HEWJ,e1045c5b21ef49a76030e9697012f0ca7ca2ec3025857f9b10d6e6616c517129
2014-06-11,12.9790620803833,HEWJ,e1045c5b21ef49a76030e9697012f0ca7ca2ec3025857f9b10d6e6616c517129
2014-06-12,12.968421936035156,HEWJ,e1045c5b21ef49a76030e9697012f0ca7ca2ec3025857f9b10d6e6616c517129
2014-06-13,13.106721878051758,HEWJ,e1045c5b21ef49a76030e9697012f0ca7ca2ec3025857f9b10d6e6616c517129
2014-06-16,13.074807167053223,HEWJ,e1045c5b21ef49a76030e9697012f0ca7ca2ec3025857f9b10d6e6616c517129
2014-06-17,13.096087455749512,HEWJ,e1045c5b21ef49a76030e9697012f0ca7ca2ec3025857f9b10d6e6616c517129
2014-06-18,13.245022773742676,HEWJ,e1045c5b21ef49a76030e9697012f0ca7ca2ec3025857f9b10d6e6616c517129
2014-06-19,13.415243148803711,HEWJ,e1045c5b21ef49a76030e9697012f0ca7ca2ec3025857f9b10d6e6616c517129
2014-06-20,13.500349044799805,HEWJ,e1045c5b21ef49a76030e9697012f0ca7ca2ec3025857f9b10d6e6616c517129
2014-06-23,13.372687339782715,HEWJ,e1045c5b21ef49a76030e9697012f0ca7ca2ec3025857f9b10d6e6616c517129
2014-06-24,13.378007888793945,HEWJ,e1045c5b21ef49a76030e9697012f0ca7ca2ec3025857f9b10d6e6616c517129
2014-06-25,13.378007888793945,HEWJ,e1045c5b21ef49a76030e9697012f0ca7ca2ec3025857f9b10d6e6616c517129
2014-06-26,13.351411819458008,HEWJ,e1045c5b21ef49a76030e9697012f0ca7ca2ec3025857f9b10d6e6616c517129
2014-06-27,13.234384536743164,HEWJ,e1045c5b21ef49a76030e9697012f0ca7ca2ec3025857f9b10d6e6616c517129
2014-06-30,13.324814796447754,HEWJ,e1045c5b21ef49a76030e9697012f0ca7ca2ec3025857f9b10d6e6616c517129
2014-07-01,13.53758430480957,HEWJ,e1045c5b21ef49a76030e9697012f0ca7ca2ec3025857f9b10d6e6616c517129
2014-07-02,13.569716453552246,HEWJ,e1045c5b21ef49a76030e9697012f0ca7ca2ec3025857f9b10d6e6616c517129
2014-07-03,13.585783004760742,HEWJ,e1045c5b21ef49a76030e9697012f0ca7ca2ec3025857f9b10d6e6616c517129
2014-07-07,13.451903343200684,HEWJ,e1045c5b21ef49a76030e9697012f0ca7ca2ec3025857f9b10d6e6616c517129
2014-07-08,13.366225242614746,HEWJ,e1045c5b21ef49a76030e9697012f0ca7ca2ec3025857f9b10d6e6616c517129
2014-07-09,13.451903343200684,HEWJ,e1045c5b21ef49a76030e9697012f0ca7ca2ec3025857f9b10d6e6616c517129
2014-07-10,13.173440933227539,HEWJ,e1045c5b21ef49a76030e9697012f0ca7ca2ec3025857f9b10d6e6616c517129
2014-07-11,13.221637725830078,HEWJ,e1045c5b21ef49a76030e9697012f0ca7ca2ec3025857f9b10d6e6616c517129
2014-07-14,13.409062385559082,HEWJ,e1045c5b21ef49a76030e9697012f0ca7ca2ec3025857f9b10d6e6616c517129
2014-07-15,13.44119644165039,HEWJ,e1045c5b21ef49a76030e9697012f0ca7ca2ec3025857f9b10d6e6616c517129
2014-07-16,13.500100135803223,HEWJ,e1045c5b21ef49a76030e9697012f0ca7ca2ec3025857f9b10d6e6616c517129
2014-07-17,13.473325729370117,HEWJ,e1045c5b21ef49a76030e9697012f0ca7ca2ec3025857f9b10d6e6616c517129
2014-07-18,13.435842514038086,HEWJ,e1045c5b21ef49a76030e9697012f0ca7ca2ec3025857f9b10d6e6616c517129
2014-07-21,13.414419174194336,HEWJ,e1045c5b21ef49a76030e9697012f0ca7ca2ec3025857f9b10d6e6616c517129
2014-07-22,13.446549415588379,HEWJ,e1045c5b21ef49a76030e9697012f0ca7ca2ec3025857f9b10d6e6616c517129
2014-07-23,13.451903343200684,HEWJ,e1045c5b21ef49a76030e9697012f0ca7ca2ec3025857f9b10d6e6616c517129
2014-07-24,13.44119644165039,HEWJ,e1045c5b21ef49a76030e9697012f0ca7ca2ec3025857f9b10d6e6616c517129
2014-07-25,13.500100135803223,HEWJ,e1045c5b21ef49a76030e9697012f0ca7ca2ec3025857f9b10d6e6616c517129
2014-07-28,13.591135025024414,HEWJ,e1045c5b21ef49a76030e9697012f0ca7ca2ec3025857f9b10d6e6616c517129
2014-07-29,13.553650856018066,HEWJ,e1045c5b21ef49a76030e9697012f0ca7ca2ec3025857f9b10d6e6616c517129
2014-07-30,13.698237419128418,HEWJ,e1045c5b21ef49a76030e9697012f0ca7ca2ec3025857f9b10d6e6616c517129
2014-07-31,13.516165733337402,HEWJ,e1045c5b21ef49a76030e9697012f0ca7ca2ec3025857f9b10d6e6616c517129
2014-08-01,13.451903343200684,HEWJ,e1045c5b21ef49a76030e9697012f0ca7ca2ec3025857f9b10d6e6616c517129
2014-08-04,13.457259178161621,HEWJ,e1045c5b21ef49a76030e9697012f0ca7ca2ec3025857f9b10d6e6616c517129
2014-08-05,13.243058204650879,HEWJ,e1045c5b21ef49a76030e9697012f0ca7ca2ec3025857f9b10d6e6616c517129
2014-08-06,13.119892120361328,HEWJ,e1045c5b21ef49a76030e9697012f0ca7ca2ec3025857f9b10d6e6616c517129
2014-08-07,13.034209251403809,HEWJ,e1045c5b21ef49a76030e9697012f0ca7ca2ec3025857f9b10d6e6616c517129
2014-08-08,13.02885913848877,HEWJ,e1045c5b21ef49a76030e9697012f0ca7ca2ec3025857f9b10d6e6616c517129
2014-08-11,13.237702369689941,HEWJ,e1045c5b21ef49a76030e9697012f0ca7ca2ec3025857f9b10d6e6616c517129
2014-08-12,13.221637725830078,HEWJ,e1045c5b21ef49a76030e9697012f0ca7ca2ec3025857f9b10d6e6616c517129
2014-08-13,13.366225242614746,HEWJ,e1045c5b21ef49a76030e9697012f0ca7ca2ec3025857f9b10d6e6616c517129
2014-08-14,13.350160598754883,HEWJ,e1045c5b21ef49a76030e9697012f0ca7ca2ec3025857f9b10d6e6616c517129
2014-08-15,13.339448928833008,HEWJ,e1045c5b21ef49a76030e9697012f0ca7ca2ec3025857f9b10d6e6616c517129
2014-08-18,13.451903343200684,HEWJ,e1045c5b21ef49a76030e9697012f0ca7ca2ec3025857f9b10d6e6616c517129
2014-08-19,13.500100135803223,HEWJ,e1045c5b21ef49a76030e9697012f0ca7ca2ec3025857f9b10d6e6616c517129
2014-08-20,13.542941093444824,HEWJ,e1045c5b21ef49a76030e9697012f0ca7ca2ec3025857f9b10d6e6616c517129
2014-08-21,13.617910385131836,HEWJ,e1045c5b21ef49a76030e9697012f0ca7ca2ec3025857f9b10d6e6616c517129
2014-08-22,13.553650856018066,HEWJ,e1045c5b21ef49a76030e9697012f0ca7ca2ec3025857f9b10d6e6616c517129
2014-08-25,13.585783004760742,HEWJ,e1045c5b21ef49a76030e9697012f0ca7ca2ec3025857f9b10d6e6616c517129
2014-08-26,13.50545597076416,HEWJ,e1045c5b21ef49a76030e9697012f0ca7ca2ec3025857f9b10d6e6616c517129
2014-08-27,13.462614059448242,HEWJ,e1045c5b21ef49a76030e9697012f0ca7ca2ec3025857f9b10d6e6616c517129
2014-08-28,13.40371036529541,HEWJ,e1045c5b21ef49a76030e9697012f0ca7ca2ec3025857f9b10d6e6616c517129
2014-08-29,13.40371036529541,HEWJ,e1045c5b21ef49a76030e9697012f0ca7ca2ec3025857f9b10d6e6616c517129
2014-09-02,13.666107177734375,HEWJ,e1045c5b21ef49a76030e9697012f0ca7ca2ec3025857f9b10d6e6616c517129
2014-09-03,13.63932991027832,HEWJ,e1045c5b21ef49a76030e9697012f0ca7ca2ec3025857f9b10d6e6616c517129
2014-09-04,13.703592300415039,HEWJ,e1045c5b21ef49a76030e9697012f0ca7ca2ec3025857f9b10d6e6616c517129
2014-09-05,13.559009552001953,HEWJ,e1045c5b21ef49a76030e9697012f0ca7ca2ec3025857f9b10d6e6616c517129
2014-09-08,13.703592300415039,HEWJ,e1045c5b21ef49a76030e9697012f0ca7ca2ec3025857f9b10d6e6616c517129
2014-09-09,13.575075149536133,HEWJ,e1045c5b21ef49a76030e9697012f0ca7ca2ec3025857f9b10d6e6616c517129
2014-09-10,13.83211612701416,HEWJ,e1045c5b21ef49a76030e9697012f0ca7ca2ec3025857f9b10d6e6616c517129
2014-09-11,13.746434211730957,HEWJ,e1045c5b21ef49a76030e9697012f0ca7ca2ec3025857f9b10d6e6616c517129
2014-09-12,13.778565406799316,HEWJ,e1045c5b21ef49a76030e9697012f0ca7ca2ec3025857f9b10d6e6616c517129
2014-09-15,13.805338859558105,HEWJ,e1045c5b21ef49a76030e9697012f0ca7ca2ec3025857f9b10d6e6616c517129
2014-09-16,13.83211612701416,HEWJ,e1045c5b21ef49a76030e9697012f0ca7ca2ec3025857f9b10d6e6616c517129
2014-09-17,13.83211612701416,HEWJ,e1045c5b21ef49a76030e9697012f0ca7ca2ec3025857f9b10d6e6616c517129
2014-09-18,13.960638046264648,HEWJ,e1045c5b21ef49a76030e9697012f0ca7ca2ec3025857f9b10d6e6616c517129
2014-09-19,14.01418685913086,HEWJ,e1045c5b21ef49a76030e9697012f0ca7ca2ec3025857f9b10d6e6616c517129
2014-09-22,14.030253410339355,HEWJ,e1045c5b21ef49a76030e9697012f0ca7ca2ec3025857f9b10d6e6616c517129
2014-09-23,13.998120307922363,HEWJ,e1045c5b21ef49a76030e9697012f0ca7ca2ec3025857f9b10d6e6616c517129
2014-09-24,14.094515800476074,HEWJ,e1045c5b21ef49a76030e9697012f0ca7ca2ec3025857f9b10d6e6616c517129
2014-09-25,14.01418685913086,HEWJ,e1045c5b21ef49a76030e9697012f0ca7ca2ec3025857f9b10d6e6616c517129
2014-09-26,14.196256637573242,HEWJ,e1045c5b21ef49a76030e9697012f0ca7ca2ec3025857f9b10d6e6616c517129
2014-09-29,14.089156150817871,HEWJ,e1045c5b21ef49a76030e9697012f0ca7ca2ec3025857f9b10d6e6616c517129
2014-09-30,14.067736625671387,HEWJ,e1045c5b21ef49a76030e9697012f0ca7ca2ec3025857f9b10d6e6616c517129
2014-10-01,13.7571439743042,HEWJ,e1045c5b21ef49a76030e9697012f0ca7ca2ec3025857f9b10d6e6616c517129
2014-10-02,13.425130844116211,HEWJ,e1045c5b21ef49a76030e9697012f0ca7ca2ec3025857f9b10d6e6616c517129
2014-10-03,13.762499809265137,HEWJ,e1045c5b21ef49a76030e9697012f0ca7ca2ec3025857f9b10d6e6616c517129
2014-10-06,13.591135025024414,HEWJ,e1045c5b21ef49a76030e9697012f0ca7ca2ec3025857f9b10d6e6616c517129
2014-10-07,13.414419174194336,HEWJ,e1045c5b21ef49a76030e9697012f0ca7ca2ec3025857f9b10d6e6616c517129
2014-10-08,13.553650856018066,HEWJ,e1045c5b21ef49a76030e9697012f0ca7ca2ec3025857f9b10d6e6616c517129
2014-10-09,13.087761878967285,HEWJ,e1045c5b21ef49a76030e9697012f0ca7ca2ec3025857f9b10d6e6616c517129
2014-10-10,12.911046981811523,HEWJ,e1045c5b21ef49a76030e9697012f0ca7ca2ec3025857f9b10d6e6616c517129
2014-10-13,12.825364112854004,HEWJ,e1045c5b21ef49a76030e9697012f0ca7ca2ec3025857f9b10d6e6616c517129
2014-10-14,12.761104583740234,HEWJ,e1045c5b21ef49a76030e9697012f0ca7ca2ec3025857f9b10d6e6616c517129
2014-10-15,12.60580825805664,HEWJ,e1045c5b21ef49a76030e9697012f0ca7ca2ec3025857f9b10d6e6616c517129
2014-10-16,12.627224922180176,HEWJ,e1045c5b21ef49a76030e9697012f0ca7ca2ec3025857f9b10d6e6616c517129
2014-10-17,12.68613052368164,HEWJ,e1045c5b21ef49a76030e9697012f0ca7ca2ec3025857f9b10d6e6616c517129
2014-10-20,12.948528289794922,HEWJ,e1045c5b21ef49a76030e9697012f0ca7ca2ec3025857f9b10d6e6616c517129
2014-10-21,12.93781852722168,HEWJ,e1045c5b21ef49a76030e9697012f0ca7ca2ec3025857f9b10d6e6616c517129
2014-10-22,13.002080917358398,HEWJ,e1045c5b21ef49a76030e9697012f0ca7ca2ec3025857f9b10d6e6616c517129
2014-10-23,13.194859504699707,HEWJ,e1045c5b21ef49a76030e9697012f0ca7ca2ec3025857f9b10d6e6616c517129
2014-10-24,13.23235034942627,HEWJ,e1045c5b21ef49a76030e9697012f0ca7ca2ec3025857f9b10d6e6616c517129
2014-10-27,13.205572128295898,HEWJ,e1045c5b21ef49a76030e9697012f0ca7ca2ec3025857f9b10d6e6616c517129
2014-10-28,13.366225242614746,HEWJ,e1045c5b21ef49a76030e9697012f0ca7ca2ec3025857f9b10d6e6616c517129
2014-10-29,13.510810852050781,HEWJ,e1045c5b21ef49a76030e9697012f0ca7ca2ec3025857f9b10d6e6616c517129
2014-10-30,13.67681884765625,HEWJ,e1045c5b21ef49a76030e9697012f0ca7ca2ec3025857f9b10d6e6616c517129
2014-10-31,14.726409912109375,HEWJ,e1045c5b21ef49a76030e9697012f0ca7ca2ec3025857f9b10d6e6616c517129
2014-11-03,15.037001609802246,HEWJ,e1045c5b21ef49a76030e9697012f0ca7ca2ec3025857f9b10d6e6616c517129
2014-11-04,14.613950729370117,HEWJ,e1045c5b21ef49a76030e9697012f0ca7ca2ec3025857f9b10d6e6616c517129
2014-11-05,14.699633598327637,HEWJ,e1045c5b21ef49a76030e9697012f0ca7ca2ec3025857f9b10d6e6616c517129
2014-11-06,14.581825256347656,HEWJ,e1045c5b21ef49a76030e9697012f0ca7ca2ec3025857f9b10d6e6616c517129
2014-11-07,14.469367980957031,HEWJ,e1045c5b21ef49a76030e9697012f0ca7ca2ec3025857f9b10d6e6616c517129
2014-11-10,14.59253215789795,HEWJ,e1045c5b21ef49a76030e9697012f0ca7ca2ec3025857f9b10d6e6616c517129
2014-11-11,14.753181457519531,HEWJ,e1045c5b21ef49a76030e9697012f0ca7ca2ec3025857f9b10d6e6616c517129
2014-11-12,14.726409912109375,HEWJ,e1045c5b21ef49a76030e9697012f0ca7ca2ec3025857f9b10d6e6616c517129
2014-11-13,14.849574089050293,HEWJ,e1045c5b21ef49a76030e9697012f0ca7ca2ec3025857f9b10d6e6616c517129
2014-11-14,14.897770881652832,HEWJ,e1045c5b21ef49a76030e9697012f0ca7ca2ec3025857f9b10d6e6616c517129
2014-11-17,14.70499038696289,HEWJ,e1045c5b21ef49a76030e9697012f0ca7ca2ec3025857f9b10d6e6616c517129
2014-11-18,14.956677436828613,HEWJ,e1045c5b21ef49a76030e9697012f0ca7ca2ec3025857f9b10d6e6616c517129
2014-11-19,15.00486946105957,HEWJ,e1045c5b21ef49a76030e9697012f0ca7ca2ec3025857f9b10d6e6616c517129
2014-11-20,14.865643501281738,HEWJ,e1045c5b21ef49a76030e9697012f0ca7ca2ec3025857f9b10d6e6616c517129
2014-11-21,14.935256004333496,HEWJ,e1045c5b21ef49a76030e9697012f0ca7ca2ec3025857f9b10d6e6616c517129
2014-11-24,14.978096008300781,HEWJ,e1045c5b21ef49a76030e9697012f0ca7ca2ec3025857f9b10d6e6616c517129
2014-11-25,15.010229110717773,HEWJ,e1045c5b21ef49a76030e9697012f0ca7ca2ec3025857f9b10d6e6616c517129
2014-11-26,14.951321601867676,HEWJ,e1045c5b21ef49a76030e9697012f0ca7ca2ec3025857f9b10d6e6616c517129
2014-11-28,15.015582084655762,HEWJ,e1045c5b21ef49a76030e9697012f0ca7ca2ec3025857f9b10d6e6616c517129
2014-12-01,15.058422088623047,HEWJ,e1045c5b21ef49a76030e9697012f0ca7ca2ec3025857f9b10d6e6616c517129
2014-12-02,15.27798080444336,HEWJ,e1045c5b21ef49a76030e9697012f0ca7ca2ec3025857f9b10d6e6616c517129
2014-12-03,15.336886405944824,HEWJ,e1045c5b21ef49a76030e9697012f0ca7ca2ec3025857f9b10d6e6616c517129
2014-12-04,15.299399375915527,HEWJ,e1045c5b21ef49a76030e9697012f0ca7ca2ec3025857f9b10d6e6616c517129
2014-12-05,15.513602256774902,HEWJ,e1045c5b21ef49a76030e9697012f0ca7ca2ec3025857f9b10d6e6616c517129
2014-12-08,15.154813766479492,HEWJ,e1045c5b21ef49a76030e9697012f0ca7ca2ec3025857f9b10d6e6616c517129
2014-12-09,15.106616973876953,HEWJ,e1045c5b21ef49a76030e9697012f0ca7ca2ec3025857f9b10d6e6616c517129
2014-12-10,14.646082878112793,HEWJ,e1045c5b21ef49a76030e9697012f0ca7ca2ec3025857f9b10d6e6616c517129
2014-12-11,14.854931831359863,HEWJ,e1045c5b21ef49a76030e9697012f0ca7ca2ec3025857f9b10d6e6616c517129
2014-12-12,14.656793594360352,HEWJ,e1045c5b21ef49a76030e9697012f0ca7ca2ec3025857f9b10d6e6616c517129
2014-12-15,14.249809265136719,HEWJ,e1045c5b21ef49a76030e9697012f0ca7ca2ec3025857f9b10d6e6616c517129
2014-12-16,14.153419494628906,HEWJ,e1045c5b21ef49a76030e9697012f0ca7ca2ec3025857f9b10d6e6616c517129
2014-12-17,14.656793594360352,HEWJ,e1045c5b21ef49a76030e9697012f0ca7ca2ec3025857f9b10d6e6616c517129
2014-12-18,14.90848445892334,HEWJ,e1045c5b21ef49a76030e9697012f0ca7ca2ec3025857f9b10d6e6616c517129
2014-12-19,15.09054946899414,HEWJ,e1045c5b21ef49a76030e9697012f0ca7ca2ec3025857f9b10d6e6616c517129
2014-12-22,15.09054946899414,HEWJ,e1045c5b21ef49a76030e9697012f0ca7ca2ec3025857f9b10d6e6616c517129
2014-12-23,15.181589126586914,HEWJ,e1045c5b21ef49a76030e9697012f0ca7ca2ec3025857f9b10d6e6616c517129
2014-12-24,15.149456977844238,HEWJ,e1045c5b21ef49a76030e9697012f0ca7ca2ec3025857f9b10d6e6616c517129
2014-12-26,15.2217378616333,HEWJ,e1045c5b21ef49a76030e9697012f0ca7ca2ec3025857f9b10d6e6616c517129
2014-12-29,15.12391471862793,HEWJ,e1045c5b21ef49a76030e9697012f0ca7ca2ec3025857f9b10d6e6616c517129
2014-12-30,14.79241943359375,HEWJ,e1045c5b21ef49a76030e9697012f0ca7ca2ec3025857f9b10d6e6616c517129
2014-12-31,14.754378318786621,HEWJ,e1045c5b21ef49a76030e9697012f0ca7ca2ec3025857f9b10d6e6616c517129
2015-01-02,14.835891723632812,HEWJ,e1045c5b21ef49a76030e9697012f0ca7ca2ec3025857f9b10d6e6616c517129
2015-01-05,14.591350555419922,HEWJ,e1045c5b21ef49a76030e9697012f0ca7ca2ec3025857f9b10d6e6616c517129
2015-01-06,14.178330421447754,HEWJ,e1045c5b21ef49a76030e9697012f0ca7ca2ec3025857f9b10d6e6616c517129
2015-01-07,14.47722339630127,HEWJ,e1045c5b21ef49a76030e9697012f0ca7ca2ec3025857f9b10d6e6616c517129
2015-01-08,14.716339111328125,HEWJ,e1045c5b21ef49a76030e9697012f0ca7ca2ec3025857f9b10d6e6616c517129
2015-01-09,14.41201114654541,HEWJ,e1045c5b21ef49a76030e9697012f0ca7ca2ec3025857f9b10d6e6616c517129
2015-01-12,14.373974800109863,HEWJ,e1045c5b21ef49a76030e9697012f0ca7ca2ec3025857f9b10d6e6616c517129
2015-01-13,14.390273094177246,HEWJ,e1045c5b21ef49a76030e9697012f0ca7ca2ec3025857f9b10d6e6616c517129
2015-01-14,14.281586647033691,HEWJ,e1045c5b21ef49a76030e9697012f0ca7ca2ec3025857f9b10d6e6616c517129
2015-01-15,14.265281677246094,HEWJ,e1045c5b21ef49a76030e9697012f0ca7ca2ec3025857f9b10d6e6616c517129
2015-01-16,14.634821891784668,HEWJ,e1045c5b21ef49a76030e9697012f0ca7ca2ec3025857f9b10d6e6616c517129
2015-01-20,14.825026512145996,HEWJ,e1045c5b21ef49a76030e9697012f0ca7ca2ec3025857f9b10d6e6616c517129
2015-01-21,14.743511199951172,HEWJ,e1045c5b21ef49a76030e9697012f0ca7ca2ec3025857f9b10d6e6616c517129
2015-01-22,14.933713912963867,HEWJ,e1045c5b21ef49a76030e9697012f0ca7ca2ec3025857f9b10d6e6616c517129
2015-01-23,14.781548500061035,HEWJ,e1045c5b21ef49a76030e9697012f0ca7ca2ec3025857f9b10d6e6616c517129
2015-01-26,15.05327033996582,HEWJ,e1045c5b21ef49a76030e9697012f0ca7ca2ec3025857f9b10d6e6616c517129
2015-01-27,14.955450057983398,HEWJ,e1045c5b21ef49a76030e9697012f0ca7ca2ec3025857f9b10d6e6616c517129
2015-01-28,14.890237808227539,HEWJ,e1045c5b21ef49a76030e9697012f0ca7ca2ec3025857f9b10d6e6616c517129
2015-01-29,15.156521797180176,HEWJ,e1045c5b21ef49a76030e9697012f0ca7ca2ec3025857f9b10d6e6616c517129
2015-01-30,14.754378318786621,HEWJ,e1045c5b21ef49a76030e9697012f0ca7ca2ec3025857f9b10d6e6616c517129
2015-02-02,14.96088695526123,HEWJ,e1045c5b21ef49a76030e9697012f0ca7ca2ec3025857f9b10d6e6616c517129
2015-02-03,14.911979675292969,HEWJ,e1045c5b21ef49a76030e9697012f0ca7ca2ec3025857f9b10d6e6616c517129
2015-02-04,14.971752166748047,HEWJ,e1045c5b21ef49a76030e9697012f0ca7ca2ec3025857f9b10d6e6616c517129
2015-02-05,15.118480682373047,HEWJ,e1045c5b21ef49a76030e9697012f0ca7ca2ec3025857f9b10d6e6616c517129
2015-02-06,15.161957740783691,HEWJ,e1045c5b21ef49a76030e9697012f0ca7ca2ec3025857f9b10d6e6616c517129
2015-02-09,14.977190017700195,HEWJ,e1045c5b21ef49a76030e9697012f0ca7ca2ec3025857f9b10d6e6616c517129
2015-02-10,15.265210151672363,HEWJ,e1045c5b21ef49a76030e9697012f0ca7ca2ec3025857f9b10d6e6616c517129
2015-02-11,15.390202522277832,HEWJ,e1045c5b21ef49a76030e9697012f0ca7ca2ec3025857f9b10d6e6616c517129
2015-02-12,15.314119338989258,HEWJ,e1045c5b21ef49a76030e9697012f0ca7ca2ec3025857f9b10d6e6616c517129
2015-02-13,15.526058197021484,HEWJ,e1045c5b21ef49a76030e9697012f0ca7ca2ec3025857f9b10d6e6616c517129
2015-02-17,15.574970245361328,HEWJ,e1045c5b21ef49a76030e9697012f0ca7ca2ec3025857f9b10d6e6616c517129
2015-02-18,15.770610809326172,HEWJ,e1045c5b21ef49a76030e9697012f0ca7ca2ec3025857f9b10d6e6616c517129
2015-02-19,15.922771453857422,HEWJ,e1045c5b21ef49a76030e9697012f0ca7ca2ec3025857f9b10d6e6616c517129
2015-02-20,16.058631896972656,HEWJ,e1045c5b21ef49a76030e9697012f0ca7ca2ec3025857f9b10d6e6616c517129
2015-02-23,15.949941635131836,HEWJ,e1045c5b21ef49a76030e9697012f0ca7ca2ec3025857f9b10d6e6616c517129
2015-02-24,16.004289627075195,HEWJ,e1045c5b21ef49a76030e9697012f0ca7ca2ec3025857f9b10d6e6616c517129
2015-02-25,16.004289627075195,HEWJ,e1045c5b21ef49a76030e9697012f0ca7ca2ec3025857f9b10d6e6616c517129
2015-02-26,16.194490432739258,HEWJ,e1045c5b21ef49a76030e9697012f0ca7ca2ec3025857f9b10d6e6616c517129
2015-02-27,16.14015007019043,HEWJ,e1045c5b21ef49a76030e9697012f0ca7ca2ec3025857f9b10d6e6616c517129
2015-03-02,16.232534408569336,HEWJ,e1045c5b21ef49a76030e9697012f0ca7ca2ec3025857f9b10d6e6616c517129
2015-03-03,16.112977981567383,HEWJ,e1045c5b21ef49a76030e9697012f0ca7ca2ec3025857f9b10d6e6616c517129
2015-03-04,16.05319595336914,HEWJ,e1045c5b21ef49a76030e9697012f0ca7ca2ec3025857f9b10d6e6616c517129
2015-03-05,16.17818832397461,HEWJ,e1045c5b21ef49a76030e9697012f0ca7ca2ec3025857f9b10d6e6616c517129
2015-03-06,16.259702682495117,HEWJ,e1045c5b21ef49a76030e9697012f0ca7ca2ec3025857f9b10d6e6616c517129
2015-03-09,16.2434024810791,HEWJ,e1045c5b21ef49a76030e9697012f0ca7ca2ec3025857f9b10d6e6616c517129
2015-03-10,16.015155792236328,HEWJ,e1045c5b21ef49a76030e9697012f0ca7ca2ec3025857f9b10d6e6616c517129
2015-03-11,16.194490432739258,HEWJ,e1045c5b21ef49a76030e9697012f0ca7ca2ec3025857f9b10d6e6616c517129
2015-03-12,16.536861419677734,HEWJ,e1045c5b21ef49a76030e9697012f0ca7ca2ec3025857f9b10d6e6616c517129
2015-03-13,16.558595657348633,HEWJ,e1045c5b21ef49a76030e9697012f0ca7ca2ec3025857f9b10d6e6616c517129
2015-03-16,16.629243850708008,HEWJ,e1045c5b21ef49a76030e9697012f0ca7ca2ec3025857f9b10d6e6616c517129
2015-03-17,16.650983810424805,HEWJ,e1045c5b21ef49a76030e9697012f0ca7ca2ec3025857f9b10d6e6616c517129
2015-03-18,16.727066040039062,HEWJ,e1045c5b21ef49a76030e9697012f0ca7ca2ec3025857f9b10d6e6616c517129
2015-03-19,16.645545959472656,HEWJ,e1045c5b21ef49a76030e9697012f0ca7ca2ec3025857f9b10d6e6616c517129
2015-03-20,16.824880599975586,HEWJ,e1045c5b21ef49a76030e9697012f0ca7ca2ec3025857f9b10d6e6616c517129
2015-03-23,16.83574867248535,HEWJ,e1045c5b21ef49a76030e9697012f0ca7ca2ec3025857f9b10d6e6616c517129
2015-03-24,16.786840438842773,HEWJ,e1045c5b21ef49a76030e9697012f0ca7ca2ec3025857f9b10d6e6616c517129
2015-03-25,16.71619415283203,HEWJ,e1045c5b21ef49a76030e9697012f0ca7ca2ec3025857f9b10d6e6616c517129
2015-03-26,16.531423568725586,HEWJ,e1045c5b21ef49a76030e9697012f0ca7ca2ec3025857f9b10d6e6616c517129
2015-03-27,16.591205596923828,HEWJ,e1045c5b21ef49a76030e9697012f0ca7ca2ec3025857f9b10d6e6616c517129
2015-03-30,16.792278289794922,HEWJ,e1045c5b21ef49a76030e9697012f0ca7ca2ec3025857f9b10d6e6616c517129
2015-03-31,16.439041137695312,HEWJ,e1045c5b21ef49a76030e9697012f0ca7ca2ec3025857f9b10d6e6616c517129
2015-04-01,16.482515335083008,HEWJ,e1045c5b21ef49a76030e9697012f0ca7ca2ec3025857f9b10d6e6616c517129
2015-04-02,16.61837387084961,HEWJ,e1045c5b21ef49a76030e9697012f0ca7ca2ec3025857f9b10d6e6616c517129
2015-04-06,16.78140640258789,HEWJ,e1045c5b21ef49a76030e9697012f0ca7ca2ec3025857f9b10d6e6616c517129
2015-04-07,16.944435119628906,HEWJ,e1045c5b21ef49a76030e9697012f0ca7ca2ec3025857f9b10d6e6616c517129
2015-04-08,16.955310821533203,HEWJ,e1045c5b21ef49a76030e9697012f0ca7ca2ec3025857f9b10d6e6616c517129
2015-04-09,17.053123474121094,HEWJ,e1045c5b21ef49a76030e9697012f0ca7ca2ec3025857f9b10d6e6616c517129
2015-04-10,17.00421714782715,HEWJ,e1045c5b21ef49a76030e9697012f0ca7ca2ec3025857f9b10d6e6616c517129
2015-04-13,16.868356704711914,HEWJ,e1045c5b21ef49a76030e9697012f0ca7ca2ec3025857f9b10d6e6616c517129
2015-04-14,16.906400680541992,HEWJ,e1045c5b21ef49a76030e9697012f0ca7ca2ec3025857f9b10d6e6616c517129
2015-04-15,16.92270278930664,HEWJ,e1045c5b21ef49a76030e9697012f0ca7ca2ec3025857f9b10d6e6616c517129
2015-04-16,16.966176986694336,HEWJ,e1045c5b21ef49a76030e9697012f0ca7ca2ec3025857f9b10d6e6616c517129
2015-04-17,16.786840438842773,HEWJ,e1045c5b21ef49a76030e9697012f0ca7ca2ec3025857f9b10d6e6616c517129
2015-04-20,16.900962829589844,HEWJ,e1045c5b21ef49a76030e9697012f0ca7ca2ec3025857f9b10d6e6616c517129
2015-04-21,17.227027893066406,HEWJ,e1045c5b21ef49a76030e9697012f0ca7ca2ec3025857f9b10d6e6616c517129
2015-04-22,17.40092658996582,HEWJ,e1045c5b21ef49a76030e9697012f0ca7ca2ec3025857f9b10d6e6616c517129
2015-04-23,17.324844360351562,HEWJ,e1045c5b21ef49a76030e9697012f0ca7ca2ec3025857f9b10d6e6616c517129
2015-04-24,17.297670364379883,HEWJ,e1045c5b21ef49a76030e9697012f0ca7ca2ec3025857f9b10d6e6616c517129
2015-04-27,17.324844360351562,HEWJ,e1045c5b21ef49a76030e9697012f0ca7ca2ec3025857f9b10d6e6616c517129
2015-04-28,17.319416046142578,HEWJ,e1045c5b21ef49a76030e9697012f0ca7ca2ec3025857f9b10d6e6616c517129
2015-04-29,17.188982009887695,HEWJ,e1045c5b21ef49a76030e9697012f0ca7ca2ec3025857f9b10d6e6616c517129
2015-04-30,16.814014434814453,HEWJ,e1045c5b21ef49a76030e9697012f0ca7ca2ec3025857f9b10d6e6616c517129
2015-05-01,17.102035522460938,HEWJ,e1045c5b21ef49a76030e9697012f0ca7ca2ec3025857f9b10d6e6616c517129
2015-05-04,17.172685623168945,HEWJ,e1045c5b21ef49a76030e9697012f0ca7ca2ec3025857f9b10d6e6616c517129
2015-05-05,16.81945037841797,HEWJ,e1045c5b21ef49a76030e9697012f0ca7ca2ec3025857f9b10d6e6616c517129
2015-05-06,16.748796463012695,HEWJ,e1045c5b21ef49a76030e9697012f0ca7ca2ec3025857f9b10d6e6616c517129
2015-05-07,16.81945037841797,HEWJ,e1045c5b21ef49a76030e9697012f0ca7ca2ec3025857f9b10d6e6616c517129
2015-05-08,17.194421768188477,HEWJ,e1045c5b21ef49a76030e9697012f0ca7ca2ec3025857f9b10d6e6616c517129
2015-05-11,16.982481002807617,HEWJ,e1045c5b21ef49a76030e9697012f0ca7ca2ec3025857f9b10d6e6616c517129
2015-05-12,16.955310821533203,HEWJ,e1045c5b21ef49a76030e9697012f0ca7ca2ec3025857f9b10d6e6616c517129
2015-05-13,16.97704315185547,HEWJ,e1045c5b21ef49a76030e9697012f0ca7ca2ec3025857f9b10d6e6616c517129
2015-05-14,17.036823272705078,HEWJ,e1045c5b21ef49a76030e9697012f0ca7ca2ec3025857f9b10d6e6616c517129
2015-05-15,17.172685623168945,HEWJ,e1045c5b21ef49a76030e9697012f0ca7ca2ec3025857f9b10d6e6616c517129
2015-05-18,17.40092658996582,HEWJ,e1045c5b21ef49a76030e9697012f0ca7ca2ec3025857f9b10d6e6616c517129
2015-05-19,17.50417709350586,HEWJ,e1045c5b21ef49a76030e9697012f0ca7ca2ec3025857f9b10d6e6616c517129
2015-05-20,17.596567153930664,HEWJ,e1045c5b21ef49a76030e9697012f0ca7ca2ec3025857f9b10d6e6616c517129
2015-05-21,17.61286735534668,HEWJ,e1045c5b21ef49a76030e9697012f0ca7ca2ec3025857f9b10d6e6616c517129
2015-05-22,17.640037536621094,HEWJ,e1045c5b21ef49a76030e9697012f0ca7ca2ec3025857f9b10d6e6616c517129
2015-05-26,17.650911331176758,HEWJ,e1045c5b21ef49a76030e9697012f0ca7ca2ec3025857f9b10d6e6616c517129
2015-05-27,17.830244064331055,HEWJ,e1045c5b21ef49a76030e9697012f0ca7ca2ec3025857f9b10d6e6616c517129
2015-05-28,17.830244064331055,HEWJ,e1045c5b21ef49a76030e9697012f0ca7ca2ec3025857f9b10d6e6616c517129
2015-05-29,17.699817657470703,HEWJ,e1045c5b21ef49a76030e9697012f0ca7ca2ec3025857f9b10d6e6616c517129
2015-06-01,17.8900203704834,HEWJ,e1045c5b21ef49a76030e9697012f0ca7ca2ec3025857f9b10d6e6616c517129
2015-06-02,17.7106876373291,HEWJ,e1045c5b21ef49a76030e9697012f0ca7ca2ec3025857f9b10d6e6616c517129
2015-06-03,17.81393814086914,HEWJ,e1045c5b21ef49a76030e9697012f0ca7ca2ec3025857f9b10d6e6616c517129
2015-06-04,17.7106876373291,HEWJ,e1045c5b21ef49a76030e9697012f0ca7ca2ec3025857f9b10d6e6616c517129
2015-06-05,17.786767959594727,HEWJ,e1045c5b21ef49a76030e9697012f0ca7ca2ec3025857f9b10d6e6616c517129
2015-06-08,17.50417709350586,HEWJ,e1045c5b21ef49a76030e9697012f0ca7ca2ec3025857f9b10d6e6616c517129
2015-06-09,17.324844360351562,HEWJ,e1045c5b21ef49a76030e9697012f0ca7ca2ec3025857f9b10d6e6616c517129
2015-06-10,17.346582412719727,HEWJ,e1045c5b21ef49a76030e9697012f0ca7ca2ec3025857f9b10d6e6616c517129
2015-06-11,17.55308723449707,HEWJ,e1045c5b21ef49a76030e9697012f0ca7ca2ec3025857f9b10d6e6616c517129
2015-06-12,17.466142654418945,HEWJ,e1045c5b21ef49a76030e9697012f0ca7ca2ec3025857f9b10d6e6616c517129
2015-06-15,17.50961685180664,HEWJ,e1045c5b21ef49a76030e9697012f0ca7ca2ec3025857f9b10d6e6616c517129
2015-06-16,17.422666549682617,HEWJ,e1045c5b21ef49a76030e9697012f0ca7ca2ec3025857f9b10d6e6616c517129
2015-06-17,17.286802291870117,HEWJ,e1045c5b21ef49a76030e9697012f0ca7ca2ec3025857f9b10d6e6616c517129
2015-06-18,17.248764038085938,HEWJ,e1045c5b21ef49a76030e9697012f0ca7ca2ec3025857f9b10d6e6616c517129
2015-06-19,17.23246192932129,HEWJ,e1045c5b21ef49a76030e9697012f0ca7ca2ec3025857f9b10d6e6616c517129
2015-06-22,17.601999282836914,HEWJ,e1045c5b21ef49a76030e9697012f0ca7ca2ec3025857f9b10d6e6616c517129
2015-06-23,17.868288040161133,HEWJ,e1045c5b21ef49a76030e9697012f0ca7ca2ec3025857f9b10d6e6616c517129
2015-06-24,17.683517456054688,HEWJ,e1045c5b21ef49a76030e9697012f0ca7ca2ec3025857f9b10d6e6616c517129
2015-06-25,17.64547348022461,HEWJ,e1045c5b21ef49a76030e9697012f0ca7ca2ec3025857f9b10d6e6616c517129
2015-06-26,17.75959587097168,HEWJ,e1045c5b21ef49a76030e9697012f0ca7ca2ec3025857f9b10d6e6616c517129
2015-06-29,17.129207611083984,HEWJ,e1045c5b21ef49a76030e9697012f0ca7ca2ec3025857f9b10d6e6616c517129
2015-06-30,17.216157913208008,HEWJ,e1045c5b21ef49a76030e9697012f0ca7ca2ec3025857f9b10d6e6616c517129
2015-07-01,17.44983673095703,HEWJ,e1045c5b21ef49a76030e9697012f0ca7ca2ec3025857f9b10d6e6616c517129
2015-07-02,17.433998107910156,HEWJ,e1045c5b21ef49a76030e9697012f0ca7ca2ec3025857f9b10d6e6616c517129
2015-07-06,17.23737335205078,HEWJ,e1045c5b21ef49a76030e9697012f0ca7ca2ec3025857f9b10d6e6616c517129
2015-07-07,17.286527633666992,HEWJ,e1045c5b21ef49a76030e9697012f0ca7ca2ec3025857f9b10d6e6616c517129
2015-07-08,16.29248809814453,HEWJ,e1045c5b21ef49a76030e9697012f0ca7ca2ec3025857f9b10d6e6616c517129
2015-07-09,16.571035385131836,HEWJ,e1045c5b21ef49a76030e9697012f0ca7ca2ec3025857f9b10d6e6616c517129
2015-07-10,17.07352066040039,HEWJ,e1045c5b21ef49a76030e9697012f0ca7ca2ec3025857f9b10d6e6616c517129
2015-07-13,17.384838104248047,HEWJ,e1045c5b21ef49a76030e9697012f0ca7ca2ec3025857f9b10d6e6616c517129
2015-07-14,17.494075775146484,HEWJ,e1045c5b21ef49a76030e9697012f0ca7ca2ec3025857f9b10d6e6616c517129
2015-07-15,17.5049991607666,HEWJ,e1045c5b21ef49a76030e9697012f0ca7ca2ec3025857f9b10d6e6616c517129
2015-07-16,17.641544342041016,HEWJ,e1045c5b21ef49a76030e9697012f0ca7ca2ec3025857f9b10d6e6616c517129
2015-07-17,17.67977523803711,HEWJ,e1045c5b21ef49a76030e9697012f0ca7ca2ec3025857f9b10d6e6616c517129
2015-07-20,17.71255111694336,HEWJ,e1045c5b21ef49a76030e9697012f0ca7ca2ec3025857f9b10d6e6616c517129
2015-07-21,17.60877799987793,HEWJ,e1045c5b21ef49a76030e9697012f0ca7ca2ec3025857f9b10d6e6616c517129
2015-07-22,17.5268497467041,HEWJ,e1045c5b21ef49a76030e9697012f0ca7ca2ec3025857f9b10d6e6616c517129
2015-07-23,17.483154296875,HEWJ,e1045c5b21ef49a76030e9697012f0ca7ca2ec3025857f9b10d6e6616c517129
2015-07-24,17.330219268798828,HEWJ,e1045c5b21ef49a76030e9697012f0ca7ca2ec3025857f9b10d6e6616c517129
2015-07-27,17.16636848449707,HEWJ,e1045c5b21ef49a76030e9697012f0ca7ca2ec3025857f9b10d6e6616c517129
2015-07-28,17.302913665771484,HEWJ,e1045c5b21ef49a76030e9697012f0ca7ca2ec3025857f9b10d6e6616c517129
2015-07-29,17.433998107910156,HEWJ,e1045c5b21ef49a76030e9697012f0ca7ca2ec3025857f9b10d6e6616c517129
2015-07-30,17.483154296875,HEWJ,e1045c5b21ef49a76030e9697012f0ca7ca2ec3025857f9b10d6e6616c517129
2015-07-31,17.570539474487305,HEWJ,e1045c5b21ef49a76030e9697012f0ca7ca2ec3025857f9b10d6e6616c517129
2015-08-03,17.54323387145996,HEWJ,e1045c5b21ef49a76030e9697012f0ca7ca2ec3025857f9b10d6e6616c517129
2015-08-04,17.54869270324707,HEWJ,e1045c5b21ef49a76030e9697012f0ca7ca2ec3025857f9b10d6e6616c517129
2015-08-05,17.723468780517578,HEWJ,e1045c5b21ef49a76030e9697012f0ca7ca2ec3025857f9b10d6e6616c517129
2015-08-06,17.65793228149414,HEWJ,e1045c5b21ef49a76030e9697012f0ca7ca2ec3025857f9b10d6e6616c517129
2015-08-07,17.652469635009766,HEWJ,e1045c5b21ef49a76030e9697012f0ca7ca2ec3025857f9b10d6e6616c517129
2015-08-10,17.941940307617188,HEWJ,e1045c5b21ef49a76030e9697012f0ca7ca2ec3025857f9b10d6e6616c517129
2015-08-11,17.71255111694336,HEWJ,e1045c5b21ef49a76030e9697012f0ca7ca2ec3025857f9b10d6e6616c517129
2015-08-12,17.47222900390625,HEWJ,e1045c5b21ef49a76030e9697012f0ca7ca2ec3025857f9b10d6e6616c517129
2015-08-13,17.652469635009766,HEWJ,e1045c5b21ef49a76030e9697012f0ca7ca2ec3025857f9b10d6e6616c517129
2015-08-14,17.61969757080078,HEWJ,e1045c5b21ef49a76030e9697012f0ca7ca2ec3025857f9b10d6e6616c517129
2015-08-17,17.67977523803711,HEWJ,e1045c5b21ef49a76030e9697012f0ca7ca2ec3025857f9b10d6e6616c517129
2015-08-18,17.521387100219727,HEWJ,e1045c5b21ef49a76030e9697012f0ca7ca2ec3025857f9b10d6e6616c517129
2015-08-19,17.264684677124023,HEWJ,e1045c5b21ef49a76030e9697012f0ca7ca2ec3025857f9b10d6e6616c517129
2015-08-20,16.718502044677734,HEWJ,e1045c5b21ef49a76030e9697012f0ca7ca2ec3025857f9b10d6e6616c517129
2015-08-21,15.970240592956543,HEWJ,e1045c5b21ef49a76030e9697012f0ca7ca2ec3025857f9b10d6e6616c517129
2015-08-24,14.839653015136719,HEWJ,e1045c5b21ef49a76030e9697012f0ca7ca2ec3025857f9b10d6e6616c517129
2015-08-25,15.008968353271484,HEWJ,e1045c5b21ef49a76030e9697012f0ca7ca2ec3025857f9b10d6e6616c517129
2015-08-26,15.779077529907227,HEWJ,e1045c5b21ef49a76030e9697012f0ca7ca2ec3025857f9b10d6e6616c517129
2015-08-27,16.243328094482422,HEWJ,e1045c5b21ef49a76030e9697012f0ca7ca2ec3025857f9b10d6e6616c517129
2015-08-28,16.390798568725586,HEWJ,e1045c5b21ef49a76030e9697012f0ca7ca2ec3025857f9b10d6e6616c517129
2015-08-31,16.08493995666504,HEWJ,e1045c5b21ef49a76030e9697012f0ca7ca2ec3025857f9b10d6e6616c517129
2015-09-01,15.150976181030273,HEWJ,e1045c5b21ef49a76030e9697012f0ca7ca2ec3025857f9b10d6e6616c517129
2015-09-02,15.527837753295898,HEWJ,e1045c5b21ef49a76030e9697012f0ca7ca2ec3025857f9b10d6e6616c517129
2015-09-03,15.582453727722168,HEWJ,e1045c5b21ef49a76030e9697012f0ca7ca2ec3025857f9b10d6e6616c517129
2015-09-04,14.9652738571167,HEWJ,e1045c5b21ef49a76030e9697012f0ca7ca2ec3025857f9b10d6e6616c517129
2015-09-08,15.418600082397461,HEWJ,e1045c5b21ef49a76030e9697012f0ca7ca2ec3025857f9b10d6e6616c517129
2015-09-09,15.473217010498047,HEWJ,e1045c5b21ef49a76030e9697012f0ca7ca2ec3025857f9b10d6e6616c517129
2015-09-10,15.505989074707031,HEWJ,e1045c5b21ef49a76030e9697012f0ca7ca2ec3025857f9b10d6e6616c517129
2015-09-11,15.505989074707031,HEWJ,e1045c5b21ef49a76030e9697012f0ca7ca2ec3025857f9b10d6e6616c517129
2015-09-14,15.38582992553711,HEWJ,e1045c5b21ef49a76030e9697012f0ca7ca2ec3025857f9b10d6e6616c517129
2015-09-15,15.555147171020508,HEWJ,e1045c5b21ef49a76030e9697012f0ca7ca2ec3025857f9b10d6e6616c517129
2015-09-16,15.71353530883789,HEWJ,e1045c5b21ef49a76030e9697012f0ca7ca2ec3025857f9b10d6e6616c517129
2015-09-17,15.576990127563477,HEWJ,e1045c5b21ef49a76030e9697012f0ca7ca2ec3025857f9b10d6e6616c517129
2015-09-18,15.118202209472656,HEWJ,e1045c5b21ef49a76030e9697012f0ca7ca2ec3025857f9b10d6e6616c517129
2015-09-21,15.276596069335938,HEWJ,e1045c5b21ef49a76030e9697012f0ca7ca2ec3025857f9b10d6e6616c517129
2015-09-22,14.992584228515625,HEWJ,e1045c5b21ef49a76030e9697012f0ca7ca2ec3025857f9b10d6e6616c517129
2015-09-23,15.008968353271484,HEWJ,e1045c5b21ef49a76030e9697012f0ca7ca2ec3025857f9b10d6e6616c517129
2015-09-24,14.872424125671387,HEWJ,e1045c5b21ef49a76030e9697012f0ca7ca2ec3025857f9b10d6e6616c517129
2015-09-25,15.331212997436523,HEWJ,e1045c5b21ef49a76030e9697012f0ca7ca2ec3025857f9b10d6e6616c517129
2015-09-28,14.856037139892578,HEWJ,e1045c5b21ef49a76030e9697012f0ca7ca2ec3025857f9b10d6e6616c517129
2015-09-29,14.670337677001953,HEWJ,e1045c5b21ef49a76030e9697012f0ca7ca2ec3025857f9b10d6e6616c517129
2015-09-30,15.008968353271484,HEWJ,e1045c5b21ef49a76030e9697012f0ca7ca2ec3025857f9b10d6e6616c517129
2015-10-01,15.112743377685547,HEWJ,e1045c5b21ef49a76030e9697012f0ca7ca2ec3025857f9b10d6e6616c517129
2015-10-02,15.303902626037598,HEWJ,e1045c5b21ef49a76030e9697012f0ca7ca2ec3025857f9b10d6e6616c517129
2015-10-05,15.735379219055176,HEWJ,e1045c5b21ef49a76030e9697012f0ca7ca2ec3025857f9b10d6e6616c517129
2015-10-06,15.582453727722168,HEWJ,e1045c5b21ef49a76030e9697012f0ca7ca2ec3025857f9b10d6e6616c517129
2015-10-07,15.800926208496094,HEWJ,e1045c5b21ef49a76030e9697012f0ca7ca2ec3025857f9b10d6e6616c517129
2015-10-08,15.822772026062012,HEWJ,e1045c5b21ef49a76030e9697012f0ca7ca2ec3025857f9b10d6e6616c517129
2015-10-09,15.921085357666016,HEWJ,e1045c5b21ef49a76030e9697012f0ca7ca2ec3025857f9b10d6e6616c517129
2015-10-12,15.915619850158691,HEWJ,e1045c5b21ef49a76030e9697012f0ca7ca2ec3025857f9b10d6e6616c517129
2015-10-13,15.697153091430664,HEWJ,e1045c5b21ef49a76030e9697012f0ca7ca2ec3025857f9b10d6e6616c517129
2015-10-14,15.38582992553711,HEWJ,e1045c5b21ef49a76030e9697012f0ca7ca2ec3025857f9b10d6e6616c517129
2015-10-15,15.82823371887207,HEWJ,e1045c5b21ef49a76030e9697012f0ca7ca2ec3025857f9b10d6e6616c517129
2015-10-16,15.970240592956543,HEWJ,e1045c5b21ef49a76030e9697012f0ca7ca2ec3025857f9b10d6e6616c517129
2015-10-19,15.904696464538574,HEWJ,e1045c5b21ef49a76030e9697012f0ca7ca2ec3025857f9b10d6e6616c517129
2015-10-20,15.850083351135254,HEWJ,e1045c5b21ef49a76030e9697012f0ca7ca2ec3025857f9b10d6e6616c517129
2015-10-21,16.057626724243164,HEWJ,e1045c5b21ef49a76030e9697012f0ca7ca2ec3025857f9b10d6e6616c517129
2015-10-22,16.36349105834961,HEWJ,e1045c5b21ef49a76030e9697012f0ca7ca2ec3025857f9b10d6e6616c517129
2015-10-23,16.598342895507812,HEWJ,e1045c5b21ef49a76030e9697012f0ca7ca2ec3025857f9b10d6e6616c517129
2015-10-26,16.521883010864258,HEWJ,e1045c5b21ef49a76030e9697012f0ca7ca2ec3025857f9b10d6e6616c517129
2015-10-27,16.330718994140625,HEWJ,e1045c5b21ef49a76030e9697012f0ca7ca2ec3025857f9b10d6e6616c517129
2015-10-28,16.581960678100586,HEWJ,e1045c5b21ef49a76030e9697012f0ca7ca2ec3025857f9b10d6e6616c517129
2015-10-29,16.379871368408203,HEWJ,e1045c5b21ef49a76030e9697012f0ca7ca2ec3025857f9b10d6e6616c517129
2015-10-30,16.259714126586914,HEWJ,e1045c5b21ef49a76030e9697012f0ca7ca2ec3025857f9b10d6e6616c517129
2015-11-02,16.401723861694336,HEWJ,e1045c5b21ef49a76030e9697012f0ca7ca2ec3025857f9b10d6e6616c517129
2015-11-03,16.423568725585938,HEWJ,e1045c5b21ef49a76030e9697012f0ca7ca2ec3025857f9b10d6e6616c517129
2015-11-04,16.407182693481445,HEWJ,e1045c5b21ef49a76030e9697012f0ca7ca2ec3025857f9b10d6e6616c517129
2015-11-05,16.565574645996094,HEWJ,e1045c5b21ef49a76030e9697012f0ca7ca2ec3025857f9b10d6e6616c517129
2015-11-06,16.72942543029785,HEWJ,e1045c5b21ef49a76030e9697012f0ca7ca2ec3025857f9b10d6e6616c517129
2015-11-09,16.658422470092773,HEWJ,e1045c5b21ef49a76030e9697012f0ca7ca2ec3025857f9b10d6e6616c517129
2015-11-10,16.816818237304688,HEWJ,e1045c5b21ef49a76030e9697012f0ca7ca2ec3025857f9b10d6e6616c517129
2015-11-11,16.865970611572266,HEWJ,e1045c5b21ef49a76030e9697012f0ca7ca2ec3025857f9b10d6e6616c517129
2015-11-12,16.625654220581055,HEWJ,e1045c5b21ef49a76030e9697012f0ca7ca2ec3025857f9b10d6e6616c517129
2015-11-13,16.581960678100586,HEWJ,e1045c5b21ef49a76030e9697012f0ca7ca2ec3025857f9b10d6e6616c517129
2015-11-16,16.82227897644043,HEWJ,e1045c5b21ef49a76030e9697012f0ca7ca2ec3025857f9b10d6e6616c517129
2015-11-17,16.865970611572266,HEWJ,e1045c5b21ef49a76030e9697012f0ca7ca2ec3025857f9b10d6e6616c517129
2015-11-18,16.98067283630371,HEWJ,e1045c5b21ef49a76030e9697012f0ca7ca2ec3025857f9b10d6e6616c517129
2015-11-19,16.898744583129883,HEWJ,e1045c5b21ef49a76030e9697012f0ca7ca2ec3025857f9b10d6e6616c517129
2015-11-20,16.964282989501953,HEWJ,e1045c5b21ef49a76030e9697012f0ca7ca2ec3025857f9b10d6e6616c517129
2015-11-23,16.8878173828125,HEWJ,e1045c5b21ef49a76030e9697012f0ca7ca2ec3025857f9b10d6e6616c517129
2015-11-24,16.915124893188477,HEWJ,e1045c5b21ef49a76030e9697012f0ca7ca2ec3025857f9b10d6e6616c517129
2015-11-25,16.85504722595215,HEWJ,e1045c5b21ef49a76030e9697012f0ca7ca2ec3025857f9b10d6e6616c517129
2015-11-27,16.784048080444336,HEWJ,e1045c5b21ef49a76030e9697012f0ca7ca2ec3025857f9b10d6e6616c517129
2015-11-30,16.669349670410156,HEWJ,e1045c5b21ef49a76030e9697012f0ca7ca2ec3025857f9b10d6e6616c517129
2015-12-01,16.898744583129883,HEWJ,e1045c5b21ef49a76030e9697012f0ca7ca2ec3025857f9b10d6e6616c517129
2015-12-02,16.791290283203125,HEWJ,e1045c5b21ef49a76030e9697012f0ca7ca2ec3025857f9b10d6e6616c517129
2015-12-03,16.540761947631836,HEWJ,e1045c5b21ef49a76030e9697012f0ca7ca2ec3025857f9b10d6e6616c517129
2015-12-04,16.735618591308594,HEWJ,e1045c5b21ef49a76030e9697012f0ca7ca2ec3025857f9b10d6e6616c517129
2015-12-07,16.696643829345703,HEWJ,e1045c5b21ef49a76030e9697012f0ca7ca2ec3025857f9b10d6e6616c517129
2015-12-08,16.440547943115234,HEWJ,e1045c5b21ef49a76030e9697012f0ca7ca2ec3025857f9b10d6e6616c517129
2015-12-09,16.0842342376709,HEWJ,e1045c5b21ef49a76030e9697012f0ca7ca2ec3025857f9b10d6e6616c517129
2015-12-10,16.228986740112305,HEWJ,e1045c5b21ef49a76030e9697012f0ca7ca2ec3025857f9b10d6e6616c517129
2015-12-11,15.883805274963379,HEWJ,e1045c5b21ef49a76030e9697012f0ca7ca2ec3025857f9b10d6e6616c517129
2015-12-14,16.02298927307129,HEWJ,e1045c5b21ef49a76030e9697012f0ca7ca2ec3025857f9b10d6e6616c517129
2015-12-15,16.045259475708008,HEWJ,e1045c5b21ef49a76030e9697012f0ca7ca2ec3025857f9b10d6e6616c517129
2015-12-16,16.507354736328125,HEWJ,e1045c5b21ef49a76030e9697012f0ca7ca2ec3025857f9b10d6e6616c517129
2015-12-17,16.440547943115234,HEWJ,e1045c5b21ef49a76030e9697012f0ca7ca2ec3025857f9b10d6e6616c517129
2015-12-18,16.050827026367188,HEWJ,e1045c5b21ef49a76030e9697012f0ca7ca2ec3025857f9b10d6e6616c517129
2015-12-21,16.067529678344727,HEWJ,e1045c5b21ef49a76030e9697012f0ca7ca2ec3025857f9b10d6e6616c517129
2015-12-22,16.173309326171875,HEWJ,e1045c5b21ef49a76030e9697012f0ca7ca2ec3025857f9b10d6e6616c517129
2015-12-23,16.34033203125,HEWJ,e1045c5b21ef49a76030e9697012f0ca7ca2ec3025857f9b10d6e6616c517129
2015-12-24,16.073097229003906,HEWJ,e1045c5b21ef49a76030e9697012f0ca7ca2ec3025857f9b10d6e6616c517129
2015-12-28,16.09158706665039,HEWJ,e1045c5b21ef49a76030e9697012f0ca7ca2ec3025857f9b10d6e6616c517129
2015-12-29,16.3269100189209,HEWJ,e1045c5b21ef49a76030e9697012f0ca7ca2ec3025857f9b10d6e6616c517129
2015-12-30,16.26527976989746,HEWJ,e1045c5b21ef49a76030e9697012f0ca7ca2ec3025857f9b10d6e6616c517129
2015-12-31,16.063573837280273,HEWJ,e1045c5b21ef49a76030e9697012f0ca7ca2ec3025857f9b10d6e6616c517129
2016-01-04,15.699384689331055,HEWJ,e1045c5b21ef49a76030e9697012f0ca7ca2ec3025857f9b10d6e6616c517129
2016-01-05,15.833854675292969,HEWJ,e1045c5b21ef49a76030e9697012f0ca7ca2ec3025857f9b10d6e6616c517129
2016-01-06,15.48086929321289,HEWJ,e1045c5b21ef49a76030e9697012f0ca7ca2ec3025857f9b10d6e6616c517129
2016-01-07,15.111078262329102,HEWJ,e1045c5b21ef49a76030e9697012f0ca7ca2ec3025857f9b10d6e6616c517129
2016-01-08,14.769298553466797,HEWJ,e1045c5b21ef49a76030e9697012f0ca7ca2ec3025857f9b10d6e6616c517129
2016-01-11,14.926179885864258,HEWJ,e1045c5b21ef49a76030e9697012f0ca7ca2ec3025857f9b10d6e6616c517129
2016-01-12,14.847739219665527,HEWJ,e1045c5b21ef49a76030e9697012f0ca7ca2ec3025857f9b10d6e6616c517129
2016-01-13,14.718873977661133,HEWJ,e1045c5b21ef49a76030e9697012f0ca7ca2ec3025857f9b10d6e6616c517129
2016-01-14,14.920578002929688,HEWJ,e1045c5b21ef49a76030e9697012f0ca7ca2ec3025857f9b10d6e6616c517129
2016-01-15,14.360285758972168,HEWJ,e1045c5b21ef49a76030e9697012f0ca7ca2ec3025857f9b10d6e6616c517129
2016-01-19,14.556387901306152,HEWJ,e1045c5b21ef49a76030e9697012f0ca7ca2ec3025857f9b10d6e6616c517129
2016-01-20,13.906449317932129,HEWJ,e1045c5b21ef49a76030e9697012f0ca7ca2ec3025857f9b10d6e6616c517129
2016-01-21,13.934465408325195,HEWJ,e1045c5b21ef49a76030e9697012f0ca7ca2ec3025857f9b10d6e6616c517129
2016-01-22,14.76369571685791,HEWJ,e1045c5b21ef49a76030e9697012f0ca7ca2ec3025857f9b10d6e6616c517129
2016-01-25,14.382698059082031,HEWJ,e1045c5b21ef49a76030e9697012f0ca7ca2ec3025857f9b10d6e6616c517129
2016-01-26,14.601208686828613,HEWJ,e1045c5b21ef49a76030e9697012f0ca7ca2ec3025857f9b10d6e6616c517129
2016-01-27,14.629223823547363,HEWJ,e1045c5b21ef49a76030e9697012f0ca7ca2ec3025857f9b10d6e6616c517129
2016-01-28,14.685254096984863,HEWJ,e1045c5b21ef49a76030e9697012f0ca7ca2ec3025857f9b10d6e6616c517129
2016-01-29,15.33519172668457,HEWJ,e1045c5b21ef49a76030e9697012f0ca7ca2ec3025857f9b10d6e6616c517129
2016-02-01,15.26235580444336,HEWJ,e1045c5b21ef49a76030e9697012f0ca7ca2ec3025857f9b10d6e6616c517129
2016-02-02,14.95980167388916,HEWJ,e1045c5b21ef49a76030e9697012f0ca7ca2ec3025857f9b10d6e6616c517129
2016-02-03,14.505959510803223,HEWJ,e1045c5b21ef49a76030e9697012f0ca7ca2ec3025857f9b10d6e6616c517129
2016-02-04,14.365887641906738,HEWJ,e1045c5b21ef49a76030e9697012f0ca7ca2ec3025857f9b10d6e6616c517129
2016-02-05,14.130566596984863,HEWJ,e1045c5b21ef49a76030e9697012f0ca7ca2ec3025857f9b10d6e6616c517129
2016-02-08,13.923257827758789,HEWJ,e1045c5b21ef49a76030e9697012f0ca7ca2ec3025857f9b10d6e6616c517129
2016-02-09,13.581477165222168,HEWJ,e1045c5b21ef49a76030e9697012f0ca7ca2ec3025857f9b10d6e6616c517129
2016-02-10,13.082820892333984,HEWJ,e1045c5b21ef49a76030e9697012f0ca7ca2ec3025857f9b10d6e6616c517129
2016-02-11,12.690613746643066,HEWJ,e1045c5b21ef49a76030e9697012f0ca7ca2ec3025857f9b10d6e6616c517129
2016-02-12,12.965156555175781,HEWJ,e1045c5b21ef49a76030e9697012f0ca7ca2ec3025857f9b10d6e6616c517129
2016-02-16,13.525450706481934,HEWJ,e1045c5b21ef49a76030e9697012f0ca7ca2ec3025857f9b10d6e6616c517129
2016-02-17,13.620698928833008,HEWJ,e1045c5b21ef49a76030e9697012f0ca7ca2ec3025857f9b10d6e6616c517129
2016-02-18,13.542257308959961,HEWJ,e1045c5b21ef49a76030e9697012f0ca7ca2ec3025857f9b10d6e6616c517129
2016-02-19,13.379773139953613,HEWJ,e1045c5b21ef49a76030e9697012f0ca7ca2ec3025857f9b10d6e6616c517129
2016-02-22,13.671125411987305,HEWJ,e1045c5b21ef49a76030e9697012f0ca7ca2ec3025857f9b10d6e6616c517129
2016-02-23,13.32374382019043,HEWJ,e1045c5b21ef49a76030e9697012f0ca7ca2ec3025857f9b10d6e6616c517129
2016-02-24,13.447009086608887,HEWJ,e1045c5b21ef49a76030e9697012f0ca7ca2ec3025857f9b10d6e6616c517129
2016-02-25,13.755166053771973,HEWJ,e1045c5b21ef49a76030e9697012f0ca7ca2ec3025857f9b10d6e6616c517129
2016-02-26,13.884037971496582,HEWJ,e1045c5b21ef49a76030e9697012f0ca7ca2ec3025857f9b10d6e6616c517129
2016-02-29,13.525450706481934,HEWJ,e1045c5b21ef49a76030e9697012f0ca7ca2ec3025857f9b10d6e6616c517129
2016-03-01,13.979286193847656,HEWJ,e1045c5b21ef49a76030e9697012f0ca7ca2ec3025857f9b10d6e6616c517129
2016-03-02,14.136168479919434,HEWJ,e1045c5b21ef49a76030e9697012f0ca7ca2ec3025857f9b10d6e6616c517129
2016-03-03,14.259430885314941,HEWJ,e1045c5b21ef49a76030e9697012f0ca7ca2ec3025857f9b10d6e6616c517129
2016-03-04,14.449932098388672,HEWJ,e1045c5b21ef49a76030e9697012f0ca7ca2ec3025857f9b10d6e6616c517129
2016-03-07,14.225817680358887,HEWJ,e1045c5b21ef49a76030e9697012f0ca7ca2ec3025857f9b10d6e6616c517129
2016-03-08,14.001697540283203,HEWJ,e1045c5b21ef49a76030e9697012f0ca7ca2ec3025857f9b10d6e6616c517129
2016-03-09,14.074536323547363,HEWJ,e1045c5b21ef49a76030e9697012f0ca7ca2ec3025857f9b10d6e6616c517129
2016-03-10,13.996097564697266,HEWJ,e1045c5b21ef49a76030e9697012f0ca7ca2ec3025857f9b10d6e6616c517129
2016-03-11,14.455534934997559,HEWJ,e1045c5b21ef49a76030e9697012f0ca7ca2ec3025857f9b10d6e6616c517129
2016-03-14,14.494755744934082,HEWJ,e1045c5b21ef49a76030e9697012f0ca7ca2ec3025857f9b10d6e6616c517129
2016-03-15,14.225817680358887,HEWJ,e1045c5b21ef49a76030e9697012f0ca7ca2ec3025857f9b10d6e6616c517129
2016-03-16,14.197800636291504,HEWJ,e1045c5b21ef49a76030e9697012f0ca7ca2ec3025857f9b10d6e6616c517129
2016-03-17,14.09694766998291,HEWJ,e1045c5b21ef49a76030e9697012f0ca7ca2ec3025857f9b10d6e6616c517129
2016-03-18,14.09694766998291,HEWJ,e1045c5b21ef49a76030e9697012f0ca7ca2ec3025857f9b10d6e6616c517129
2016-03-21,14.164183616638184,HEWJ,e1045c5b21ef49a76030e9697012f0ca7ca2ec3025857f9b10d6e6616c517129
2016-03-22,14.309858322143555,HEWJ,e1045c5b21ef49a76030e9697012f0ca7ca2ec3025857f9b10d6e6616c517129
2016-03-23,14.152978897094727,HEWJ,e1045c5b21ef49a76030e9697012f0ca7ca2ec3025857f9b10d6e6616c517129
2016-03-24,14.09694766998291,HEWJ,e1045c5b21ef49a76030e9697012f0ca7ca2ec3025857f9b10d6e6616c517129
2016-03-28,14.382698059082031,HEWJ,e1045c5b21ef49a76030e9697012f0ca7ca2ec3025857f9b10d6e6616c517129
2016-03-29,14.410709381103516,HEWJ,e1045c5b21ef49a76030e9697012f0ca7ca2ec3025857f9b10d6e6616c517129
2016-03-30,14.365887641906738,HEWJ,e1045c5b21ef49a76030e9697012f0ca7ca2ec3025857f9b10d6e6616c517129
2016-03-31,14.152978897094727,HEWJ,e1045c5b21ef49a76030e9697012f0ca7ca2ec3025857f9b10d6e6616c517129
2016-04-01,13.699141502380371,HEWJ,e1045c5b21ef49a76030e9697012f0ca7ca2ec3025857f9b10d6e6616c517129
2016-04-04,13.64311408996582,HEWJ,e1045c5b21ef49a76030e9697012f0ca7ca2ec3025857f9b10d6e6616c517129
2016-04-05,13.206084251403809,HEWJ,e1045c5b21ef49a76030e9697012f0ca7ca2ec3025857f9b10d6e6616c517129
2016-04-06,13.346155166625977,HEWJ,e1045c5b21ef49a76030e9697012f0ca7ca2ec3025857f9b10d6e6616c517129
2016-04-07,13.105231285095215,HEWJ,e1045c5b21ef49a76030e9697012f0ca7ca2ec3025857f9b10d6e6616c517129
2016-04-08,13.458215713500977,HEWJ,e1045c5b21ef49a76030e9697012f0ca7ca2ec3025857f9b10d6e6616c517129
2016-04-11,13.362963676452637,HEWJ,e1045c5b21ef49a76030e9697012f0ca7ca2ec3025857f9b10d6e6616c517129
2016-04-12,13.755166053771973,HEWJ,e1045c5b21ef49a76030e9697012f0ca7ca2ec3025857f9b10d6e6616c517129
2016-04-13,14.259430885314941,HEWJ,e1045c5b21ef49a76030e9697012f0ca7ca2ec3025857f9b10d6e6616c517129
2016-04-14,14.337874412536621,HEWJ,e1045c5b21ef49a76030e9697012f0ca7ca2ec3025857f9b10d6e6616c517129
2016-04-15,14.12496280670166,HEWJ,e1045c5b21ef49a76030e9697012f0ca7ca2ec3025857f9b10d6e6616c517129
2016-04-18,14.225817680358887,HEWJ,e1045c5b21ef49a76030e9697012f0ca7ca2ec3025857f9b10d6e6616c517129
2016-04-19,14.511563301086426,HEWJ,e1045c5b21ef49a76030e9697012f0ca7ca2ec3025857f9b10d6e6616c517129
2016-04-20,14.69085693359375,HEWJ,e1045c5b21ef49a76030e9697012f0ca7ca2ec3025857f9b10d6e6616c517129
2016-04-21,14.629223823547363,HEWJ,e1045c5b21ef49a76030e9697012f0ca7ca2ec3025857f9b10d6e6616c517129
2016-04-22,15.049444198608398,HEWJ,e1045c5b21ef49a76030e9697012f0ca7ca2ec3025857f9b10d6e6616c517129
2016-04-25,14.864550590515137,HEWJ,e1045c5b21ef49a76030e9697012f0ca7ca2ec3025857f9b10d6e6616c517129
2016-04-26,14.8589448928833,HEWJ,e1045c5b21ef49a76030e9697012f0ca7ca2ec3025857f9b10d6e6616c517129
2016-04-27,14.85334300994873,HEWJ,e1045c5b21ef49a76030e9697012f0ca7ca2ec3025857f9b10d6e6616c517129
2016-04-28,13.687935829162598,HEWJ,e1045c5b21ef49a76030e9697012f0ca7ca2ec3025857f9b10d6e6616c517129
2016-04-29,13.340554237365723,HEWJ,e1045c5b21ef49a76030e9697012f0ca7ca2ec3025857f9b10d6e6616c517129
2016-05-02,13.620698928833008,HEWJ,e1045c5b21ef49a76030e9697012f0ca7ca2ec3025857f9b10d6e6616c517129
2016-05-03,13.46942138671875,HEWJ,e1045c5b21ef49a76030e9697012f0ca7ca2ec3025857f9b10d6e6616c517129
2016-05-04,13.407790184020996,HEWJ,e1045c5b21ef49a76030e9697012f0ca7ca2ec3025857f9b10d6e6616c517129
2016-05-05,13.542257308959961,HEWJ,e1045c5b21ef49a76030e9697012f0ca7ca2ec3025857f9b10d6e6616c517129
2016-05-06,13.592687606811523,HEWJ,e1045c5b21ef49a76030e9697012f0ca7ca2ec3025857f9b10d6e6616c517129
2016-05-09,13.743966102600098,HEWJ,e1045c5b21ef49a76030e9697012f0ca7ca2ec3025857f9b10d6e6616c517129
2016-05-10,14.225817680358887,HEWJ,e1045c5b21ef49a76030e9697012f0ca7ca2ec3025857f9b10d6e6616c517129
2016-05-11,13.844817161560059,HEWJ,e1045c5b21ef49a76030e9697012f0ca7ca2ec3025857f9b10d6e6616c517129
2016-05-12,14.0241117477417,HEWJ,e1045c5b21ef49a76030e9697012f0ca7ca2ec3025857f9b10d6e6616c517129
2016-05-13,13.788787841796875,HEWJ,e1045c5b21ef49a76030e9697012f0ca7ca2ec3025857f9b10d6e6616c517129
2016-05-16,14.007302284240723,HEWJ,e1045c5b21ef49a76030e9697012f0ca7ca2ec3025857f9b10d6e6616c517129
2016-05-17,13.928860664367676,HEWJ,e1045c5b21ef49a76030e9697012f0ca7ca2ec3025857f9b10d6e6616c517129
2016-05-18,14.108152389526367,HEWJ,e1045c5b21ef49a76030e9697012f0ca7ca2ec3025857f9b10d6e6616c517129
2016-05-19,13.962480545043945,HEWJ,e1045c5b21ef49a76030e9697012f0ca7ca2ec3025857f9b10d6e6616c517129
2016-05-20,14.063331604003906,HEWJ,e1045c5b21ef49a76030e9697012f0ca7ca2ec3025857f9b10d6e6616c517129
2016-05-23,13.906449317932129,HEWJ,e1045c5b21ef49a76030e9697012f0ca7ca2ec3025857f9b10d6e6616c517129
2016-05-24,14.108152389526367,HEWJ,e1045c5b21ef49a76030e9697012f0ca7ca2ec3025857f9b10d6e6616c517129
2016-05-25,14.237021446228027,HEWJ,e1045c5b21ef49a76030e9697012f0ca7ca2ec3025857f9b10d6e6616c517129
2016-05-26,14.152978897094727,HEWJ,e1045c5b21ef49a76030e9697012f0ca7ca2ec3025857f9b10d6e6616c517129
2016-05-27,14.21461296081543,HEWJ,e1045c5b21ef49a76030e9697012f0ca7ca2ec3025857f9b10d6e6616c517129
2016-05-31,14.360285758972168,HEWJ,e1045c5b21ef49a76030e9697012f0ca7ca2ec3025857f9b10d6e6616c517129
2016-06-01,14.180992126464844,HEWJ,e1045c5b21ef49a76030e9697012f0ca7ca2ec3025857f9b10d6e6616c517129
2016-06-02,13.973686218261719,HEWJ,e1045c5b21ef49a76030e9697012f0ca7ca2ec3025857f9b10d6e6616c517129
2016-06-03,13.732759475708008,HEWJ,e1045c5b21ef49a76030e9697012f0ca7ca2ec3025857f9b10d6e6616c517129
2016-06-06,14.0241117477417,HEWJ,e1045c5b21ef49a76030e9697012f0ca7ca2ec3025857f9b10d6e6616c517129
2016-06-07,14.09134578704834,HEWJ,e1045c5b21ef49a76030e9697012f0ca7ca2ec3025857f9b10d6e6616c517129
2016-06-08,14.11935806274414,HEWJ,e1045c5b21ef49a76030e9697012f0ca7ca2ec3025857f9b10d6e6616c517129
2016-06-09,13.962480545043945,HEWJ,e1045c5b21ef49a76030e9697012f0ca7ca2ec3025857f9b10d6e6616c517129
2016-06-10,13.659917831420898,HEWJ,e1045c5b21ef49a76030e9697012f0ca7ca2ec3025857f9b10d6e6616c517129
2016-06-13,13.340554237365723,HEWJ,e1045c5b21ef49a76030e9697012f0ca7ca2ec3025857f9b10d6e6616c517129
2016-06-14,13.278922080993652,HEWJ,e1045c5b21ef49a76030e9697012f0ca7ca2ec3025857f9b10d6e6616c517129
2016-06-15,13.379773139953613,HEWJ,e1045c5b21ef49a76030e9697012f0ca7ca2ec3025857f9b10d6e6616c517129
2016-06-16,13.082820892333984,HEWJ,e1045c5b21ef49a76030e9697012f0ca7ca2ec3025857f9b10d6e6616c517129
2016-06-17,13.071613311767578,HEWJ,e1045c5b21ef49a76030e9697012f0ca7ca2ec3025857f9b10d6e6616c517129
2016-06-20,13.31814193725586,HEWJ,e1045c5b21ef49a76030e9697012f0ca7ca2ec3025857f9b10d6e6616c517129
2016-06-21,13.547863006591797,HEWJ,e1045c5b21ef49a76030e9697012f0ca7ca2ec3025857f9b10d6e6616c517129
2016-06-22,13.362963676452637,HEWJ,e1045c5b21ef49a76030e9697012f0ca7ca2ec3025857f9b10d6e6616c517129
2016-06-23,13.895242691040039,HEWJ,e1045c5b21ef49a76030e9697012f0ca7ca2ec3025857f9b10d6e6616c517129
2016-06-24,12.757852554321289,HEWJ,e1045c5b21ef49a76030e9697012f0ca7ca2ec3025857f9b10d6e6616c517129
2016-06-27,12.634586334228516,HEWJ,e1045c5b21ef49a76030e9697012f0ca7ca2ec3025857f9b10d6e6616c517129
2016-06-28,12.925935745239258,HEWJ,e1045c5b21ef49a76030e9697012f0ca7ca2ec3025857f9b10d6e6616c517129
2016-06-29,13.127644538879395,HEWJ,e1045c5b21ef49a76030e9697012f0ca7ca2ec3025857f9b10d6e6616c517129
2016-06-30,13.094024658203125,HEWJ,e1045c5b21ef49a76030e9697012f0ca7ca2ec3025857f9b10d6e6616c517129
2016-07-01,12.959553718566895,HEWJ,e1045c5b21ef49a76030e9697012f0ca7ca2ec3025857f9b10d6e6616c517129
2016-07-05,12.8587007522583,HEWJ,e1045c5b21ef49a76030e9697012f0ca7ca2ec3025857f9b10d6e6616c517129
2016-07-06,12.793545722961426,HEWJ,e1045c5b21ef49a76030e9697012f0ca7ca2ec3025857f9b10d6e6616c517129
2016-07-07,12.74255084991455,HEWJ,e1045c5b21ef49a76030e9697012f0ca7ca2ec3025857f9b10d6e6616c517129
2016-07-08,12.78221321105957,HEWJ,e1045c5b21ef49a76030e9697012f0ca7ca2ec3025857f9b10d6e6616c517129
2016-07-11,13.42812442779541,HEWJ,e1045c5b21ef49a76030e9697012f0ca7ca2ec3025857f9b10d6e6616c517129
2016-07-12,13.768072128295898,HEWJ,e1045c5b21ef49a76030e9697012f0ca7ca2ec3025857f9b10d6e6616c517129
2016-07-13,13.660425186157227,HEWJ,e1045c5b21ef49a76030e9697012f0ca7ca2ec3025857f9b10d6e6616c517129
2016-07-14,13.80207347869873,HEWJ,e1045c5b21ef49a76030e9697012f0ca7ca2ec3025857f9b10d6e6616c517129
2016-07-15,13.768072128295898,HEWJ,e1045c5b21ef49a76030e9697012f0ca7ca2ec3025857f9b10d6e6616c517129
2016-07-18,13.881392478942871,HEWJ,e1045c5b21ef49a76030e9697012f0ca7ca2ec3025857f9b10d6e6616c517129
2016-07-19,13.796407699584961,HEWJ,e1045c5b21ef49a76030e9697012f0ca7ca2ec3025857f9b10d6e6616c517129
2016-07-20,14.00037670135498,HEWJ,e1045c5b21ef49a76030e9697012f0ca7ca2ec3025857f9b10d6e6616c517129
2016-07-21,13.768072128295898,HEWJ,e1045c5b21ef49a76030e9697012f0ca7ca2ec3025857f9b10d6e6616c517129
2016-07-22,13.8417329788208,HEWJ,e1045c5b21ef49a76030e9697012f0ca7ca2ec3025857f9b10d6e6616c517129
2016-07-25,13.756744384765625,HEWJ,e1045c5b21ef49a76030e9697012f0ca7ca2ec3025857f9b10d6e6616c517129
2016-07-26,13.615097999572754,HEWJ,e1045c5b21ef49a76030e9697012f0ca7ca2ec3025857f9b10d6e6616c517129
2016-07-27,13.711417198181152,HEWJ,e1045c5b21ef49a76030e9697012f0ca7ca2ec3025857f9b10d6e6616c517129
2016-07-28,13.722749710083008,HEWJ,e1045c5b21ef49a76030e9697012f0ca7ca2ec3025857f9b10d6e6616c517129
2016-07-29,13.552773475646973,HEWJ,e1045c5b21ef49a76030e9697012f0ca7ca2ec3025857f9b10d6e6616c517129
2016-08-01,13.643427848815918,HEWJ,e1045c5b21ef49a76030e9697012f0ca7ca2ec3025857f9b10d6e6616c517129
2016-08-02,13.263810157775879,HEWJ,e1045c5b21ef49a76030e9697012f0ca7ca2ec3025857f9b10d6e6616c517129
2016-08-03,13.246813774108887,HEWJ,e1045c5b21ef49a76030e9697012f0ca7ca2ec3025857f9b10d6e6616c517129
2016-08-04,13.416794776916504,HEWJ,e1045c5b21ef49a76030e9697012f0ca7ca2ec3025857f9b10d6e6616c517129
2016-08-05,13.541439056396484,HEWJ,e1045c5b21ef49a76030e9697012f0ca7ca2ec3025857f9b10d6e6616c517129
2016-08-08,13.7057523727417,HEWJ,e1045c5b21ef49a76030e9697012f0ca7ca2ec3025857f9b10d6e6616c517129
2016-08-09,13.745414733886719,HEWJ,e1045c5b21ef49a76030e9697012f0ca7ca2ec3025857f9b10d6e6616c517129
2016-08-10,13.734078407287598,HEWJ,e1045c5b21ef49a76030e9697012f0ca7ca2ec3025857f9b10d6e6616c517129
2016-08-11,13.898392677307129,HEWJ,e1045c5b21ef49a76030e9697012f0ca7ca2ec3025857f9b10d6e6616c517129
2016-08-12,13.751079559326172,HEWJ,e1045c5b21ef49a76030e9697012f0ca7ca2ec3025857f9b10d6e6616c517129
2016-08-15,13.819068908691406,HEWJ,e1045c5b21ef49a76030e9697012f0ca7ca2ec3025857f9b10d6e6616c517129
2016-08-16,13.558440208435059,HEWJ,e1045c5b21ef49a76030e9697012f0ca7ca2ec3025857f9b10d6e6616c517129
2016-08-17,13.671757698059082,HEWJ,e1045c5b21ef49a76030e9697012f0ca7ca2ec3025857f9b10d6e6616c517129
2016-08-18,13.57543659210205,HEWJ,e1045c5b21ef49a76030e9697012f0ca7ca2ec3025857f9b10d6e6616c517129
2016-08-19,13.552773475646973,HEWJ,e1045c5b21ef49a76030e9697012f0ca7ca2ec3025857f9b10d6e6616c517129
2016-08-22,13.654760360717773,HEWJ,e1045c5b21ef49a76030e9697012f0ca7ca2ec3025857f9b10d6e6616c517129
2016-08-23,13.654760360717773,HEWJ,e1045c5b21ef49a76030e9697012f0ca7ca2ec3025857f9b10d6e6616c517129
2016-08-24,13.688751220703125,HEWJ,e1045c5b21ef49a76030e9697012f0ca7ca2ec3025857f9b10d6e6616c517129
2016-08-25,13.637760162353516,HEWJ,e1045c5b21ef49a76030e9697012f0ca7ca2ec3025857f9b10d6e6616c517129
2016-08-26,13.694417953491211,HEWJ,e1045c5b21ef49a76030e9697012f0ca7ca2ec3025857f9b10d6e6616c517129
2016-08-29,13.768072128295898,HEWJ,e1045c5b21ef49a76030e9697012f0ca7ca2ec3025857f9b10d6e6616c517129
2016-08-30,13.926719665527344,HEWJ,e1045c5b21ef49a76030e9697012f0ca7ca2ec3025857f9b10d6e6616c517129
2016-08-31,13.994709968566895,HEWJ,e1045c5b21ef49a76030e9697012f0ca7ca2ec3025857f9b10d6e6616c517129
2016-09-01,14.085365295410156,HEWJ,e1045c5b21ef49a76030e9697012f0ca7ca2ec3025857f9b10d6e6616c517129
2016-09-02,14.272340774536133,HEWJ,e1045c5b21ef49a76030e9697012f0ca7ca2ec3025857f9b10d6e6616c517129
2016-09-06,14.10802936553955,HEWJ,e1045c5b21ef49a76030e9697012f0ca7ca2ec3025857f9b10d6e6616c517129
2016-09-07,14.1420259475708,HEWJ,e1045c5b21ef49a76030e9697012f0ca7ca2ec3025857f9b10d6e6616c517129
2016-09-08,14.159021377563477,HEWJ,e1045c5b21ef49a76030e9697012f0ca7ca2ec3025857f9b10d6e6616c517129
2016-09-09,13.955046653747559,HEWJ,e1045c5b21ef49a76030e9697012f0ca7ca2ec3025857f9b10d6e6616c517129
2016-09-12,13.97204875946045,HEWJ,e1045c5b21ef49a76030e9697012f0ca7ca2ec3025857f9b10d6e6616c517129
2016-09-13,13.836065292358398,HEWJ,e1045c5b21ef49a76030e9697012f0ca7ca2ec3025857f9b10d6e6616c517129
2016-09-14,13.694417953491211,HEWJ,e1045c5b21ef49a76030e9697012f0ca7ca2ec3025857f9b10d6e6616c517129
2016-09-15,13.745414733886719,HEWJ,e1045c5b21ef49a76030e9697012f0ca7ca2ec3025857f9b10d6e6616c517129
2016-09-16,13.649092674255371,HEWJ,e1045c5b21ef49a76030e9697012f0ca7ca2ec3025857f9b10d6e6616c517129
2016-09-19,13.637760162353516,HEWJ,e1045c5b21ef49a76030e9697012f0ca7ca2ec3025857f9b10d6e6616c517129
2016-09-20,13.813400268554688,HEWJ,e1045c5b21ef49a76030e9697012f0ca7ca2ec3025857f9b10d6e6616c517129
2016-09-21,14.057035446166992,HEWJ,e1045c5b21ef49a76030e9697012f0ca7ca2ec3025857f9b10d6e6616c517129
2016-09-22,14.255340576171875,HEWJ,e1045c5b21ef49a76030e9697012f0ca7ca2ec3025857f9b10d6e6616c517129
2016-09-23,14.091032028198242,HEWJ,e1045c5b21ef49a76030e9697012f0ca7ca2ec3025857f9b10d6e6616c517129
2016-09-26,13.858729362487793,HEWJ,e1045c5b21ef49a76030e9697012f0ca7ca2ec3025857f9b10d6e6616c517129
2016-09-27,14.040038108825684,HEWJ,e1045c5b21ef49a76030e9697012f0ca7ca2ec3025857f9b10d6e6616c517129
2016-09-28,14.068366050720215,HEWJ,e1045c5b21ef49a76030e9697012f0ca7ca2ec3025857f9b10d6e6616c517129
2016-09-29,14.017374992370605,HEWJ,e1045c5b21ef49a76030e9697012f0ca7ca2ec3025857f9b10d6e6616c517129
2016-09-30,14.040038108825684,HEWJ,e1045c5b21ef49a76030e9697012f0ca7ca2ec3025857f9b10d6e6616c517129
2016-10-03,14.023042678833008,HEWJ,e1045c5b21ef49a76030e9697012f0ca7ca2ec3025857f9b10d6e6616c517129
2016-10-04,14.119362831115723,HEWJ,e1045c5b21ef49a76030e9697012f0ca7ca2ec3025857f9b10d6e6616c517129
2016-10-05,14.306334495544434,HEWJ,e1045c5b21ef49a76030e9697012f0ca7ca2ec3025857f9b10d6e6616c517129
2016-10-06,14.317667007446289,HEWJ,e1045c5b21ef49a76030e9697012f0ca7ca2ec3025857f9b10d6e6616c517129
2016-10-07,14.147689819335938,HEWJ,e1045c5b21ef49a76030e9697012f0ca7ca2ec3025857f9b10d6e6616c517129
2016-10-10,14.306334495544434,HEWJ,e1045c5b21ef49a76030e9697012f0ca7ca2ec3025857f9b10d6e6616c517129
2016-10-11,14.153358459472656,HEWJ,e1045c5b21ef49a76030e9697012f0ca7ca2ec3025857f9b10d6e6616c517129
2016-10-12,14.238346099853516,HEWJ,e1045c5b21ef49a76030e9697012f0ca7ca2ec3025857f9b10d6e6616c517129
2016-10-13,14.11369514465332,HEWJ,e1045c5b21ef49a76030e9697012f0ca7ca2ec3025857f9b10d6e6616c517129
2016-10-14,14.210012435913086,HEWJ,e1045c5b21ef49a76030e9697012f0ca7ca2ec3025857f9b10d6e6616c517129
2016-10-17,14.164688110351562,HEWJ,e1045c5b21ef49a76030e9697012f0ca7ca2ec3025857f9b10d6e6616c517129
2016-10-18,14.255340576171875,HEWJ,e1045c5b21ef49a76030e9697012f0ca7ca2ec3025857f9b10d6e6616c517129
2016-10-19,14.249676704406738,HEWJ,e1045c5b21ef49a76030e9697012f0ca7ca2ec3025857f9b10d6e6616c517129
2016-10-20,14.447981834411621,HEWJ,e1045c5b21ef49a76030e9697012f0ca7ca2ec3025857f9b10d6e6616c517129
2016-10-21,14.419650077819824,HEWJ,e1045c5b21ef49a76030e9697012f0ca7ca2ec3025857f9b10d6e6616c517129
2016-10-24,14.48764419555664,HEWJ,e1045c5b21ef49a76030e9697012f0ca7ca2ec3025857f9b10d6e6616c517129
2016-10-25,14.48764419555664,HEWJ,e1045c5b21ef49a76030e9697012f0ca7ca2ec3025857f9b10d6e6616c517129
2016-10-26,14.521637916564941,HEWJ,e1045c5b21ef49a76030e9697012f0ca7ca2ec3025857f9b10d6e6616c517129
2016-10-27,14.623621940612793,HEWJ,e1045c5b21ef49a76030e9697012f0ca7ca2ec3025857f9b10d6e6616c517129
2016-10-28,14.572628021240234,HEWJ,e1045c5b21ef49a76030e9697012f0ca7ca2ec3025857f9b10d6e6616c517129
2016-10-31,14.61795711517334,HEWJ,e1045c5b21ef49a76030e9697012f0ca7ca2ec3025857f9b10d6e6616c517129
2016-11-01,14.453646659851074,HEWJ,e1045c5b21ef49a76030e9697012f0ca7ca2ec3025857f9b10d6e6616c517129
2016-11-02,14.249676704406738,HEWJ,e1045c5b21ef49a76030e9697012f0ca7ca2ec3025857f9b10d6e6616c517129
2016-11-03,14.221346855163574,HEWJ,e1045c5b21ef49a76030e9697012f0ca7ca2ec3025857f9b10d6e6616c517129
2016-11-04,14.062702178955078,HEWJ,e1045c5b21ef49a76030e9697012f0ca7ca2ec3025857f9b10d6e6616c517129
2016-11-07,14.379987716674805,HEWJ,e1045c5b21ef49a76030e9697012f0ca7ca2ec3025857f9b10d6e6616c517129
2016-11-08,14.45931339263916,HEWJ,e1045c5b21ef49a76030e9697012f0ca7ca2ec3025857f9b10d6e6616c517129
2016-11-09,14.442316055297852,HEWJ,e1045c5b21ef49a76030e9697012f0ca7ca2ec3025857f9b10d6e6616c517129
2016-11-10,14.6066255569458,HEWJ,e1045c5b21ef49a76030e9697012f0ca7ca2ec3025857f9b10d6e6616c517129
2016-11-11,14.61795711517334,HEWJ,e1045c5b21ef49a76030e9697012f0ca7ca2ec3025857f9b10d6e6616c517129
2016-11-14,14.838926315307617,HEWJ,e1045c5b21ef49a76030e9697012f0ca7ca2ec3025857f9b10d6e6616c517129
2016-11-15,14.963574409484863,HEWJ,e1045c5b21ef49a76030e9697012f0ca7ca2ec3025857f9b10d6e6616c517129
2016-11-16,14.884255409240723,HEWJ,e1045c5b21ef49a76030e9697012f0ca7ca2ec3025857f9b10d6e6616c517129
2016-11-17,15.207205772399902,HEWJ,e1045c5b21ef49a76030e9697012f0ca7ca2ec3025857f9b10d6e6616c517129
2016-11-18,15.093890190124512,HEWJ,e1045c5b21ef49a76030e9697012f0ca7ca2ec3025857f9b10d6e6616c517129
2016-11-21,15.241202354431152,HEWJ,e1045c5b21ef49a76030e9697012f0ca7ca2ec3025857f9b10d6e6616c517129
2016-11-22,15.27519702911377,HEWJ,e1045c5b21ef49a76030e9697012f0ca7ca2ec3025857f9b10d6e6616c517129
2016-11-23,15.473504066467285,HEWJ,e1045c5b21ef49a76030e9697012f0ca7ca2ec3025857f9b10d6e6616c517129
2016-11-25,15.41684341430664,HEWJ,e1045c5b21ef49a76030e9697012f0ca7ca2ec3025857f9b10d6e6616c517129
2016-11-28,15.42250919342041,HEWJ,e1045c5b21ef49a76030e9697012f0ca7ca2ec3025857f9b10d6e6616c517129
2016-11-29,15.473504066467285,HEWJ,e1045c5b21ef49a76030e9697012f0ca7ca2ec3025857f9b10d6e6616c517129
2016-11-30,15.68314266204834,HEWJ,e1045c5b21ef49a76030e9697012f0ca7ca2ec3025857f9b10d6e6616c517129
2016-12-01,15.518831253051758,HEWJ,e1045c5b21ef49a76030e9697012f0ca7ca2ec3025857f9b10d6e6616c517129
2016-12-02,15.507498741149902,HEWJ,e1045c5b21ef49a76030e9697012f0ca7ca2ec3025857f9b10d6e6616c517129
2016-12-05,15.524495124816895,HEWJ,e1045c5b21ef49a76030e9697012f0ca7ca2ec3025857f9b10d6e6616c517129
2016-12-06,15.632149696350098,HEWJ,e1045c5b21ef49a76030e9697012f0ca7ca2ec3025857f9b10d6e6616c517129
2016-12-07,15.819121360778809,HEWJ,e1045c5b21ef49a76030e9697012f0ca7ca2ec3025857f9b10d6e6616c517129
2016-12-08,16.034427642822266,HEWJ,e1045c5b21ef49a76030e9697012f0ca7ca2ec3025857f9b10d6e6616c517129
2016-12-09,16.244064331054688,HEWJ,e1045c5b21ef49a76030e9697012f0ca7ca2ec3025857f9b10d6e6616c517129
2016-12-12,16.068422317504883,HEWJ,e1045c5b21ef49a76030e9697012f0ca7ca2ec3025857f9b10d6e6616c517129
2016-12-13,16.266721725463867,HEWJ,e1045c5b21ef49a76030e9697012f0ca7ca2ec3025857f9b10d6e6616c517129
2016-12-14,16.27805519104004,HEWJ,e1045c5b21ef49a76030e9697012f0ca7ca2ec3025857f9b10d6e6616c517129
2016-12-15,16.419702529907227,HEWJ,e1045c5b21ef49a76030e9697012f0ca7ca2ec3025857f9b10d6e6616c517129
2016-12-16,16.24972915649414,HEWJ,e1045c5b21ef49a76030e9697012f0ca7ca2ec3025857f9b10d6e6616c517129
2016-12-19,16.266721725463867,HEWJ,e1045c5b21ef49a76030e9697012f0ca7ca2ec3025857f9b10d6e6616c517129
2016-12-20,16.408374786376953,HEWJ,e1045c5b21ef49a76030e9697012f0ca7ca2ec3025857f9b10d6e6616c517129
2016-12-21,16.266721725463867,HEWJ,e1045c5b21ef49a76030e9697012f0ca7ca2ec3025857f9b10d6e6616c517129
2016-12-22,16.26106071472168,HEWJ,e1045c5b21ef49a76030e9697012f0ca7ca2ec3025857f9b10d6e6616c517129
2016-12-23,16.24972915649414,HEWJ,e1045c5b21ef49a76030e9697012f0ca7ca2ec3025857f9b10d6e6616c517129
2016-12-27,16.15340805053711,HEWJ,e1045c5b21ef49a76030e9697012f0ca7ca2ec3025857f9b10d6e6616c517129
2016-12-28,16.105937957763672,HEWJ,e1045c5b21ef49a76030e9697012f0ca7ca2ec3025857f9b10d6e6616c517129
2016-12-29,15.865724563598633,HEWJ,e1045c5b21ef49a76030e9697012f0ca7ca2ec3025857f9b10d6e6616c517129
2016-12-30,15.900036811828613,HEWJ,e1045c5b21ef49a76030e9697012f0ca7ca2ec3025857f9b10d6e6616c517129
2017-01-03,16.15740966796875,HEWJ,e1045c5b21ef49a76030e9697012f0ca7ca2ec3025857f9b10d6e6616c517129
2017-01-04,16.437665939331055,HEWJ,e1045c5b21ef49a76030e9697012f0ca7ca2ec3025857f9b10d6e6616c517129
2017-01-05,16.266080856323242,HEWJ,e1045c5b21ef49a76030e9697012f0ca7ca2ec3025857f9b10d6e6616c517129
2017-01-06,16.45482063293457,HEWJ,e1045c5b21ef49a76030e9697012f0ca7ca2ec3025857f9b10d6e6616c517129
2017-01-09,16.340435028076172,HEWJ,e1045c5b21ef49a76030e9697012f0ca7ca2ec3025857f9b10d6e6616c517129
2017-01-10,16.2146053314209,HEWJ,e1045c5b21ef49a76030e9697012f0ca7ca2ec3025857f9b10d6e6616c517129
2017-01-11,16.300395965576172,HEWJ,e1045c5b21ef49a76030e9697012f0ca7ca2ec3025857f9b10d6e6616c517129
2017-01-12,16.163129806518555,HEWJ,e1045c5b21ef49a76030e9697012f0ca7ca2ec3025857f9b10d6e6616c517129
2017-01-13,16.271800994873047,HEWJ,e1045c5b21ef49a76030e9697012f0ca7ca2ec3025857f9b10d6e6616c517129
2017-01-17,15.808524131774902,HEWJ,e1045c5b21ef49a76030e9697012f0ca7ca2ec3025857f9b10d6e6616c517129
2017-01-18,16.048742294311523,HEWJ,e1045c5b21ef49a76030e9697012f0ca7ca2ec3025857f9b10d6e6616c517129
2017-01-19,16.065900802612305,HEWJ,e1045c5b21ef49a76030e9697012f0ca7ca2ec3025857f9b10d6e6616c517129
2017-01-20,16.128812789916992,HEWJ,e1045c5b21ef49a76030e9697012f0ca7ca2ec3025857f9b10d6e6616c517129
2017-01-23,15.940074920654297,HEWJ,e1045c5b21ef49a76030e9697012f0ca7ca2ec3025857f9b10d6e6616c517129
2017-01-24,16.07162094116211,HEWJ,e1045c5b21ef49a76030e9697012f0ca7ca2ec3025857f9b10d6e6616c517129
2017-01-25,16.163129806518555,HEWJ,e1045c5b21ef49a76030e9697012f0ca7ca2ec3025857f9b10d6e6616c517129
2017-01-26,16.38046646118164,HEWJ,e1045c5b21ef49a76030e9697012f0ca7ca2ec3025857f9b10d6e6616c517129
2017-01-27,16.334714889526367,HEWJ,e1045c5b21ef49a76030e9697012f0ca7ca2ec3025857f9b10d6e6616c517129
2017-01-30,16.08877944946289,HEWJ,e1045c5b21ef49a76030e9697012f0ca7ca2ec3025857f9b10d6e6616c517129
2017-01-31,15.917197227478027,HEWJ,e1045c5b21ef49a76030e9697012f0ca7ca2ec3025857f9b10d6e6616c517129
2017-02-01,16.065900802612305,HEWJ,e1045c5b21ef49a76030e9697012f0ca7ca2ec3025857f9b10d6e6616c517129
2017-02-02,15.985828399658203,HEWJ,e1045c5b21ef49a76030e9697012f0ca7ca2ec3025857f9b10d6e6616c517129
2017-02-03,16.054462432861328,HEWJ,e1045c5b21ef49a76030e9697012f0ca7ca2ec3025857f9b10d6e6616c517129
2017-02-06,15.900036811828613,HEWJ,e1045c5b21ef49a76030e9697012f0ca7ca2ec3025857f9b10d6e6616c517129
2017-02-07,15.968668937683105,HEWJ,e1045c5b21ef49a76030e9697012f0ca7ca2ec3025857f9b10d6e6616c517129
2017-02-08,15.968668937683105,HEWJ,e1045c5b21ef49a76030e9697012f0ca7ca2ec3025857f9b10d6e6616c517129
2017-02-09,16.128812789916992,HEWJ,e1045c5b21ef49a76030e9697012f0ca7ca2ec3025857f9b10d6e6616c517129
2017-02-10,16.260360717773438,HEWJ,e1045c5b21ef49a76030e9697012f0ca7ca2ec3025857f9b10d6e6616c517129
2017-02-13,16.357589721679688,HEWJ,e1045c5b21ef49a76030e9697012f0ca7ca2ec3025857f9b10d6e6616c517129
2017-02-14,16.328996658325195,HEWJ,e1045c5b21ef49a76030e9697012f0ca7ca2ec3025857f9b10d6e6616c517129
2017-02-15,16.300395965576172,HEWJ,e1045c5b21ef49a76030e9697012f0ca7ca2ec3025857f9b10d6e6616c517129
2017-02-16,16.191730499267578,HEWJ,e1045c5b21ef49a76030e9697012f0ca7ca2ec3025857f9b10d6e6616c517129
2017-02-17,16.13453483581543,HEWJ,e1045c5b21ef49a76030e9697012f0ca7ca2ec3025857f9b10d6e6616c517129
2017-02-21,16.38046646118164,HEWJ,e1045c5b21ef49a76030e9697012f0ca7ca2ec3025857f9b10d6e6616c517129
2017-02-22,16.306119918823242,HEWJ,e1045c5b21ef49a76030e9697012f0ca7ca2ec3025857f9b10d6e6616c517129
2017-02-23,16.2546443939209,HEWJ,e1045c5b21ef49a76030e9697012f0ca7ca2ec3025857f9b10d6e6616c517129
2017-02-24,16.128812789916992,HEWJ,e1045c5b21ef49a76030e9697012f0ca7ca2ec3025857f9b10d6e6616c517129
2017-02-27,16.16884994506836,HEWJ,e1045c5b21ef49a76030e9697012f0ca7ca2ec3025857f9b10d6e6616c517129
2017-02-28,16.065900802612305,HEWJ,e1045c5b21ef49a76030e9697012f0ca7ca2ec3025857f9b10d6e6616c517129
2017-03-01,16.45482063293457,HEWJ,e1045c5b21ef49a76030e9697012f0ca7ca2ec3025857f9b10d6e6616c517129
2017-03-02,16.39763069152832,HEWJ,e1045c5b21ef49a76030e9697012f0ca7ca2ec3025857f9b10d6e6616c517129
2017-03-03,16.334714889526367,HEWJ,e1045c5b21ef49a76030e9697012f0ca7ca2ec3025857f9b10d6e6616c517129
2017-03-06,16.300395965576172,HEWJ,e1045c5b21ef49a76030e9697012f0ca7ca2ec3025857f9b10d6e6616c517129
2017-03-07,16.277523040771484,HEWJ,e1045c5b21ef49a76030e9697012f0ca7ca2ec3025857f9b10d6e6616c517129
2017-03-08,16.271800994873047,HEWJ,e1045c5b21ef49a76030e9697012f0ca7ca2ec3025857f9b10d6e6616c517129
2017-03-09,16.363311767578125,HEWJ,e1045c5b21ef49a76030e9697012f0ca7ca2ec3025857f9b10d6e6616c517129
2017-03-10,16.45482063293457,HEWJ,e1045c5b21ef49a76030e9697012f0ca7ca2ec3025857f9b10d6e6616c517129
2017-03-13,16.54633140563965,HEWJ,e1045c5b21ef49a76030e9697012f0ca7ca2ec3025857f9b10d6e6616c517129
2017-03-14,16.41478729248047,HEWJ,e1045c5b21ef49a76030e9697012f0ca7ca2ec3025857f9b10d6e6616c517129
2017-03-15,16.374752044677734,HEWJ,e1045c5b21ef49a76030e9697012f0ca7ca2ec3025857f9b10d6e6616c517129
2017-03-16,16.334714889526367,HEWJ,e1045c5b21ef49a76030e9697012f0ca7ca2ec3025857f9b10d6e6616c517129
2017-03-17,16.31183624267578,HEWJ,e1045c5b21ef49a76030e9697012f0ca7ca2ec3025857f9b10d6e6616c517129
2017-03-20,16.300395965576172,HEWJ,e1045c5b21ef49a76030e9697012f0ca7ca2ec3025857f9b10d6e6616c517129
2017-03-21,16.060178756713867,HEWJ,e1045c5b21ef49a76030e9697012f0ca7ca2ec3025857f9b10d6e6616c517129
2017-03-22,15.997267723083496,HEWJ,e1045c5b21ef49a76030e9697012f0ca7ca2ec3025857f9b10d6e6616c517129
2017-03-23,15.991548538208008,HEWJ,e1045c5b21ef49a76030e9697012f0ca7ca2ec3025857f9b10d6e6616c517129
2017-03-24,16.128812789916992,HEWJ,e1045c5b21ef49a76030e9697012f0ca7ca2ec3025857f9b10d6e6616c517129
2017-03-27,16.048742294311523,HEWJ,e1045c5b21ef49a76030e9697012f0ca7ca2ec3025857f9b10d6e6616c517129
2017-03-28,16.266080856323242,HEWJ,e1045c5b21ef49a76030e9697012f0ca7ca2ec3025857f9b10d6e6616c517129
2017-03-29,16.2146053314209,HEWJ,e1045c5b21ef49a76030e9697012f0ca7ca2ec3025857f9b10d6e6616c517129
2017-03-30,16.243206024169922,HEWJ,e1045c5b21ef49a76030e9697012f0ca7ca2ec3025857f9b10d6e6616c517129
2017-03-31,16.03158187866211,HEWJ,e1045c5b21ef49a76030e9697012f0ca7ca2ec3025857f9b10d6e6616c517129
2017-04-03,16.04302406311035,HEWJ,e1045c5b21ef49a76030e9697012f0ca7ca2ec3025857f9b10d6e6616c517129
2017-04-04,15.968668937683105,HEWJ,e1045c5b21ef49a76030e9697012f0ca7ca2ec3025857f9b10d6e6616c517129
2017-04-05,15.85428524017334,HEWJ,e1045c5b21ef49a76030e9697012f0ca7ca2ec3025857f9b10d6e6616c517129
2017-04-06,15.791372299194336,HEWJ,e1045c5b21ef49a76030e9697012f0ca7ca2ec3025857f9b10d6e6616c517129
2017-04-07,15.882878303527832,HEWJ,e1045c5b21ef49a76030e9697012f0ca7ca2ec3025857f9b10d6e6616c517129
2017-04-10,15.797086715698242,HEWJ,e1045c5b21ef49a76030e9697012f0ca7ca2ec3025857f9b10d6e6616c517129
2017-04-11,15.705574989318848,HEWJ,e1045c5b21ef49a76030e9697012f0ca7ca2ec3025857f9b10d6e6616c517129
2017-04-12,15.57974910736084,HEWJ,e1045c5b21ef49a76030e9697012f0ca7ca2ec3025857f9b10d6e6616c517129
2017-04-13,15.40816593170166,HEWJ,e1045c5b21ef49a76030e9697012f0ca7ca2ec3025857f9b10d6e6616c517129
2017-04-17,15.585468292236328,HEWJ,e1045c5b21ef49a76030e9697012f0ca7ca2ec3025857f9b10d6e6616c517129
2017-04-18,15.448205947875977,HEWJ,e1045c5b21ef49a76030e9697012f0ca7ca2ec3025857f9b10d6e6616c517129
2017-04-19,15.511116981506348,HEWJ,e1045c5b21ef49a76030e9697012f0ca7ca2ec3025857f9b10d6e6616c517129
2017-04-20,15.682698249816895,HEWJ,e1045c5b21ef49a76030e9697012f0ca7ca2ec3025857f9b10d6e6616c517129
2017-04-21,15.705574989318848,HEWJ,e1045c5b21ef49a76030e9697012f0ca7ca2ec3025857f9b10d6e6616c517129
2017-04-24,15.894315719604492,HEWJ,e1045c5b21ef49a76030e9697012f0ca7ca2ec3025857f9b10d6e6616c517129
2017-04-25,16.16884994506836,HEWJ,e1045c5b21ef49a76030e9697012f0ca7ca2ec3025857f9b10d6e6616c517129
2017-04-26,16.17456817626953,HEWJ,e1045c5b21ef49a76030e9697012f0ca7ca2ec3025857f9b10d6e6616c517129
2017-04-27,16.208887100219727,HEWJ,e1045c5b21ef49a76030e9697012f0ca7ca2ec3025857f9b10d6e6616c517129
2017-04-28,16.163129806518555,HEWJ,e1045c5b21ef49a76030e9697012f0ca7ca2ec3025857f9b10d6e6616c517129
2017-05-01,16.288957595825195,HEWJ,e1045c5b21ef49a76030e9697012f0ca7ca2ec3025857f9b10d6e6616c517129
2017-05-02,16.374752044677734,HEWJ,e1045c5b21ef49a76030e9697012f0ca7ca2ec3025857f9b10d6e6616c517129
2017-05-03,16.506298065185547,HEWJ,e1045c5b21ef49a76030e9697012f0ca7ca2ec3025857f9b10d6e6616c517129
2017-05-04,16.500577926635742,HEWJ,e1045c5b21ef49a76030e9697012f0ca7ca2ec3025857f9b10d6e6616c517129
2017-05-05,16.60924530029297,HEWJ,e1045c5b21ef49a76030e9697012f0ca7ca2ec3025857f9b10d6e6616c517129
2017-05-08,16.712202072143555,HEWJ,e1045c5b21ef49a76030e9697012f0ca7ca2ec3025857f9b10d6e6616c517129
2017-05-09,16.763675689697266,HEWJ,e1045c5b21ef49a76030e9697012f0ca7ca2ec3025857f9b10d6e6616c517129
2017-05-10,16.752235412597656,HEWJ,e1045c5b21ef49a76030e9697012f0ca7ca2ec3025857f9b10d6e6616c517129
2017-05-11,16.637847900390625,HEWJ,e1045c5b21ef49a76030e9697012f0ca7ca2ec3025857f9b10d6e6616c517129
2017-05-12,16.614967346191406,HEWJ,e1045c5b21ef49a76030e9697012f0ca7ca2ec3025857f9b10d6e6616c517129
2017-05-15,16.723634719848633,HEWJ,e1045c5b21ef49a76030e9697012f0ca7ca2ec3025857f9b10d6e6616c517129
2017-05-16,16.632122039794922,HEWJ,e1045c5b21ef49a76030e9697012f0ca7ca2ec3025857f9b10d6e6616c517129
2017-05-17,16.300395965576172,HEWJ,e1045c5b21ef49a76030e9697012f0ca7ca2ec3025857f9b10d6e6616c517129
2017-05-18,16.41478729248047,HEWJ,e1045c5b21ef49a76030e9697012f0ca7ca2ec3025857f9b10d6e6616c517129
2017-05-19,16.523454666137695,HEWJ,e1045c5b21ef49a76030e9697012f0ca7ca2ec3025857f9b10d6e6616c517129
2017-05-22,16.523454666137695,HEWJ,e1045c5b21ef49a76030e9697012f0ca7ca2ec3025857f9b10d6e6616c517129
2017-05-23,16.620683670043945,HEWJ,e1045c5b21ef49a76030e9697012f0ca7ca2ec3025857f9b10d6e6616c517129
2017-05-24,16.563493728637695,HEWJ,e1045c5b21ef49a76030e9697012f0ca7ca2ec3025857f9b10d6e6616c517129
2017-05-25,16.632122039794922,HEWJ,e1045c5b21ef49a76030e9697012f0ca7ca2ec3025857f9b10d6e6616c517129
2017-05-26,16.569211959838867,HEWJ,e1045c5b21ef49a76030e9697012f0ca7ca2ec3025857f9b10d6e6616c517129
2017-05-30,16.529178619384766,HEWJ,e1045c5b21ef49a76030e9697012f0ca7ca2ec3025857f9b10d6e6616c517129
2017-05-31,16.54061508178711,HEWJ,e1045c5b21ef49a76030e9697012f0ca7ca2ec3025857f9b10d6e6616c517129
2017-06-01,16.769392013549805,HEWJ,e1045c5b21ef49a76030e9697012f0ca7ca2ec3025857f9b10d6e6616c517129
2017-06-02,16.98672866821289,HEWJ,e1045c5b21ef49a76030e9697012f0ca7ca2ec3025857f9b10d6e6616c517129
2017-06-05,16.94097328186035,HEWJ,e1045c5b21ef49a76030e9697012f0ca7ca2ec3025857f9b10d6e6616c517129
2017-06-06,16.786550521850586,HEWJ,e1045c5b21ef49a76030e9697012f0ca7ca2ec3025857f9b10d6e6616c517129
2017-06-07,16.84374237060547,HEWJ,e1045c5b21ef49a76030e9697012f0ca7ca2ec3025857f9b10d6e6616c517129
2017-06-08,16.838027954101562,HEWJ,e1045c5b21ef49a76030e9697012f0ca7ca2ec3025857f9b10d6e6616c517129
2017-06-09,16.71791648864746,HEWJ,e1045c5b21ef49a76030e9697012f0ca7ca2ec3025857f9b10d6e6616c517129
2017-06-12,16.712202072143555,HEWJ,e1045c5b21ef49a76030e9697012f0ca7ca2ec3025857f9b10d6e6616c517129
2017-06-13,16.826587677001953,HEWJ,e1045c5b21ef49a76030e9697012f0ca7ca2ec3025857f9b10d6e6616c517129
2017-06-14,16.763675689697266,HEWJ,e1045c5b21ef49a76030e9697012f0ca7ca2ec3025857f9b10d6e6616c517129
2017-06-15,16.79227066040039,HEWJ,e1045c5b21ef49a76030e9697012f0ca7ca2ec3025857f9b10d6e6616c517129
2017-06-16,16.85518455505371,HEWJ,e1045c5b21ef49a76030e9697012f0ca7ca2ec3025857f9b10d6e6616c517129
2017-06-19,17.01532745361328,HEWJ,e1045c5b21ef49a76030e9697012f0ca7ca2ec3025857f9b10d6e6616c517129
2017-06-20,16.998172760009766,HEWJ,e1045c5b21ef49a76030e9697012f0ca7ca2ec3025857f9b10d6e6616c517129
2017-06-21,16.9581356048584,HEWJ,e1045c5b21ef49a76030e9697012f0ca7ca2ec3025857f9b10d6e6616c517129
2017-06-22,16.98101234436035,HEWJ,e1045c5b21ef49a76030e9697012f0ca7ca2ec3025857f9b10d6e6616c517129
2017-06-23,16.975290298461914,HEWJ,e1045c5b21ef49a76030e9697012f0ca7ca2ec3025857f9b10d6e6616c517129
2017-06-26,17.01532745361328,HEWJ,e1045c5b21ef49a76030e9697012f0ca7ca2ec3025857f9b10d6e6616c517129
2017-06-27,17.021045684814453,HEWJ,e1045c5b21ef49a76030e9697012f0ca7ca2ec3025857f9b10d6e6616c517129
2017-06-28,17.112558364868164,HEWJ,e1045c5b21ef49a76030e9697012f0ca7ca2ec3025857f9b10d6e6616c517129
2017-06-29,16.91238021850586,HEWJ,e1045c5b21ef49a76030e9697012f0ca7ca2ec3025857f9b10d6e6616c517129
2017-06-30,17.043928146362305,HEWJ,e1045c5b21ef49a76030e9697012f0ca7ca2ec3025857f9b10d6e6616c517129
2017-07-03,17.08395767211914,HEWJ,e1045c5b21ef49a76030e9697012f0ca7ca2ec3025857f9b10d6e6616c517129
2017-07-05,17.066804885864258,HEWJ,e1045c5b21ef49a76030e9697012f0ca7ca2ec3025857f9b10d6e6616c517129
2017-07-06,16.942411422729492,HEWJ,e1045c5b21ef49a76030e9697012f0ca7ca2ec3025857f9b10d6e6616c517129
2017-07-07,17.040311813354492,HEWJ,e1045c5b21ef49a76030e9697012f0ca7ca2ec3025857f9b10d6e6616c517129
2017-07-10,17.01727867126465,HEWJ,e1045c5b21ef49a76030e9697012f0ca7ca2ec3025857f9b10d6e6616c517129
2017-07-11,17.10366439819336,HEWJ,e1045c5b21ef49a76030e9697012f0ca7ca2ec3025857f9b10d6e6616c517129
2017-07-12,17.120935440063477,HEWJ,e1045c5b21ef49a76030e9697012f0ca7ca2ec3025857f9b10d6e6616c517129
2017-07-13,17.109418869018555,HEWJ,e1045c5b21ef49a76030e9697012f0ca7ca2ec3025857f9b10d6e6616c517129
2017-07-14,17.051834106445312,HEWJ,e1045c5b21ef49a76030e9697012f0ca7ca2ec3025857f9b10d6e6616c517129
2017-07-17,17.03455352783203,HEWJ,e1045c5b21ef49a76030e9697012f0ca7ca2ec3025857f9b10d6e6616c517129
2017-07-18,17.02879524230957,HEWJ,e1045c5b21ef49a76030e9697012f0ca7ca2ec3025857f9b10d6e6616c517129
2017-07-19,17.080623626708984,HEWJ,e1045c5b21ef49a76030e9697012f0ca7ca2ec3025857f9b10d6e6616c517129
2017-07-20,17.167007446289062,HEWJ,e1045c5b21ef49a76030e9697012f0ca7ca2ec3025857f9b10d6e6616c517129
2017-07-21,17.06910514831543,HEWJ,e1045c5b21ef49a76030e9697012f0ca7ca2ec3025857f9b10d6e6616c517129
2017-07-24,17.040311813354492,HEWJ,e1045c5b21ef49a76030e9697012f0ca7ca2ec3025857f9b10d6e6616c517129
2017-07-25,17.086381912231445,HEWJ,e1045c5b21ef49a76030e9697012f0ca7ca2ec3025857f9b10d6e6616c517129
2017-07-26,17.046070098876953,HEWJ,e1045c5b21ef49a76030e9697012f0ca7ca2ec3025857f9b10d6e6616c517129
2017-07-27,17.097900390625,HEWJ,e1045c5b21ef49a76030e9697012f0ca7ca2ec3025857f9b10d6e6616c517129
2017-07-28,17.051834106445312,HEWJ,e1045c5b21ef49a76030e9697012f0ca7ca2ec3025857f9b10d6e6616c517129
2017-07-31,17.051834106445312,HEWJ,e1045c5b21ef49a76030e9697012f0ca7ca2ec3025857f9b10d6e6616c517129
2017-08-01,17.18428611755371,HEWJ,e1045c5b21ef49a76030e9697012f0ca7ca2ec3025857f9b10d6e6616c517129
2017-08-02,17.224590301513672,HEWJ,e1045c5b21ef49a76030e9697012f0ca7ca2ec3025857f9b10d6e6616c517129
2017-08-03,17.14396858215332,HEWJ,e1045c5b21ef49a76030e9697012f0ca7ca2ec3025857f9b10d6e6616c517129
2017-08-04,17.264907836914062,HEWJ,e1045c5b21ef49a76030e9697012f0ca7ca2ec3025857f9b10d6e6616c517129
2017-08-07,17.259143829345703,HEWJ,e1045c5b21ef49a76030e9697012f0ca7ca2ec3025857f9b10d6e6616c517129
2017-08-08,17.178524017333984,HEWJ,e1045c5b21ef49a76030e9697012f0ca7ca2ec3025857f9b10d6e6616c517129
2017-08-09,17.023035049438477,HEWJ,e1045c5b21ef49a76030e9697012f0ca7ca2ec3025857f9b10d6e6616c517129
2017-08-10,16.706302642822266,HEWJ,e1045c5b21ef49a76030e9697012f0ca7ca2ec3025857f9b10d6e6616c517129
2017-08-11,16.677509307861328,HEWJ,e1045c5b21ef49a76030e9697012f0ca7ca2ec3025857f9b10d6e6616c517129
2017-08-14,16.890581130981445,HEWJ,e1045c5b21ef49a76030e9697012f0ca7ca2ec3025857f9b10d6e6616c517129
2017-08-15,17.00575828552246,HEWJ,e1045c5b21ef49a76030e9697012f0ca7ca2ec3025857f9b10d6e6616c517129
2017-08-16,17.011520385742188,HEWJ,e1045c5b21ef49a76030e9697012f0ca7ca2ec3025857f9b10d6e6616c517129
2017-08-17,16.786924362182617,HEWJ,e1045c5b21ef49a76030e9697012f0ca7ca2ec3025857f9b10d6e6616c517129
2017-08-18,16.804201126098633,HEWJ,e1045c5b21ef49a76030e9697012f0ca7ca2ec3025857f9b10d6e6616c517129
2017-08-21,16.735092163085938,HEWJ,e1045c5b21ef49a76030e9697012f0ca7ca2ec3025857f9b10d6e6616c517129
2017-08-22,16.879066467285156,HEWJ,e1045c5b21ef49a76030e9697012f0ca7ca2ec3025857f9b10d6e6616c517129
2017-08-23,16.781166076660156,HEWJ,e1045c5b21ef49a76030e9697012f0ca7ca2ec3025857f9b10d6e6616c517129
2017-08-24,16.786924362182617,HEWJ,e1045c5b21ef49a76030e9697012f0ca7ca2ec3025857f9b10d6e6616c517129
2017-08-25,16.809959411621094,HEWJ,e1045c5b21ef49a76030e9697012f0ca7ca2ec3025857f9b10d6e6616c517129
2017-08-28,16.821475982666016,HEWJ,e1045c5b21ef49a76030e9697012f0ca7ca2ec3025857f9b10d6e6616c517129
2017-08-29,16.867551803588867,HEWJ,e1045c5b21ef49a76030e9697012f0ca7ca2ec3025857f9b10d6e6616c517129
2017-08-30,16.942411422729492,HEWJ,e1045c5b21ef49a76030e9697012f0ca7ca2ec3025857f9b10d6e6616c517129
2017-08-31,17.023035049438477,HEWJ,e1045c5b21ef49a76030e9697012f0ca7ca2ec3025857f9b10d6e6616c517129
2017-09-01,17.00575828552246,HEWJ,e1045c5b21ef49a76030e9697012f0ca7ca2ec3025857f9b10d6e6616c517129
2017-09-05,16.689023971557617,HEWJ,e1045c5b21ef49a76030e9697012f0ca7ca2ec3025857f9b10d6e6616c517129
2017-09-06,16.861787796020508,HEWJ,e1045c5b21ef49a76030e9697012f0ca7ca2ec3025857f9b10d6e6616c517129
2017-09-07,16.827239990234375,HEWJ,e1045c5b21ef49a76030e9697012f0ca7ca2ec3025857f9b10d6e6616c517129
2017-09-08,16.7696475982666,HEWJ,e1045c5b21ef49a76030e9697012f0ca7ca2ec3025857f9b10d6e6616c517129
2017-09-11,17.11517906188965,HEWJ,e1045c5b21ef49a76030e9697012f0ca7ca2ec3025857f9b10d6e6616c517129
2017-09-12,17.247631072998047,HEWJ,e1045c5b21ef49a76030e9697012f0ca7ca2ec3025857f9b10d6e6616c517129
2017-09-13,17.270662307739258,HEWJ,e1045c5b21ef49a76030e9697012f0ca7ca2ec3025857f9b10d6e6616c517129
2017-09-14,17.264907836914062,HEWJ,e1045c5b21ef49a76030e9697012f0ca7ca2ec3025857f9b10d6e6616c517129
2017-09-15,17.339773178100586,HEWJ,e1045c5b21ef49a76030e9697012f0ca7ca2ec3025857f9b10d6e6616c517129
2017-09-18,17.431913375854492,HEWJ,e1045c5b21ef49a76030e9697012f0ca7ca2ec3025857f9b10d6e6616c517129
2017-09-19,17.547088623046875,HEWJ,e1045c5b21ef49a76030e9697012f0ca7ca2ec3025857f9b10d6e6616c517129
2017-09-20,17.662263870239258,HEWJ,e1045c5b21ef49a76030e9697012f0ca7ca2ec3025857f9b10d6e6616c517129
2017-09-21,17.63347053527832,HEWJ,e1045c5b21ef49a76030e9697012f0ca7ca2ec3025857f9b10d6e6616c517129
2017-09-22,17.57588005065918,HEWJ,e1045c5b21ef49a76030e9697012f0ca7ca2ec3025857f9b10d6e6616c517129
2017-09-25,17.558609008789062,HEWJ,e1045c5b21ef49a76030e9697012f0ca7ca2ec3025857f9b10d6e6616c517129
2017-09-26,17.65074348449707,HEWJ,e1045c5b21ef49a76030e9697012f0ca7ca2ec3025857f9b10d6e6616c517129
2017-09-27,17.76592254638672,HEWJ,e1045c5b21ef49a76030e9697012f0ca7ca2ec3025857f9b10d6e6616c517129
2017-09-28,17.731369018554688,HEWJ,e1045c5b21ef49a76030e9697012f0ca7ca2ec3025857f9b10d6e6616c517129
2017-09-29,17.742887496948242,HEWJ,e1045c5b21ef49a76030e9697012f0ca7ca2ec3025857f9b10d6e6616c517129
2017-10-02,17.79471778869629,HEWJ,e1045c5b21ef49a76030e9697012f0ca7ca2ec3025857f9b10d6e6616c517129
2017-10-03,17.90413475036621,HEWJ,e1045c5b21ef49a76030e9697012f0ca7ca2ec3025857f9b10d6e6616c517129
2017-10-04,17.886859893798828,HEWJ,e1045c5b21ef49a76030e9697012f0ca7ca2ec3025857f9b10d6e6616c517129
2017-10-05,17.90413475036621,HEWJ,e1045c5b21ef49a76030e9697012f0ca7ca2ec3025857f9b10d6e6616c517129
2017-10-06,17.869583129882812,HEWJ,e1045c5b21ef49a76030e9697012f0ca7ca2ec3025857f9b10d6e6616c517129
2017-10-09,17.8810977935791,HEWJ,e1045c5b21ef49a76030e9697012f0ca7ca2ec3025857f9b10d6e6616c517129
2017-10-10,17.96748161315918,HEWJ,e1045c5b21ef49a76030e9697012f0ca7ca2ec3025857f9b10d6e6616c517129
2017-10-11,18.059621810913086,HEWJ,e1045c5b21ef49a76030e9697012f0ca7ca2ec3025857f9b10d6e6616c517129
2017-10-12,18.025068283081055,HEWJ,e1045c5b21ef49a76030e9697012f0ca7ca2ec3025857f9b10d6e6616c517129
2017-10-13,18.18631362915039,HEWJ,e1045c5b21ef49a76030e9697012f0ca7ca2ec3025857f9b10d6e6616c517129
2017-10-16,18.318767547607422,HEWJ,e1045c5b21ef49a76030e9697012f0ca7ca2ec3025857f9b10d6e6616c517129
2017-10-17,18.31300926208496,HEWJ,e1045c5b21ef49a76030e9697012f0ca7ca2ec3025857f9b10d6e6616c517129
2017-10-18,18.38211441040039,HEWJ,e1045c5b21ef49a76030e9697012f0ca7ca2ec3025857f9b10d6e6616c517129
2017-10-19,18.29573631286621,HEWJ,e1045c5b21ef49a76030e9697012f0ca7ca2ec3025857f9b10d6e6616c517129
2017-10-20,18.48577117919922,HEWJ,e1045c5b21ef49a76030e9697012f0ca7ca2ec3025857f9b10d6e6616c517129
2017-10-23,18.503049850463867,HEWJ,e1045c5b21ef49a76030e9697012f0ca7ca2ec3025857f9b10d6e6616c517129
2017-10-24,18.750680923461914,HEWJ,e1045c5b21ef49a76030e9697012f0ca7ca2ec3025857f9b10d6e6616c517129
2017-10-25,18.577911376953125,HEWJ,e1045c5b21ef49a76030e9697012f0ca7ca2ec3025857f9b10d6e6616c517129
2017-10-26,18.71612548828125,HEWJ,e1045c5b21ef49a76030e9697012f0ca7ca2ec3025857f9b10d6e6616c517129
2017-10-27,18.814023971557617,HEWJ,e1045c5b21ef49a76030e9697012f0ca7ca2ec3025857f9b10d6e6616c517129
2017-10-30,18.71612548828125,HEWJ,e1045c5b21ef49a76030e9697012f0ca7ca2ec3025857f9b10d6e6616c517129
2017-10-31,18.888893127441406,HEWJ,e1045c5b21ef49a76030e9697012f0ca7ca2ec3025857f9b10d6e6616c517129
2017-11-01,19.073169708251953,HEWJ,e1045c5b21ef49a76030e9697012f0ca7ca2ec3025857f9b10d6e6616c517129
2017-11-02,19.07893180847168,HEWJ,e1045c5b21ef49a76030e9697012f0ca7ca2ec3025857f9b10d6e6616c517129
2017-11-03,19.14228057861328,HEWJ,e1045c5b21ef49a76030e9697012f0ca7ca2ec3025857f9b10d6e6616c517129
2017-11-06,19.08469009399414,HEWJ,e1045c5b21ef49a76030e9697012f0ca7ca2ec3025857f9b10d6e6616c517129
2017-11-07,19.263216018676758,HEWJ,e1045c5b21ef49a76030e9697012f0ca7ca2ec3025857f9b10d6e6616c517129
2017-11-08,19.361112594604492,HEWJ,e1045c5b21ef49a76030e9697012f0ca7ca2ec3025857f9b10d6e6616c517129
2017-11-09,19.11924171447754,HEWJ,e1045c5b21ef49a76030e9697012f0ca7ca2ec3025857f9b10d6e6616c517129
2017-11-10,19.004066467285156,HEWJ,e1045c5b21ef49a76030e9697012f0ca7ca2ec3025857f9b10d6e6616c517129
2017-11-13,18.940719604492188,HEWJ,e1045c5b21ef49a76030e9697012f0ca7ca2ec3025857f9b10d6e6616c517129
2017-11-14,18.814023971557617,HEWJ,e1045c5b21ef49a76030e9697012f0ca7ca2ec3025857f9b10d6e6616c517129
2017-11-15,18.589433670043945,HEWJ,e1045c5b21ef49a76030e9697012f0ca7ca2ec3025857f9b10d6e6616c517129
2017-11-16,18.90616798400879,HEWJ,e1045c5b21ef49a76030e9697012f0ca7ca2ec3025857f9b10d6e6616c517129
2017-11-17,18.647022247314453,HEWJ,e1045c5b21ef49a76030e9697012f0ca7ca2ec3025857f9b10d6e6616c517129
2017-11-20,18.831302642822266,HEWJ,e1045c5b21ef49a76030e9697012f0ca7ca2ec3025857f9b10d6e6616c517129
2017-11-21,18.97527313232422,HEWJ,e1045c5b21ef49a76030e9697012f0ca7ca2ec3025857f9b10d6e6616c517129
2017-11-22,18.77947235107422,HEWJ,e1045c5b21ef49a76030e9697012f0ca7ca2ec3025857f9b10d6e6616c517129
2017-11-24,18.998308181762695,HEWJ,e1045c5b21ef49a76030e9697012f0ca7ca2ec3025857f9b10d6e6616c517129
2017-11-27,18.837060928344727,HEWJ,e1045c5b21ef49a76030e9697012f0ca7ca2ec3025857f9b10d6e6616c517129
2017-11-28,18.96375274658203,HEWJ,e1045c5b21ef49a76030e9697012f0ca7ca2ec3025857f9b10d6e6616c517129
2017-11-29,18.998308181762695,HEWJ,e1045c5b21ef49a76030e9697012f0ca7ca2ec3025857f9b10d6e6616c517129
2017-11-30,19.148040771484375,HEWJ,e1045c5b21ef49a76030e9697012f0ca7ca2ec3025857f9b10d6e6616c517129
2017-12-01,18.96375274658203,HEWJ,e1045c5b21ef49a76030e9697012f0ca7ca2ec3025857f9b10d6e6616c517129
2017-12-04,18.837060928344727,HEWJ,e1045c5b21ef49a76030e9697012f0ca7ca2ec3025857f9b10d6e6616c517129
2017-12-05,18.894651412963867,HEWJ,e1045c5b21ef49a76030e9697012f0ca7ca2ec3025857f9b10d6e6616c517129
2017-12-06,18.762197494506836,HEWJ,e1045c5b21ef49a76030e9697012f0ca7ca2ec3025857f9b10d6e6616c517129
2017-12-07,19.038616180419922,HEWJ,e1045c5b21ef49a76030e9697012f0ca7ca2ec3025857f9b10d6e6616c517129
2017-12-08,19.194107055664062,HEWJ,e1045c5b21ef49a76030e9697012f0ca7ca2ec3025857f9b10d6e6616c517129
2017-12-11,19.268972396850586,HEWJ,e1045c5b21ef49a76030e9697012f0ca7ca2ec3025857f9b10d6e6616c517129
2017-12-12,19.309280395507812,HEWJ,e1045c5b21ef49a76030e9697012f0ca7ca2ec3025857f9b10d6e6616c517129
2017-12-13,19.211383819580078,HEWJ,e1045c5b21ef49a76030e9697012f0ca7ca2ec3025857f9b10d6e6616c517129
2017-12-14,19.073169708251953,HEWJ,e1045c5b21ef49a76030e9697012f0ca7ca2ec3025857f9b10d6e6616c517129
2017-12-15,19.136520385742188,HEWJ,e1045c5b21ef49a76030e9697012f0ca7ca2ec3025857f9b10d6e6616c517129
2017-12-18,19.366870880126953,HEWJ,e1045c5b21ef49a76030e9697012f0ca7ca2ec3025857f9b10d6e6616c517129
2017-12-19,19.234420776367188,HEWJ,e1045c5b21ef49a76030e9697012f0ca7ca2ec3025857f9b10d6e6616c517129
2017-12-20,19.349594116210938,HEWJ,e1045c5b21ef49a76030e9697012f0ca7ca2ec3025857f9b10d6e6616c517129
2017-12-21,19.343833923339844,HEWJ,e1045c5b21ef49a76030e9697012f0ca7ca2ec3025857f9b10d6e6616c517129
2017-12-22,19.424455642700195,HEWJ,e1045c5b21ef49a76030e9697012f0ca7ca2ec3025857f9b10d6e6616c517129
2017-12-26,19.395662307739258,HEWJ,e1045c5b21ef49a76030e9697012f0ca7ca2ec3025857f9b10d6e6616c517129
2017-12-27,19.389902114868164,HEWJ,e1045c5b21ef49a76030e9697012f0ca7ca2ec3025857f9b10d6e6616c517129
2017-12-28,19.28505516052246,HEWJ,e1045c5b21ef49a76030e9697012f0ca7ca2ec3025857f9b10d6e6616c517129
2017-12-29,19.31401824951172,HEWJ,e1045c5b21ef49a76030e9697012f0ca7ca2ec3025857f9b10d6e6616c517129
2018-01-02,19.360361099243164,HEWJ,e1045c5b21ef49a76030e9697012f0ca7ca2ec3025857f9b10d6e6616c517129
2018-01-03,19.678979873657227,HEWJ,e1045c5b21ef49a76030e9697012f0ca7ca2ec3025857f9b10d6e6616c517129
2018-01-04,19.962839126586914,HEWJ,e1045c5b21ef49a76030e9697012f0ca7ca2ec3025857f9b10d6e6616c517129
2018-01-05,20.072912216186523,HEWJ,e1045c5b21ef49a76030e9697012f0ca7ca2ec3025857f9b10d6e6616c517129
2018-01-08,20.194561004638672,HEWJ,e1045c5b21ef49a76030e9697012f0ca7ca2ec3025857f9b10d6e6616c517129
2018-01-09,20.119253158569336,HEWJ,e1045c5b21ef49a76030e9697012f0ca7ca2ec3025857f9b10d6e6616c517129
2018-01-10,20.043943405151367,HEWJ,e1045c5b21ef49a76030e9697012f0ca7ca2ec3025857f9b10d6e6616c517129
2018-01-11,20.142425537109375,HEWJ,e1045c5b21ef49a76030e9697012f0ca7ca2ec3025857f9b10d6e6616c517129
2018-01-12,20.188766479492188,HEWJ,e1045c5b21ef49a76030e9697012f0ca7ca2ec3025857f9b10d6e6616c517129
2018-01-16,20.061317443847656,HEWJ,e1045c5b21ef49a76030e9697012f0ca7ca2ec3025857f9b10d6e6616c517129
2018-01-17,20.368349075317383,HEWJ,e1045c5b21ef49a76030e9697012f0ca7ca2ec3025857f9b10d6e6616c517129
2018-01-18,20.188766479492188,HEWJ,e1045c5b21ef49a76030e9697012f0ca7ca2ec3025857f9b10d6e6616c517129
2018-01-19,20.264074325561523,HEWJ,e1045c5b21ef49a76030e9697012f0ca7ca2ec3025857f9b10d6e6616c517129
2018-01-22,20.38572883605957,HEWJ,e1045c5b21ef49a76030e9697012f0ca7ca2ec3025857f9b10d6e6616c517129
2018-01-23,20.39731788635254,HEWJ,e1045c5b21ef49a76030e9697012f0ca7ca2ec3025857f9b10d6e6616c517129
2018-01-24,20.188766479492188,HEWJ,e1045c5b21ef49a76030e9697012f0ca7ca2ec3025857f9b10d6e6616c517129
2018-01-25,20.10765838623047,HEWJ,e1045c5b21ef49a76030e9697012f0ca7ca2ec3025857f9b10d6e6616c517129
2018-01-26,20.159805297851562,HEWJ,e1045c5b21ef49a76030e9697012f0ca7ca2ec3025857f9b10d6e6616c517129
2018-01-29,20.026559829711914,HEWJ,e1045c5b21ef49a76030e9697012f0ca7ca2ec3025857f9b10d6e6616c517129
2018-01-30,19.754291534423828,HEWJ,e1045c5b21ef49a76030e9697012f0ca7ca2ec3025857f9b10d6e6616c517129
2018-01-31,19.684772491455078,HEWJ,e1045c5b21ef49a76030e9697012f0ca7ca2ec3025857f9b10d6e6616c517129
2018-02-01,19.82380485534668,HEWJ,e1045c5b21ef49a76030e9697012f0ca7ca2ec3025857f9b10d6e6616c517129
2018-02-02,19.684772491455078,HEWJ,e1045c5b21ef49a76030e9697012f0ca7ca2ec3025857f9b10d6e6616c517129
2018-02-05,18.60147476196289,HEWJ,e1045c5b21ef49a76030e9697012f0ca7ca2ec3025857f9b10d6e6616c517129
2018-02-06,19.111263275146484,HEWJ,e1045c5b21ef49a76030e9697012f0ca7ca2ec3025857f9b10d6e6616c517129
2018-02-07,18.95484733581543,HEWJ,e1045c5b21ef49a76030e9697012f0ca7ca2ec3025857f9b10d6e6616c517129
2018-02-08,18.236507415771484,HEWJ,e1045c5b21ef49a76030e9697012f0ca7ca2ec3025857f9b10d6e6616c517129
2018-02-09,18.44506072998047,HEWJ,e1045c5b21ef49a76030e9697012f0ca7ca2ec3025857f9b10d6e6616c517129
2018-02-12,18.769472122192383,HEWJ,e1045c5b21ef49a76030e9697012f0ca7ca2ec3025857f9b10d6e6616c517129
2018-02-13,18.392921447753906,HEWJ,e1045c5b21ef49a76030e9697012f0ca7ca2ec3025857f9b10d6e6616c517129
2018-02-14,18.5087833404541,HEWJ,e1045c5b21ef49a76030e9697012f0ca7ca2ec3025857f9b10d6e6616c517129
2018-02-15,18.44506072998047,HEWJ,e1045c5b21ef49a76030e9697012f0ca7ca2ec3025857f9b10d6e6616c517129
2018-02-16,18.769472122192383,HEWJ,e1045c5b21ef49a76030e9697012f0ca7ca2ec3025857f9b10d6e6616c517129
2018-02-20,18.80422592163086,HEWJ,e1045c5b21ef49a76030e9697012f0ca7ca2ec3025857f9b10d6e6616c517129
2018-02-21,18.699954986572266,HEWJ,e1045c5b21ef49a76030e9697012f0ca7ca2ec3025857f9b10d6e6616c517129
2018-02-22,18.578298568725586,HEWJ,e1045c5b21ef49a76030e9697012f0ca7ca2ec3025857f9b10d6e6616c517129
2018-02-23,18.896915435791016,HEWJ,e1045c5b21ef49a76030e9697012f0ca7ca2ec3025857f9b10d6e6616c517129
2018-02-26,19.16339683532715,HEWJ,e1045c5b21ef49a76030e9697012f0ca7ca2ec3025857f9b10d6e6616c517129
2018-02-27,18.989604949951172,HEWJ,e1045c5b21ef49a76030e9697012f0ca7ca2ec3025857f9b10d6e6616c517129
2018-02-28,18.705745697021484,HEWJ,e1045c5b21ef49a76030e9697012f0ca7ca2ec3025857f9b10d6e6616c517129
2018-03-01,18.068511962890625,HEWJ,e1045c5b21ef49a76030e9697012f0ca7ca2ec3025857f9b10d6e6616c517129
2018-03-02,18.178579330444336,HEWJ,e1045c5b21ef49a76030e9697012f0ca7ca2ec3025857f9b10d6e6616c517129
2018-03-05,18.334993362426758,HEWJ,e1045c5b21ef49a76030e9697012f0ca7ca2ec3025857f9b10d6e6616c517129
2018-03-06,18.47981834411621,HEWJ,e1045c5b21ef49a76030e9697012f0ca7ca2ec3025857f9b10d6e6616c517129
2018-03-07,18.30023193359375,HEWJ,e1045c5b21ef49a76030e9697012f0ca7ca2ec3025857f9b10d6e6616c517129
2018-03-08,18.44506072998047,HEWJ,e1045c5b21ef49a76030e9697012f0ca7ca2ec3025857f9b10d6e6616c517129
2018-03-09,18.595680236816406,HEWJ,e1045c5b21ef49a76030e9697012f0ca7ca2ec3025857f9b10d6e6616c517129
2018-03-12,18.53195571899414,HEWJ,e1045c5b21ef49a76030e9697012f0ca7ca2ec3025857f9b10d6e6616c517129
2018-03-13,18.537748336791992,HEWJ,e1045c5b21ef49a76030e9697012f0ca7ca2ec3025857f9b10d6e6616c517129
2018-03-14,18.555126190185547,HEWJ,e1045c5b21ef49a76030e9697012f0ca7ca2ec3025857f9b10d6e6616c517129
2018-03-15,18.60147476196289,HEWJ,e1045c5b21ef49a76030e9697012f0ca7ca2ec3025857f9b10d6e6616c517129
2018-03-16,18.485610961914062,HEWJ,e1045c5b21ef49a76030e9697012f0ca7ca2ec3025857f9b10d6e6616c517129
2018-03-19,18.178579330444336,HEWJ,e1045c5b21ef49a76030e9697012f0ca7ca2ec3025857f9b10d6e6616c517129
2018-03-20,18.37554168701172,HEWJ,e1045c5b21ef49a76030e9697012f0ca7ca2ec3025857f9b10d6e6616c517129
2018-03-21,18.28864860534668,HEWJ,e1045c5b21ef49a76030e9697012f0ca7ca2ec3025857f9b10d6e6616c517129
2018-03-22,18.02216911315918,HEWJ,e1045c5b21ef49a76030e9697012f0ca7ca2ec3025857f9b10d6e6616c517129
2018-03-23,17.512380599975586,HEWJ,e1045c5b21ef49a76030e9697012f0ca7ca2ec3025857f9b10d6e6616c517129
2018-03-26,17.89472007751465,HEWJ,e1045c5b21ef49a76030e9697012f0ca7ca2ec3025857f9b10d6e6616c517129
2018-03-27,17.946855545043945,HEWJ,e1045c5b21ef49a76030e9697012f0ca7ca2ec3025857f9b10d6e6616c517129
2018-03-28,18.427682876586914,HEWJ,e1045c5b21ef49a76030e9697012f0ca7ca2ec3025857f9b10d6e6616c517129
2018-03-29,18.58409309387207,HEWJ,e1045c5b21ef49a76030e9697012f0ca7ca2ec3025857f9b10d6e6616c517129
2018-04-02,18.120649337768555,HEWJ,e1045c5b21ef49a76030e9697012f0ca7ca2ec3025857f9b10d6e6616c517129
2018-04-03,18.456647872924805,HEWJ,e1045c5b21ef49a76030e9697012f0ca7ca2ec3025857f9b10d6e6616c517129
2018-04-04,18.514575958251953,HEWJ,e1045c5b21ef49a76030e9697012f0ca7ca2ec3025857f9b10d6e6616c517129
2018-04-05,18.72312355041504,HEWJ,e1045c5b21ef49a76030e9697012f0ca7ca2ec3025857f9b10d6e6616c517129
2018-04-06,18.34657859802246,HEWJ,e1045c5b21ef49a76030e9697012f0ca7ca2ec3025857f9b10d6e6616c517129
2018-04-09,18.456647872924805,HEWJ,e1045c5b21ef49a76030e9697012f0ca7ca2ec3025857f9b10d6e6616c517129
2018-04-10,18.642024993896484,HEWJ,e1045c5b21ef49a76030e9697012f0ca7ca2ec3025857f9b10d6e6616c517129
2018-04-11,18.560922622680664,HEWJ,e1045c5b21ef49a76030e9697012f0ca7ca2ec3025857f9b10d6e6616c517129
2018-04-12,18.589885711669922,HEWJ,e1045c5b21ef49a76030e9697012f0ca7ca2ec3025857f9b10d6e6616c517129
2018-04-13,18.613056182861328,HEWJ,e1045c5b21ef49a76030e9697012f0ca7ca2ec3025857f9b10d6e6616c517129
2018-04-16,18.630435943603516,HEWJ,e1045c5b21ef49a76030e9697012f0ca7ca2ec3025857f9b10d6e6616c517129
2018-04-17,18.676780700683594,HEWJ,e1045c5b21ef49a76030e9697012f0ca7ca2ec3025857f9b10d6e6616c517129
2018-04-18,18.833192825317383,HEWJ,e1045c5b21ef49a76030e9697012f0ca7ca2ec3025857f9b10d6e6616c517129
2018-04-19,18.78685188293457,HEWJ,e1045c5b21ef49a76030e9697012f0ca7ca2ec3025857f9b10d6e6616c517129
2018-04-20,18.80422592163086,HEWJ,e1045c5b21ef49a76030e9697012f0ca7ca2ec3025857f9b10d6e6616c517129
2018-04-23,18.95484733581543,HEWJ,e1045c5b21ef49a76030e9697012f0ca7ca2ec3025857f9b10d6e6616c517129
2018-04-24,18.891122817993164,HEWJ,e1045c5b21ef49a76030e9697012f0ca7ca2ec3025857f9b10d6e6616c517129
2018-04-25,19.05912208557129,HEWJ,e1045c5b21ef49a76030e9697012f0ca7ca2ec3025857f9b10d6e6616c517129
2018-04-26,19.16339683532715,HEWJ,e1045c5b21ef49a76030e9697012f0ca7ca2ec3025857f9b10d6e6616c517129
2018-04-27,19.070707321166992,HEWJ,e1045c5b21ef49a76030e9697012f0ca7ca2ec3025857f9b10d6e6616c517129
2018-04-30,19.076501846313477,HEWJ,e1045c5b21ef49a76030e9697012f0ca7ca2ec3025857f9b10d6e6616c517129
2018-05-01,19.16339683532715,HEWJ,e1045c5b21ef49a76030e9697012f0ca7ca2ec3025857f9b10d6e6616c517129
2018-05-02,19.05333137512207,HEWJ,e1045c5b21ef49a76030e9697012f0ca7ca2ec3025857f9b10d6e6616c517129
2018-05-03,18.949052810668945,HEWJ,e1045c5b21ef49a76030e9697012f0ca7ca2ec3025857f9b10d6e6616c517129
2018-05-04,19.05333137512207,HEWJ,e1045c5b21ef49a76030e9697012f0ca7ca2ec3025857f9b10d6e6616c517129
2018-05-07,19.088088989257812,HEWJ,e1045c5b21ef49a76030e9697012f0ca7ca2ec3025857f9b10d6e6616c517129
2018-05-08,19.151811599731445,HEWJ,e1045c5b21ef49a76030e9697012f0ca7ca2ec3025857f9b10d6e6616c517129
2018-05-09,19.111263275146484,HEWJ,e1045c5b21ef49a76030e9697012f0ca7ca2ec3025857f9b10d6e6616c517129
2018-05-10,19.16339683532715,HEWJ,e1045c5b21ef49a76030e9697012f0ca7ca2ec3025857f9b10d6e6616c517129
2018-05-11,19.28505516052246,HEWJ,e1045c5b21ef49a76030e9697012f0ca7ca2ec3025857f9b10d6e6616c517129
2018-05-14,19.441465377807617,HEWJ,e1045c5b21ef49a76030e9697012f0ca7ca2ec3025857f9b10d6e6616c517129
2018-05-15,19.38932991027832,HEWJ,e1045c5b21ef49a76030e9697012f0ca7ca2ec3025857f9b10d6e6616c517129
2018-05-16,19.435672760009766,HEWJ,e1045c5b21ef49a76030e9697012f0ca7ca2ec3025857f9b10d6e6616c517129
2018-05-17,19.505186080932617,HEWJ,e1045c5b21ef49a76030e9697012f0ca7ca2ec3025857f9b10d6e6616c517129
2018-05-18,19.458845138549805,HEWJ,e1045c5b21ef49a76030e9697012f0ca7ca2ec3025857f9b10d6e6616c517129
2018-05-21,19.522567749023438,HEWJ,e1045c5b21ef49a76030e9697012f0ca7ca2ec3025857f9b10d6e6616c517129
2018-05-22,19.476221084594727,HEWJ,e1045c5b21ef49a76030e9697012f0ca7ca2ec3025857f9b10d6e6616c517129
2018-05-23,19.250293731689453,HEWJ,e1045c5b21ef49a76030e9697012f0ca7ca2ec3025857f9b10d6e6616c517129
2018-05-24,18.983810424804688,HEWJ,e1045c5b21ef49a76030e9697012f0ca7ca2ec3025857f9b10d6e6616c517129
2018-05-25,18.960636138916016,HEWJ,e1045c5b21ef49a76030e9697012f0ca7ca2ec3025857f9b10d6e6616c517129
2018-05-29,18.694162368774414,HEWJ,e1045c5b21ef49a76030e9697012f0ca7ca2ec3025857f9b10d6e6616c517129
2018-05-30,18.891122817993164,HEWJ,e1045c5b21ef49a76030e9697012f0ca7ca2ec3025857f9b10d6e6616c517129
2018-05-31,18.734712600708008,HEWJ,e1045c5b21ef49a76030e9697012f0ca7ca2ec3025857f9b10d6e6616c517129
2018-06-01,19.001192092895508,HEWJ,e1045c5b21ef49a76030e9697012f0ca7ca2ec3025857f9b10d6e6616c517129
2018-06-04,19.16339683532715,HEWJ,e1045c5b21ef49a76030e9697012f0ca7ca2ec3025857f9b10d6e6616c517129
2018-06-05,19.105466842651367,HEWJ,e1045c5b21ef49a76030e9697012f0ca7ca2ec3025857f9b10d6e6616c517129
2018-06-06,19.267671585083008,HEWJ,e1045c5b21ef49a76030e9697012f0ca7ca2ec3025857f9b10d6e6616c517129
2018-06-07,19.1807804107666,HEWJ,e1045c5b21ef49a76030e9697012f0ca7ca2ec3025857f9b10d6e6616c517129
2018-06-08,19.192363739013672,HEWJ,e1045c5b21ef49a76030e9697012f0ca7ca2ec3025857f9b10d6e6616c517129
2018-06-11,19.360361099243164,HEWJ,e1045c5b21ef49a76030e9697012f0ca7ca2ec3025857f9b10d6e6616c517129
2018-06-12,19.2966365814209,HEWJ,e1045c5b21ef49a76030e9697012f0ca7ca2ec3025857f9b10d6e6616c517129
2018-06-13,19.302431106567383,HEWJ,e1045c5b21ef49a76030e9697012f0ca7ca2ec3025857f9b10d6e6616c517129
2018-06-14,19.325605392456055,HEWJ,e1045c5b21ef49a76030e9697012f0ca7ca2ec3025857f9b10d6e6616c517129
2018-06-15,19.2329158782959,HEWJ,e1045c5b21ef49a76030e9697012f0ca7ca2ec3025857f9b10d6e6616c517129
2018-06-18,19.117053985595703,HEWJ,e1045c5b21ef49a76030e9697012f0ca7ca2ec3025857f9b10d6e6616c517129
2018-06-19,18.821611404418945,HEWJ,e1045c5b21ef49a76030e9697012f0ca7ca2ec3025857f9b10d6e6616c517129
2018-06-20,18.896915435791016,HEWJ,e1045c5b21ef49a76030e9697012f0ca7ca2ec3025857f9b10d6e6616c517129
2018-06-21,18.752090454101562,HEWJ,e1045c5b21ef49a76030e9697012f0ca7ca2ec3025857f9b10d6e6616c517129
2018-06-22,18.84477996826172,HEWJ,e1045c5b21ef49a76030e9697012f0ca7ca2ec3025857f9b10d6e6616c517129
2018-06-25,18.555126190185547,HEWJ,e1045c5b21ef49a76030e9697012f0ca7ca2ec3025857f9b10d6e6616c517129
2018-06-26,18.728923797607422,HEWJ,e1045c5b21ef49a76030e9697012f0ca7ca2ec3025857f9b10d6e6616c517129
2018-06-27,18.60147476196289,HEWJ,e1045c5b21ef49a76030e9697012f0ca7ca2ec3025857f9b10d6e6616c517129
2018-06-28,18.68836212158203,HEWJ,e1045c5b21ef49a76030e9697012f0ca7ca2ec3025857f9b10d6e6616c517129
2018-06-29,18.68257713317871,HEWJ,e1045c5b21ef49a76030e9697012f0ca7ca2ec3025857f9b10d6e6616c517129
2018-07-02,18.398714065551758,HEWJ,e1045c5b21ef49a76030e9697012f0ca7ca2ec3025857f9b10d6e6616c517129
2018-07-03,18.328022003173828,HEWJ,e1045c5b21ef49a76030e9697012f0ca7ca2ec3025857f9b10d6e6616c517129
2018-07-05,18.316333770751953,HEWJ,e1045c5b21ef49a76030e9697012f0ca7ca2ec3025857f9b10d6e6616c517129
2018-07-06,18.409818649291992,HEWJ,e1045c5b21ef49a76030e9697012f0ca7ca2ec3025857f9b10d6e6616c517129
2018-07-09,18.731155395507812,HEWJ,e1045c5b21ef49a76030e9697012f0ca7ca2ec3025857f9b10d6e6616c517129
2018-07-10,18.736997604370117,HEWJ,e1045c5b21ef49a76030e9697012f0ca7ca2ec3025857f9b10d6e6616c517129
2018-07-11,18.57925033569336,HEWJ,e1045c5b21ef49a76030e9697012f0ca7ca2ec3025857f9b10d6e6616c517129
2018-07-12,18.690261840820312,HEWJ,e1045c5b21ef49a76030e9697012f0ca7ca2ec3025857f9b10d6e6616c517129
2018-07-13,18.8421630859375,HEWJ,e1045c5b21ef49a76030e9697012f0ca7ca2ec3025857f9b10d6e6616c517129
2018-07-16,18.848005294799805,HEWJ,e1045c5b21ef49a76030e9697012f0ca7ca2ec3025857f9b10d6e6616c517129
2018-07-17,19.09339141845703,HEWJ,e1045c5b21ef49a76030e9697012f0ca7ca2ec3025857f9b10d6e6616c517129
2018-07-18,19.070022583007812,HEWJ,e1045c5b21ef49a76030e9697012f0ca7ca2ec3025857f9b10d6e6616c517129
2018-07-19,19.023283004760742,HEWJ,e1045c5b21ef49a76030e9697012f0ca7ca2ec3025857f9b10d6e6616c517129
2018-07-20,18.906431198120117,HEWJ,e1045c5b21ef49a76030e9697012f0ca7ca2ec3025857f9b10d6e6616c517129
2018-07-23,18.98822593688965,HEWJ,e1045c5b21ef49a76030e9697012f0ca7ca2ec3025857f9b10d6e6616c517129
2018-07-24,19.040807723999023,HEWJ,e1045c5b21ef49a76030e9697012f0ca7ca2ec3025857f9b10d6e6616c517129
2018-07-25,19.13429069519043,HEWJ,e1045c5b21ef49a76030e9697012f0ca7ca2ec3025857f9b10d6e6616c517129
2018-07-26,19.221925735473633,HEWJ,e1045c5b21ef49a76030e9697012f0ca7ca2ec3025857f9b10d6e6616c517129
2018-07-27,19.26282501220703,HEWJ,e1045c5b21ef49a76030e9697012f0ca7ca2ec3025857f9b10d6e6616c517129
2018-07-30,19.105079650878906,HEWJ,e1045c5b21ef49a76030e9697012f0ca7ca2ec3025857f9b10d6e6616c517129
2018-07-31,19.087549209594727,HEWJ,e1045c5b21ef49a76030e9697012f0ca7ca2ec3025857f9b10d6e6616c517129
2018-08-01,19.175186157226562,HEWJ,e1045c5b21ef49a76030e9697012f0ca7ca2ec3025857f9b10d6e6616c517129
2018-08-02,19.081707000732422,HEWJ,e1045c5b21ef49a76030e9697012f0ca7ca2ec3025857f9b10d6e6616c517129
2018-08-03,19.005752563476562,HEWJ,e1045c5b21ef49a76030e9697012f0ca7ca2ec3025857f9b10d6e6616c517129
2018-08-06,18.883060455322266,HEWJ,e1045c5b21ef49a76030e9697012f0ca7ca2ec3025857f9b10d6e6616c517129
2018-08-07,19.04665184020996,HEWJ,e1045c5b21ef49a76030e9697012f0ca7ca2ec3025857f9b10d6e6616c517129
2018-08-08,18.97654151916504,HEWJ,e1045c5b21ef49a76030e9697012f0ca7ca2ec3025857f9b10d6e6616c517129
2018-08-09,18.912273406982422,HEWJ,e1045c5b21ef49a76030e9697012f0ca7ca2ec3025857f9b10d6e6616c517129
2018-08-10,18.60262107849121,HEWJ,e1045c5b21ef49a76030e9697012f0ca7ca2ec3025857f9b10d6e6616c517129
2018-08-13,18.45655632019043,HEWJ,e1045c5b21ef49a76030e9697012f0ca7ca2ec3025857f9b10d6e6616c517129
2018-08-14,18.620145797729492,HEWJ,e1045c5b21ef49a76030e9697012f0ca7ca2ec3025857f9b10d6e6616c517129
2018-08-15,18.322179794311523,HEWJ,e1045c5b21ef49a76030e9697012f0ca7ca2ec3025857f9b10d6e6616c517129
2018-08-16,18.4623966217041,HEWJ,e1045c5b21ef49a76030e9697012f0ca7ca2ec3025857f9b10d6e6616c517129
2018-08-17,18.47408676147461,HEWJ,e1045c5b21ef49a76030e9697012f0ca7ca2ec3025857f9b10d6e6616c517129
2018-08-20,18.46824073791504,HEWJ,e1045c5b21ef49a76030e9697012f0ca7ca2ec3025857f9b10d6e6616c517129
2018-08-21,18.503293991088867,HEWJ,e1045c5b21ef49a76030e9697012f0ca7ca2ec3025857f9b10d6e6616c517129
2018-08-22,18.60262107849121,HEWJ,e1045c5b21ef49a76030e9697012f0ca7ca2ec3025857f9b10d6e6616c517129
2018-08-23,18.672731399536133,HEWJ,e1045c5b21ef49a76030e9697012f0ca7ca2ec3025857f9b10d6e6616c517129
2018-08-24,18.696102142333984,HEWJ,e1045c5b21ef49a76030e9697012f0ca7ca2ec3025857f9b10d6e6616c517129
2018-08-27,18.97654151916504,HEWJ,e1045c5b21ef49a76030e9697012f0ca7ca2ec3025857f9b10d6e6616c517129
2018-08-28,18.959016799926758,HEWJ,e1045c5b21ef49a76030e9697012f0ca7ca2ec3025857f9b10d6e6616c517129
2018-08-29,19.105079650878906,HEWJ,e1045c5b21ef49a76030e9697012f0ca7ca2ec3025857f9b10d6e6616c517129
2018-08-30,18.848005294799805,HEWJ,e1045c5b21ef49a76030e9697012f0ca7ca2ec3025857f9b10d6e6616c517129
2018-08-31,18.906431198120117,HEWJ,e1045c5b21ef49a76030e9697012f0ca7ca2ec3025857f9b10d6e6616c517129
2018-09-04,18.736997604370117,HEWJ,e1045c5b21ef49a76030e9697012f0ca7ca2ec3025857f9b10d6e6616c517129
2018-09-05,18.55588150024414,HEWJ,e1045c5b21ef49a76030e9697012f0ca7ca2ec3025857f9b10d6e6616c517129
2018-09-06,18.47992515563965,HEWJ,e1045c5b21ef49a76030e9697012f0ca7ca2ec3025857f9b10d6e6616c517129
2018-09-07,18.398130416870117,HEWJ,e1045c5b21ef49a76030e9697012f0ca7ca2ec3025857f9b10d6e6616c517129
2018-09-10,18.4623966217041,HEWJ,e1045c5b21ef49a76030e9697012f0ca7ca2ec3025857f9b10d6e6616c517129
2018-09-11,18.58509063720703,HEWJ,e1045c5b21ef49a76030e9697012f0ca7ca2ec3025857f9b10d6e6616c517129
2018-09-12,18.55588150024414,HEWJ,e1045c5b21ef49a76030e9697012f0ca7ca2ec3025857f9b10d6e6616c517129
2018-09-13,18.824636459350586,HEWJ,e1045c5b21ef49a76030e9697012f0ca7ca2ec3025857f9b10d6e6616c517129
2018-09-14,19.040807723999023,HEWJ,e1045c5b21ef49a76030e9697012f0ca7ca2ec3025857f9b10d6e6616c517129
2018-09-17,19.0115966796875,HEWJ,e1045c5b21ef49a76030e9697012f0ca7ca2ec3025857f9b10d6e6616c517129
2018-09-18,19.57248306274414,HEWJ,e1045c5b21ef49a76030e9697012f0ca7ca2ec3025857f9b10d6e6616c517129
2018-09-19,19.63090705871582,HEWJ,e1045c5b21ef49a76030e9697012f0ca7ca2ec3025857f9b10d6e6616c517129
2018-09-20,19.71854591369629,HEWJ,e1045c5b21ef49a76030e9697012f0ca7ca2ec3025857f9b10d6e6616c517129
2018-09-21,19.759443283081055,HEWJ,e1045c5b21ef49a76030e9697012f0ca7ca2ec3025857f9b10d6e6616c517129
2018-09-24,19.72438621520996,HEWJ,e1045c5b21ef49a76030e9697012f0ca7ca2ec3025857f9b10d6e6616c517129
2018-09-25,19.899667739868164,HEWJ,e1045c5b21ef49a76030e9697012f0ca7ca2ec3025857f9b10d6e6616c517129
2018-09-26,19.940561294555664,HEWJ,e1045c5b21ef49a76030e9697012f0ca7ca2ec3025857f9b10d6e6616c517129
2018-09-27,20.00482177734375,HEWJ,e1045c5b21ef49a76030e9697012f0ca7ca2ec3025857f9b10d6e6616c517129
2018-09-28,20.010671615600586,HEWJ,e1045c5b21ef49a76030e9697012f0ca7ca2ec3025857f9b10d6e6616c517129
2018-10-01,20.22100067138672,HEWJ,e1045c5b21ef49a76030e9697012f0ca7ca2ec3025857f9b10d6e6616c517129
2018-10-02,20.09246253967285,HEWJ,e1045c5b21ef49a76030e9697012f0ca7ca2ec3025857f9b10d6e6616c517129
2018-10-03,20.063255310058594,HEWJ,e1045c5b21ef49a76030e9697012f0ca7ca2ec3025857f9b10d6e6616c517129
2018-10-04,19.70685577392578,HEWJ,e1045c5b21ef49a76030e9697012f0ca7ca2ec3025857f9b10d6e6616c517129
2018-10-05,19.683488845825195,HEWJ,e1045c5b21ef49a76030e9697012f0ca7ca2ec3025857f9b10d6e6616c517129
2018-10-08,19.677642822265625,HEWJ,e1045c5b21ef49a76030e9697012f0ca7ca2ec3025857f9b10d6e6616c517129
2018-10-09,19.519901275634766,HEWJ,e1045c5b21ef49a76030e9697012f0ca7ca2ec3025857f9b10d6e6616c517129
2018-10-10,18.95317268371582,HEWJ,e1045c5b21ef49a76030e9697012f0ca7ca2ec3025857f9b10d6e6616c517129
2018-10-11,18.567564010620117,HEWJ,e1045c5b21ef49a76030e9697012f0ca7ca2ec3025857f9b10d6e6616c517129
2018-10-12,18.631834030151367,HEWJ,e1045c5b21ef49a76030e9697012f0ca7ca2ec3025857f9b10d6e6616c517129
2018-10-15,18.497453689575195,HEWJ,e1045c5b21ef49a76030e9697012f0ca7ca2ec3025857f9b10d6e6616c517129
2018-10-16,18.935644149780273,HEWJ,e1045c5b21ef49a76030e9697012f0ca7ca2ec3025857f9b10d6e6616c517129
2018-10-17,18.964853286743164,HEWJ,e1045c5b21ef49a76030e9697012f0ca7ca2ec3025857f9b10d6e6616c517129
2018-10-18,18.57925033569336,HEWJ,e1045c5b21ef49a76030e9697012f0ca7ca2ec3025857f9b10d6e6616c517129
2018-10-19,18.672731399536133,HEWJ,e1045c5b21ef49a76030e9697012f0ca7ca2ec3025857f9b10d6e6616c517129
2018-10-22,18.59677505493164,HEWJ,e1045c5b21ef49a76030e9697012f0ca7ca2ec3025857f9b10d6e6616c517129
2018-10-23,18.31049156188965,HEWJ,e1045c5b21ef49a76030e9697012f0ca7ca2ec3025857f9b10d6e6616c517129
2018-10-24,17.691184997558594,HEWJ,e1045c5b21ef49a76030e9697012f0ca7ca2ec3025857f9b10d6e6616c517129
2018-10-25,18.03005027770996,HEWJ,e1045c5b21ef49a76030e9697012f0ca7ca2ec3025857f9b10d6e6616c517129
2018-10-26,17.656131744384766,HEWJ,e1045c5b21ef49a76030e9697012f0ca7ca2ec3025857f9b10d6e6616c517129
2018-10-29,17.603548049926758,HEWJ,e1045c5b21ef49a76030e9697012f0ca7ca2ec3025857f9b10d6e6616c517129
2018-10-30,17.98915672302246,HEWJ,e1045c5b21ef49a76030e9697012f0ca7ca2ec3025857f9b10d6e6616c517129
2018-10-31,18.181957244873047,HEWJ,e1045c5b21ef49a76030e9697012f0ca7ca2ec3025857f9b10d6e6616c517129
2018-11-01,18.04173469543457,HEWJ,e1045c5b21ef49a76030e9697012f0ca7ca2ec3025857f9b10d6e6616c517129
2018-11-02,18.263750076293945,HEWJ,e1045c5b21ef49a76030e9697012f0ca7ca2ec3025857f9b10d6e6616c517129
2018-11-05,18.19948387145996,HEWJ,e1045c5b21ef49a76030e9697012f0ca7ca2ec3025857f9b10d6e6616c517129
2018-11-06,18.4623966217041,HEWJ,e1045c5b21ef49a76030e9697012f0ca7ca2ec3025857f9b10d6e6616c517129
2018-11-07,18.672731399536133,HEWJ,e1045c5b21ef49a76030e9697012f0ca7ca2ec3025857f9b10d6e6616c517129
2018-11-08,18.60846519470215,HEWJ,e1045c5b21ef49a76030e9697012f0ca7ca2ec3025857f9b10d6e6616c517129
2018-11-09,18.398130416870117,HEWJ,e1045c5b21ef49a76030e9697012f0ca7ca2ec3025857f9b10d6e6616c517129
2018-11-12,18.13521385192871,HEWJ,e1045c5b21ef49a76030e9697012f0ca7ca2ec3025857f9b10d6e6616c517129
2018-11-13,18.082632064819336,HEWJ,e1045c5b21ef49a76030e9697012f0ca7ca2ec3025857f9b10d6e6616c517129
2018-11-14,18.100162506103516,HEWJ,e1045c5b21ef49a76030e9697012f0ca7ca2ec3025857f9b10d6e6616c517129
2018-11-15,18.217012405395508,HEWJ,e1045c5b21ef49a76030e9697012f0ca7ca2ec3025857f9b10d6e6616c517129
2018-11-16,18.123533248901367,HEWJ,e1045c5b21ef49a76030e9697012f0ca7ca2ec3025857f9b10d6e6616c517129
2018-11-19,17.98915672302246,HEWJ,e1045c5b21ef49a76030e9697012f0ca7ca2ec3025857f9b10d6e6616c517129
2018-11-20,17.72624397277832,HEWJ,e1045c5b21ef49a76030e9697012f0ca7ca2ec3025857f9b10d6e6616c517129
2018-11-21,18.01252555847168,HEWJ,e1045c5b21ef49a76030e9697012f0ca7ca2ec3025857f9b10d6e6616c517129
2018-11-23,17.9132022857666,HEWJ,e1045c5b21ef49a76030e9697012f0ca7ca2ec3025857f9b10d6e6616c517129
2018-11-26,18.292966842651367,HEWJ,e1045c5b21ef49a76030e9697012f0ca7ca2ec3025857f9b10d6e6616c517129
2018-11-27,18.28712272644043,HEWJ,e1045c5b21ef49a76030e9697012f0ca7ca2ec3025857f9b10d6e6616c517129
2018-11-28,18.520824432373047,HEWJ,e1045c5b21ef49a76030e9697012f0ca7ca2ec3025857f9b10d6e6616c517129
2018-11-29,18.403974533081055,HEWJ,e1045c5b21ef49a76030e9697012f0ca7ca2ec3025857f9b10d6e6616c517129
2018-11-30,18.45655632019043,HEWJ,e1045c5b21ef49a76030e9697012f0ca7ca2ec3025857f9b10d6e6616c517129
2018-12-03,18.731155395507812,HEWJ,e1045c5b21ef49a76030e9697012f0ca7ca2ec3025857f9b10d6e6616c517129
2018-12-04,17.895671844482422,HEWJ,e1045c5b21ef49a76030e9697012f0ca7ca2ec3025857f9b10d6e6616c517129
2018-12-06,17.84893035888672,HEWJ,e1045c5b21ef49a76030e9697012f0ca7ca2ec3025857f9b10d6e6616c517129
2018-12-07,17.72039794921875,HEWJ,e1045c5b21ef49a76030e9697012f0ca7ca2ec3025857f9b10d6e6616c517129
2018-12-10,17.685344696044922,HEWJ,e1045c5b21ef49a76030e9697012f0ca7ca2ec3025857f9b10d6e6616c517129
2018-12-11,17.691184997558594,HEWJ,e1045c5b21ef49a76030e9697012f0ca7ca2ec3025857f9b10d6e6616c517129
2018-12-12,17.878145217895508,HEWJ,e1045c5b21ef49a76030e9697012f0ca7ca2ec3025857f9b10d6e6616c517129
2018-12-13,17.88983154296875,HEWJ,e1045c5b21ef49a76030e9697012f0ca7ca2ec3025857f9b10d6e6616c517129
2018-12-14,17.644447326660156,HEWJ,e1045c5b21ef49a76030e9697012f0ca7ca2ec3025857f9b10d6e6616c517129
2018-12-17,17.434114456176758,HEWJ,e1045c5b21ef49a76030e9697012f0ca7ca2ec3025857f9b10d6e6616c517129
2018-12-18,17.428268432617188,HEWJ,e1045c5b21ef49a76030e9697012f0ca7ca2ec3025857f9b10d6e6616c517129
2018-12-19,17.182886123657227,HEWJ,e1045c5b21ef49a76030e9697012f0ca7ca2ec3025857f9b10d6e6616c517129
2018-12-20,16.8966064453125,HEWJ,e1045c5b21ef49a76030e9697012f0ca7ca2ec3025857f9b10d6e6616c517129
2018-12-21,16.35909080505371,HEWJ,e1045c5b21ef49a76030e9697012f0ca7ca2ec3025857f9b10d6e6616c517129
2018-12-24,15.996851921081543,HEWJ,e1045c5b21ef49a76030e9697012f0ca7ca2ec3025857f9b10d6e6616c517129
2018-12-26,16.52267837524414,HEWJ,e1045c5b21ef49a76030e9697012f0ca7ca2ec3025857f9b10d6e6616c517129
2018-12-27,16.69211196899414,HEWJ,e1045c5b21ef49a76030e9697012f0ca7ca2ec3025857f9b10d6e6616c517129
2018-12-28,16.614084243774414,HEWJ,e1045c5b21ef49a76030e9697012f0ca7ca2ec3025857f9b10d6e6616c517129
2018-12-31,16.479156494140625,HEWJ,e1045c5b21ef49a76030e9697012f0ca7ca2ec3025857f9b10d6e6616c517129
2019-01-02,16.479156494140625,HEWJ,e1045c5b21ef49a76030e9697012f0ca7ca2ec3025857f9b10d6e6616c517129
2019-01-03,16.12129783630371,HEWJ,e1045c5b21ef49a76030e9697012f0ca7ca2ec3025857f9b10d6e6616c517129
2019-01-04,16.83115005493164,HEWJ,e1045c5b21ef49a76030e9697012f0ca7ca2ec3025857f9b10d6e6616c517129
2019-01-07,16.907411575317383,HEWJ,e1045c5b21ef49a76030e9697012f0ca7ca2ec3025857f9b10d6e6616c517129
2019-01-08,17.018882751464844,HEWJ,e1045c5b21ef49a76030e9697012f0ca7ca2ec3025857f9b10d6e6616c517129
2019-01-09,16.989547729492188,HEWJ,e1045c5b21ef49a76030e9697012f0ca7ca2ec3025857f9b10d6e6616c517129
2019-01-10,17.171411514282227,HEWJ,e1045c5b21ef49a76030e9697012f0ca7ca2ec3025857f9b10d6e6616c517129
2019-01-11,16.977813720703125,HEWJ,e1045c5b21ef49a76030e9697012f0ca7ca2ec3025857f9b10d6e6616c517129
2019-01-14,16.88395118713379,HEWJ,e1045c5b21ef49a76030e9697012f0ca7ca2ec3025857f9b10d6e6616c517129
2019-01-15,17.18314552307129,HEWJ,e1045c5b21ef49a76030e9697012f0ca7ca2ec3025857f9b10d6e6616c517129
2019-01-16,17.323936462402344,HEWJ,e1045c5b21ef49a76030e9697012f0ca7ca2ec3025857f9b10d6e6616c517129
2019-01-17,17.32980728149414,HEWJ,e1045c5b21ef49a76030e9697012f0ca7ca2ec3025857f9b10d6e6616c517129
2019-01-18,17.63486671447754,HEWJ,e1045c5b21ef49a76030e9697012f0ca7ca2ec3025857f9b10d6e6616c517129
2019-01-22,17.235939025878906,HEWJ,e1045c5b21ef49a76030e9697012f0ca7ca2ec3025857f9b10d6e6616c517129
2019-01-23,17.230077743530273,HEWJ,e1045c5b21ef49a76030e9697012f0ca7ca2ec3025857f9b10d6e6616c517129
2019-01-24,17.335674285888672,HEWJ,e1045c5b21ef49a76030e9697012f0ca7ca2ec3025857f9b10d6e6616c517129
2019-01-25,17.50580406188965,HEWJ,e1045c5b21ef49a76030e9697012f0ca7ca2ec3025857f9b10d6e6616c517129
2019-01-28,17.35913848876953,HEWJ,e1045c5b21ef49a76030e9697012f0ca7ca2ec3025857f9b10d6e6616c517129
2019-01-29,17.394338607788086,HEWJ,e1045c5b21ef49a76030e9697012f0ca7ca2ec3025857f9b10d6e6616c517129
2019-01-30,17.51753807067871,HEWJ,e1045c5b21ef49a76030e9697012f0ca7ca2ec3025857f9b10d6e6616c517129
2019-01-31,17.546871185302734,HEWJ,e1045c5b21ef49a76030e9697012f0ca7ca2ec3025857f9b10d6e6616c517129
2019-02-01,17.55860137939453,HEWJ,e1045c5b21ef49a76030e9697012f0ca7ca2ec3025857f9b10d6e6616c517129
2019-02-04,17.71113395690918,HEWJ,e1045c5b21ef49a76030e9697012f0ca7ca2ec3025857f9b10d6e6616c517129
2019-02-05,17.7463321685791,HEWJ,e1045c5b21ef49a76030e9697012f0ca7ca2ec3025857f9b10d6e6616c517129
2019-02-06,17.611404418945312,HEWJ,e1045c5b21ef49a76030e9697012f0ca7ca2ec3025857f9b10d6e6616c517129
2019-02-07,17.34153938293457,HEWJ,e1045c5b21ef49a76030e9697012f0ca7ca2ec3025857f9b10d6e6616c517129
2019-02-08,17.189008712768555,HEWJ,e1045c5b21ef49a76030e9697012f0ca7ca2ec3025857f9b10d6e6616c517129
2019-02-11,17.306339263916016,HEWJ,e1045c5b21ef49a76030e9697012f0ca7ca2ec3025857f9b10d6e6616c517129
2019-02-12,17.605531692504883,HEWJ,e1045c5b21ef49a76030e9697012f0ca7ca2ec3025857f9b10d6e6616c517129
2019-02-13,17.7463321685791,HEWJ,e1045c5b21ef49a76030e9697012f0ca7ca2ec3025857f9b10d6e6616c517129
2019-02-14,17.640737533569336,HEWJ,e1045c5b21ef49a76030e9697012f0ca7ca2ec3025857f9b10d6e6616c517129
2019-02-15,17.892993927001953,HEWJ,e1045c5b21ef49a76030e9697012f0ca7ca2ec3025857f9b10d6e6616c517129
2019-02-19,17.934059143066406,HEWJ,e1045c5b21ef49a76030e9697012f0ca7ca2ec3025857f9b10d6e6616c517129
2019-02-20,17.992727279663086,HEWJ,e1045c5b21ef49a76030e9697012f0ca7ca2ec3025857f9b10d6e6616c517129
2019-02-21,17.939931869506836,HEWJ,e1045c5b21ef49a76030e9697012f0ca7ca2ec3025857f9b10d6e6616c517129
2019-02-22,17.992727279663086,HEWJ,e1045c5b21ef49a76030e9697012f0ca7ca2ec3025857f9b10d6e6616c517129
2019-02-25,18.145259857177734,HEWJ,e1045c5b21ef49a76030e9697012f0ca7ca2ec3025857f9b10d6e6616c517129
2019-02-26,18.127660751342773,HEWJ,e1045c5b21ef49a76030e9697012f0ca7ca2ec3025857f9b10d6e6616c517129
2019-02-27,18.098325729370117,HEWJ,e1045c5b21ef49a76030e9697012f0ca7ca2ec3025857f9b10d6e6616c517129
2019-02-28,18.00446319580078,HEWJ,e1045c5b21ef49a76030e9697012f0ca7ca2ec3025857f9b10d6e6616c517129
2019-03-01,18.15699005126953,HEWJ,e1045c5b21ef49a76030e9697012f0ca7ca2ec3025857f9b10d6e6616c517129
2019-03-04,18.0513916015625,HEWJ,e1045c5b21ef49a76030e9697012f0ca7ca2ec3025857f9b10d6e6616c517129
2019-03-05,18.09246253967285,HEWJ,e1045c5b21ef49a76030e9697012f0ca7ca2ec3025857f9b10d6e6616c517129
2019-03-06,17.980993270874023,HEWJ,e1045c5b21ef49a76030e9697012f0ca7ca2ec3025857f9b10d6e6616c517129
2019-03-07,17.740463256835938,HEWJ,e1045c5b21ef49a76030e9697012f0ca7ca2ec3025857f9b10d6e6616c517129
2019-03-08,17.640737533569336,HEWJ,e1045c5b21ef49a76030e9697012f0ca7ca2ec3025857f9b10d6e6616c517129
2019-03-11,17.863664627075195,HEWJ,e1045c5b21ef49a76030e9697012f0ca7ca2ec3025857f9b10d6e6616c517129
2019-03-12,17.910598754882812,HEWJ,e1045c5b21ef49a76030e9697012f0ca7ca2ec3025857f9b10d6e6616c517129
2019-03-13,17.951662063598633,HEWJ,e1045c5b21ef49a76030e9697012f0ca7ca2ec3025857f9b10d6e6616c517129
2019-03-14,17.851930618286133,HEWJ,e1045c5b21ef49a76030e9697012f0ca7ca2ec3025857f9b10d6e6616c517129
2019-03-15,18.016193389892578,HEWJ,e1045c5b21ef49a76030e9697012f0ca7ca2ec3025857f9b10d6e6616c517129
2019-03-18,18.074857711791992,HEWJ,e1045c5b21ef49a76030e9697012f0ca7ca2ec3025857f9b10d6e6616c517129
2019-03-19,18.074857711791992,HEWJ,e1045c5b21ef49a76030e9697012f0ca7ca2ec3025857f9b10d6e6616c517129
2019-03-20,17.9457950592041,HEWJ,e1045c5b21ef49a76030e9697012f0ca7ca2ec3025857f9b10d6e6616c517129
2019-03-21,18.115924835205078,HEWJ,e1045c5b21ef49a76030e9697012f0ca7ca2ec3025857f9b10d6e6616c517129
2019-03-22,17.758068084716797,HEWJ,e1045c5b21ef49a76030e9697012f0ca7ca2ec3025857f9b10d6e6616c517129
2019-03-25,17.775663375854492,HEWJ,e1045c5b21ef49a76030e9697012f0ca7ca2ec3025857f9b10d6e6616c517129
2019-03-26,18.098325729370117,HEWJ,e1045c5b21ef49a76030e9697012f0ca7ca2ec3025857f9b10d6e6616c517129
2019-03-27,18.016193389892578,HEWJ,e1045c5b21ef49a76030e9697012f0ca7ca2ec3025857f9b10d6e6616c517129
2019-03-28,18.039661407470703,HEWJ,e1045c5b21ef49a76030e9697012f0ca7ca2ec3025857f9b10d6e6616c517129
2019-03-29,18.063127517700195,HEWJ,e1045c5b21ef49a76030e9697012f0ca7ca2ec3025857f9b10d6e6616c517129
2019-04-01,18.40338706970215,HEWJ,e1045c5b21ef49a76030e9697012f0ca7ca2ec3025857f9b10d6e6616c517129
2019-04-02,18.262588500976562,HEWJ,e1045c5b21ef49a76030e9697012f0ca7ca2ec3025857f9b10d6e6616c517129
2019-04-03,18.379919052124023,HEWJ,e1045c5b21ef49a76030e9697012f0ca7ca2ec3025857f9b10d6e6616c517129
2019-04-04,18.397520065307617,HEWJ,e1045c5b21ef49a76030e9697012f0ca7ca2ec3025857f9b10d6e6616c517129
2019-04-05,18.42098617553711,HEWJ,e1045c5b21ef49a76030e9697012f0ca7ca2ec3025857f9b10d6e6616c517129
2019-04-08,18.356454849243164,HEWJ,e1045c5b21ef49a76030e9697012f0ca7ca2ec3025857f9b10d6e6616c517129
2019-04-09,18.19219207763672,HEWJ,e1045c5b21ef49a76030e9697012f0ca7ca2ec3025857f9b10d6e6616c517129
2019-04-10,18.174592971801758,HEWJ,e1045c5b21ef49a76030e9697012f0ca7ca2ec3025857f9b10d6e6616c517129
2019-04-11,18.221527099609375,HEWJ,e1045c5b21ef49a76030e9697012f0ca7ca2ec3025857f9b10d6e6616c517129
2019-04-12,18.385786056518555,HEWJ,e1045c5b21ef49a76030e9697012f0ca7ca2ec3025857f9b10d6e6616c517129
2019-04-15,18.391653060913086,HEWJ,e1045c5b21ef49a76030e9697012f0ca7ca2ec3025857f9b10d6e6616c517129
2019-04-16,18.462051391601562,HEWJ,e1045c5b21ef49a76030e9697012f0ca7ca2ec3025857f9b10d6e6616c517129
2019-04-17,18.491382598876953,HEWJ,e1045c5b21ef49a76030e9697012f0ca7ca2ec3025857f9b10d6e6616c517129
2019-04-18,18.491382598876953,HEWJ,e1045c5b21ef49a76030e9697012f0ca7ca2ec3025857f9b10d6e6616c517129
2019-04-22,18.415117263793945,HEWJ,e1045c5b21ef49a76030e9697012f0ca7ca2ec3025857f9b10d6e6616c517129
2019-04-23,18.50312042236328,HEWJ,e1045c5b21ef49a76030e9697012f0ca7ca2ec3025857f9b10d6e6616c517129
2019-04-24,18.338851928710938,HEWJ,e1045c5b21ef49a76030e9697012f0ca7ca2ec3025857f9b10d6e6616c517129
2019-04-25,18.309520721435547,HEWJ,e1045c5b21ef49a76030e9697012f0ca7ca2ec3025857f9b10d6e6616c517129
2019-04-26,18.456188201904297,HEWJ,e1045c5b21ef49a76030e9697012f0ca7ca2ec3025857f9b10d6e6616c517129
2019-04-29,18.5441837310791,HEWJ,e1045c5b21ef49a76030e9697012f0ca7ca2ec3025857f9b10d6e6616c517129
2019-04-30,18.438583374023438,HEWJ,e1045c5b21ef49a76030e9697012f0ca7ca2ec3025857f9b10d6e6616c517129
2019-05-01,18.362319946289062,HEWJ,e1045c5b21ef49a76030e9697012f0ca7ca2ec3025857f9b10d6e6616c517129
2019-05-02,18.397520065307617,HEWJ,e1045c5b21ef49a76030e9697012f0ca7ca2ec3025857f9b10d6e6616c517129
2019-05-03,18.561786651611328,HEWJ,e1045c5b21ef49a76030e9697012f0ca7ca2ec3025857f9b10d6e6616c517129
2019-05-06,18.350589752197266,HEWJ,e1045c5b21ef49a76030e9697012f0ca7ca2ec3025857f9b10d6e6616c517129
2019-05-07,17.904726028442383,HEWJ,e1045c5b21ef49a76030e9697012f0ca7ca2ec3025857f9b10d6e6616c517129
2019-05-08,17.763931274414062,HEWJ,e1045c5b21ef49a76030e9697012f0ca7ca2ec3025857f9b10d6e6616c517129
2019-05-09,17.593801498413086,HEWJ,e1045c5b21ef49a76030e9697012f0ca7ca2ec3025857f9b10d6e6616c517129
2019-05-10,17.758068084716797,HEWJ,e1045c5b21ef49a76030e9697012f0ca7ca2ec3025857f9b10d6e6616c517129
2019-05-13,17.212474822998047,HEWJ,e1045c5b21ef49a76030e9697012f0ca7ca2ec3025857f9b10d6e6616c517129
2019-05-14,17.54100227355957,HEWJ,e1045c5b21ef49a76030e9697012f0ca7ca2ec3025857f9b10d6e6616c517129
2019-05-15,17.564472198486328,HEWJ,e1045c5b21ef49a76030e9697012f0ca7ca2ec3025857f9b10d6e6616c517129
2019-05-16,17.681798934936523,HEWJ,e1045c5b21ef49a76030e9697012f0ca7ca2ec3025857f9b10d6e6616c517129
2019-05-17,17.652467727661133,HEWJ,e1045c5b21ef49a76030e9697012f0ca7ca2ec3025857f9b10d6e6616c517129
2019-05-20,17.54100227355957,HEWJ,e1045c5b21ef49a76030e9697012f0ca7ca2ec3025857f9b10d6e6616c517129
2019-05-21,17.769798278808594,HEWJ,e1045c5b21ef49a76030e9697012f0ca7ca2ec3025857f9b10d6e6616c517129
2019-05-22,17.587934494018555,HEWJ,e1045c5b21ef49a76030e9697012f0ca7ca2ec3025857f9b10d6e6616c517129
2019-05-23,17.32980728149414,HEWJ,e1045c5b21ef49a76030e9697012f0ca7ca2ec3025857f9b10d6e6616c517129
2019-05-24,17.552736282348633,HEWJ,e1045c5b21ef49a76030e9697012f0ca7ca2ec3025857f9b10d6e6616c517129
2019-05-28,17.40607261657715,HEWJ,e1045c5b21ef49a76030e9697012f0ca7ca2ec3025857f9b10d6e6616c517129
2019-05-29,17.388471603393555,HEWJ,e1045c5b21ef49a76030e9697012f0ca7ca2ec3025857f9b10d6e6616c517129
2019-05-30,17.453001022338867,HEWJ,e1045c5b21ef49a76030e9697012f0ca7ca2ec3025857f9b10d6e6616c517129
2019-05-31,17.054080963134766,HEWJ,e1045c5b21ef49a76030e9697012f0ca7ca2ec3025857f9b10d6e6616c517129
2019-06-03,17.077545166015625,HEWJ,e1045c5b21ef49a76030e9697012f0ca7ca2ec3025857f9b10d6e6616c517129
2019-06-04,17.318077087402344,HEWJ,e1045c5b21ef49a76030e9697012f0ca7ca2ec3025857f9b10d6e6616c517129
2019-06-05,17.388471603393555,HEWJ,e1045c5b21ef49a76030e9697012f0ca7ca2ec3025857f9b10d6e6616c517129
2019-06-06,17.435407638549805,HEWJ,e1045c5b21ef49a76030e9697012f0ca7ca2ec3025857f9b10d6e6616c517129
2019-06-07,17.57033920288086,HEWJ,e1045c5b21ef49a76030e9697012f0ca7ca2ec3025857f9b10d6e6616c517129
2019-06-10,17.71113395690918,HEWJ,e1045c5b21ef49a76030e9697012f0ca7ca2ec3025857f9b10d6e6616c517129
2019-06-11,17.787399291992188,HEWJ,e1045c5b21ef49a76030e9697012f0ca7ca2ec3025857f9b10d6e6616c517129
2019-06-12,17.582069396972656,HEWJ,e1045c5b21ef49a76030e9697012f0ca7ca2ec3025857f9b10d6e6616c517129
2019-06-13,17.552736282348633,HEWJ,e1045c5b21ef49a76030e9697012f0ca7ca2ec3025857f9b10d6e6616c517129
2019-06-14,17.52927017211914,HEWJ,e1045c5b21ef49a76030e9697012f0ca7ca2ec3025857f9b10d6e6616c517129
2019-06-17,17.576202392578125,HEWJ,e1045c5b21ef49a76030e9697012f0ca7ca2ec3025857f9b10d6e6616c517129
2019-06-18,17.670066833496094,HEWJ,e1045c5b21ef49a76030e9697012f0ca7ca2ec3025857f9b10d6e6616c517129
2019-06-19,17.781530380249023,HEWJ,e1045c5b21ef49a76030e9697012f0ca7ca2ec3025857f9b10d6e6616c517129
2019-06-20,17.822599411010742,HEWJ,e1045c5b21ef49a76030e9697012f0ca7ca2ec3025857f9b10d6e6616c517129
2019-06-21,17.640737533569336,HEWJ,e1045c5b21ef49a76030e9697012f0ca7ca2ec3025857f9b10d6e6616c517129
2019-06-24,17.63486671447754,HEWJ,e1045c5b21ef49a76030e9697012f0ca7ca2ec3025857f9b10d6e6616c517129
2019-06-25,17.552736282348633,HEWJ,e1045c5b21ef49a76030e9697012f0ca7ca2ec3025857f9b10d6e6616c517129
2019-06-26,17.628999710083008,HEWJ,e1045c5b21ef49a76030e9697012f0ca7ca2ec3025857f9b10d6e6616c517129
2019-06-27,17.722864151000977,HEWJ,e1045c5b21ef49a76030e9697012f0ca7ca2ec3025857f9b10d6e6616c517129
2019-06-28,17.79913330078125,HEWJ,e1045c5b21ef49a76030e9697012f0ca7ca2ec3025857f9b10d6e6616c517129
2019-07-01,18.151124954223633,HEWJ,e1045c5b21ef49a76030e9697012f0ca7ca2ec3025857f9b10d6e6616c517129
2019-07-02,18.127254486083984,HEWJ,e1045c5b21ef49a76030e9697012f0ca7ca2ec3025857f9b10d6e6616c517129
2019-07-03,18.16305923461914,HEWJ,e1045c5b21ef49a76030e9697012f0ca7ca2ec3025857f9b10d6e6616c517129
2019-07-05,18.18692398071289,HEWJ,e1045c5b21ef49a76030e9697012f0ca7ca2ec3025857f9b10d6e6616c517129
2019-07-08,18.121292114257812,HEWJ,e1045c5b21ef49a76030e9697012f0ca7ca2ec3025857f9b10d6e6616c517129
2019-07-09,17.990018844604492,HEWJ,e1045c5b21ef49a76030e9697012f0ca7ca2ec3025857f9b10d6e6616c517129
2019-07-10,18.013887405395508,HEWJ,e1045c5b21ef49a76030e9697012f0ca7ca2ec3025857f9b10d6e6616c517129
2019-07-11,18.061622619628906,HEWJ,e1045c5b21ef49a76030e9697012f0ca7ca2ec3025857f9b10d6e6616c517129
2019-07-12,17.984050750732422,HEWJ,e1045c5b21ef49a76030e9697012f0ca7ca2ec3025857f9b10d6e6616c517129
2019-07-15,17.984050750732422,HEWJ,e1045c5b21ef49a76030e9697012f0ca7ca2ec3025857f9b10d6e6616c517129
2019-07-16,17.91244888305664,HEWJ,e1045c5b21ef49a76030e9697012f0ca7ca2ec3025857f9b10d6e6616c517129
2019-07-17,17.864717483520508,HEWJ,e1045c5b21ef49a76030e9697012f0ca7ca2ec3025857f9b10d6e6616c517129
2019-07-18,17.703611373901367,HEWJ,e1045c5b21ef49a76030e9697012f0ca7ca2ec3025857f9b10d6e6616c517129
2019-07-19,17.840848922729492,HEWJ,e1045c5b21ef49a76030e9697012f0ca7ca2ec3025857f9b10d6e6616c517129
2019-07-22,17.876649856567383,HEWJ,e1045c5b21ef49a76030e9697012f0ca7ca2ec3025857f9b10d6e6616c517129
2019-07-23,18.09145736694336,HEWJ,e1045c5b21ef49a76030e9697012f0ca7ca2ec3025857f9b10d6e6616c517129
2019-07-24,18.103391647338867,HEWJ,e1045c5b21ef49a76030e9697012f0ca7ca2ec3025857f9b10d6e6616c517129
2019-07-25,17.99598503112793,HEWJ,e1045c5b21ef49a76030e9697012f0ca7ca2ec3025857f9b10d6e6616c517129
2019-07-26,18.03178596496582,HEWJ,e1045c5b21ef49a76030e9697012f0ca7ca2ec3025857f9b10d6e6616c517129
2019-07-29,18.025821685791016,HEWJ,e1045c5b21ef49a76030e9697012f0ca7ca2ec3025857f9b10d6e6616c517129
2019-07-30,17.88858413696289,HEWJ,e1045c5b21ef49a76030e9697012f0ca7ca2ec3025857f9b10d6e6616c517129
2019-07-31,17.906482696533203,HEWJ,e1045c5b21ef49a76030e9697012f0ca7ca2ec3025857f9b10d6e6616c517129
2019-08-01,17.632009506225586,HEWJ,e1045c5b21ef49a76030e9697012f0ca7ca2ec3025857f9b10d6e6616c517129
2019-08-02,17.453001022338867,HEWJ,e1045c5b21ef49a76030e9697012f0ca7ca2ec3025857f9b10d6e6616c517129
2019-08-05,16.92195701599121,HEWJ,e1045c5b21ef49a76030e9697012f0ca7ca2ec3025857f9b10d6e6616c517129
2019-08-06,17.22627067565918,HEWJ,e1045c5b21ef49a76030e9697012f0ca7ca2ec3025857f9b10d6e6616c517129
2019-08-07,17.291898727416992,HEWJ,e1045c5b21ef49a76030e9697012f0ca7ca2ec3025857f9b10d6e6616c517129
2019-08-08,17.363502502441406,HEWJ,e1045c5b21ef49a76030e9697012f0ca7ca2ec3025857f9b10d6e6616c517129
2019-08-09,17.11289405822754,HEWJ,e1045c5b21ef49a76030e9697012f0ca7ca2ec3025857f9b10d6e6616c517129
2019-08-12,16.910022735595703,HEWJ,e1045c5b21ef49a76030e9697012f0ca7ca2ec3025857f9b10d6e6616c517129
2019-08-13,17.345600128173828,HEWJ,e1045c5b21ef49a76030e9697012f0ca7ca2ec3025857f9b10d6e6616c517129
2019-08-14,16.77875328063965,HEWJ,e1045c5b21ef49a76030e9697012f0ca7ca2ec3025857f9b10d6e6616c517129
2019-08-15,16.987590789794922,HEWJ,e1045c5b21ef49a76030e9697012f0ca7ca2ec3025857f9b10d6e6616c517129
2019-08-16,17.202396392822266,HEWJ,e1045c5b21ef49a76030e9697012f0ca7ca2ec3025857f9b10d6e6616c517129
2019-08-19,17.262065887451172,HEWJ,e1045c5b21ef49a76030e9697012f0ca7ca2ec3025857f9b10d6e6616c517129
2019-08-20,17.1546630859375,HEWJ,e1045c5b21ef49a76030e9697012f0ca7ca2ec3025857f9b10d6e6616c517129
2019-08-21,17.297866821289062,HEWJ,e1045c5b21ef49a76030e9697012f0ca7ca2ec3025857f9b10d6e6616c517129
2019-08-22,17.22029685974121,HEWJ,e1045c5b21ef49a76030e9697012f0ca7ca2ec3025857f9b10d6e6616c517129
2019-08-23,16.844385147094727,HEWJ,e1045c5b21ef49a76030e9697012f0ca7ca2ec3025857f9b10d6e6616c517129
2019-08-26,17.24416732788086,HEWJ,e1045c5b21ef49a76030e9697012f0ca7ca2ec3025857f9b10d6e6616c517129
2019-08-27,17.11289405822754,HEWJ,e1045c5b21ef49a76030e9697012f0ca7ca2ec3025857f9b10d6e6616c517129
2019-08-28,17.178529739379883,HEWJ,e1045c5b21ef49a76030e9697012f0ca7ca2ec3025857f9b10d6e6616c517129
2019-08-29,17.3575382232666,HEWJ,e1045c5b21ef49a76030e9697012f0ca7ca2ec3025857f9b10d6e6616c517129
2019-08-30,17.381399154663086,HEWJ,e1045c5b21ef49a76030e9697012f0ca7ca2ec3025857f9b10d6e6616c517129
2019-09-03,17.375438690185547,HEWJ,e1045c5b21ef49a76030e9697012f0ca7ca2ec3025857f9b10d6e6616c517129
2019-09-04,17.524606704711914,HEWJ,e1045c5b21ef49a76030e9697012f0ca7ca2ec3025857f9b10d6e6616c517129
2019-09-05,17.76327896118164,HEWJ,e1045c5b21ef49a76030e9697012f0ca7ca2ec3025857f9b10d6e6616c517129
2019-09-06,17.793115615844727,HEWJ,e1045c5b21ef49a76030e9697012f0ca7ca2ec3025857f9b10d6e6616c517129
2019-09-09,17.954221725463867,HEWJ,e1045c5b21ef49a76030e9697012f0ca7ca2ec3025857f9b10d6e6616c517129
2019-09-10,18.061622619628906,HEWJ,e1045c5b21ef49a76030e9697012f0ca7ca2ec3025857f9b10d6e6616c517129
2019-09-11,18.27642822265625,HEWJ,e1045c5b21ef49a76030e9697012f0ca7ca2ec3025857f9b10d6e6616c517129
2019-09-12,18.455434799194336,HEWJ,e1045c5b21ef49a76030e9697012f0ca7ca2ec3025857f9b10d6e6616c517129
2019-09-13,18.67024040222168,HEWJ,e1045c5b21ef49a76030e9697012f0ca7ca2ec3025857f9b10d6e6616c517129
2019-09-16,18.538970947265625,HEWJ,e1045c5b21ef49a76030e9697012f0ca7ca2ec3025857f9b10d6e6616c517129
2019-09-17,18.616540908813477,HEWJ,e1045c5b21ef49a76030e9697012f0ca7ca2ec3025857f9b10d6e6616c517129
2019-09-18,18.616540908813477,HEWJ,e1045c5b21ef49a76030e9697012f0ca7ca2ec3025857f9b10d6e6616c517129
2019-09-19,18.7000732421875,HEWJ,e1045c5b21ef49a76030e9697012f0ca7ca2ec3025857f9b10d6e6616c517129
2019-09-20,18.568803787231445,HEWJ,e1045c5b21ef49a76030e9697012f0ca7ca2ec3025857f9b10d6e6616c517129
2019-09-23,18.550901412963867,HEWJ,e1045c5b21ef49a76030e9697012f0ca7ca2ec3025857f9b10d6e6616c517129
2019-09-24,18.52107048034668,HEWJ,e1045c5b21ef49a76030e9697012f0ca7ca2ec3025857f9b10d6e6616c517129
2019-09-25,18.7000732421875,HEWJ,e1045c5b21ef49a76030e9697012f0ca7ca2ec3025857f9b10d6e6616c517129
2019-09-26,18.771671295166016,HEWJ,e1045c5b21ef49a76030e9697012f0ca7ca2ec3025857f9b10d6e6616c517129
2019-09-27,18.515100479125977,HEWJ,e1045c5b21ef49a76030e9697012f0ca7ca2ec3025857f9b10d6e6616c517129
2019-09-30,18.59267234802246,HEWJ,e1045c5b21ef49a76030e9697012f0ca7ca2ec3025857f9b10d6e6616c517129
2019-10-01,18.47333335876465,HEWJ,e1045c5b21ef49a76030e9697012f0ca7ca2ec3025857f9b10d6e6616c517129
2019-10-02,18.15709114074707,HEWJ,e1045c5b21ef49a76030e9697012f0ca7ca2ec3025857f9b10d6e6616c517129
2019-10-03,18.1988582611084,HEWJ,e1045c5b21ef49a76030e9697012f0ca7ca2ec3025857f9b10d6e6616c517129
2019-10-04,18.413665771484375,HEWJ,e1045c5b21ef49a76030e9697012f0ca7ca2ec3025857f9b10d6e6616c517129
2019-10-07,18.371898651123047,HEWJ,e1045c5b21ef49a76030e9697012f0ca7ca2ec3025857f9b10d6e6616c517129
2019-10-08,18.22869110107422,HEWJ,e1045c5b21ef49a76030e9697012f0ca7ca2ec3025857f9b10d6e6616c517129
2019-10-09,18.455434799194336,HEWJ,e1045c5b21ef49a76030e9697012f0ca7ca2ec3025857f9b10d6e6616c517129
2019-10-10,18.509138107299805,HEWJ,e1045c5b21ef49a76030e9697012f0ca7ca2ec3025857f9b10d6e6616c517129
2019-10-11,18.825376510620117,HEWJ,e1045c5b21ef49a76030e9697012f0ca7ca2ec3025857f9b10d6e6616c517129
2019-10-14,18.75974464416504,HEWJ,e1045c5b21ef49a76030e9697012f0ca7ca2ec3025857f9b10d6e6616c517129
2019-10-15,19.111783981323242,HEWJ,e1045c5b21ef49a76030e9697012f0ca7ca2ec3025857f9b10d6e6616c517129
2019-10-16,19.0521183013916,HEWJ,e1045c5b21ef49a76030e9697012f0ca7ca2ec3025857f9b10d6e6616c517129
2019-10-17,18.97454833984375,HEWJ,e1045c5b21ef49a76030e9697012f0ca7ca2ec3025857f9b10d6e6616c517129
2019-10-18,18.914878845214844,HEWJ,e1045c5b21ef49a76030e9697012f0ca7ca2ec3025857f9b10d6e6616c517129
2019-10-21,19.09388542175293,HEWJ,e1045c5b21ef49a76030e9697012f0ca7ca2ec3025857f9b10d6e6616c517129
2019-10-22,19.087919235229492,HEWJ,e1045c5b21ef49a76030e9697012f0ca7ca2ec3025857f9b10d6e6616c517129
2019-10-23,19.207252502441406,HEWJ,e1045c5b21ef49a76030e9697012f0ca7ca2ec3025857f9b10d6e6616c517129
2019-10-24,19.207252502441406,HEWJ,e1045c5b21ef49a76030e9697012f0ca7ca2ec3025857f9b10d6e6616c517129
2019-10-25,19.201290130615234,HEWJ,e1045c5b21ef49a76030e9697012f0ca7ca2ec3025857f9b10d6e6616c517129
2019-10-28,19.28482437133789,HEWJ,e1045c5b21ef49a76030e9697012f0ca7ca2ec3025857f9b10d6e6616c517129
2019-10-29,19.362394332885742,HEWJ,e1045c5b21ef49a76030e9697012f0ca7ca2ec3025857f9b10d6e6616c517129
2019-10-30,19.404157638549805,HEWJ,e1045c5b21ef49a76030e9697012f0ca7ca2ec3025857f9b10d6e6616c517129
2019-10-31,19.266923904418945,HEWJ,e1045c5b21ef49a76030e9697012f0ca7ca2ec3025857f9b10d6e6616c517129
2019-11-01,19.511568069458008,HEWJ,e1045c5b21ef49a76030e9697012f0ca7ca2ec3025857f9b10d6e6616c517129
2019-11-04,19.72040367126465,HEWJ,e1045c5b21ef49a76030e9697012f0ca7ca2ec3025857f9b10d6e6616c517129
2019-11-05,19.839738845825195,HEWJ,e1045c5b21ef49a76030e9697012f0ca7ca2ec3025857f9b10d6e6616c517129
2019-11-06,19.76814079284668,HEWJ,e1045c5b21ef49a76030e9697012f0ca7ca2ec3025857f9b10d6e6616c517129
2019-11-07,19.953109741210938,HEWJ,e1045c5b21ef49a76030e9697012f0ca7ca2ec3025857f9b10d6e6616c517129
2019-11-08,19.923274993896484,HEWJ,e1045c5b21ef49a76030e9697012f0ca7ca2ec3025857f9b10d6e6616c517129
2019-11-11,19.845706939697266,HEWJ,e1045c5b21ef49a76030e9697012f0ca7ca2ec3025857f9b10d6e6616c517129
2019-11-12,19.89344596862793,HEWJ,e1045c5b21ef49a76030e9697012f0ca7ca2ec3025857f9b10d6e6616c517129
2019-11-13,19.774105072021484,HEWJ,e1045c5b21ef49a76030e9697012f0ca7ca2ec3025857f9b10d6e6616c517129
2019-11-14,19.618968963623047,HEWJ,e1045c5b21ef49a76030e9697012f0ca7ca2ec3025857f9b10d6e6616c517129
2019-11-15,19.809904098510742,HEWJ,e1045c5b21ef49a76030e9697012f0ca7ca2ec3025857f9b10d6e6616c517129
2019-11-18,19.786041259765625,HEWJ,e1045c5b21ef49a76030e9697012f0ca7ca2ec3025857f9b10d6e6616c517129
2019-11-19,19.708467483520508,HEWJ,e1045c5b21ef49a76030e9697012f0ca7ca2ec3025857f9b10d6e6616c517129
2019-11-20,19.654767990112305,HEWJ,e1045c5b21ef49a76030e9697012f0ca7ca2ec3025857f9b10d6e6616c517129
2019-11-21,19.690568923950195,HEWJ,e1045c5b21ef49a76030e9697012f0ca7ca2ec3025857f9b10d6e6616c517129
2019-11-22,19.708467483520508,HEWJ,e1045c5b21ef49a76030e9697012f0ca7ca2ec3025857f9b10d6e6616c517129
2019-11-25,19.917308807373047,HEWJ,e1045c5b21ef49a76030e9697012f0ca7ca2ec3025857f9b10d6e6616c517129
2019-11-26,19.887474060058594,HEWJ,e1045c5b21ef49a76030e9697012f0ca7ca2ec3025857f9b10d6e6616c517129
2019-11-27,20.024709701538086,HEWJ,e1045c5b21ef49a76030e9697012f0ca7ca2ec3025857f9b10d6e6616c517129
2019-11-29,19.80394172668457,HEWJ,e1045c5b21ef49a76030e9697012f0ca7ca2ec3025857f9b10d6e6616c517129
2019-12-02,19.702499389648438,HEWJ,e1045c5b21ef49a76030e9697012f0ca7ca2ec3025857f9b10d6e6616c517129
2019-12-03,19.726369857788086,HEWJ,e1045c5b21ef49a76030e9697012f0ca7ca2ec3025857f9b10d6e6616c517129
2019-12-04,19.98891258239746,HEWJ,e1045c5b21ef49a76030e9697012f0ca7ca2ec3025857f9b10d6e6616c517129
2019-12-05,19.887474060058594,HEWJ,e1045c5b21ef49a76030e9697012f0ca7ca2ec3025857f9b10d6e6616c517129
2019-12-06,20.07841682434082,HEWJ,e1045c5b21ef49a76030e9697012f0ca7ca2ec3025857f9b10d6e6616c517129
2019-12-09,19.976978302001953,HEWJ,e1045c5b21ef49a76030e9697012f0ca7ca2ec3025857f9b10d6e6616c517129
2019-12-10,19.982948303222656,HEWJ,e1045c5b21ef49a76030e9697012f0ca7ca2ec3025857f9b10d6e6616c517129
2019-12-11,20.000843048095703,HEWJ,e1045c5b21ef49a76030e9697012f0ca7ca2ec3025857f9b10d6e6616c517129
2019-12-12,20.191783905029297,HEWJ,e1045c5b21ef49a76030e9697012f0ca7ca2ec3025857f9b10d6e6616c517129
2019-12-13,20.28128433227539,HEWJ,e1045c5b21ef49a76030e9697012f0ca7ca2ec3025857f9b10d6e6616c517129
2019-12-16,20.382720947265625,HEWJ,e1045c5b21ef49a76030e9697012f0ca7ca2ec3025857f9b10d6e6616c517129
2019-12-17,20.340957641601562,HEWJ,e1045c5b21ef49a76030e9697012f0ca7ca2ec3025857f9b10d6e6616c517129
2019-12-18,20.269350051879883,HEWJ,e1045c5b21ef49a76030e9697012f0ca7ca2ec3025857f9b10d6e6616c517129
2019-12-19,20.203718185424805,HEWJ,e1045c5b21ef49a76030e9697012f0ca7ca2ec3025857f9b10d6e6616c517129
2019-12-20,20.233549118041992,HEWJ,e1045c5b21ef49a76030e9697012f0ca7ca2ec3025857f9b10d6e6616c517129
2019-12-23,20.191783905029297,HEWJ,e1045c5b21ef49a76030e9697012f0ca7ca2ec3025857f9b10d6e6616c517129
2019-12-24,20.110279083251953,HEWJ,e1045c5b21ef49a76030e9697012f0ca7ca2ec3025857f9b10d6e6616c517129
2019-12-26,20.22498893737793,HEWJ,e1045c5b21ef49a76030e9697012f0ca7ca2ec3025857f9b10d6e6616c517129
2019-12-27,20.140464782714844,HEWJ,e1045c5b21ef49a76030e9697012f0ca7ca2ec3025857f9b10d6e6616c517129
2019-12-30,19.86878776550293,HEWJ,e1045c5b21ef49a76030e9697012f0ca7ca2ec3025857f9b10d6e6616c517129
2019-12-31,19.905012130737305,HEWJ,e1045c5b21ef49a76030e9697012f0ca7ca2ec3025857f9b10d6e6616c517129
2020-01-02,20.11631965637207,HEWJ,e1045c5b21ef49a76030e9697012f0ca7ca2ec3025857f9b10d6e6616c517129
2020-01-03,19.790302276611328,HEWJ,e1045c5b21ef49a76030e9697012f0ca7ca2ec3025857f9b10d6e6616c517129
2020-01-06,19.941232681274414,HEWJ,e1045c5b21ef49a76030e9697012f0ca7ca2ec3025857f9b10d6e6616c517129
2020-01-07,19.989532470703125,HEWJ,e1045c5b21ef49a76030e9697012f0ca7ca2ec3025857f9b10d6e6616c517129
2020-01-08,20.0921688079834,HEWJ,e1045c5b21ef49a76030e9697012f0ca7ca2ec3025857f9b10d6e6616c517129
2020-01-09,20.315549850463867,HEWJ,e1045c5b21ef49a76030e9697012f0ca7ca2ec3025857f9b10d6e6616c517129
2020-01-10,20.15254020690918,HEWJ,e1045c5b21ef49a76030e9697012f0ca7ca2ec3025857f9b10d6e6616c517129
2020-01-13,20.363845825195312,HEWJ,e1045c5b21ef49a76030e9697012f0ca7ca2ec3025857f9b10d6e6616c517129
2020-01-14,20.381959915161133,HEWJ,e1045c5b21ef49a76030e9697012f0ca7ca2ec3025857f9b10d6e6616c517129
2020-01-15,20.267248153686523,HEWJ,e1045c5b21ef49a76030e9697012f0ca7ca2ec3025857f9b10d6e6616c517129
2020-01-16,20.363845825195312,HEWJ,e1045c5b21ef49a76030e9697012f0ca7ca2ec3025857f9b10d6e6616c517129
2020-01-17,20.36988639831543,HEWJ,e1045c5b21ef49a76030e9697012f0ca7ca2ec3025857f9b10d6e6616c517129
2020-01-21,20.212913513183594,HEWJ,e1045c5b21ef49a76030e9697012f0ca7ca2ec3025857f9b10d6e6616c517129
2020-01-22,20.28536033630371,HEWJ,e1045c5b21ef49a76030e9697012f0ca7ca2ec3025857f9b10d6e6616c517129
2020-01-23,20.255172729492188,HEWJ,e1045c5b21ef49a76030e9697012f0ca7ca2ec3025857f9b10d6e6616c517129
2020-01-24,20.140464782714844,HEWJ,e1045c5b21ef49a76030e9697012f0ca7ca2ec3025857f9b10d6e6616c517129
2020-01-27,19.717853546142578,HEWJ,e1045c5b21ef49a76030e9697012f0ca7ca2ec3025857f9b10d6e6616c517129
2020-01-28,19.92312240600586,HEWJ,e1045c5b21ef49a76030e9697012f0ca7ca2ec3025857f9b10d6e6616c517129
2020-01-29,19.862751007080078,HEWJ,e1045c5b21ef49a76030e9697012f0ca7ca2ec3025857f9b10d6e6616c517129
2020-01-30,19.790302276611328,HEWJ,e1045c5b21ef49a76030e9697012f0ca7ca2ec3025857f9b10d6e6616c517129
2020-01-31,19.37373161315918,HEWJ,e1045c5b21ef49a76030e9697012f0ca7ca2ec3025857f9b10d6e6616c517129
2020-02-03,19.60918617248535,HEWJ,e1045c5b21ef49a76030e9697012f0ca7ca2ec3025857f9b10d6e6616c517129
2020-02-04,20.043865203857422,HEWJ,e1045c5b21ef49a76030e9697012f0ca7ca2ec3025857f9b10d6e6616c517129
2020-02-05,20.29743766784668,HEWJ,e1045c5b21ef49a76030e9697012f0ca7ca2ec3025857f9b10d6e6616c517129
2020-02-06,20.4483642578125,HEWJ,e1045c5b21ef49a76030e9697012f0ca7ca2ec3025857f9b10d6e6616c517129
2020-02-07,20.22498893737793,HEWJ,e1045c5b21ef49a76030e9697012f0ca7ca2ec3025857f9b10d6e6616c517129
2020-02-10,20.188764572143555,HEWJ,e1045c5b21ef49a76030e9697012f0ca7ca2ec3025857f9b10d6e6616c517129
2020-02-11,20.309511184692383,HEWJ,e1045c5b21ef49a76030e9697012f0ca7ca2ec3025857f9b10d6e6616c517129
2020-02-12,20.255172729492188,HEWJ,e1045c5b21ef49a76030e9697012f0ca7ca2ec3025857f9b10d6e6616c517129
2020-02-13,20.043865203857422,HEWJ,e1045c5b21ef49a76030e9697012f0ca7ca2ec3025857f9b10d6e6616c517129
2020-02-14,19.892934799194336,HEWJ,e1045c5b21ef49a76030e9697012f0ca7ca2ec3025857f9b10d6e6616c517129
2020-02-18,19.621259689331055,HEWJ,e1045c5b21ef49a76030e9697012f0ca7ca2ec3025857f9b10d6e6616c517129
2020-02-19,19.838600158691406,HEWJ,e1045c5b21ef49a76030e9697012f0ca7ca2ec3025857f9b10d6e6616c517129
2020-02-20,19.82048988342285,HEWJ,e1045c5b21ef49a76030e9697012f0ca7ca2ec3025857f9b10d6e6616c517129
2020-02-21,19.597105026245117,HEWJ,e1045c5b21ef49a76030e9697012f0ca7ca2ec3025857f9b10d6e6616c517129
2020-02-24,18.800186157226562,HEWJ,e1045c5b21ef49a76030e9697012f0ca7ca2ec3025857f9b10d6e6616c517129
2020-02-25,18.64925193786621,HEWJ,e1045c5b21ef49a76030e9697012f0ca7ca2ec3025857f9b10d6e6616c517129
2020-02-26,18.812259674072266,HEWJ,e1045c5b21ef49a76030e9697012f0ca7ca2ec3025857f9b10d6e6616c517129
2020-02-27,18.075706481933594,HEWJ,e1045c5b21ef49a76030e9697012f0ca7ca2ec3025857f9b10d6e6616c517129
2020-02-28,17.683279037475586,HEWJ,e1045c5b21ef49a76030e9697012f0ca7ca2ec3025857f9b10d6e6616c517129
2020-03-02,18.021371841430664,HEWJ,e1045c5b21ef49a76030e9697012f0ca7ca2ec3025857f9b10d6e6616c517129
2020-03-03,17.586681365966797,HEWJ,e1045c5b21ef49a76030e9697012f0ca7ca2ec3025857f9b10d6e6616c517129
2020-03-04,18.009296417236328,HEWJ,e1045c5b21ef49a76030e9697012f0ca7ca2ec3025857f9b10d6e6616c517129
2020-03-05,17.429718017578125,HEWJ,e1045c5b21ef49a76030e9697012f0ca7ca2ec3025857f9b10d6e6616c517129
2020-03-06,17.15199851989746,HEWJ,e1045c5b21ef49a76030e9697012f0ca7ca2ec3025857f9b10d6e6616c517129
2020-03-09,15.697006225585938,HEWJ,e1045c5b21ef49a76030e9697012f0ca7ca2ec3025857f9b10d6e6616c517129
2020-03-10,16.759572982788086,HEWJ,e1045c5b21ef49a76030e9697012f0ca7ca2ec3025857f9b10d6e6616c517129
2020-03-11,16.0411319732666,HEWJ,e1045c5b21ef49a76030e9697012f0ca7ca2ec3025857f9b10d6e6616c517129
2020-03-12,14.380871772766113,HEWJ,e1045c5b21ef49a76030e9697012f0ca7ca2ec3025857f9b10d6e6616c517129
2020-03-13,15.425326347351074,HEWJ,e1045c5b21ef49a76030e9697012f0ca7ca2ec3025857f9b10d6e6616c517129
2020-03-16,14.000520706176758,HEWJ,e1045c5b21ef49a76030e9697012f0ca7ca2ec3025857f9b10d6e6616c517129
2020-03-17,15.081196784973145,HEWJ,e1045c5b21ef49a76030e9697012f0ca7ca2ec3025857f9b10d6e6616c517129
2020-03-18,14.791411399841309,HEWJ,e1045c5b21ef49a76030e9697012f0ca7ca2ec3025857f9b10d6e6616c517129
2020-03-19,15.540034294128418,HEWJ,e1045c5b21ef49a76030e9697012f0ca7ca2ec3025857f9b10d6e6616c517129
2020-03-20,15.606446266174316,HEWJ,e1045c5b21ef49a76030e9697012f0ca7ca2ec3025857f9b10d6e6616c517129
2020-03-23,15.479663848876953,HEWJ,e1045c5b21ef49a76030e9697012f0ca7ca2ec3025857f9b10d6e6616c517129
2020-03-24,16.536191940307617,HEWJ,e1045c5b21ef49a76030e9697012f0ca7ca2ec3025857f9b10d6e6616c517129
2020-03-25,16.771650314331055,HEWJ,e1045c5b21ef49a76030e9697012f0ca7ca2ec3025857f9b10d6e6616c517129
2020-03-26,17.031251907348633,HEWJ,e1045c5b21ef49a76030e9697012f0ca7ca2ec3025857f9b10d6e6616c517129
2020-03-27,16.729387283325195,HEWJ,e1045c5b21ef49a76030e9697012f0ca7ca2ec3025857f9b10d6e6616c517129
2020-03-30,16.976917266845703,HEWJ,e1045c5b21ef49a76030e9697012f0ca7ca2ec3025857f9b10d6e6616c517129
2020-03-31,16.42148208618164,HEWJ,e1045c5b21ef49a76030e9697012f0ca7ca2ec3025857f9b10d6e6616c517129
2020-04-01,15.600410461425781,HEWJ,e1045c5b21ef49a76030e9697012f0ca7ca2ec3025857f9b10d6e6616c517129
2020-04-02,15.938497543334961,HEWJ,e1045c5b21ef49a76030e9697012f0ca7ca2ec3025857f9b10d6e6616c517129
2020-04-03,15.636632919311523,HEWJ,e1045c5b21ef49a76030e9697012f0ca7ca2ec3025857f9b10d6e6616c517129
2020-04-06,16.681087493896484,HEWJ,e1045c5b21ef49a76030e9697012f0ca7ca2ec3025857f9b10d6e6616c517129
2020-04-07,16.8199462890625,HEWJ,e1045c5b21ef49a76030e9697012f0ca7ca2ec3025857f9b10d6e6616c517129
2020-04-08,16.759572982788086,HEWJ,e1045c5b21ef49a76030e9697012f0ca7ca2ec3025857f9b10d6e6616c517129
2020-04-09,16.940689086914062,HEWJ,e1045c5b21ef49a76030e9697012f0ca7ca2ec3025857f9b10d6e6616c517129
2020-04-13,16.747501373291016,HEWJ,e1045c5b21ef49a76030e9697012f0ca7ca2ec3025857f9b10d6e6616c517129
2020-04-14,16.940689086914062,HEWJ,e1045c5b21ef49a76030e9697012f0ca7ca2ec3025857f9b10d6e6616c517129
2020-04-15,16.844093322753906,HEWJ,e1045c5b21ef49a76030e9697012f0ca7ca2ec3025857f9b10d6e6616c517129
2020-04-16,16.747501373291016,HEWJ,e1045c5b21ef49a76030e9697012f0ca7ca2ec3025857f9b10d6e6616c517129
2020-04-17,16.958805084228516,HEWJ,e1045c5b21ef49a76030e9697012f0ca7ca2ec3025857f9b10d6e6616c517129
2020-04-20,16.705238342285156,HEWJ,e1045c5b21ef49a76030e9697012f0ca7ca2ec3025857f9b10d6e6616c517129
2020-04-21,16.56034278869629,HEWJ,e1045c5b21ef49a76030e9697012f0ca7ca2ec3025857f9b10d6e6616c517129
2020-04-22,16.856170654296875,HEWJ,e1045c5b21ef49a76030e9697012f0ca7ca2ec3025857f9b10d6e6616c517129
2020-04-23,16.886356353759766,HEWJ,e1045c5b21ef49a76030e9697012f0ca7ca2ec3025857f9b10d6e6616c517129
2020-04-24,16.97087860107422,HEWJ,e1045c5b21ef49a76030e9697012f0ca7ca2ec3025857f9b10d6e6616c517129
2020-04-27,17.170108795166016,HEWJ,e1045c5b21ef49a76030e9697012f0ca7ca2ec3025857f9b10d6e6616c517129
2020-04-28,17.33311653137207,HEWJ,e1045c5b21ef49a76030e9697012f0ca7ca2ec3025857f9b10d6e6616c517129
2020-04-29,17.62894630432129,HEWJ,e1045c5b21ef49a76030e9697012f0ca7ca2ec3025857f9b10d6e6616c517129
2020-04-30,17.218408584594727,HEWJ,e1045c5b21ef49a76030e9697012f0ca7ca2ec3025857f9b10d6e6616c517129
2020-05-01,16.8199462890625,HEWJ,e1045c5b21ef49a76030e9697012f0ca7ca2ec3025857f9b10d6e6616c517129
2020-05-04,16.681087493896484,HEWJ,e1045c5b21ef49a76030e9697012f0ca7ca2ec3025857f9b10d6e6616c517129
2020-05-05,16.880319595336914,HEWJ,e1045c5b21ef49a76030e9697012f0ca7ca2ec3025857f9b10d6e6616c517129
2020-05-06,16.675048828125,HEWJ,e1045c5b21ef49a76030e9697012f0ca7ca2ec3025857f9b10d6e6616c517129
2020-05-07,16.97087860107422,HEWJ,e1045c5b21ef49a76030e9697012f0ca7ca2ec3025857f9b10d6e6616c517129
2020-05-08,17.327077865600586,HEWJ,e1045c5b21ef49a76030e9697012f0ca7ca2ec3025857f9b10d6e6616c517129
2020-05-11,17.641019821166992,HEWJ,e1045c5b21ef49a76030e9697012f0ca7ca2ec3025857f9b10d6e6616c517129
2020-05-12,17.327077865600586,HEWJ,e1045c5b21ef49a76030e9697012f0ca7ca2ec3025857f9b10d6e6616c517129
2020-05-13,17.38141632080078,HEWJ,e1045c5b21ef49a76030e9697012f0ca7ca2ec3025857f9b10d6e6616c517129
2020-05-14,17.18218421936035,HEWJ,e1045c5b21ef49a76030e9697012f0ca7ca2ec3025857f9b10d6e6616c517129
2020-05-15,17.218408584594727,HEWJ,e1045c5b21ef49a76030e9697012f0ca7ca2ec3025857f9b10d6e6616c517129
2020-05-18,17.62894630432129,HEWJ,e1045c5b21ef49a76030e9697012f0ca7ca2ec3025857f9b10d6e6616c517129
2020-05-19,17.52631187438965,HEWJ,e1045c5b21ef49a76030e9697012f0ca7ca2ec3025857f9b10d6e6616c517129
2020-05-20,17.749691009521484,HEWJ,e1045c5b21ef49a76030e9697012f0ca7ca2ec3025857f9b10d6e6616c517129
2020-05-21,17.53838348388672,HEWJ,e1045c5b21ef49a76030e9697012f0ca7ca2ec3025857f9b10d6e6616c517129
2020-05-22,17.568572998046875,HEWJ,e1045c5b21ef49a76030e9697012f0ca7ca2ec3025857f9b10d6e6616c517129
2020-05-26,18.172304153442383,HEWJ,e1045c5b21ef49a76030e9697012f0ca7ca2ec3025857f9b10d6e6616c517129
2020-05-27,18.437944412231445,HEWJ,e1045c5b21ef49a76030e9697012f0ca7ca2ec3025857f9b10d6e6616c517129
2020-05-28,18.6673641204834,HEWJ,e1045c5b21ef49a76030e9697012f0ca7ca2ec3025857f9b10d6e6616c517129
2020-05-29,18.486244201660156,HEWJ,e1045c5b21ef49a76030e9697012f0ca7ca2ec3025857f9b10d6e6616c517129
2020-06-01,18.763959884643555,HEWJ,e1045c5b21ef49a76030e9697012f0ca7ca2ec3025857f9b10d6e6616c517129
2020-06-02,19.029598236083984,HEWJ,e1045c5b21ef49a76030e9697012f0ca7ca2ec3025857f9b10d6e6616c517129
2020-06-03,19.192609786987305,HEWJ,e1045c5b21ef49a76030e9697012f0ca7ca2ec3025857f9b10d6e6616c517129
2020-06-04,19.017528533935547,HEWJ,e1045c5b21ef49a76030e9697012f0ca7ca2ec3025857f9b10d6e6616c517129
2020-06-05,19.391841888427734,HEWJ,e1045c5b21ef49a76030e9697012f0ca7ca2ec3025857f9b10d6e6616c517129
2020-06-08,19.42806625366211,HEWJ,e1045c5b21ef49a76030e9697012f0ca7ca2ec3025857f9b10d6e6616c517129
2020-06-09,19.222793579101562,HEWJ,e1045c5b21ef49a76030e9697012f0ca7ca2ec3025857f9b10d6e6616c517129
2020-06-10,19.14430809020996,HEWJ,e1045c5b21ef49a76030e9697012f0ca7ca2ec3025857f9b10d6e6616c517129
2020-06-11,18.262863159179688,HEWJ,e1045c5b21ef49a76030e9697012f0ca7ca2ec3025857f9b10d6e6616c517129
2020-06-12,18.685476303100586,HEWJ,e1045c5b21ef49a76030e9697012f0ca7ca2ec3025857f9b10d6e6616c517129
2020-06-15,18.480205535888672,HEWJ,e1045c5b21ef49a76030e9697012f0ca7ca2ec3025857f9b10d6e6616c517129
2020-06-16,18.818294525146484,HEWJ,e1045c5b21ef49a76030e9697012f0ca7ca2ec3025857f9b10d6e6616c517129
2020-06-17,18.866594314575195,HEWJ,e1045c5b21ef49a76030e9697012f0ca7ca2ec3025857f9b10d6e6616c517129
2020-06-18,18.80621910095215,HEWJ,e1045c5b21ef49a76030e9697012f0ca7ca2ec3025857f9b10d6e6616c517129
2020-06-19,18.697546005249023,HEWJ,e1045c5b21ef49a76030e9697012f0ca7ca2ec3025857f9b10d6e6616c517129
2020-06-22,18.830371856689453,HEWJ,e1045c5b21ef49a76030e9697012f0ca7ca2ec3025857f9b10d6e6616c517129
2020-06-23,18.842443466186523,HEWJ,e1045c5b21ef49a76030e9697012f0ca7ca2ec3025857f9b10d6e6616c517129
2020-06-24,18.50435447692871,HEWJ,e1045c5b21ef49a76030e9697012f0ca7ca2ec3025857f9b10d6e6616c517129
2020-06-25,18.73377227783203,HEWJ,e1045c5b21ef49a76030e9697012f0ca7ca2ec3025857f9b10d6e6616c517129
2020-06-26,18.588876724243164,HEWJ,e1045c5b21ef49a76030e9697012f0ca7ca2ec3025857f9b10d6e6616c517129
2020-06-29,18.66132354736328,HEWJ,e1045c5b21ef49a76030e9697012f0ca7ca2ec3025857f9b10d6e6616c517129
2020-06-30,18.54660987854004,HEWJ,e1045c5b21ef49a76030e9697012f0ca7ca2ec3025857f9b10d6e6616c517129
2020-07-01,18.425870895385742,HEWJ,e1045c5b21ef49a76030e9697012f0ca7ca2ec3025857f9b10d6e6616c517129
2020-07-02,18.546010971069336,HEWJ,e1045c5b21ef49a76030e9697012f0ca7ca2ec3025857f9b10d6e6616c517129
2020-07-06,18.753366470336914,HEWJ,e1045c5b21ef49a76030e9697012f0ca7ca2ec3025857f9b10d6e6616c517129
2020-07-07,18.61309814453125,HEWJ,e1045c5b21ef49a76030e9697012f0ca7ca2ec3025857f9b10d6e6616c517129
2020-07-08,18.552112579345703,HEWJ,e1045c5b21ef49a76030e9697012f0ca7ca2ec3025857f9b10d6e6616c517129
2020-07-09,18.436237335205078,HEWJ,e1045c5b21ef49a76030e9697012f0ca7ca2ec3025857f9b10d6e6616c517129
2020-07-10,18.667985916137695,HEWJ,e1045c5b21ef49a76030e9697012f0ca7ca2ec3025857f9b10d6e6616c517129
2020-07-13,18.588708877563477,HEWJ,e1045c5b21ef49a76030e9697012f0ca7ca2ec3025857f9b10d6e6616c517129
2020-07-14,18.783859252929688,HEWJ,e1045c5b21ef49a76030e9697012f0ca7ca2ec3025857f9b10d6e6616c517129
2020-07-15,18.93632698059082,HEWJ,e1045c5b21ef49a76030e9697012f0ca7ca2ec3025857f9b10d6e6616c517129
2020-07-16,18.844846725463867,HEWJ,e1045c5b21ef49a76030e9697012f0ca7ca2ec3025857f9b10d6e6616c517129
2020-07-17,18.77166748046875,HEWJ,e1045c5b21ef49a76030e9697012f0ca7ca2ec3025857f9b10d6e6616c517129
2020-07-20,18.857046127319336,HEWJ,e1045c5b21ef49a76030e9697012f0ca7ca2ec3025857f9b10d6e6616c517129
2020-07-21,18.796056747436523,HEWJ,e1045c5b21ef49a76030e9697012f0ca7ca2ec3025857f9b10d6e6616c517129
2020-07-22,18.789960861206055,HEWJ,e1045c5b21ef49a76030e9697012f0ca7ca2ec3025857f9b10d6e6616c517129
2020-07-23,18.692378997802734,HEWJ,e1045c5b21ef49a76030e9697012f0ca7ca2ec3025857f9b10d6e6616c517129
2020-07-24,18.491125106811523,HEWJ,e1045c5b21ef49a76030e9697012f0ca7ca2ec3025857f9b10d6e6616c517129
2020-07-27,18.783859252929688,HEWJ,e1045c5b21ef49a76030e9697012f0ca7ca2ec3025857f9b10d6e6616c517129
2020-07-28,18.588708877563477,HEWJ,e1045c5b21ef49a76030e9697012f0ca7ca2ec3025857f9b10d6e6616c517129
2020-07-29,18.600900650024414,HEWJ,e1045c5b21ef49a76030e9697012f0ca7ca2ec3025857f9b10d6e6616c517129
2020-07-30,18.253278732299805,HEWJ,e1045c5b21ef49a76030e9697012f0ca7ca2ec3025857f9b10d6e6616c517129
2020-07-31,17.96054458618164,HEWJ,e1045c5b21ef49a76030e9697012f0ca7ca2ec3025857f9b10d6e6616c517129
2020-08-03,18.344758987426758,HEWJ,e1045c5b21ef49a76030e9697012f0ca7ca2ec3025857f9b10d6e6616c517129
2020-08-04,18.521617889404297,HEWJ,e1045c5b21ef49a76030e9697012f0ca7ca2ec3025857f9b10d6e6616c517129
2020-08-05,18.478925704956055,HEWJ,e1045c5b21ef49a76030e9697012f0ca7ca2ec3025857f9b10d6e6616c517129
2020-08-06,18.485027313232422,HEWJ,e1045c5b21ef49a76030e9697012f0ca7ca2ec3025857f9b10d6e6616c517129
2020-08-07,18.539913177490234,HEWJ,e1045c5b21ef49a76030e9697012f0ca7ca2ec3025857f9b10d6e6616c517129
2020-08-10,18.649690628051758,HEWJ,e1045c5b21ef49a76030e9697012f0ca7ca2ec3025857f9b10d6e6616c517129
2020-08-11,18.869243621826172,HEWJ,e1045c5b21ef49a76030e9697012f0ca7ca2ec3025857f9b10d6e6616c517129
2020-08-12,19.33274269104004,HEWJ,e1045c5b21ef49a76030e9697012f0ca7ca2ec3025857f9b10d6e6616c517129
2020-08-13,19.3144474029541,HEWJ,e1045c5b21ef49a76030e9697012f0ca7ca2ec3025857f9b10d6e6616c517129
2020-08-14,19.27785301208496,HEWJ,e1045c5b21ef49a76030e9697012f0ca7ca2ec3025857f9b10d6e6616c517129
2020-08-17,19.253456115722656,HEWJ,e1045c5b21ef49a76030e9697012f0ca7ca2ec3025857f9b10d6e6616c517129
2020-08-18,19.19856834411621,HEWJ,e1045c5b21ef49a76030e9697012f0ca7ca2ec3025857f9b10d6e6616c517129
2020-08-19,19.19856834411621,HEWJ,e1045c5b21ef49a76030e9697012f0ca7ca2ec3025857f9b10d6e6616c517129
2020-08-20,19.119287490844727,HEWJ,e1045c5b21ef49a76030e9697012f0ca7ca2ec3025857f9b10d6e6616c517129
2020-08-21,19.052204132080078,HEWJ,e1045c5b21ef49a76030e9697012f0ca7ca2ec3025857f9b10d6e6616c517129
2020-08-24,19.283952713012695,HEWJ,e1045c5b21ef49a76030e9697012f0ca7ca2ec3025857f9b10d6e6616c517129
2020-08-25,19.351037979125977,HEWJ,e1045c5b21ef49a76030e9697012f0ca7ca2ec3025857f9b10d6e6616c517129
2020-08-26,19.338836669921875,HEWJ,e1045c5b21ef49a76030e9697012f0ca7ca2ec3025857f9b10d6e6616c517129
2020-08-27,19.23516273498535,HEWJ,e1045c5b21ef49a76030e9697012f0ca7ca2ec3025857f9b10d6e6616c517129
2020-08-28,19.168079376220703,HEWJ,e1045c5b21ef49a76030e9697012f0ca7ca2ec3025857f9b10d6e6616c517129
2020-08-31,19.19247055053711,HEWJ,e1045c5b21ef49a76030e9697012f0ca7ca2ec3025857f9b10d6e6616c517129
2020-09-01,19.27785301208496,HEWJ,e1045c5b21ef49a76030e9697012f0ca7ca2ec3025857f9b10d6e6616c517129
2020-09-02,19.497404098510742,HEWJ,e1045c5b21ef49a76030e9697012f0ca7ca2ec3025857f9b10d6e6616c517129
2020-09-03,19.1558780670166,HEWJ,e1045c5b21ef49a76030e9697012f0ca7ca2ec3025857f9b10d6e6616c517129
2020-09-04,19.283952713012695,HEWJ,e1045c5b21ef49a76030e9697012f0ca7ca2ec3025857f9b10d6e6616c517129
2020-09-08,19.082698822021484,HEWJ,e1045c5b21ef49a76030e9697012f0ca7ca2ec3025857f9b10d6e6616c517129
2020-09-09,19.186372756958008,HEWJ,e1045c5b21ef49a76030e9697012f0ca7ca2ec3025857f9b10d6e6616c517129
2020-09-10,19.1558780670166,HEWJ,e1045c5b21ef49a76030e9697012f0ca7ca2ec3025857f9b10d6e6616c517129
2020-09-11,19.43031883239746,HEWJ,e1045c5b21ef49a76030e9697012f0ca7ca2ec3025857f9b10d6e6616c517129
2020-09-14,19.503501892089844,HEWJ,e1045c5b21ef49a76030e9697012f0ca7ca2ec3025857f9b10d6e6616c517129
2020-09-15,19.527896881103516,HEWJ,e1045c5b21ef49a76030e9697012f0ca7ca2ec3025857f9b10d6e6616c517129
2020-09-16,19.503501892089844,HEWJ,e1045c5b21ef49a76030e9697012f0ca7ca2ec3025857f9b10d6e6616c517129
2020-09-17,19.466909408569336,HEWJ,e1045c5b21ef49a76030e9697012f0ca7ca2ec3025857f9b10d6e6616c517129
2020-09-18,19.38153076171875,HEWJ,e1045c5b21ef49a76030e9697012f0ca7ca2ec3025857f9b10d6e6616c517129
2020-09-21,19.100990295410156,HEWJ,e1045c5b21ef49a76030e9697012f0ca7ca2ec3025857f9b10d6e6616c517129
2020-09-22,19.21686553955078,HEWJ,e1045c5b21ef49a76030e9697012f0ca7ca2ec3025857f9b10d6e6616c517129
2020-09-23,19.39372444152832,HEWJ,e1045c5b21ef49a76030e9697012f0ca7ca2ec3025857f9b10d6e6616c517129
2020-09-24,19.33274269104004,HEWJ,e1045c5b21ef49a76030e9697012f0ca7ca2ec3025857f9b10d6e6616c517129
2020-09-25,19.41202163696289,HEWJ,e1045c5b21ef49a76030e9697012f0ca7ca2ec3025857f9b10d6e6616c517129
2020-09-28,19.649869918823242,HEWJ,e1045c5b21ef49a76030e9697012f0ca7ca2ec3025857f9b10d6e6616c517129
2020-09-29,19.680362701416016,HEWJ,e1045c5b21ef49a76030e9697012f0ca7ca2ec3025857f9b10d6e6616c517129
2020-09-30,19.485206604003906,HEWJ,e1045c5b21ef49a76030e9697012f0ca7ca2ec3025857f9b10d6e6616c517129
2020-10-01,19.485206604003906,HEWJ,e1045c5b21ef49a76030e9697012f0ca7ca2ec3025857f9b10d6e6616c517129
2020-10-02,19.38153076171875,HEWJ,e1045c5b21ef49a76030e9697012f0ca7ca2ec3025857f9b10d6e6616c517129
2020-10-05,19.58278465270996,HEWJ,e1045c5b21ef49a76030e9697012f0ca7ca2ec3025857f9b10d6e6616c517129
2020-10-06,19.53399658203125,HEWJ,e1045c5b21ef49a76030e9697012f0ca7ca2ec3025857f9b10d6e6616c517129
2020-10-07,19.69865608215332,HEWJ,e1045c5b21ef49a76030e9697012f0ca7ca2ec3025857f9b10d6e6616c517129
2020-10-08,19.71085548400879,HEWJ,e1045c5b21ef49a76030e9697012f0ca7ca2ec3025857f9b10d6e6616c517129
2020-10-09,19.63767433166504,HEWJ,e1045c5b21ef49a76030e9697012f0ca7ca2ec3025857f9b10d6e6616c517129
2020-10-12,19.62547492980957,HEWJ,e1045c5b21ef49a76030e9697012f0ca7ca2ec3025857f9b10d6e6616c517129
2020-10-13,19.60108184814453,HEWJ,e1045c5b21ef49a76030e9697012f0ca7ca2ec3025857f9b10d6e6616c517129
2020-10-14,19.558393478393555,HEWJ,e1045c5b21ef49a76030e9697012f0ca7ca2ec3025857f9b10d6e6616c517129
2020-10-15,19.454713821411133,HEWJ,e1045c5b21ef49a76030e9697012f0ca7ca2ec3025857f9b10d6e6616c517129
2020-10-16,19.418121337890625,HEWJ,e1045c5b21ef49a76030e9697012f0ca7ca2ec3025857f9b10d6e6616c517129
2020-10-19,19.436418533325195,HEWJ,e1045c5b21ef49a76030e9697012f0ca7ca2ec3025857f9b10d6e6616c517129
2020-10-20,19.460811614990234,HEWJ,e1045c5b21ef49a76030e9697012f0ca7ca2ec3025857f9b10d6e6616c517129
2020-10-21,19.44861602783203,HEWJ,e1045c5b21ef49a76030e9697012f0ca7ca2ec3025857f9b10d6e6616c517129
2020-10-22,19.44861602783203,HEWJ,e1045c5b21ef49a76030e9697012f0ca7ca2ec3025857f9b10d6e6616c517129
2020-10-23,19.424222946166992,HEWJ,e1045c5b21ef49a76030e9697012f0ca7ca2ec3025857f9b10d6e6616c517129
2020-10-26,19.26565170288086,HEWJ,e1045c5b21ef49a76030e9697012f0ca7ca2ec3025857f9b10d6e6616c517129
2020-10-27,19.253456115722656,HEWJ,e1045c5b21ef49a76030e9697012f0ca7ca2ec3025857f9b10d6e6616c517129
2020-10-28,18.960721969604492,HEWJ,e1045c5b21ef49a76030e9697012f0ca7ca2ec3025857f9b10d6e6616c517129
2020-10-29,19.174175262451172,HEWJ,e1045c5b21ef49a76030e9697012f0ca7ca2ec3025857f9b10d6e6616c517129
2020-10-30,19.076597213745117,HEWJ,e1045c5b21ef49a76030e9697012f0ca7ca2ec3025857f9b10d6e6616c517129
2020-11-02,19.32054328918457,HEWJ,e1045c5b21ef49a76030e9697012f0ca7ca2ec3025857f9b10d6e6616c517129
2020-11-03,19.63767433166504,HEWJ,e1045c5b21ef49a76030e9697012f0ca7ca2ec3025857f9b10d6e6616c517129
2020-11-04,19.588886260986328,HEWJ,e1045c5b21ef49a76030e9697012f0ca7ca2ec3025857f9b10d6e6616c517129
2020-11-05,19.930408477783203,HEWJ,e1045c5b21ef49a76030e9697012f0ca7ca2ec3025857f9b10d6e6616c517129
2020-11-06,19.869426727294922,HEWJ,e1045c5b21ef49a76030e9697012f0ca7ca2ec3025857f9b10d6e6616c517129
2020-11-09,20.863502502441406,HEWJ,e1045c5b21ef49a76030e9697012f0ca7ca2ec3025857f9b10d6e6616c517129
2020-11-10,20.778120040893555,HEWJ,e1045c5b21ef49a76030e9697012f0ca7ca2ec3025857f9b10d6e6616c517129
2020-11-11,20.89399528503418,HEWJ,e1045c5b21ef49a76030e9697012f0ca7ca2ec3025857f9b10d6e6616c517129
2020-11-12,20.515880584716797,HEWJ,e1045c5b21ef49a76030e9697012f0ca7ca2ec3025857f9b10d6e6616c517129
2020-11-13,20.753725051879883,HEWJ,e1045c5b21ef49a76030e9697012f0ca7ca2ec3025857f9b10d6e6616c517129
2020-11-16,21.009870529174805,HEWJ,e1045c5b21ef49a76030e9697012f0ca7ca2ec3025857f9b10d6e6616c517129
2020-11-17,20.88180160522461,HEWJ,e1045c5b21ef49a76030e9697012f0ca7ca2ec3025857f9b10d6e6616c517129
2020-11-18,20.668346405029297,HEWJ,e1045c5b21ef49a76030e9697012f0ca7ca2ec3025857f9b10d6e6616c517129
2020-11-19,20.772024154663086,HEWJ,e1045c5b21ef49a76030e9697012f0ca7ca2ec3025857f9b10d6e6616c517129
2020-11-20,21.01597023010254,HEWJ,e1045c5b21ef49a76030e9697012f0ca7ca2ec3025857f9b10d6e6616c517129
2020-11-23,21.186731338500977,HEWJ,e1045c5b21ef49a76030e9697012f0ca7ca2ec3025857f9b10d6e6616c517129
2020-11-24,21.49166488647461,HEWJ,e1045c5b21ef49a76030e9697012f0ca7ca2ec3025857f9b10d6e6616c517129
2020-11-25,21.333101272583008,HEWJ,e1045c5b21ef49a76030e9697012f0ca7ca2ec3025857f9b10d6e6616c517129
2020-11-27,21.577049255371094,HEWJ,e1045c5b21ef49a76030e9697012f0ca7ca2ec3025857f9b10d6e6616c517129
2020-11-30,21.03426742553711,HEWJ,e1045c5b21ef49a76030e9697012f0ca7ca2ec3025857f9b10d6e6616c517129
2020-12-01,21.479469299316406,HEWJ,e1045c5b21ef49a76030e9697012f0ca7ca2ec3025857f9b10d6e6616c517129
2020-12-02,21.461170196533203,HEWJ,e1045c5b21ef49a76030e9697012f0ca7ca2ec3025857f9b10d6e6616c517129
2020-12-03,21.369691848754883,HEWJ,e1045c5b21ef49a76030e9697012f0ca7ca2ec3025857f9b10d6e6616c517129
2020-12-04,21.52215576171875,HEWJ,e1045c5b21ef49a76030e9697012f0ca7ca2ec3025857f9b10d6e6616c517129
2020-12-07,21.174535751342773,HEWJ,e1045c5b21ef49a76030e9697012f0ca7ca2ec3025857f9b10d6e6616c517129
2020-12-08,21.247718811035156,HEWJ,e1045c5b21ef49a76030e9697012f0ca7ca2ec3025857f9b10d6e6616c517129
2020-12-09,21.424579620361328,HEWJ,e1045c5b21ef49a76030e9697012f0ca7ca2ec3025857f9b10d6e6616c517129
2020-12-10,21.461170196533203,HEWJ,e1045c5b21ef49a76030e9697012f0ca7ca2ec3025857f9b10d6e6616c517129
2020-12-11,21.473371505737305,HEWJ,e1045c5b21ef49a76030e9697012f0ca7ca2ec3025857f9b10d6e6616c517129
2020-12-14,21.558752059936523,HEWJ,e1045c5b21ef49a76030e9697012f0ca7ca2ec3025857f9b10d6e6616c517129
2020-12-15,21.619735717773438,HEWJ,e1045c5b21ef49a76030e9697012f0ca7ca2ec3025857f9b10d6e6616c517129
2020-12-16,21.546552658081055,HEWJ,e1045c5b21ef49a76030e9697012f0ca7ca2ec3025857f9b10d6e6616c517129
2020-12-17,21.625831604003906,HEWJ,e1045c5b21ef49a76030e9697012f0ca7ca2ec3025857f9b10d6e6616c517129
2020-12-18,21.607540130615234,HEWJ,e1045c5b21ef49a76030e9697012f0ca7ca2ec3025857f9b10d6e6616c517129
2020-12-21,21.38189125061035,HEWJ,e1045c5b21ef49a76030e9697012f0ca7ca2ec3025857f9b10d6e6616c517129
2020-12-22,21.455074310302734,HEWJ,e1045c5b21ef49a76030e9697012f0ca7ca2ec3025857f9b10d6e6616c517129
2020-12-23,21.485563278198242,HEWJ,e1045c5b21ef49a76030e9697012f0ca7ca2ec3025857f9b10d6e6616c517129
2020-12-24,21.43292999267578,HEWJ,e1045c5b21ef49a76030e9697012f0ca7ca2ec3025857f9b10d6e6616c517129
2020-12-28,21.69610023498535,HEWJ,e1045c5b21ef49a76030e9697012f0ca7ca2ec3025857f9b10d6e6616c517129
2020-12-29,21.891950607299805,HEWJ,e1045c5b21ef49a76030e9697012f0ca7ca2ec3025857f9b10d6e6616c517129
2020-12-30,21.867462158203125,HEWJ,e1045c5b21ef49a76030e9697012f0ca7ca2ec3025857f9b10d6e6616c517129
2020-12-31,21.953149795532227,HEWJ,e1045c5b21ef49a76030e9697012f0ca7ca2ec3025857f9b10d6e6616c517129
2021-01-04,21.641019821166992,HEWJ,e1045c5b21ef49a76030e9697012f0ca7ca2ec3025857f9b10d6e6616c517129
2021-01-05,21.751184463500977,HEWJ,e1045c5b21ef49a76030e9697012f0ca7ca2ec3025857f9b10d6e6616c517129
2021-01-06,22.106151580810547,HEWJ,e1045c5b21ef49a76030e9697012f0ca7ca2ec3025857f9b10d6e6616c517129
2021-01-07,22.22855567932129,HEWJ,e1045c5b21ef49a76030e9697012f0ca7ca2ec3025857f9b10d6e6616c517129
2021-01-08,22.650850296020508,HEWJ,e1045c5b21ef49a76030e9697012f0ca7ca2ec3025857f9b10d6e6616c517129
2021-01-11,22.47336769104004,HEWJ,e1045c5b21ef49a76030e9697012f0ca7ca2ec3025857f9b10d6e6616c517129
2021-01-12,22.503969192504883,HEWJ,e1045c5b21ef49a76030e9697012f0ca7ca2ec3025857f9b10d6e6616c517129
2021-01-13,22.601892471313477,HEWJ,e1045c5b21ef49a76030e9697012f0ca7ca2ec3025857f9b10d6e6616c517129
2021-01-14,22.767133712768555,HEWJ,e1045c5b21ef49a76030e9697012f0ca7ca2ec3025857f9b10d6e6616c517129
2021-01-15,22.461122512817383,HEWJ,e1045c5b21ef49a76030e9697012f0ca7ca2ec3025857f9b10d6e6616c517129
2021-01-19,22.5712947845459,HEWJ,e1045c5b21ef49a76030e9697012f0ca7ca2ec3025857f9b10d6e6616c517129
2021-01-20,22.61412811279297,HEWJ,e1045c5b21ef49a76030e9697012f0ca7ca2ec3025857f9b10d6e6616c517129
2021-01-21,22.534570693969727,HEWJ,e1045c5b21ef49a76030e9697012f0ca7ca2ec3025857f9b10d6e6616c517129
2021-01-22,22.608009338378906,HEWJ,e1045c5b21ef49a76030e9697012f0ca7ca2ec3025857f9b10d6e6616c517129
2021-01-25,22.66309356689453,HEWJ,e1045c5b21ef49a76030e9697012f0ca7ca2ec3025857f9b10d6e6616c517129
2021-01-26,22.638612747192383,HEWJ,e1045c5b21ef49a76030e9697012f0ca7ca2ec3025857f9b10d6e6616c517129
2021-01-27,22.271398544311523,HEWJ,e1045c5b21ef49a76030e9697012f0ca7ca2ec3025857f9b10d6e6616c517129
2021-01-28,22.44276237487793,HEWJ,e1045c5b21ef49a76030e9697012f0ca7ca2ec3025857f9b10d6e6616c517129
2021-01-29,22.0755558013916,HEWJ,e1045c5b21ef49a76030e9697012f0ca7ca2ec3025857f9b10d6e6616c517129
2021-02-01,22.357080459594727,HEWJ,e1045c5b21ef49a76030e9697012f0ca7ca2ec3025857f9b10d6e6616c517129
2021-02-02,22.54068946838379,HEWJ,e1045c5b21ef49a76030e9697012f0ca7ca2ec3025857f9b10d6e6616c517129
2021-02-03,22.66309356689453,HEWJ,e1045c5b21ef49a76030e9697012f0ca7ca2ec3025857f9b10d6e6616c517129
2021-02-04,22.779375076293945,HEWJ,e1045c5b21ef49a76030e9697012f0ca7ca2ec3025857f9b10d6e6616c517129
2021-02-05,22.96910285949707,HEWJ,e1045c5b21ef49a76030e9697012f0ca7ca2ec3025857f9b10d6e6616c517129
2021-02-08,23.293472290039062,HEWJ,e1045c5b21ef49a76030e9697012f0ca7ca2ec3025857f9b10d6e6616c517129
2021-02-09,23.30571174621582,HEWJ,e1045c5b21ef49a76030e9697012f0ca7ca2ec3025857f9b10d6e6616c517129
2021-02-10,23.27511215209961,HEWJ,e1045c5b21ef49a76030e9697012f0ca7ca2ec3025857f9b10d6e6616c517129
2021-02-11,23.415874481201172,HEWJ,e1045c5b21ef49a76030e9697012f0ca7ca2ec3025857f9b10d6e6616c517129
2021-02-12,23.617843627929688,HEWJ,e1045c5b21ef49a76030e9697012f0ca7ca2ec3025857f9b10d6e6616c517129
2021-02-16,23.92997169494629,HEWJ,e1045c5b21ef49a76030e9697012f0ca7ca2ec3025857f9b10d6e6616c517129
2021-02-17,23.881011962890625,HEWJ,e1045c5b21ef49a76030e9697012f0ca7ca2ec3025857f9b10d6e6616c517129
2021-02-18,23.54439926147461,HEWJ,e1045c5b21ef49a76030e9697012f0ca7ca2ec3025857f9b10d6e6616c517129
2021-02-19,23.679046630859375,HEWJ,e1045c5b21ef49a76030e9697012f0ca7ca2ec3025857f9b10d6e6616c517129
2021-02-22,23.50156021118164,HEWJ,e1045c5b21ef49a76030e9697012f0ca7ca2ec3025857f9b10d6e6616c517129
2021-02-23,23.495439529418945,HEWJ,e1045c5b21ef49a76030e9697012f0ca7ca2ec3025857f9b10d6e6616c517129
2021-02-24,23.446481704711914,HEWJ,e1045c5b21ef49a76030e9697012f0ca7ca2ec3025857f9b10d6e6616c517129
2021-02-25,23.13435173034668,HEWJ,e1045c5b21ef49a76030e9697012f0ca7ca2ec3025857f9b10d6e6616c517129
2021-02-26,22.840576171875,HEWJ,e1045c5b21ef49a76030e9697012f0ca7ca2ec3025857f9b10d6e6616c517129
2021-03-01,23.281234741210938,HEWJ,e1045c5b21ef49a76030e9697012f0ca7ca2ec3025857f9b10d6e6616c517129
2021-03-02,23.042545318603516,HEWJ,e1045c5b21ef49a76030e9697012f0ca7ca2ec3025857f9b10d6e6616c517129
2021-03-03,22.987464904785156,HEWJ,e1045c5b21ef49a76030e9697012f0ca7ca2ec3025857f9b10d6e6616c517129
2021-03-04,22.920135498046875,HEWJ,e1045c5b21ef49a76030e9697012f0ca7ca2ec3025857f9b10d6e6616c517129
2021-03-05,23.238391876220703,HEWJ,e1045c5b21ef49a76030e9697012f0ca7ca2ec3025857f9b10d6e6616c517129
2021-03-08,23.091503143310547,HEWJ,e1045c5b21ef49a76030e9697012f0ca7ca2ec3025857f9b10d6e6616c517129
2021-03-09,23.25063133239746,HEWJ,e1045c5b21ef49a76030e9697012f0ca7ca2ec3025857f9b10d6e6616c517129
2021-03-10,23.293472290039062,HEWJ,e1045c5b21ef49a76030e9697012f0ca7ca2ec3025857f9b10d6e6616c517129
2021-03-11,23.207786560058594,HEWJ,e1045c5b21ef49a76030e9697012f0ca7ca2ec3025857f9b10d6e6616c517129
2021-03-12,23.630081176757812,HEWJ,e1045c5b21ef49a76030e9697012f0ca7ca2ec3025857f9b10d6e6616c517129
2021-03-15,23.764726638793945,HEWJ,e1045c5b21ef49a76030e9697012f0ca7ca2ec3025857f9b10d6e6616c517129
2021-03-16,23.813692092895508,HEWJ,e1045c5b21ef49a76030e9697012f0ca7ca2ec3025857f9b10d6e6616c517129
2021-03-17,23.942209243774414,HEWJ,e1045c5b21ef49a76030e9697012f0ca7ca2ec3025857f9b10d6e6616c517129
2021-03-18,23.99729347229004,HEWJ,e1045c5b21ef49a76030e9697012f0ca7ca2ec3025857f9b10d6e6616c517129
2021-03-19,24.17477798461914,HEWJ,e1045c5b21ef49a76030e9697012f0ca7ca2ec3025857f9b10d6e6616c517129
2021-03-22,24.009532928466797,HEWJ,e1045c5b21ef49a76030e9697012f0ca7ca2ec3025857f9b10d6e6616c517129
2021-03-23,23.6055965423584,HEWJ,e1045c5b21ef49a76030e9697012f0ca7ca2ec3025857f9b10d6e6616c517129
2021-03-24,23.409759521484375,HEWJ,e1045c5b21ef49a76030e9697012f0ca7ca2ec3025857f9b10d6e6616c517129
2021-03-25,23.72188377380371,HEWJ,e1045c5b21ef49a76030e9697012f0ca7ca2ec3025857f9b10d6e6616c517129
2021-03-26,24.150300979614258,HEWJ,e1045c5b21ef49a76030e9697012f0ca7ca2ec3025857f9b10d6e6616c517129
2021-03-29,24.04013442993164,HEWJ,e1045c5b21ef49a76030e9697012f0ca7ca2ec3025857f9b10d6e6616c517129
2021-03-30,23.978933334350586,HEWJ,e1045c5b21ef49a76030e9697012f0ca7ca2ec3025857f9b10d6e6616c517129
2021-03-31,23.8259334564209,HEWJ,e1045c5b21ef49a76030e9697012f0ca7ca2ec3025857f9b10d6e6616c517129
2021-04-01,24.0462589263916,HEWJ,e1045c5b21ef49a76030e9697012f0ca7ca2ec3025857f9b10d6e6616c517129
2021-04-05,24.235986709594727,HEWJ,e1045c5b21ef49a76030e9697012f0ca7ca2ec3025857f9b10d6e6616c517129
2021-04-06,23.776966094970703,HEWJ,e1045c5b21ef49a76030e9697012f0ca7ca2ec3025857f9b10d6e6616c517129
2021-04-07,23.84429168701172,HEWJ,e1045c5b21ef49a76030e9697012f0ca7ca2ec3025857f9b10d6e6616c517129
2021-04-08,23.752490997314453,HEWJ,e1045c5b21ef49a76030e9697012f0ca7ca2ec3025857f9b10d6e6616c517129
2021-04-09,24.009532928466797,HEWJ,e1045c5b21ef49a76030e9697012f0ca7ca2ec3025857f9b10d6e6616c517129
2021-04-12,23.789207458496094,HEWJ,e1045c5b21ef49a76030e9697012f0ca7ca2ec3025857f9b10d6e6616c517129
2021-04-13,23.881011962890625,HEWJ,e1045c5b21ef49a76030e9697012f0ca7ca2ec3025857f9b10d6e6616c517129
2021-04-14,23.789207458496094,HEWJ,e1045c5b21ef49a76030e9697012f0ca7ca2ec3025857f9b10d6e6616c517129
2021-04-15,23.8687686920166,HEWJ,e1045c5b21ef49a76030e9697012f0ca7ca2ec3025857f9b10d6e6616c517129
2021-04-16,23.91160774230957,HEWJ,e1045c5b21ef49a76030e9697012f0ca7ca2ec3025857f9b10d6e6616c517129
2021-04-19,23.54439926147461,HEWJ,e1045c5b21ef49a76030e9697012f0ca7ca2ec3025857f9b10d6e6616c517129
2021-04-20,22.99358367919922,HEWJ,e1045c5b21ef49a76030e9697012f0ca7ca2ec3025857f9b10d6e6616c517129
2021-04-21,23.207786560058594,HEWJ,e1045c5b21ef49a76030e9697012f0ca7ca2ec3025857f9b10d6e6616c517129
2021-04-22,23.244516372680664,HEWJ,e1045c5b21ef49a76030e9697012f0ca7ca2ec3025857f9b10d6e6616c517129
2021-04-23,23.43423843383789,HEWJ,e1045c5b21ef49a76030e9697012f0ca7ca2ec3025857f9b10d6e6616c517129
2021-04-26,23.379154205322266,HEWJ,e1045c5b21ef49a76030e9697012f0ca7ca2ec3025857f9b10d6e6616c517129
2021-04-27,23.25063133239746,HEWJ,e1045c5b21ef49a76030e9697012f0ca7ca2ec3025857f9b10d6e6616c517129
2021-04-28,23.183311462402344,HEWJ,e1045c5b21ef49a76030e9697012f0ca7ca2ec3025857f9b10d6e6616c517129
2021-04-29,23.256750106811523,HEWJ,e1045c5b21ef49a76030e9697012f0ca7ca2ec3025857f9b10d6e6616c517129
2021-04-30,23.15882682800293,HEWJ,e1045c5b21ef49a76030e9697012f0ca7ca2ec3025857f9b10d6e6616c517129
2021-05-03,23.38527488708496,HEWJ,e1045c5b21ef49a76030e9697012f0ca7ca2ec3025857f9b10d6e6616c517129
2021-05-04,23.1527099609375,HEWJ,e1045c5b21ef49a76030e9697012f0ca7ca2ec3025857f9b10d6e6616c517129
2021-05-05,23.403635025024414,HEWJ,e1045c5b21ef49a76030e9697012f0ca7ca2ec3025857f9b10d6e6616c517129
2021-05-06,23.538280487060547,HEWJ,e1045c5b21ef49a76030e9697012f0ca7ca2ec3025857f9b10d6e6616c517129
2021-05-07,23.562759399414062,HEWJ,e1045c5b21ef49a76030e9697012f0ca7ca2ec3025857f9b10d6e6616c517129
2021-05-10,23.550519943237305,HEWJ,e1045c5b21ef49a76030e9697012f0ca7ca2ec3025857f9b10d6e6616c517129
2021-05-11,23.13435173034668,HEWJ,e1045c5b21ef49a76030e9697012f0ca7ca2ec3025857f9b10d6e6616c517129
2021-05-12,22.54680824279785,HEWJ,e1045c5b21ef49a76030e9697012f0ca7ca2ec3025857f9b10d6e6616c517129
2021-05-13,22.699817657470703,HEWJ,e1045c5b21ef49a76030e9697012f0ca7ca2ec3025857f9b10d6e6616c517129
2021-05-14,23.0180606842041,HEWJ,e1045c5b21ef49a76030e9697012f0ca7ca2ec3025857f9b10d6e6616c517129
2021-05-17,22.78549575805664,HEWJ,e1045c5b21ef49a76030e9697012f0ca7ca2ec3025857f9b10d6e6616c517129
2021-05-18,23.0180606842041,HEWJ,e1045c5b21ef49a76030e9697012f0ca7ca2ec3025857f9b10d6e6616c517129
2021-05-19,22.981340408325195,HEWJ,e1045c5b21ef49a76030e9697012f0ca7ca2ec3025857f9b10d6e6616c517129
2021-05-20,23.07926368713379,HEWJ,e1045c5b21ef49a76030e9697012f0ca7ca2ec3025857f9b10d6e6616c517129
2021-05-21,23.238391876220703,HEWJ,e1045c5b21ef49a76030e9697012f0ca7ca2ec3025857f9b10d6e6616c517129
2021-05-24,23.317951202392578,HEWJ,e1045c5b21ef49a76030e9697012f0ca7ca2ec3025857f9b10d6e6616c517129
2021-05-25,23.26287078857422,HEWJ,e1045c5b21ef49a76030e9697012f0ca7ca2ec3025857f9b10d6e6616c517129
2021-05-26,23.409759521484375,HEWJ,e1045c5b21ef49a76030e9697012f0ca7ca2ec3025857f9b10d6e6616c517129
2021-05-27,23.53215980529785,HEWJ,e1045c5b21ef49a76030e9697012f0ca7ca2ec3025857f9b10d6e6616c517129
2021-05-28,23.679046630859375,HEWJ,e1045c5b21ef49a76030e9697012f0ca7ca2ec3025857f9b10d6e6616c517129
2021-06-01,23.464834213256836,HEWJ,e1045c5b21ef49a76030e9697012f0ca7ca2ec3025857f9b10d6e6616c517129
2021-06-02,23.685165405273438,HEWJ,e1045c5b21ef49a76030e9697012f0ca7ca2ec3025857f9b10d6e6616c517129
2021-06-03,23.832048416137695,HEWJ,e1045c5b21ef49a76030e9697012f0ca7ca2ec3025857f9b10d6e6616c517129
2021-06-04,23.9605770111084,HEWJ,e1045c5b21ef49a76030e9697012f0ca7ca2ec3025857f9b10d6e6616c517129
2021-06-07,23.954458236694336,HEWJ,e1045c5b21ef49a76030e9697012f0ca7ca2ec3025857f9b10d6e6616c517129
2021-06-08,23.89325523376465,HEWJ,e1045c5b21ef49a76030e9697012f0ca7ca2ec3025857f9b10d6e6616c517129
2021-06-09,23.758604049682617,HEWJ,e1045c5b21ef49a76030e9697012f0ca7ca2ec3025857f9b10d6e6616c517129
2021-06-10,23.783090591430664,HEWJ,e1045c5b21ef49a76030e9697012f0ca7ca2ec3025857f9b10d6e6616c517129
2021-06-11,23.905488967895508,HEWJ,e1045c5b21ef49a76030e9697012f0ca7ca2ec3025857f9b10d6e6616c517129
2021-06-14,23.978933334350586,HEWJ,e1045c5b21ef49a76030e9697012f0ca7ca2ec3025857f9b10d6e6616c517129
2021-06-15,24.10133934020996,HEWJ,e1045c5b21ef49a76030e9697012f0ca7ca2ec3025857f9b10d6e6616c517129
2021-06-16,24.168659210205078,HEWJ,e1045c5b21ef49a76030e9697012f0ca7ca2ec3025857f9b10d6e6616c517129
2021-06-17,24.0462589263916,HEWJ,e1045c5b21ef49a76030e9697012f0ca7ca2ec3025857f9b10d6e6616c517129
2021-06-18,23.452594757080078,HEWJ,e1045c5b21ef49a76030e9697012f0ca7ca2ec3025857f9b10d6e6616c517129
2021-06-21,23.746368408203125,HEWJ,e1045c5b21ef49a76030e9697012f0ca7ca2ec3025857f9b10d6e6616c517129
2021-06-22,23.838171005249023,HEWJ,e1045c5b21ef49a76030e9697012f0ca7ca2ec3025857f9b10d6e6616c517129
2021-06-23,23.709646224975586,HEWJ,e1045c5b21ef49a76030e9697012f0ca7ca2ec3025857f9b10d6e6616c517129
2021-06-24,23.887128829956055,HEWJ,e1045c5b21ef49a76030e9697012f0ca7ca2ec3025857f9b10d6e6616c517129
2021-06-25,23.978933334350586,HEWJ,e1045c5b21ef49a76030e9697012f0ca7ca2ec3025857f9b10d6e6616c517129
2021-06-28,23.874889373779297,HEWJ,e1045c5b21ef49a76030e9697012f0ca7ca2ec3025857f9b10d6e6616c517129
2021-06-29,23.85040855407715,HEWJ,e1045c5b21ef49a76030e9697012f0ca7ca2ec3025857f9b10d6e6616c517129
2021-06-30,23.783090591430664,HEWJ,e1045c5b21ef49a76030e9697012f0ca7ca2ec3025857f9b10d6e6616c517129
2021-07-01,23.856531143188477,HEWJ,e1045c5b21ef49a76030e9697012f0ca7ca2ec3025857f9b10d6e6616c517129
2021-07-02,23.86762809753418,HEWJ,e1045c5b21ef49a76030e9697012f0ca7ca2ec3025857f9b10d6e6616c517129
2021-07-06,23.682661056518555,HEWJ,e1045c5b21ef49a76030e9697012f0ca7ca2ec3025857f9b10d6e6616c517129
2021-07-07,23.694990158081055,HEWJ,e1045c5b21ef49a76030e9697012f0ca7ca2ec3025857f9b10d6e6616c517129
2021-07-08,23.177064895629883,HEWJ,e1045c5b21ef49a76030e9697012f0ca7ca2ec3025857f9b10d6e6616c517129
2021-07-09,23.842966079711914,HEWJ,e1045c5b21ef49a76030e9697012f0ca7ca2ec3025857f9b10d6e6616c517129
2021-07-12,23.972450256347656,HEWJ,e1045c5b21ef49a76030e9697012f0ca7ca2ec3025857f9b10d6e6616c517129
2021-07-13,23.941617965698242,HEWJ,e1045c5b21ef49a76030e9697012f0ca7ca2ec3025857f9b10d6e6616c517129
2021-07-14,23.953948974609375,HEWJ,e1045c5b21ef49a76030e9697012f0ca7ca2ec3025857f9b10d6e6616c517129
2021-07-15,23.60250473022461,HEWJ,e1045c5b21ef49a76030e9697012f0ca7ca2ec3025857f9b10d6e6616c517129
2021-07-16,23.41753387451172,HEWJ,e1045c5b21ef49a76030e9697012f0ca7ca2ec3025857f9b10d6e6616c517129
2021-07-19,22.955097198486328,HEWJ,e1045c5b21ef49a76030e9697012f0ca7ca2ec3025857f9b10d6e6616c517129
2021-07-20,23.325044631958008,HEWJ,e1045c5b21ef49a76030e9697012f0ca7ca2ec3025857f9b10d6e6616c517129
2021-07-21,23.571674346923828,HEWJ,e1045c5b21ef49a76030e9697012f0ca7ca2ec3025857f9b10d6e6616c517129
2021-07-22,23.534677505493164,HEWJ,e1045c5b21ef49a76030e9697012f0ca7ca2ec3025857f9b10d6e6616c517129
2021-07-23,23.762813568115234,HEWJ,e1045c5b21ef49a76030e9697012f0ca7ca2ec3025857f9b10d6e6616c517129
2021-07-26,23.633333206176758,HEWJ,e1045c5b21ef49a76030e9697012f0ca7ca2ec3025857f9b10d6e6616c517129
2021-07-27,23.380529403686523,HEWJ,e1045c5b21ef49a76030e9697012f0ca7ca2ec3025857f9b10d6e6616c517129
2021-07-28,23.534677505493164,HEWJ,e1045c5b21ef49a76030e9697012f0ca7ca2ec3025857f9b10d6e6616c517129
2021-07-29,23.51618194580078,HEWJ,e1045c5b21ef49a76030e9697012f0ca7ca2ec3025857f9b10d6e6616c517129
2021-07-30,23.343538284301758,HEWJ,e1045c5b21ef49a76030e9697012f0ca7ca2ec3025857f9b10d6e6616c517129
2021-08-02,23.4730167388916,HEWJ,e1045c5b21ef49a76030e9697012f0ca7ca2ec3025857f9b10d6e6616c517129
2021-08-03,23.565507888793945,HEWJ,e1045c5b21ef49a76030e9697012f0ca7ca2ec3025857f9b10d6e6616c517129
2021-08-04,23.405197143554688,HEWJ,e1045c5b21ef49a76030e9697012f0ca7ca2ec3025857f9b10d6e6616c517129
2021-08-05,23.608667373657227,HEWJ,e1045c5b21ef49a76030e9697012f0ca7ca2ec3025857f9b10d6e6616c517129
2021-08-06,23.651826858520508,HEWJ,e1045c5b21ef49a76030e9697012f0ca7ca2ec3025857f9b10d6e6616c517129
2021-08-09,23.676490783691406,HEWJ,e1045c5b21ef49a76030e9697012f0ca7ca2ec3025857f9b10d6e6616c517129
2021-08-10,23.731985092163086,HEWJ,e1045c5b21ef49a76030e9697012f0ca7ca2ec3025857f9b10d6e6616c517129
2021-08-11,24.009441375732422,HEWJ,e1045c5b21ef49a76030e9697012f0ca7ca2ec3025857f9b10d6e6616c517129
2021-08-12,23.93545150756836,HEWJ,e1045c5b21ef49a76030e9697012f0ca7ca2ec3025857f9b10d6e6616c517129
2021-08-13,23.8367977142334,HEWJ,e1045c5b21ef49a76030e9697012f0ca7ca2ec3025857f9b10d6e6616c517129
2021-08-16,23.577838897705078,HEWJ,e1045c5b21ef49a76030e9697012f0ca7ca2ec3025857f9b10d6e6616c517129
2021-08-17,23.454524993896484,HEWJ,e1045c5b21ef49a76030e9697012f0ca7ca2ec3025857f9b10d6e6616c517129
2021-08-18,23.368202209472656,HEWJ,e1045c5b21ef49a76030e9697012f0ca7ca2ec3025857f9b10d6e6616c517129
2021-08-19,23.177064895629883,HEWJ,e1045c5b21ef49a76030e9697012f0ca7ca2ec3025857f9b10d6e6616c517129
2021-08-20,23.1955623626709,HEWJ,e1045c5b21ef49a76030e9697012f0ca7ca2ec3025857f9b10d6e6616c517129
2021-08-23,23.466854095458984,HEWJ,e1045c5b21ef49a76030e9697012f0ca7ca2ec3025857f9b10d6e6616c517129
2021-08-24,23.651826858520508,HEWJ,e1045c5b21ef49a76030e9697012f0ca7ca2ec3025857f9b10d6e6616c517129
2021-08-25,23.676490783691406,HEWJ,e1045c5b21ef49a76030e9697012f0ca7ca2ec3025857f9b10d6e6616c517129
2021-08-26,23.571674346923828,HEWJ,e1045c5b21ef49a76030e9697012f0ca7ca2ec3025857f9b10d6e6616c517129
2021-08-27,23.707319259643555,HEWJ,e1045c5b21ef49a76030e9697012f0ca7ca2ec3025857f9b10d6e6616c517129
2021-08-30,23.664159774780273,HEWJ,e1045c5b21ef49a76030e9697012f0ca7ca2ec3025857f9b10d6e6616c517129
2021-08-31,23.818302154541016,HEWJ,e1045c5b21ef49a76030e9697012f0ca7ca2ec3025857f9b10d6e6616c517129
2021-09-01,24.206743240356445,HEWJ,e1045c5b21ef49a76030e9697012f0ca7ca2ec3025857f9b10d6e6616c517129
2021-09-02,24.299230575561523,HEWJ,e1045c5b21ef49a76030e9697012f0ca7ca2ec3025857f9b10d6e6616c517129
2021-09-03,24.97129249572754,HEWJ,e1045c5b21ef49a76030e9697012f0ca7ca2ec3025857f9b10d6e6616c517129
2021-09-07,25.322750091552734,HEWJ,e1045c5b21ef49a76030e9697012f0ca7ca2ec3025857f9b10d6e6616c517129
2021-09-08,25.254920959472656,HEWJ,e1045c5b21ef49a76030e9697012f0ca7ca2ec3025857f9b10d6e6616c517129
2021-09-09,25.335079193115234,HEWJ,e1045c5b21ef49a76030e9697012f0ca7ca2ec3025857f9b10d6e6616c517129
2021-09-10,25.328914642333984,HEWJ,e1045c5b21ef49a76030e9697012f0ca7ca2ec3025857f9b10d6e6616c517129
2021-09-13,25.735855102539062,HEWJ,e1045c5b21ef49a76030e9697012f0ca7ca2ec3025857f9b10d6e6616c517129
2021-09-14,25.51388168334961,HEWJ,e1045c5b21ef49a76030e9697012f0ca7ca2ec3025857f9b10d6e6616c517129
2021-09-15,25.686521530151367,HEWJ,e1045c5b21ef49a76030e9697012f0ca7ca2ec3025857f9b10d6e6616c517129
2021-09-16,25.692689895629883,HEWJ,e1045c5b21ef49a76030e9697012f0ca7ca2ec3025857f9b10d6e6616c517129
2021-09-17,25.557043075561523,HEWJ,e1045c5b21ef49a76030e9697012f0ca7ca2ec3025857f9b10d6e6616c517129
2021-09-20,25.08228302001953,HEWJ,e1045c5b21ef49a76030e9697012f0ca7ca2ec3025857f9b10d6e6616c517129
2021-09-21,25.26108741760254,HEWJ,e1045c5b21ef49a76030e9697012f0ca7ca2ec3025857f9b10d6e6616c517129
2021-09-22,25.205596923828125,HEWJ,e1045c5b21ef49a76030e9697012f0ca7ca2ec3025857f9b10d6e6616c517129
2021-09-23,25.458393096923828,HEWJ,e1045c5b21ef49a76030e9697012f0ca7ca2ec3025857f9b10d6e6616c517129
2021-09-24,25.470726013183594,HEWJ,e1045c5b21ef49a76030e9697012f0ca7ca2ec3025857f9b10d6e6616c517129
2021-09-27,25.501550674438477,HEWJ,e1045c5b21ef49a76030e9697012f0ca7ca2ec3025857f9b10d6e6616c517129
2021-09-28,25.03912353515625,HEWJ,e1045c5b21ef49a76030e9697012f0ca7ca2ec3025857f9b10d6e6616c517129
2021-09-29,25.143936157226562,HEWJ,e1045c5b21ef49a76030e9697012f0ca7ca2ec3025857f9b10d6e6616c517129
2021-09-30,24.7678279876709,HEWJ,e1045c5b21ef49a76030e9697012f0ca7ca2ec3025857f9b10d6e6616c517129
2021-10-01,24.576692581176758,HEWJ,e1045c5b21ef49a76030e9697012f0ca7ca2ec3025857f9b10d6e6616c517129
2021-10-04,23.855300903320312,HEWJ,e1045c5b21ef49a76030e9697012f0ca7ca2ec3025857f9b10d6e6616c517129
2021-10-05,24.15125274658203,HEWJ,e1045c5b21ef49a76030e9697012f0ca7ca2ec3025857f9b10d6e6616c517129
2021-10-06,23.886127471923828,HEWJ,e1045c5b21ef49a76030e9697012f0ca7ca2ec3025857f9b10d6e6616c517129
2021-10-07,24.08959197998047,HEWJ,e1045c5b21ef49a76030e9697012f0ca7ca2ec3025857f9b10d6e6616c517129
2021-10-08,24.126590728759766,HEWJ,e1045c5b21ef49a76030e9697012f0ca7ca2ec3025857f9b10d6e6616c517129
2021-10-11,24.46570587158203,HEWJ,e1045c5b21ef49a76030e9697012f0ca7ca2ec3025857f9b10d6e6616c517129
2021-10-12,24.373218536376953,HEWJ,e1045c5b21ef49a76030e9697012f0ca7ca2ec3025857f9b10d6e6616c517129
2021-10-13,24.28073501586914,HEWJ,e1045c5b21ef49a76030e9697012f0ca7ca2ec3025857f9b10d6e6616c517129
2021-10-14,24.61368179321289,HEWJ,e1045c5b21ef49a76030e9697012f0ca7ca2ec3025857f9b10d6e6616c517129
2021-10-15,24.97129249572754,HEWJ,e1045c5b21ef49a76030e9697012f0ca7ca2ec3025857f9b10d6e6616c517129
2021-10-18,24.86648178100586,HEWJ,e1045c5b21ef49a76030e9697012f0ca7ca2ec3025857f9b10d6e6616c517129
2021-10-19,25.032957077026367,HEWJ,e1045c5b21ef49a76030e9697012f0ca7ca2ec3025857f9b10d6e6616c517129
2021-10-20,24.989797592163086,HEWJ,e1045c5b21ef49a76030e9697012f0ca7ca2ec3025857f9b10d6e6616c517129
2021-10-21,24.521198272705078,HEWJ,e1045c5b21ef49a76030e9697012f0ca7ca2ec3025857f9b10d6e6616c517129
2021-10-22,24.601354598999023,HEWJ,e1045c5b21ef49a76030e9697012f0ca7ca2ec3025857f9b10d6e6616c517129
2021-10-25,24.669172286987305,HEWJ,e1045c5b21ef49a76030e9697012f0ca7ca2ec3025857f9b10d6e6616c517129
2021-10-26,24.74933433532715,HEWJ,e1045c5b21ef49a76030e9697012f0ca7ca2ec3025857f9b10d6e6616c517129
2021-10-27,24.50270652770996,HEWJ,e1045c5b21ef49a76030e9697012f0ca7ca2ec3025857f9b10d6e6616c517129
2021-10-28,24.656843185424805,HEWJ,e1045c5b21ef49a76030e9697012f0ca7ca2ec3025857f9b10d6e6616c517129
2021-10-29,24.70000648498535,HEWJ,e1045c5b21ef49a76030e9697012f0ca7ca2ec3025857f9b10d6e6616c517129
2021-11-01,25.07611656188965,HEWJ,e1045c5b21ef49a76030e9697012f0ca7ca2ec3025857f9b10d6e6616c517129
2021-11-02,25.032957077026367,HEWJ,e1045c5b21ef49a76030e9697012f0ca7ca2ec3025857f9b10d6e6616c517129
2021-11-03,25.187105178833008,HEWJ,e1045c5b21ef49a76030e9697012f0ca7ca2ec3025857f9b10d6e6616c517129
2021-11-04,25.322750091552734,HEWJ,e1045c5b21ef49a76030e9697012f0ca7ca2ec3025857f9b10d6e6616c517129
2021-11-05,25.267255783081055,HEWJ,e1045c5b21ef49a76030e9697012f0ca7ca2ec3025857f9b10d6e6616c517129
2021-11-08,25.16244125366211,HEWJ,e1045c5b21ef49a76030e9697012f0ca7ca2ec3025857f9b10d6e6616c517129
2021-11-09,24.946636199951172,HEWJ,e1045c5b21ef49a76030e9697012f0ca7ca2ec3025857f9b10d6e6616c517129
2021-11-10,24.804821014404297,HEWJ,e1045c5b21ef49a76030e9697012f0ca7ca2ec3025857f9b10d6e6616c517129
2021-11-11,24.983627319335938,HEWJ,e1045c5b21ef49a76030e9697012f0ca7ca2ec3025857f9b10d6e6616c517129
2021-11-12,25.273426055908203,HEWJ,e1045c5b21ef49a76030e9697012f0ca7ca2ec3025857f9b10d6e6616c517129
2021-11-15,25.322750091552734,HEWJ,e1045c5b21ef49a76030e9697012f0ca7ca2ec3025857f9b10d6e6616c517129
2021-11-16,25.42756462097168,HEWJ,e1045c5b21ef49a76030e9697012f0ca7ca2ec3025857f9b10d6e6616c517129
2021-11-17,25.15010643005371,HEWJ,e1045c5b21ef49a76030e9697012f0ca7ca2ec3025857f9b10d6e6616c517129
2021-11-18,25.248756408691406,HEWJ,e1045c5b21ef49a76030e9697012f0ca7ca2ec3025857f9b10d6e6616c517129
2021-11-19,25.248756408691406,HEWJ,e1045c5b21ef49a76030e9697012f0ca7ca2ec3025857f9b10d6e6616c517129
2021-11-22,25.298084259033203,HEWJ,e1045c5b21ef49a76030e9697012f0ca7ca2ec3025857f9b10d6e6616c517129
2021-11-23,25.39057159423828,HEWJ,e1045c5b21ef49a76030e9697012f0ca7ca2ec3025857f9b10d6e6616c517129
2021-11-24,25.131610870361328,HEWJ,e1045c5b21ef49a76030e9697012f0ca7ca2ec3025857f9b10d6e6616c517129
2021-11-26,24.003276824951172,HEWJ,e1045c5b21ef49a76030e9697012f0ca7ca2ec3025857f9b10d6e6616c517129
2021-11-29,24.175914764404297,HEWJ,e1045c5b21ef49a76030e9697012f0ca7ca2ec3025857f9b10d6e6616c517129
2021-11-30,23.762813568115234,HEWJ,e1045c5b21ef49a76030e9697012f0ca7ca2ec3025857f9b10d6e6616c517129
2021-12-01,23.577838897705078,HEWJ,e1045c5b21ef49a76030e9697012f0ca7ca2ec3025857f9b10d6e6616c517129
2021-12-02,24.009441375732422,HEWJ,e1045c5b21ef49a76030e9697012f0ca7ca2ec3025857f9b10d6e6616c517129
2021-12-03,24.08342933654785,HEWJ,e1045c5b21ef49a76030e9697012f0ca7ca2ec3025857f9b10d6e6616c517129
2021-12-06,24.231409072875977,HEWJ,e1045c5b21ef49a76030e9697012f0ca7ca2ec3025857f9b10d6e6616c517129
2021-12-07,24.823318481445312,HEWJ,e1045c5b21ef49a76030e9697012f0ca7ca2ec3025857f9b10d6e6616c517129
2021-12-08,24.829486846923828,HEWJ,e1045c5b21ef49a76030e9697012f0ca7ca2ec3025857f9b10d6e6616c517129
2021-12-09,24.576692581176758,HEWJ,e1045c5b21ef49a76030e9697012f0ca7ca2ec3025857f9b10d6e6616c517129
2021-12-10,24.58902359008789,HEWJ,e1045c5b21ef49a76030e9697012f0ca7ca2ec3025857f9b10d6e6616c517129
2021-12-13,24.373218536376953,HEWJ,e1045c5b21ef49a76030e9697012f0ca7ca2ec3025857f9b10d6e6616c517129
2021-12-14,24.39788055419922,HEWJ,e1045c5b21ef49a76030e9697012f0ca7ca2ec3025857f9b10d6e6616c517129
2021-12-15,24.903474807739258,HEWJ,e1045c5b21ef49a76030e9697012f0ca7ca2ec3025857f9b10d6e6616c517129
2021-12-16,24.829486846923828,HEWJ,e1045c5b21ef49a76030e9697012f0ca7ca2ec3025857f9b10d6e6616c517129
2021-12-17,24.54586410522461,HEWJ,e1045c5b21ef49a76030e9697012f0ca7ca2ec3025857f9b10d6e6616c517129
2021-12-20,24.342388153076172,HEWJ,e1045c5b21ef49a76030e9697012f0ca7ca2ec3025857f9b10d6e6616c517129
2021-12-21,24.552026748657227,HEWJ,e1045c5b21ef49a76030e9697012f0ca7ca2ec3025857f9b10d6e6616c517129
2021-12-22,24.601354598999023,HEWJ,e1045c5b21ef49a76030e9697012f0ca7ca2ec3025857f9b10d6e6616c517129
2021-12-23,24.768144607543945,HEWJ,e1045c5b21ef49a76030e9697012f0ca7ca2ec3025857f9b10d6e6616c517129
2021-12-27,24.836851119995117,HEWJ,e1045c5b21ef49a76030e9697012f0ca7ca2ec3025857f9b10d6e6616c517129
2021-12-28,24.86808967590332,HEWJ,e1045c5b21ef49a76030e9697012f0ca7ca2ec3025857f9b10d6e6616c517129
2021-12-29,24.76189422607422,HEWJ,e1045c5b21ef49a76030e9697012f0ca7ca2ec3025857f9b10d6e6616c517129
2021-12-30,24.72441291809082,HEWJ,e1045c5b21ef49a76030e9697012f0ca7ca2ec3025857f9b10d6e6616c517129
2021-12-31,24.76189422607422,HEWJ,e1045c5b21ef49a76030e9697012f0ca7ca2ec3025857f9b10d6e6616c517129
2022-01-03,24.8181095123291,HEWJ,e1045c5b21ef49a76030e9697012f0ca7ca2ec3025857f9b10d6e6616c517129
2022-01-04,25.324100494384766,HEWJ,e1045c5b21ef49a76030e9697012f0ca7ca2ec3025857f9b10d6e6616c517129
2022-01-05,25.217899322509766,HEWJ,e1045c5b21ef49a76030e9697012f0ca7ca2ec3025857f9b10d6e6616c517129
2022-01-06,24.980525970458984,HEWJ,e1045c5b21ef49a76030e9697012f0ca7ca2ec3025857f9b10d6e6616c517129
2022-01-07,24.768144607543945,HEWJ,e1045c5b21ef49a76030e9697012f0ca7ca2ec3025857f9b10d6e6616c517129
2022-01-10,24.643203735351562,HEWJ,e1045c5b21ef49a76030e9697012f0ca7ca2ec3025857f9b10d6e6616c517129
2022-01-11,24.830610275268555,HEWJ,e1045c5b21ef49a76030e9697012f0ca7ca2ec3025857f9b10d6e6616c517129
2022-01-12,25.024255752563477,HEWJ,e1045c5b21ef49a76030e9697012f0ca7ca2ec3025857f9b10d6e6616c517129
2022-01-13,24.674436569213867,HEWJ,e1045c5b21ef49a76030e9697012f0ca7ca2ec3025857f9b10d6e6616c517129
2022-01-14,24.661943435668945,HEWJ,e1045c5b21ef49a76030e9697012f0ca7ca2ec3025857f9b10d6e6616c517129
2022-01-18,24.368350982666016,HEWJ,e1045c5b21ef49a76030e9697012f0ca7ca2ec3025857f9b10d6e6616c517129
2022-01-19,23.98105812072754,HEWJ,e1045c5b21ef49a76030e9697012f0ca7ca2ec3025857f9b10d6e6616c517129
2022-01-20,23.862369537353516,HEWJ,e1045c5b21ef49a76030e9697012f0ca7ca2ec3025857f9b10d6e6616c517129
2022-01-21,23.656227111816406,HEWJ,e1045c5b21ef49a76030e9697012f0ca7ca2ec3025857f9b10d6e6616c517129
2022-01-24,23.60625648498535,HEWJ,e1045c5b21ef49a76030e9697012f0ca7ca2ec3025857f9b10d6e6616c517129
2022-01-25,23.537538528442383,HEWJ,e1045c5b21ef49a76030e9697012f0ca7ca2ec3025857f9b10d6e6616c517129
2022-01-26,23.37512969970703,HEWJ,e1045c5b21ef49a76030e9697012f0ca7ca2ec3025857f9b10d6e6616c517129
2022-01-27,23.168989181518555,HEWJ,e1045c5b21ef49a76030e9697012f0ca7ca2ec3025857f9b10d6e6616c517129
2022-01-28,23.21271324157715,HEWJ,e1045c5b21ef49a76030e9697012f0ca7ca2ec3025857f9b10d6e6616c517129
2022-01-31,23.699954986572266,HEWJ,e1045c5b21ef49a76030e9697012f0ca7ca2ec3025857f9b10d6e6616c517129
2022-02-01,23.60000991821289,HEWJ,e1045c5b21ef49a76030e9697012f0ca7ca2ec3025857f9b10d6e6616c517129
2022-02-02,23.93108558654785,HEWJ,e1045c5b21ef49a76030e9697012f0ca7ca2ec3025857f9b10d6e6616c517129
2022-02-03,23.537538528442383,HEWJ,e1045c5b21ef49a76030e9697012f0ca7ca2ec3025857f9b10d6e6616c517129
2022-02-04,23.74993324279785,HEWJ,e1045c5b21ef49a76030e9697012f0ca7ca2ec3025857f9b10d6e6616c517129
2022-02-07,23.787410736083984,HEWJ,e1045c5b21ef49a76030e9697012f0ca7ca2ec3025857f9b10d6e6616c517129
2022-02-08,23.974811553955078,HEWJ,e1045c5b21ef49a76030e9697012f0ca7ca2ec3025857f9b10d6e6616c517129
2022-02-09,24.299640655517578,HEWJ,e1045c5b21ef49a76030e9697012f0ca7ca2ec3025857f9b10d6e6616c517129
2022-02-10,24.0622615814209,HEWJ,e1045c5b21ef49a76030e9697012f0ca7ca2ec3025857f9b10d6e6616c517129
2022-02-11,23.724946975708008,HEWJ,e1045c5b21ef49a76030e9697012f0ca7ca2ec3025857f9b10d6e6616c517129
2022-02-14,23.74993324279785,HEWJ,e1045c5b21ef49a76030e9697012f0ca7ca2ec3025857f9b10d6e6616c517129
2022-02-15,24.031028747558594,HEWJ,e1045c5b21ef49a76030e9697012f0ca7ca2ec3025857f9b10d6e6616c517129
2022-02-16,23.99979591369629,HEWJ,e1045c5b21ef49a76030e9697012f0ca7ca2ec3025857f9b10d6e6616c517129
2022-02-17,23.52504539489746,HEWJ,e1045c5b21ef49a76030e9697012f0ca7ca2ec3025857f9b10d6e6616c517129
2022-02-18,23.52504539489746,HEWJ,e1045c5b21ef49a76030e9697012f0ca7ca2ec3025857f9b10d6e6616c517129
2022-02-22,23.325153350830078,HEWJ,e1045c5b21ef49a76030e9697012f0ca7ca2ec3025857f9b10d6e6616c517129
2022-02-23,23.10027313232422,HEWJ,e1045c5b21ef49a76030e9697012f0ca7ca2ec3025857f9b10d6e6616c517129
2022-02-24,23.0502986907959,HEWJ,e1045c5b21ef49a76030e9697012f0ca7ca2ec3025857f9b10d6e6616c517129
2022-02-25,23.587514877319336,HEWJ,e1045c5b21ef49a76030e9697012f0ca7ca2ec3025857f9b10d6e6616c517129
2022-02-28,23.250194549560547,HEWJ,e1045c5b21ef49a76030e9697012f0ca7ca2ec3025857f9b10d6e6616c517129
2022-03-01,22.887887954711914,HEWJ,e1045c5b21ef49a76030e9697012f0ca7ca2ec3025857f9b10d6e6616c517129
2022-03-02,23.106521606445312,HEWJ,e1045c5b21ef49a76030e9697012f0ca7ca2ec3025857f9b10d6e6616c517129
2022-03-03,23.000328063964844,HEWJ,e1045c5b21ef49a76030e9697012f0ca7ca2ec3025857f9b10d6e6616c517129
2022-03-04,22.569305419921875,HEWJ,e1045c5b21ef49a76030e9697012f0ca7ca2ec3025857f9b10d6e6616c517129
2022-03-07,21.869674682617188,HEWJ,e1045c5b21ef49a76030e9697012f0ca7ca2ec3025857f9b10d6e6616c517129
2022-03-08,21.613561630249023,HEWJ,e1045c5b21ef49a76030e9697012f0ca7ca2ec3025857f9b10d6e6616c517129
2022-03-09,22.24448013305664,HEWJ,e1045c5b21ef49a76030e9697012f0ca7ca2ec3025857f9b10d6e6616c517129
2022-03-10,22.2194881439209,HEWJ,e1045c5b21ef49a76030e9697012f0ca7ca2ec3025857f9b10d6e6616c517129
2022-03-11,22.094552993774414,HEWJ,e1045c5b21ef49a76030e9697012f0ca7ca2ec3025857f9b10d6e6616c517129
2022-03-14,22.28820037841797,HEWJ,e1045c5b21ef49a76030e9697012f0ca7ca2ec3025857f9b10d6e6616c517129
2022-03-15,22.687990188598633,HEWJ,e1045c5b21ef49a76030e9697012f0ca7ca2ec3025857f9b10d6e6616c517129
2022-03-16,23.26268768310547,HEWJ,e1045c5b21ef49a76030e9697012f0ca7ca2ec3025857f9b10d6e6616c517129
2022-03-17,23.443843841552734,HEWJ,e1045c5b21ef49a76030e9697012f0ca7ca2ec3025857f9b10d6e6616c517129
2022-03-18,23.8436279296875,HEWJ,e1045c5b21ef49a76030e9697012f0ca7ca2ec3025857f9b10d6e6616c517129
2022-03-21,23.91234588623047,HEWJ,e1045c5b21ef49a76030e9697012f0ca7ca2ec3025857f9b10d6e6616c517129
2022-03-22,24.22467803955078,HEWJ,e1045c5b21ef49a76030e9697012f0ca7ca2ec3025857f9b10d6e6616c517129
2022-03-23,24.149715423583984,HEWJ,e1045c5b21ef49a76030e9697012f0ca7ca2ec3025857f9b10d6e6616c517129
2022-03-24,24.611974716186523,HEWJ,e1045c5b21ef49a76030e9697012f0ca7ca2ec3025857f9b10d6e6616c517129
2022-03-25,24.574491500854492,HEWJ,e1045c5b21ef49a76030e9697012f0ca7ca2ec3025857f9b10d6e6616c517129
2022-03-28,24.524517059326172,HEWJ,e1045c5b21ef49a76030e9697012f0ca7ca2ec3025857f9b10d6e6616c517129
2022-03-29,24.805618286132812,HEWJ,e1045c5b21ef49a76030e9697012f0ca7ca2ec3025857f9b10d6e6616c517129
2022-03-30,24.368350982666016,HEWJ,e1045c5b21ef49a76030e9697012f0ca7ca2ec3025857f9b10d6e6616c517129
2022-03-31,24.099746704101562,HEWJ,e1045c5b21ef49a76030e9697012f0ca7ca2ec3025857f9b10d6e6616c517129
2022-04-01,24.387094497680664,HEWJ,e1045c5b21ef49a76030e9697012f0ca7ca2ec3025857f9b10d6e6616c517129
2022-04-04,24.624465942382812,HEWJ,e1045c5b21ef49a76030e9697012f0ca7ca2ec3025857f9b10d6e6616c517129
2022-04-05,24.149715423583984,HEWJ,e1045c5b21ef49a76030e9697012f0ca7ca2ec3025857f9b10d6e6616c517129
2022-04-06,23.8436279296875,HEWJ,e1045c5b21ef49a76030e9697012f0ca7ca2ec3025857f9b10d6e6616c517129
2022-04-07,23.79990005493164,HEWJ,e1045c5b21ef49a76030e9697012f0ca7ca2ec3025857f9b10d6e6616c517129
2022-04-08,23.77491569519043,HEWJ,e1045c5b21ef49a76030e9697012f0ca7ca2ec3025857f9b10d6e6616c517129
2022-04-11,23.60000991821289,HEWJ,e1045c5b21ef49a76030e9697012f0ca7ca2ec3025857f9b10d6e6616c517129
2022-04-12,23.293922424316406,HEWJ,e1045c5b21ef49a76030e9697012f0ca7ca2ec3025857f9b10d6e6616c517129
2022-04-13,23.681215286254883,HEWJ,e1045c5b21ef49a76030e9697012f0ca7ca2ec3025857f9b10d6e6616c517129
2022-04-14,23.656227111816406,HEWJ,e1045c5b21ef49a76030e9697012f0ca7ca2ec3025857f9b10d6e6616c517129
2022-04-18,23.568771362304688,HEWJ,e1045c5b21ef49a76030e9697012f0ca7ca2ec3025857f9b10d6e6616c517129
2022-04-19,23.93108558654785,HEWJ,e1045c5b21ef49a76030e9697012f0ca7ca2ec3025857f9b10d6e6616c517129
2022-04-20,23.91234588623047,HEWJ,e1045c5b21ef49a76030e9697012f0ca7ca2ec3025857f9b10d6e6616c517129
2022-04-21,23.83113670349121,HEWJ,e1045c5b21ef49a76030e9697012f0ca7ca2ec3025857f9b10d6e6616c517129
2022-04-22,23.550039291381836,HEWJ,e1045c5b21ef49a76030e9697012f0ca7ca2ec3025857f9b10d6e6616c517129
2022-04-25,23.62499237060547,HEWJ,e1045c5b21ef49a76030e9697012f0ca7ca2ec3025857f9b10d6e6616c517129
2022-04-26,23.01906394958496,HEWJ,e1045c5b21ef49a76030e9697012f0ca7ca2ec3025857f9b10d6e6616c517129
2022-04-27,23.293922424316406,HEWJ,e1045c5b21ef49a76030e9697012f0ca7ca2ec3025857f9b10d6e6616c517129
2022-04-28,24.13722801208496,HEWJ,e1045c5b21ef49a76030e9697012f0ca7ca2ec3025857f9b10d6e6616c517129
2022-04-29,23.656227111816406,HEWJ,e1045c5b21ef49a76030e9697012f0ca7ca2ec3025857f9b10d6e6616c517129
2022-05-02,23.77491569519043,HEWJ,e1045c5b21ef49a76030e9697012f0ca7ca2ec3025857f9b10d6e6616c517129
2022-05-03,23.92483901977539,HEWJ,e1045c5b21ef49a76030e9697012f0ca7ca2ec3025857f9b10d6e6616c517129
2022-05-04,24.143470764160156,HEWJ,e1045c5b21ef49a76030e9697012f0ca7ca2ec3025857f9b10d6e6616c517129
2022-05-05,23.656227111816406,HEWJ,e1045c5b21ef49a76030e9697012f0ca7ca2ec3025857f9b10d6e6616c517129
2022-05-06,23.83113670349121,HEWJ,e1045c5b21ef49a76030e9697012f0ca7ca2ec3025857f9b10d6e6616c517129
2022-05-09,23.125263214111328,HEWJ,e1045c5b21ef49a76030e9697012f0ca7ca2ec3025857f9b10d6e6616c517129
2022-05-10,23.18147850036621,HEWJ,e1045c5b21ef49a76030e9697012f0ca7ca2ec3025857f9b10d6e6616c517129
2022-05-11,22.869142532348633,HEWJ,e1045c5b21ef49a76030e9697012f0ca7ca2ec3025857f9b10d6e6616c517129
2022-05-12,22.825422286987305,HEWJ,e1045c5b21ef49a76030e9697012f0ca7ca2ec3025857f9b10d6e6616c517129
2022-05-13,23.45633316040039,HEWJ,e1045c5b21ef49a76030e9697012f0ca7ca2ec3025857f9b10d6e6616c517129
2022-05-16,23.30641746520996,HEWJ,e1045c5b21ef49a76030e9697012f0ca7ca2ec3025857f9b10d6e6616c517129
2022-05-17,23.537538528442383,HEWJ,e1045c5b21ef49a76030e9697012f0ca7ca2ec3025857f9b10d6e6616c517129
2022-05-18,23.081533432006836,HEWJ,e1045c5b21ef49a76030e9697012f0ca7ca2ec3025857f9b10d6e6616c517129
2022-05-19,23.18147850036621,HEWJ,e1045c5b21ef49a76030e9697012f0ca7ca2ec3025857f9b10d6e6616c517129
2022-05-20,23.53129768371582,HEWJ,e1045c5b21ef49a76030e9697012f0ca7ca2ec3025857f9b10d6e6616c517129
2022-05-23,23.76242446899414,HEWJ,e1045c5b21ef49a76030e9697012f0ca7ca2ec3025857f9b10d6e6616c517129
2022-05-24,23.468830108642578,HEWJ,e1045c5b21ef49a76030e9697012f0ca7ca2ec3025857f9b10d6e6616c517129
2022-05-25,23.58127212524414,HEWJ,e1045c5b21ef49a76030e9697012f0ca7ca2ec3025857f9b10d6e6616c517129
2022-05-26,23.756175994873047,HEWJ,e1045c5b21ef49a76030e9697012f0ca7ca2ec3025857f9b10d6e6616c517129
2022-05-27,23.93108558654785,HEWJ,e1045c5b21ef49a76030e9697012f0ca7ca2ec3025857f9b10d6e6616c517129
2022-05-31,23.918590545654297,HEWJ,e1045c5b21ef49a76030e9697012f0ca7ca2ec3025857f9b10d6e6616c517129
2022-06-01,24.2059383392334,HEWJ,e1045c5b21ef49a76030e9697012f0ca7ca2ec3025857f9b10d6e6616c517129
2022-06-02,24.380844116210938,HEWJ,e1045c5b21ef49a76030e9697012f0ca7ca2ec3025857f9b10d6e6616c517129
2022-06-03,24.0622615814209,HEWJ,e1045c5b21ef49a76030e9697012f0ca7ca2ec3025857f9b10d6e6616c517129
2022-06-06,24.355859756469727,HEWJ,e1045c5b21ef49a76030e9697012f0ca7ca2ec3025857f9b10d6e6616c517129
2022-06-07,24.574491500854492,HEWJ,e1045c5b21ef49a76030e9697012f0ca7ca2ec3025857f9b10d6e6616c517129
2022-06-08,24.54950714111328,HEWJ,e1045c5b21ef49a76030e9697012f0ca7ca2ec3025857f9b10d6e6616c517129
2022-06-09,24.418325424194336,HEWJ,e1045c5b21ef49a76030e9697012f0ca7ca2ec3025857f9b10d6e6616c517129
2022-06-10,23.974811553955078,HEWJ,e1045c5b21ef49a76030e9697012f0ca7ca2ec3025857f9b10d6e6616c517129
2022-06-13,23.343894958496094,HEWJ,e1045c5b21ef49a76030e9697012f0ca7ca2ec3025857f9b10d6e6616c517129
2022-06-14,23.325153350830078,HEWJ,e1045c5b21ef49a76030e9697012f0ca7ca2ec3025857f9b10d6e6616c517129
2022-06-15,23.30641746520996,HEWJ,e1045c5b21ef49a76030e9697012f0ca7ca2ec3025857f9b10d6e6616c517129
2022-06-16,22.694238662719727,HEWJ,e1045c5b21ef49a76030e9697012f0ca7ca2ec3025857f9b10d6e6616c517129
2022-06-17,22.950347900390625,HEWJ,e1045c5b21ef49a76030e9697012f0ca7ca2ec3025857f9b10d6e6616c517129
2022-06-21,23.462583541870117,HEWJ,e1045c5b21ef49a76030e9697012f0ca7ca2ec3025857f9b10d6e6616c517129
2022-06-22,23.268936157226562,HEWJ,e1045c5b21ef49a76030e9697012f0ca7ca2ec3025857f9b10d6e6616c517129
2022-06-23,23.206466674804688,HEWJ,e1045c5b21ef49a76030e9697012f0ca7ca2ec3025857f9b10d6e6616c517129
2022-06-24,23.699954986572266,HEWJ,e1045c5b21ef49a76030e9697012f0ca7ca2ec3025857f9b10d6e6616c517129
2022-06-27,23.506305694580078,HEWJ,e1045c5b21ef49a76030e9697012f0ca7ca2ec3025857f9b10d6e6616c517129
2022-06-28,23.62499237060547,HEWJ,e1045c5b21ef49a76030e9697012f0ca7ca2ec3025857f9b10d6e6616c517129
2022-06-29,23.60000991821289,HEWJ,e1045c5b21ef49a76030e9697012f0ca7ca2ec3025857f9b10d6e6616c517129
2022-06-30,23.362634658813477,HEWJ,e1045c5b21ef49a76030e9697012f0ca7ca2ec3025857f9b10d6e6616c517129
2022-07-01,23.431346893310547,HEWJ,e1045c5b21ef49a76030e9697012f0ca7ca2ec3025857f9b10d6e6616c517129
2022-07-05,23.373342514038086,HEWJ,e1045c5b21ef49a76030e9697012f0ca7ca2ec3025857f9b10d6e6616c517129
2022-07-06,23.385950088500977,HEWJ,e1045c5b21ef49a76030e9697012f0ca7ca2ec3025857f9b10d6e6616c517129
2022-07-07,23.745346069335938,HEWJ,e1045c5b21ef49a76030e9697012f0ca7ca2ec3025857f9b10d6e6616c517129
2022-07-08,23.902973175048828,HEWJ,e1045c5b21ef49a76030e9697012f0ca7ca2ec3025857f9b10d6e6616c517129
2022-07-11,23.76426124572754,HEWJ,e1045c5b21ef49a76030e9697012f0ca7ca2ec3025857f9b10d6e6616c517129
2022-07-12,23.67598533630371,HEWJ,e1045c5b21ef49a76030e9697012f0ca7ca2ec3025857f9b10d6e6616c517129
2022-07-13,23.663379669189453,HEWJ,e1045c5b21ef49a76030e9697012f0ca7ca2ec3025857f9b10d6e6616c517129
2022-07-14,23.682294845581055,HEWJ,e1045c5b21ef49a76030e9697012f0ca7ca2ec3025857f9b10d6e6616c517129
2022-07-15,23.902973175048828,HEWJ,e1045c5b21ef49a76030e9697012f0ca7ca2ec3025857f9b10d6e6616c517129
2022-07-18,23.852537155151367,HEWJ,e1045c5b21ef49a76030e9697012f0ca7ca2ec3025857f9b10d6e6616c517129
2022-07-19,24.21823501586914,HEWJ,e1045c5b21ef49a76030e9697012f0ca7ca2ec3025857f9b10d6e6616c517129
2022-07-20,24.31281089782715,HEWJ,e1045c5b21ef49a76030e9697012f0ca7ca2ec3025857f9b10d6e6616c517129
2022-07-21,24.520885467529297,HEWJ,e1045c5b21ef49a76030e9697012f0ca7ca2ec3025857f9b10d6e6616c517129
2022-07-22,24.31281089782715,HEWJ,e1045c5b21ef49a76030e9697012f0ca7ca2ec3025857f9b10d6e6616c517129
2022-07-25,24.432615280151367,HEWJ,e1045c5b21ef49a76030e9697012f0ca7ca2ec3025857f9b10d6e6616c517129
2022-07-26,24.180402755737305,HEWJ,e1045c5b21ef49a76030e9697012f0ca7ca2ec3025857f9b10d6e6616c517129
2022-07-27,24.628074645996094,HEWJ,e1045c5b21ef49a76030e9697012f0ca7ca2ec3025857f9b10d6e6616c517129
2022-07-28,24.42630958557129,HEWJ,e1045c5b21ef49a76030e9697012f0ca7ca2ec3025857f9b10d6e6616c517129
2022-07-29,24.520885467529297,HEWJ,e1045c5b21ef49a76030e9697012f0ca7ca2ec3025857f9b10d6e6616c517129
2022-08-01,24.51457977294922,HEWJ,e1045c5b21ef49a76030e9697012f0ca7ca2ec3025857f9b10d6e6616c517129
2022-08-02,24.268678665161133,HEWJ,e1045c5b21ef49a76030e9697012f0ca7ca2ec3025857f9b10d6e6616c517129
2022-08-03,24.432615280151367,HEWJ,e1045c5b21ef49a76030e9697012f0ca7ca2ec3025857f9b10d6e6616c517129
2022-08-04,24.18671226501465,HEWJ,e1045c5b21ef49a76030e9697012f0ca7ca2ec3025857f9b10d6e6616c517129
2022-08-05,24.438919067382812,HEWJ,e1045c5b21ef49a76030e9697012f0ca7ca2ec3025857f9b10d6e6616c517129
2022-08-08,24.451526641845703,HEWJ,e1045c5b21ef49a76030e9697012f0ca7ca2ec3025857f9b10d6e6616c517129
2022-08-09,24.199323654174805,HEWJ,e1045c5b21ef49a76030e9697012f0ca7ca2ec3025857f9b10d6e6616c517129
2022-08-10,24.483055114746094,HEWJ,e1045c5b21ef49a76030e9697012f0ca7ca2ec3025857f9b10d6e6616c517129
2022-08-11,24.539796829223633,HEWJ,e1045c5b21ef49a76030e9697012f0ca7ca2ec3025857f9b10d6e6616c517129
2022-08-12,24.905500411987305,HEWJ,e1045c5b21ef49a76030e9697012f0ca7ca2ec3025857f9b10d6e6616c517129
2022-08-15,25.000080108642578,HEWJ,e1045c5b21ef49a76030e9697012f0ca7ca2ec3025857f9b10d6e6616c517129
2022-08-16,25.03160858154297,HEWJ,e1045c5b21ef49a76030e9697012f0ca7ca2ec3025857f9b10d6e6616c517129
2022-08-17,25.126184463500977,HEWJ,e1045c5b21ef49a76030e9697012f0ca7ca2ec3025857f9b10d6e6616c517129
2022-08-18,25.208147048950195,HEWJ,e1045c5b21ef49a76030e9697012f0ca7ca2ec3025857f9b10d6e6616c517129
2022-08-19,24.937026977539062,HEWJ,e1045c5b21ef49a76030e9697012f0ca7ca2ec3025857f9b10d6e6616c517129
2022-08-22,24.792007446289062,HEWJ,e1045c5b21ef49a76030e9697012f0ca7ca2ec3025857f9b10d6e6616c517129
2022-08-23,24.74787139892578,HEWJ,e1045c5b21ef49a76030e9697012f0ca7ca2ec3025857f9b10d6e6616c517129
2022-08-24,24.792007446289062,HEWJ,e1045c5b21ef49a76030e9697012f0ca7ca2ec3025857f9b10d6e6616c517129
2022-08-25,24.949634552001953,HEWJ,e1045c5b21ef49a76030e9697012f0ca7ca2ec3025857f9b10d6e6616c517129
2022-08-26,24.558713912963867,HEWJ,e1045c5b21ef49a76030e9697012f0ca7ca2ec3025857f9b10d6e6616c517129
2022-08-29,24.527191162109375,HEWJ,e1045c5b21ef49a76030e9697012f0ca7ca2ec3025857f9b10d6e6616c517129
2022-08-30,24.483055114746094,HEWJ,e1045c5b21ef49a76030e9697012f0ca7ca2ec3025857f9b10d6e6616c517129
2022-08-31,24.420007705688477,HEWJ,e1045c5b21ef49a76030e9697012f0ca7ca2ec3025857f9b10d6e6616c517129
2022-09-01,24.338029861450195,HEWJ,e1045c5b21ef49a76030e9697012f0ca7ca2ec3025857f9b10d6e6616c517129
2022-09-02,24.092130661010742,HEWJ,e1045c5b21ef49a76030e9697012f0ca7ca2ec3025857f9b10d6e6616c517129
2022-09-06,24.15518569946289,HEWJ,e1045c5b21ef49a76030e9697012f0ca7ca2ec3025857f9b10d6e6616c517129
2022-09-07,24.268678665161133,HEWJ,e1045c5b21ef49a76030e9697012f0ca7ca2ec3025857f9b10d6e6616c517129
2022-09-08,24.615461349487305,HEWJ,e1045c5b21ef49a76030e9697012f0ca7ca2ec3025857f9b10d6e6616c517129
2022-09-09,24.829835891723633,HEWJ,e1045c5b21ef49a76030e9697012f0ca7ca2ec3025857f9b10d6e6616c517129
2022-09-12,24.873977661132812,HEWJ,e1045c5b21ef49a76030e9697012f0ca7ca2ec3025857f9b10d6e6616c517129
2022-09-13,24.36325454711914,HEWJ,e1045c5b21ef49a76030e9697012f0ca7ca2ec3025857f9b10d6e6616c517129
2022-09-14,24.489362716674805,HEWJ,e1045c5b21ef49a76030e9697012f0ca7ca2ec3025857f9b10d6e6616c517129
2022-09-15,24.344337463378906,HEWJ,e1045c5b21ef49a76030e9697012f0ca7ca2ec3025857f9b10d6e6616c517129
2022-09-16,24.22454261779785,HEWJ,e1045c5b21ef49a76030e9697012f0ca7ca2ec3025857f9b10d6e6616c517129
2022-09-19,24.375864028930664,HEWJ,e1045c5b21ef49a76030e9697012f0ca7ca2ec3025857f9b10d6e6616c517129
2022-09-20,24.199323654174805,HEWJ,e1045c5b21ef49a76030e9697012f0ca7ca2ec3025857f9b10d6e6616c517129
2022-09-21,23.972333908081055,HEWJ,e1045c5b21ef49a76030e9697012f0ca7ca2ec3025857f9b10d6e6616c517129
2022-09-22,23.902973175048828,HEWJ,e1045c5b21ef49a76030e9697012f0ca7ca2ec3025857f9b10d6e6616c517129
2022-09-23,23.612937927246094,HEWJ,e1045c5b21ef49a76030e9697012f0ca7ca2ec3025857f9b10d6e6616c517129
2022-09-26,23.411170959472656,HEWJ,e1045c5b21ef49a76030e9697012f0ca7ca2ec3025857f9b10d6e6616c517129
2022-09-27,23.310287475585938,HEWJ,e1045c5b21ef49a76030e9697012f0ca7ca2ec3025857f9b10d6e6616c517129
2022-09-28,23.600326538085938,HEWJ,e1045c5b21ef49a76030e9697012f0ca7ca2ec3025857f9b10d6e6616c517129
2022-09-29,23.448997497558594,HEWJ,e1045c5b21ef49a76030e9697012f0ca7ca2ec3025857f9b10d6e6616c517129
2022-09-30,23.266155242919922,HEWJ,e1045c5b21ef49a76030e9697012f0ca7ca2ec3025857f9b10d6e6616c517129
2022-10-03,23.72643280029297,HEWJ,e1045c5b21ef49a76030e9697012f0ca7ca2ec3025857f9b10d6e6616c517129
2022-10-04,24.38216781616211,HEWJ,e1045c5b21ef49a76030e9697012f0ca7ca2ec3025857f9b10d6e6616c517129
2022-10-05,24.205625534057617,HEWJ,e1045c5b21ef49a76030e9697012f0ca7ca2ec3025857f9b10d6e6616c517129
2022-10-06,24.060604095458984,HEWJ,e1045c5b21ef49a76030e9697012f0ca7ca2ec3025857f9b10d6e6616c517129
2022-10-07,23.87775230407715,HEWJ,e1045c5b21ef49a76030e9697012f0ca7ca2ec3025857f9b10d6e6616c517129
2022-10-10,23.827316284179688,HEWJ,e1045c5b21ef49a76030e9697012f0ca7ca2ec3025857f9b10d6e6616c517129
2022-10-11,23.612937927246094,HEWJ,e1045c5b21ef49a76030e9697012f0ca7ca2ec3025857f9b10d6e6616c517129
2022-10-12,23.62554931640625,HEWJ,e1045c5b21ef49a76030e9697012f0ca7ca2ec3025857f9b10d6e6616c517129
2022-10-13,23.902973175048828,HEWJ,e1045c5b21ef49a76030e9697012f0ca7ca2ec3025857f9b10d6e6616c517129
2022-10-14,23.75165367126465,HEWJ,e1045c5b21ef49a76030e9697012f0ca7ca2ec3025857f9b10d6e6616c517129
2022-10-17,24.07321548461914,HEWJ,e1045c5b21ef49a76030e9697012f0ca7ca2ec3025857f9b10d6e6616c517129
2022-10-18,23.98494529724121,HEWJ,e1045c5b21ef49a76030e9697012f0ca7ca2ec3025857f9b10d6e6616c517129
2022-10-19,23.959720611572266,HEWJ,e1045c5b21ef49a76030e9697012f0ca7ca2ec3025857f9b10d6e6616c517129
2022-10-20,23.991247177124023,HEWJ,e1045c5b21ef49a76030e9697012f0ca7ca2ec3025857f9b10d6e6616c517129
2022-10-21,24.02907943725586,HEWJ,e1045c5b21ef49a76030e9697012f0ca7ca2ec3025857f9b10d6e6616c517129
2022-10-24,24.079517364501953,HEWJ,e1045c5b21ef49a76030e9697012f0ca7ca2ec3025857f9b10d6e6616c517129
2022-10-25,24.451526641845703,HEWJ,e1045c5b21ef49a76030e9697012f0ca7ca2ec3025857f9b10d6e6616c517129
2022-10-26,24.319116592407227,HEWJ,e1045c5b21ef49a76030e9697012f0ca7ca2ec3025857f9b10d6e6616c517129
2022-10-27,24.035383224487305,HEWJ,e1045c5b21ef49a76030e9697012f0ca7ca2ec3025857f9b10d6e6616c517129
2022-10-28,24.47044563293457,HEWJ,e1045c5b21ef49a76030e9697012f0ca7ca2ec3025857f9b10d6e6616c517129
2022-10-31,24.508272171020508,HEWJ,e1045c5b21ef49a76030e9697012f0ca7ca2ec3025857f9b10d6e6616c517129
2022-11-01,24.628074645996094,HEWJ,e1045c5b21ef49a76030e9697012f0ca7ca2ec3025857f9b10d6e6616c517129
2022-11-02,24.388477325439453,HEWJ,e1045c5b21ef49a76030e9697012f0ca7ca2ec3025857f9b10d6e6616c517129
2022-11-03,24.407392501831055,HEWJ,e1045c5b21ef49a76030e9697012f0ca7ca2ec3025857f9b10d6e6616c517129
2022-11-04,24.659595489501953,HEWJ,e1045c5b21ef49a76030e9697012f0ca7ca2ec3025857f9b10d6e6616c517129
2022-11-07,24.754179000854492,HEWJ,e1045c5b21ef49a76030e9697012f0ca7ca2ec3025857f9b10d6e6616c517129
2022-11-08,24.95594024658203,HEWJ,e1045c5b21ef49a76030e9697012f0ca7ca2ec3025857f9b10d6e6616c517129
2022-11-09,24.665903091430664,HEWJ,e1045c5b21ef49a76030e9697012f0ca7ca2ec3025857f9b10d6e6616c517129
2022-11-10,25.170316696166992,HEWJ,e1045c5b21ef49a76030e9697012f0ca7ca2ec3025857f9b10d6e6616c517129
2022-11-11,25.21445655822754,HEWJ,e1045c5b21ef49a76030e9697012f0ca7ca2ec3025857f9b10d6e6616c517129
2022-11-14,25.050518035888672,HEWJ,e1045c5b21ef49a76030e9697012f0ca7ca2ec3025857f9b10d6e6616c517129
2022-11-15,25.138797760009766,HEWJ,e1045c5b21ef49a76030e9697012f0ca7ca2ec3025857f9b10d6e6616c517129
2022-11-16,25.11357307434082,HEWJ,e1045c5b21ef49a76030e9697012f0ca7ca2ec3025857f9b10d6e6616c517129
2022-11-17,25.18292999267578,HEWJ,e1045c5b21ef49a76030e9697012f0ca7ca2ec3025857f9b10d6e6616c517129
2022-11-18,25.208147048950195,HEWJ,e1045c5b21ef49a76030e9697012f0ca7ca2ec3025857f9b10d6e6616c517129
2022-11-21,25.32794761657715,HEWJ,e1045c5b21ef49a76030e9697012f0ca7ca2ec3025857f9b10d6e6616c517129
2022-11-22,25.71255874633789,HEWJ,e1045c5b21ef49a76030e9697012f0ca7ca2ec3025857f9b10d6e6616c517129
2022-11-23,25.718870162963867,HEWJ,e1045c5b21ef49a76030e9697012f0ca7ca2ec3025857f9b10d6e6616c517129
2022-11-25,25.83236312866211,HEWJ,e1045c5b21ef49a76030e9697012f0ca7ca2ec3025857f9b10d6e6616c517129
2022-11-28,25.586462020874023,HEWJ,e1045c5b21ef49a76030e9697012f0ca7ca2ec3025857f9b10d6e6616c517129
2022-11-29,25.39730453491211,HEWJ,e1045c5b21ef49a76030e9697012f0ca7ca2ec3025857f9b10d6e6616c517129
2022-11-30,25.561243057250977,HEWJ,e1045c5b21ef49a76030e9697012f0ca7ca2ec3025857f9b10d6e6616c517129
2022-12-01,25.21445655822754,HEWJ,e1045c5b21ef49a76030e9697012f0ca7ca2ec3025857f9b10d6e6616c517129
2022-12-02,24.873428344726562,HEWJ,e1045c5b21ef49a76030e9697012f0ca7ca2ec3025857f9b10d6e6616c517129
2022-12-05,24.774188995361328,HEWJ,e1045c5b21ef49a76030e9697012f0ca7ca2ec3025857f9b10d6e6616c517129
2022-12-06,24.729076385498047,HEWJ,e1045c5b21ef49a76030e9697012f0ca7ca2ec3025857f9b10d6e6616c517129
2022-12-07,24.692989349365234,HEWJ,e1045c5b21ef49a76030e9697012f0ca7ca2ec3025857f9b10d6e6616c517129
2022-12-08,24.90049171447754,HEWJ,e1045c5b21ef49a76030e9697012f0ca7ca2ec3025857f9b10d6e6616c517129
2022-12-09,24.99071502685547,HEWJ,e1045c5b21ef49a76030e9697012f0ca7ca2ec3025857f9b10d6e6616c517129
2022-12-12,25.20724105834961,HEWJ,e1045c5b21ef49a76030e9697012f0ca7ca2ec3025857f9b10d6e6616c517129
2022-12-13,25.162126541137695,HEWJ,e1045c5b21ef49a76030e9697012f0ca7ca2ec3025857f9b10d6e6616c517129
2022-12-14,25.05386734008789,HEWJ,e1045c5b21ef49a76030e9697012f0ca7ca2ec3025857f9b10d6e6616c517129
2022-12-15,24.918537139892578,HEWJ,e1045c5b21ef49a76030e9697012f0ca7ca2ec3025857f9b10d6e6616c517129
2022-12-16,24.729076385498047,HEWJ,e1045c5b21ef49a76030e9697012f0ca7ca2ec3025857f9b10d6e6616c517129
2022-12-19,24.674942016601562,HEWJ,e1045c5b21ef49a76030e9697012f0ca7ca2ec3025857f9b10d6e6616c517129
2022-12-20,24.00732421875,HEWJ,e1045c5b21ef49a76030e9697012f0ca7ca2ec3025857f9b10d6e6616c517129
2022-12-21,24.061452865600586,HEWJ,e1045c5b21ef49a76030e9697012f0ca7ca2ec3025857f9b10d6e6616c517129
2022-12-22,24.034387588500977,HEWJ,e1045c5b21ef49a76030e9697012f0ca7ca2ec3025857f9b10d6e6616c517129
2022-12-23,24.134838104248047,HEWJ,e1045c5b21ef49a76030e9697012f0ca7ca2ec3025857f9b10d6e6616c517129
2022-12-27,24.134838104248047,HEWJ,e1045c5b21ef49a76030e9697012f0ca7ca2ec3025857f9b10d6e6616c517129
2022-12-28,24.062442779541016,HEWJ,e1045c5b21ef49a76030e9697012f0ca7ca2ec3025857f9b10d6e6616c517129
2022-12-29,24.243432998657227,HEWJ,e1045c5b21ef49a76030e9697012f0ca7ca2ec3025857f9b10d6e6616c517129
2022-12-30,23.673316955566406,HEWJ,e1045c5b21ef49a76030e9697012f0ca7ca2ec3025857f9b10d6e6616c517129
2023-01-03,23.736661911010742,HEWJ,e1045c5b21ef49a76030e9697012f0ca7ca2ec3025857f9b10d6e6616c517129
2023-01-04,23.827157974243164,HEWJ,e1045c5b21ef49a76030e9697012f0ca7ca2ec3025857f9b10d6e6616c517129
2023-01-05,23.637121200561523,HEWJ,e1045c5b21ef49a76030e9697012f0ca7ca2ec3025857f9b10d6e6616c517129
2023-01-06,23.999099731445312,HEWJ,e1045c5b21ef49a76030e9697012f0ca7ca2ec3025857f9b10d6e6616c517129
2023-01-09,23.999099731445312,HEWJ,e1045c5b21ef49a76030e9697012f0ca7ca2ec3025857f9b10d6e6616c517129
2023-01-10,24.026247024536133,HEWJ,e1045c5b21ef49a76030e9697012f0ca7ca2ec3025857f9b10d6e6616c517129
2023-01-11,24.270578384399414,HEWJ,e1045c5b21ef49a76030e9697012f0ca7ca2ec3025857f9b10d6e6616c517129
2023-01-12,24.234384536743164,HEWJ,e1045c5b21ef49a76030e9697012f0ca7ca2ec3025857f9b10d6e6616c517129
2023-01-13,24.09864044189453,HEWJ,e1045c5b21ef49a76030e9697012f0ca7ca2ec3025857f9b10d6e6616c517129
2023-01-17,24.40631866455078,HEWJ,e1045c5b21ef49a76030e9697012f0ca7ca2ec3025857f9b10d6e6616c517129
2023-01-18,24.496814727783203,HEWJ,e1045c5b21ef49a76030e9697012f0ca7ca2ec3025857f9b10d6e6616c517129
2023-01-19,24.41537094116211,HEWJ,e1045c5b21ef49a76030e9697012f0ca7ca2ec3025857f9b10d6e6616c517129
2023-01-20,24.913089752197266,HEWJ,e1045c5b21ef49a76030e9697012f0ca7ca2ec3025857f9b10d6e6616c517129
2023-01-23,25.0488338470459,HEWJ,e1045c5b21ef49a76030e9697012f0ca7ca2ec3025857f9b10d6e6616c517129
2023-01-24,25.121227264404297,HEWJ,e1045c5b21ef49a76030e9697012f0ca7ca2ec3025857f9b10d6e6616c517129
2023-01-25,25.329362869262695,HEWJ,e1045c5b21ef49a76030e9697012f0ca7ca2ec3025857f9b10d6e6616c517129
2023-01-26,25.419858932495117,HEWJ,e1045c5b21ef49a76030e9697012f0ca7ca2ec3025857f9b10d6e6616c517129
2023-01-27,25.437957763671875,HEWJ,e1045c5b21ef49a76030e9697012f0ca7ca2ec3025857f9b10d6e6616c517129
2023-01-30,25.383657455444336,HEWJ,e1045c5b21ef49a76030e9697012f0ca7ca2ec3025857f9b10d6e6616c517129
2023-01-31,25.41080665588379,HEWJ,e1045c5b21ef49a76030e9697012f0ca7ca2ec3025857f9b10d6e6616c517129
2023-02-01,25.238866806030273,HEWJ,e1045c5b21ef49a76030e9697012f0ca7ca2ec3025857f9b10d6e6616c517129
2023-02-02,25.193620681762695,HEWJ,e1045c5b21ef49a76030e9697012f0ca7ca2ec3025857f9b10d6e6616c517129
2023-02-03,25.374608993530273,HEWJ,e1045c5b21ef49a76030e9697012f0ca7ca2ec3025857f9b10d6e6616c517129
2023-02-06,25.419858932495117,HEWJ,e1045c5b21ef49a76030e9697012f0ca7ca2ec3025857f9b10d6e6616c517129
2023-02-07,25.510356903076172,HEWJ,e1045c5b21ef49a76030e9697012f0ca7ca2ec3025857f9b10d6e6616c517129
2023-02-08,25.29316520690918,HEWJ,e1045c5b21ef49a76030e9697012f0ca7ca2ec3025857f9b10d6e6616c517129
2023-02-09,25.365564346313477,HEWJ,e1045c5b21ef49a76030e9697012f0ca7ca2ec3025857f9b10d6e6616c517129
2023-02-10,25.465105056762695,HEWJ,e1045c5b21ef49a76030e9697012f0ca7ca2ec3025857f9b10d6e6616c517129
2023-02-13,25.609893798828125,HEWJ,e1045c5b21ef49a76030e9697012f0ca7ca2ec3025857f9b10d6e6616c517129
2023-02-14,25.627994537353516,HEWJ,e1045c5b21ef49a76030e9697012f0ca7ca2ec3025857f9b10d6e6616c517129
2023-02-15,25.591796875,HEWJ,e1045c5b21ef49a76030e9697012f0ca7ca2ec3025857f9b10d6e6616c517129
2023-02-16,25.483203887939453,HEWJ,e1045c5b21ef49a76030e9697012f0ca7ca2ec3025857f9b10d6e6616c517129
2023-02-17,25.555599212646484,HEWJ,e1045c5b21ef49a76030e9697012f0ca7ca2ec3025857f9b10d6e6616c517129
2023-02-21,25.383657455444336,HEWJ,e1045c5b21ef49a76030e9697012f0ca7ca2ec3025857f9b10d6e6616c517129
2023-02-22,25.193620681762695,HEWJ,e1045c5b21ef49a76030e9697012f0ca7ca2ec3025857f9b10d6e6616c517129
2023-02-23,25.383657455444336,HEWJ,e1045c5b21ef49a76030e9697012f0ca7ca2ec3025857f9b10d6e6616c517129
2023-02-24,25.365564346313477,HEWJ,e1045c5b21ef49a76030e9697012f0ca7ca2ec3025857f9b10d6e6616c517129
2023-02-27,25.555599212646484,HEWJ,e1045c5b21ef49a76030e9697012f0ca7ca2ec3025857f9b10d6e6616c517129
2023-02-28,25.447004318237305,HEWJ,e1045c5b21ef49a76030e9697012f0ca7ca2ec3025857f9b10d6e6616c517129
2023-03-01,25.492252349853516,HEWJ,e1045c5b21ef49a76030e9697012f0ca7ca2ec3025857f9b10d6e6616c517129
2023-03-02,25.61894416809082,HEWJ,e1045c5b21ef49a76030e9697012f0ca7ca2ec3025857f9b10d6e6616c517129
2023-03-03,26.071414947509766,HEWJ,e1045c5b21ef49a76030e9697012f0ca7ca2ec3025857f9b10d6e6616c517129
2023-03-06,26.08046531677246,HEWJ,e1045c5b21ef49a76030e9697012f0ca7ca2ec3025857f9b10d6e6616c517129
2023-03-07,26.09856605529785,HEWJ,e1045c5b21ef49a76030e9697012f0ca7ca2ec3025857f9b10d6e6616c517129
2023-03-08,26.424345016479492,HEWJ,e1045c5b21ef49a76030e9697012f0ca7ca2ec3025857f9b10d6e6616c517129
2023-03-09,26.189062118530273,HEWJ,e1045c5b21ef49a76030e9697012f0ca7ca2ec3025857f9b10d6e6616c517129
2023-03-10,25.609893798828125,HEWJ,e1045c5b21ef49a76030e9697012f0ca7ca2ec3025857f9b10d6e6616c517129
2023-03-13,25.08502960205078,HEWJ,e1045c5b21ef49a76030e9697012f0ca7ca2ec3025857f9b10d6e6616c517129
2023-03-14,25.175519943237305,HEWJ,e1045c5b21ef49a76030e9697012f0ca7ca2ec3025857f9b10d6e6616c517129
2023-03-15,24.51491355895996,HEWJ,e1045c5b21ef49a76030e9697012f0ca7ca2ec3025857f9b10d6e6616c517129
2023-03-16,25.0488338470459,HEWJ,e1045c5b21ef49a76030e9697012f0ca7ca2ec3025857f9b10d6e6616c517129
2023-03-17,24.62350845336914,HEWJ,e1045c5b21ef49a76030e9697012f0ca7ca2ec3025857f9b10d6e6616c517129
2023-03-20,24.87689208984375,HEWJ,e1045c5b21ef49a76030e9697012f0ca7ca2ec3025857f9b10d6e6616c517129
2023-03-21,25.22981834411621,HEWJ,e1045c5b21ef49a76030e9697012f0ca7ca2ec3025857f9b10d6e6616c517129
2023-03-22,24.92214012145996,HEWJ,e1045c5b21ef49a76030e9697012f0ca7ca2ec3025857f9b10d6e6616c517129
2023-03-23,24.904041290283203,HEWJ,e1045c5b21ef49a76030e9697012f0ca7ca2ec3025857f9b10d6e6616c517129
2023-03-24,25.02168083190918,HEWJ,e1045c5b21ef49a76030e9697012f0ca7ca2ec3025857f9b10d6e6616c517129
2023-03-27,25.311264038085938,HEWJ,e1045c5b21ef49a76030e9697012f0ca7ca2ec3025857f9b10d6e6616c517129
2023-03-28,25.220767974853516,HEWJ,e1045c5b21ef49a76030e9697012f0ca7ca2ec3025857f9b10d6e6616c517129
2023-03-29,25.700389862060547,HEWJ,e1045c5b21ef49a76030e9697012f0ca7ca2ec3025857f9b10d6e6616c517129
2023-03-30,25.781835556030273,HEWJ,e1045c5b21ef49a76030e9697012f0ca7ca2ec3025857f9b10d6e6616c517129
2023-03-31,26.134763717651367,HEWJ,e1045c5b21ef49a76030e9697012f0ca7ca2ec3025857f9b10d6e6616c517129
2023-04-03,26.24335479736328,HEWJ,e1045c5b21ef49a76030e9697012f0ca7ca2ec3025857f9b10d6e6616c517129
2023-04-04,26.053319931030273,HEWJ,e1045c5b21ef49a76030e9697012f0ca7ca2ec3025857f9b10d6e6616c517129
2023-04-05,25.609893798828125,HEWJ,e1045c5b21ef49a76030e9697012f0ca7ca2ec3025857f9b10d6e6616c517129
2023-04-06,25.582746505737305,HEWJ,e1045c5b21ef49a76030e9697012f0ca7ca2ec3025857f9b10d6e6616c517129
2023-04-10,25.881378173828125,HEWJ,e1045c5b21ef49a76030e9697012f0ca7ca2ec3025857f9b10d6e6616c517129
2023-04-11,25.999021530151367,HEWJ,e1045c5b21ef49a76030e9697012f0ca7ca2ec3025857f9b10d6e6616c517129
2023-04-12,26.00806999206543,HEWJ,e1045c5b21ef49a76030e9697012f0ca7ca2ec3025857f9b10d6e6616c517129
2023-04-13,26.288604736328125,HEWJ,e1045c5b21ef49a76030e9697012f0ca7ca2ec3025857f9b10d6e6616c517129
2023-04-14,26.30670166015625,HEWJ,e1045c5b21ef49a76030e9697012f0ca7ca2ec3025857f9b10d6e6616c517129
2023-04-17,26.523887634277344,HEWJ,e1045c5b21ef49a76030e9697012f0ca7ca2ec3025857f9b10d6e6616c517129
2023-04-18,26.60533332824707,HEWJ,e1045c5b21ef49a76030e9697012f0ca7ca2ec3025857f9b10d6e6616c517129
2023-04-19,26.532941818237305,HEWJ,e1045c5b21ef49a76030e9697012f0ca7ca2ec3025857f9b10d6e6616c517129
2023-04-20,26.532941818237305,HEWJ,e1045c5b21ef49a76030e9697012f0ca7ca2ec3025857f9b10d6e6616c517129
2023-04-21,26.632482528686523,HEWJ,e1045c5b21ef49a76030e9697012f0ca7ca2ec3025857f9b10d6e6616c517129
2023-04-24,26.668678283691406,HEWJ,e1045c5b21ef49a76030e9697012f0ca7ca2ec3025857f9b10d6e6616c517129
2023-04-25,26.351951599121094,HEWJ,e1045c5b21ef49a76030e9697012f0ca7ca2ec3025857f9b10d6e6616c517129
2023-04-26,26.288604736328125,HEWJ,e1045c5b21ef49a76030e9697012f0ca7ca2ec3025857f9b10d6e6616c517129
2023-04-27,26.777273178100586,HEWJ,e1045c5b21ef49a76030e9697012f0ca7ca2ec3025857f9b10d6e6616c517129
2023-04-28,27.01255989074707,HEWJ,e1045c5b21ef49a76030e9697012f0ca7ca2ec3025857f9b10d6e6616c517129
2023-05-01,27.202592849731445,HEWJ,e1045c5b21ef49a76030e9697012f0ca7ca2ec3025857f9b10d6e6616c517129
2023-05-02,26.82251739501953,HEWJ,e1045c5b21ef49a76030e9697012f0ca7ca2ec3025857f9b10d6e6616c517129
2023-05-03,26.686779022216797,HEWJ,e1045c5b21ef49a76030e9697012f0ca7ca2ec3025857f9b10d6e6616c517129
2023-05-04,26.578184127807617,HEWJ,e1045c5b21ef49a76030e9697012f0ca7ca2ec3025857f9b10d6e6616c517129
2023-05-05,27.084951400756836,HEWJ,e1045c5b21ef49a76030e9697012f0ca7ca2ec3025857f9b10d6e6616c517129
2023-05-08,27.066852569580078,HEWJ,e1045c5b21ef49a76030e9697012f0ca7ca2ec3025857f9b10d6e6616c517129
2023-05-09,27.38358497619629,HEWJ,e1045c5b21ef49a76030e9697012f0ca7ca2ec3025857f9b10d6e6616c517129
2023-05-10,27.05780601501465,HEWJ,e1045c5b21ef49a76030e9697012f0ca7ca2ec3025857f9b10d6e6616c517129
2023-05-11,27.202592849731445,HEWJ,e1045c5b21ef49a76030e9697012f0ca7ca2ec3025857f9b10d6e6616c517129
2023-05-12,27.564571380615234,HEWJ,e1045c5b21ef49a76030e9697012f0ca7ca2ec3025857f9b10d6e6616c517129
2023-05-15,27.817960739135742,HEWJ,e1045c5b21ef49a76030e9697012f0ca7ca2ec3025857f9b10d6e6616c517129
2023-05-16,27.808908462524414,HEWJ,e1045c5b21ef49a76030e9697012f0ca7ca2ec3025857f9b10d6e6616c517129
2023-05-17,28.261375427246094,HEWJ,e1045c5b21ef49a76030e9697012f0ca7ca2ec3025857f9b10d6e6616c517129
2023-05-18,28.469514846801758,HEWJ,e1045c5b21ef49a76030e9697012f0ca7ca2ec3025857f9b10d6e6616c517129
2023-05-19,28.39712142944336,HEWJ,e1045c5b21ef49a76030e9697012f0ca7ca2ec3025857f9b10d6e6616c517129
2023-05-22,28.641456604003906,HEWJ,e1045c5b21ef49a76030e9697012f0ca7ca2ec3025857f9b10d6e6616c517129
2023-05-23,28.21613311767578,HEWJ,e1045c5b21ef49a76030e9697012f0ca7ca2ec3025857f9b10d6e6616c517129
2023-05-24,28.09848976135254,HEWJ,e1045c5b21ef49a76030e9697012f0ca7ca2ec3025857f9b10d6e6616c517129
2023-05-25,28.40616798400879,HEWJ,e1045c5b21ef49a76030e9697012f0ca7ca2ec3025857f9b10d6e6616c517129
2023-05-26,28.578109741210938,HEWJ,e1045c5b21ef49a76030e9697012f0ca7ca2ec3025857f9b10d6e6616c517129
2023-05-30,28.252330780029297,HEWJ,e1045c5b21ef49a76030e9697012f0ca7ca2ec3025857f9b10d6e6616c517129
2023-05-31,27.953697204589844,HEWJ,e1045c5b21ef49a76030e9697012f0ca7ca2ec3025857f9b10d6e6616c517129
2023-06-01,28.541912078857422,HEWJ,e1045c5b21ef49a76030e9697012f0ca7ca2ec3025857f9b10d6e6616c517129
2023-06-02,29.329212188720703,HEWJ,e1045c5b21ef49a76030e9697012f0ca7ca2ec3025857f9b10d6e6616c517129
2023-06-05,29.15727424621582,HEWJ,e1045c5b21ef49a76030e9697012f0ca7ca2ec3025857f9b10d6e6616c517129
2023-06-06,29.781688690185547,HEWJ,e1045c5b21ef49a76030e9697012f0ca7ca2ec3025857f9b10d6e6616c517129
2023-06-07,29.139177322387695,HEWJ,e1045c5b21ef49a76030e9697012f0ca7ca2ec3025857f9b10d6e6616c517129
2023-06-08,29.130123138427734,HEWJ,e1045c5b21ef49a76030e9697012f0ca7ca2ec3025857f9b10d6e6616c517129
2023-06-09,29.591650009155273,HEWJ,e1045c5b21ef49a76030e9697012f0ca7ca2ec3025857f9b10d6e6616c517129
2023-06-12,29.799779891967773,HEWJ,e1045c5b21ef49a76030e9697012f0ca7ca2ec3025857f9b10d6e6616c517129
2023-06-13,30.342742919921875,HEWJ,e1045c5b21ef49a76030e9697012f0ca7ca2ec3025857f9b10d6e6616c517129
2023-06-14,30.44229507446289,HEWJ,e1045c5b21ef49a76030e9697012f0ca7ca2ec3025857f9b10d6e6616c517129
2023-06-15,30.469440460205078,HEWJ,e1045c5b21ef49a76030e9697012f0ca7ca2ec3025857f9b10d6e6616c517129
2023-06-16,30.514690399169922,HEWJ,e1045c5b21ef49a76030e9697012f0ca7ca2ec3025857f9b10d6e6616c517129
2023-06-20,30.026018142700195,HEWJ,e1045c5b21ef49a76030e9697012f0ca7ca2ec3025857f9b10d6e6616c517129
2023-06-21,30.433246612548828,HEWJ,e1045c5b21ef49a76030e9697012f0ca7ca2ec3025857f9b10d6e6616c517129
2023-06-22,30.496591567993164,HEWJ,e1045c5b21ef49a76030e9697012f0ca7ca2ec3025857f9b10d6e6616c517129
2023-06-23,29.881223678588867,HEWJ,e1045c5b21ef49a76030e9697012f0ca7ca2ec3025857f9b10d6e6616c517129
2023-06-26,29.82693099975586,HEWJ,e1045c5b21ef49a76030e9697012f0ca7ca2ec3025857f9b10d6e6616c517129
2023-06-27,30.035070419311523,HEWJ,e1045c5b21ef49a76030e9697012f0ca7ca2ec3025857f9b10d6e6616c517129
2023-06-28,30.433246612548828,HEWJ,e1045c5b21ef49a76030e9697012f0ca7ca2ec3025857f9b10d6e6616c517129
2023-06-29,30.369897842407227,HEWJ,e1045c5b21ef49a76030e9697012f0ca7ca2ec3025857f9b10d6e6616c517129
2023-06-30,30.45134735107422,HEWJ,e1045c5b21ef49a76030e9697012f0ca7ca2ec3025857f9b10d6e6616c517129
2023-07-03,30.760770797729492,HEWJ,e1045c5b21ef49a76030e9697012f0ca7ca2ec3025857f9b10d6e6616c517129
2023-07-05,30.38763427734375,HEWJ,e1045c5b21ef49a76030e9697012f0ca7ca2ec3025857f9b10d6e6616c517129
2023-07-06,29.877986907958984,HEWJ,e1045c5b21ef49a76030e9697012f0ca7ca2ec3025857f9b10d6e6616c517129
2023-07-07,29.877986907958984,HEWJ,e1045c5b21ef49a76030e9697012f0ca7ca2ec3025857f9b10d6e6616c517129
2023-07-10,29.66867446899414,HEWJ,e1045c5b21ef49a76030e9697012f0ca7ca2ec3025857f9b10d6e6616c517129
2023-07-11,29.604963302612305,HEWJ,e1045c5b21ef49a76030e9697012f0ca7ca2ec3025857f9b10d6e6616c517129
2023-07-12,29.386547088623047,HEWJ,e1045c5b21ef49a76030e9697012f0ca7ca2ec3025857f9b10d6e6616c517129
2023-07-13,29.786985397338867,HEWJ,e1045c5b21ef49a76030e9697012f0ca7ca2ec3025857f9b10d6e6616c517129
2023-07-14,29.6231689453125,HEWJ,e1045c5b21ef49a76030e9697012f0ca7ca2ec3025857f9b10d6e6616c517129
2023-07-17,29.56856346130371,HEWJ,e1045c5b21ef49a76030e9697012f0ca7ca2ec3025857f9b10d6e6616c517129
2023-07-18,30.0509033203125,HEWJ,e1045c5b21ef49a76030e9697012f0ca7ca2ec3025857f9b10d6e6616c517129
2023-07-19,30.251127243041992,HEWJ,e1045c5b21ef49a76030e9697012f0ca7ca2ec3025857f9b10d6e6616c517129
2023-07-20,29.896190643310547,HEWJ,e1045c5b21ef49a76030e9697012f0ca7ca2ec3025857f9b10d6e6616c517129
2023-07-21,30.278425216674805,HEWJ,e1045c5b21ef49a76030e9697012f0ca7ca2ec3025857f9b10d6e6616c517129
2023-07-24,30.251127243041992,HEWJ,e1045c5b21ef49a76030e9697012f0ca7ca2ec3025857f9b10d6e6616c517129
2023-07-25,30.187414169311523,HEWJ,e1045c5b21ef49a76030e9697012f0ca7ca2ec3025857f9b10d6e6616c517129
2023-07-26,30.160118103027344,HEWJ,e1045c5b21ef49a76030e9697012f0ca7ca2ec3025857f9b10d6e6616c517129
2023-07-27,30.132814407348633,HEWJ,e1045c5b21ef49a76030e9697012f0ca7ca2ec3025857f9b10d6e6616c517129
2023-07-28,30.760770797729492,HEWJ,e1045c5b21ef49a76030e9697012f0ca7ca2ec3025857f9b10d6e6616c517129
2023-07-31,30.95188331604004,HEWJ,e1045c5b21ef49a76030e9697012f0ca7ca2ec3025857f9b10d6e6616c517129
2023-08-01,30.81537437438965,HEWJ,e1045c5b21ef49a76030e9697012f0ca7ca2ec3025857f9b10d6e6616c517129
2023-08-02,30.232921600341797,HEWJ,e1045c5b21ef49a76030e9697012f0ca7ca2ec3025857f9b10d6e6616c517129
2023-08-03,29.932594299316406,HEWJ,e1045c5b21ef49a76030e9697012f0ca7ca2ec3025857f9b10d6e6616c517129
2023-08-04,30.078208923339844,HEWJ,e1045c5b21ef49a76030e9697012f0ca7ca2ec3025857f9b10d6e6616c517129
2023-08-07,30.46954345703125,HEWJ,e1045c5b21ef49a76030e9697012f0ca7ca2ec3025857f9b10d6e6616c517129
2023-08-08,30.38763427734375,HEWJ,e1045c5b21ef49a76030e9697012f0ca7ca2ec3025857f9b10d6e6616c517129
2023-08-09,30.214719772338867,HEWJ,e1045c5b21ef49a76030e9697012f0ca7ca2ec3025857f9b10d6e6616c517129
2023-08-10,30.578754425048828,HEWJ,e1045c5b21ef49a76030e9697012f0ca7ca2ec3025857f9b10d6e6616c517129
2023-08-11,30.5605525970459,HEWJ,e1045c5b21ef49a76030e9697012f0ca7ca2ec3025857f9b10d6e6616c517129
2023-08-14,30.38763427734375,HEWJ,e1045c5b21ef49a76030e9697012f0ca7ca2ec3025857f9b10d6e6616c517129
2023-08-15,30.105512619018555,HEWJ,e1045c5b21ef49a76030e9697012f0ca7ca2ec3025857f9b10d6e6616c517129
2023-08-16,29.8870906829834,HEWJ,e1045c5b21ef49a76030e9697012f0ca7ca2ec3025857f9b10d6e6616c517129
2023-08-17,29.67777442932129,HEWJ,e1045c5b21ef49a76030e9697012f0ca7ca2ec3025857f9b10d6e6616c517129
2023-08-18,29.67777442932129,HEWJ,e1045c5b21ef49a76030e9697012f0ca7ca2ec3025857f9b10d6e6616c517129
2023-08-21,29.8870906829834,HEWJ,e1045c5b21ef49a76030e9697012f0ca7ca2ec3025857f9b10d6e6616c517129
2023-08-22,29.94169807434082,HEWJ,e1045c5b21ef49a76030e9697012f0ca7ca2ec3025857f9b10d6e6616c517129
2023-08-23,30.14191246032715,HEWJ,e1045c5b21ef49a76030e9697012f0ca7ca2ec3025857f9b10d6e6616c517129
2023-08-24,29.95079803466797,HEWJ,e1045c5b21ef49a76030e9697012f0ca7ca2ec3025857f9b10d6e6616c517129
2023-08-25,30.187414169311523,HEWJ,e1045c5b21ef49a76030e9697012f0ca7ca2ec3025857f9b10d6e6616c517129
2023-08-28,30.596954345703125,HEWJ,e1045c5b21ef49a76030e9697012f0ca7ca2ec3025857f9b10d6e6616c517129
2023-08-29,30.651559829711914,HEWJ,e1045c5b21ef49a76030e9697012f0ca7ca2ec3025857f9b10d6e6616c517129
2023-08-30,30.71526336669922,HEWJ,e1045c5b21ef49a76030e9697012f0ca7ca2ec3025857f9b10d6e6616c517129
2023-08-31,30.869977951049805,HEWJ,e1045c5b21ef49a76030e9697012f0ca7ca2ec3025857f9b10d6e6616c517129
2023-09-01,31.224912643432617,HEWJ,e1045c5b21ef49a76030e9697012f0ca7ca2ec3025857f9b10d6e6616c517129
2023-09-05,31.57074546813965,HEWJ,e1045c5b21ef49a76030e9697012f0ca7ca2ec3025857f9b10d6e6616c517129
2023-09-06,31.643550872802734,HEWJ,e1045c5b21ef49a76030e9697012f0ca7ca2ec3025857f9b10d6e6616c517129
2023-09-07,31.5616455078125,HEWJ,e1045c5b21ef49a76030e9697012f0ca7ca2ec3025857f9b10d6e6616c517129
2023-09-08,31.40692901611328,HEWJ,e1045c5b21ef49a76030e9697012f0ca7ca2ec3025857f9b10d6e6616c517129
2023-09-11,31.47063446044922,HEWJ,e1045c5b21ef49a76030e9697012f0ca7ca2ec3025857f9b10d6e6616c517129
2023-09-12,31.60714340209961,HEWJ,e1045c5b21ef49a76030e9697012f0ca7ca2ec3025857f9b10d6e6616c517129
2023-09-13,31.67085075378418,HEWJ,e1045c5b21ef49a76030e9697012f0ca7ca2ec3025857f9b10d6e6616c517129
2023-09-14,32.18960189819336,HEWJ,e1045c5b21ef49a76030e9697012f0ca7ca2ec3025857f9b10d6e6616c517129
2023-09-15,32.10768508911133,HEWJ,e1045c5b21ef49a76030e9697012f0ca7ca2ec3025857f9b10d6e6616c517129
2023-09-18,32.18049621582031,HEWJ,e1045c5b21ef49a76030e9697012f0ca7ca2ec3025857f9b10d6e6616c517129
2023-09-19,32.37161636352539,HEWJ,e1045c5b21ef49a76030e9697012f0ca7ca2ec3025857f9b10d6e6616c517129
2023-09-20,32.01668167114258,HEWJ,e1045c5b21ef49a76030e9697012f0ca7ca2ec3025857f9b10d6e6616c517129
2023-09-21,31.40692901611328,HEWJ,e1045c5b21ef49a76030e9697012f0ca7ca2ec3025857f9b10d6e6616c517129
2023-09-22,31.66175079345703,HEWJ,e1045c5b21ef49a76030e9697012f0ca7ca2ec3025857f9b10d6e6616c517129
2023-09-25,31.725460052490234,HEWJ,e1045c5b21ef49a76030e9697012f0ca7ca2ec3025857f9b10d6e6616c517129
2023-09-26,31.279518127441406,HEWJ,e1045c5b21ef49a76030e9697012f0ca7ca2ec3025857f9b10d6e6616c517129
2023-09-27,31.543437957763672,HEWJ,e1045c5b21ef49a76030e9697012f0ca7ca2ec3025857f9b10d6e6616c517129
2023-09-28,31.51613998413086,HEWJ,e1045c5b21ef49a76030e9697012f0ca7ca2ec3025857f9b10d6e6616c517129
2023-09-29,31.124799728393555,HEWJ,e1045c5b21ef49a76030e9697012f0ca7ca2ec3025857f9b10d6e6616c517129
2023-10-02,30.95188331604004,HEWJ,e1045c5b21ef49a76030e9697012f0ca7ca2ec3025857f9b10d6e6616c517129
2023-10-03,30.205617904663086,HEWJ,e1045c5b21ef49a76030e9697012f0ca7ca2ec3025857f9b10d6e6616c517129
2023-10-04,29.95989418029785,HEWJ,e1045c5b21ef49a76030e9697012f0ca7ca2ec3025857f9b10d6e6616c517129
2023-10-05,30.424041748046875,HEWJ,e1045c5b21ef49a76030e9697012f0ca7ca2ec3025857f9b10d6e6616c517129
2023-10-06,30.71526336669922,HEWJ,e1045c5b21ef49a76030e9697012f0ca7ca2ec3025857f9b10d6e6616c517129
2023-10-09,30.6242618560791,HEWJ,e1045c5b21ef49a76030e9697012f0ca7ca2ec3025857f9b10d6e6616c517129
2023-10-10,31.079303741455078,HEWJ,e1045c5b21ef49a76030e9697012f0ca7ca2ec3025857f9b10d6e6616c517129
2023-10-11,31.124799728393555,HEWJ,e1045c5b21ef49a76030e9697012f0ca7ca2ec3025857f9b10d6e6616c517129
2023-10-12,31.32501983642578,HEWJ,e1045c5b21ef49a76030e9697012f0ca7ca2ec3025857f9b10d6e6616c517129
2023-10-13,30.869977951049805,HEWJ,e1045c5b21ef49a76030e9697012f0ca7ca2ec3025857f9b10d6e6616c517129
2023-10-16,30.979188919067383,HEWJ,e1045c5b21ef49a76030e9697012f0ca7ca2ec3025857f9b10d6e6616c517129
2023-10-17,31.106603622436523,HEWJ,e1045c5b21ef49a76030e9697012f0ca7ca2ec3025857f9b10d6e6616c517129
2023-10-18,30.651559829711914,HEWJ,e1045c5b21ef49a76030e9697012f0ca7ca2ec3025857f9b10d6e6616c517129
2023-10-19,30.424041748046875,HEWJ,e1045c5b21ef49a76030e9697012f0ca7ca2ec3025857f9b10d6e6616c517129
2023-10-20,30.24202537536621,HEWJ,e1045c5b21ef49a76030e9697012f0ca7ca2ec3025857f9b10d6e6616c517129
2023-10-23,30.132814407348633,HEWJ,e1045c5b21ef49a76030e9697012f0ca7ca2ec3025857f9b10d6e6616c517129
2023-10-24,30.378536224365234,HEWJ,e1045c5b21ef49a76030e9697012f0ca7ca2ec3025857f9b10d6e6616c517129
2023-10-25,30.296630859375,HEWJ,e1045c5b21ef49a76030e9697012f0ca7ca2ec3025857f9b10d6e6616c517129
2023-10-26,29.96900177001953,HEWJ,e1045c5b21ef49a76030e9697012f0ca7ca2ec3025857f9b10d6e6616c517129
2023-10-27,30.04180335998535,HEWJ,e1045c5b21ef49a76030e9697012f0ca7ca2ec3025857f9b10d6e6616c517129
2023-10-30,30.178314208984375,HEWJ,e1045c5b21ef49a76030e9697012f0ca7ca2ec3025857f9b10d6e6616c517129
2023-10-31,31.079303741455078,HEWJ,e1045c5b21ef49a76030e9697012f0ca7ca2ec3025857f9b10d6e6616c517129
2023-11-01,31.43423080444336,HEWJ,e1045c5b21ef49a76030e9697012f0ca7ca2ec3025857f9b10d6e6616c517129
2023-11-02,31.925676345825195,HEWJ,e1045c5b21ef49a76030e9697012f0ca7ca2ec3025857f9b10d6e6616c517129
2023-11-03,32.26240539550781,HEWJ,e1045c5b21ef49a76030e9697012f0ca7ca2ec3025857f9b10d6e6616c517129
2023-11-06,31.98027992248535,HEWJ,e1045c5b21ef49a76030e9697012f0ca7ca2ec3025857f9b10d6e6616c517129
2023-11-07,31.75275230407715,HEWJ,e1045c5b21ef49a76030e9697012f0ca7ca2ec3025857f9b10d6e6616c517129
2023-11-08,31.352327346801758,HEWJ,e1045c5b21ef49a76030e9697012f0ca7ca2ec3025857f9b10d6e6616c517129
2023-11-09,31.552539825439453,HEWJ,e1045c5b21ef49a76030e9697012f0ca7ca2ec3025857f9b10d6e6616c517129
2023-11-10,31.880168914794922,HEWJ,e1045c5b21ef49a76030e9697012f0ca7ca2ec3025857f9b10d6e6616c517129
2023-11-13,31.925676345825195,HEWJ,e1045c5b21ef49a76030e9697012f0ca7ca2ec3025857f9b10d6e6616c517129
2023-11-14,32.28060531616211,HEWJ,e1045c5b21ef49a76030e9697012f0ca7ca2ec3025857f9b10d6e6616c517129
2023-11-15,32.28060531616211,HEWJ,e1045c5b21ef49a76030e9697012f0ca7ca2ec3025857f9b10d6e6616c517129
2023-11-16,32.27150344848633,HEWJ,e1045c5b21ef49a76030e9697012f0ca7ca2ec3025857f9b10d6e6616c517129
2023-11-17,32.57183074951172,HEWJ,e1045c5b21ef49a76030e9697012f0ca7ca2ec3025857f9b10d6e6616c517129
2023-11-20,32.29881286621094,HEWJ,e1045c5b21ef49a76030e9697012f0ca7ca2ec3025857f9b10d6e6616c517129
2023-11-21,32.18049621582031,HEWJ,e1045c5b21ef49a76030e9697012f0ca7ca2ec3025857f9b10d6e6616c517129
2023-11-22,32.64463806152344,HEWJ,e1045c5b21ef49a76030e9697012f0ca7ca2ec3025857f9b10d6e6616c517129
2023-11-24,32.717445373535156,HEWJ,e1045c5b21ef49a76030e9697012f0ca7ca2ec3025857f9b10d6e6616c517129
2023-11-27,32.50812911987305,HEWJ,e1045c5b21ef49a76030e9697012f0ca7ca2ec3025857f9b10d6e6616c517129
2023-11-28,32.22599792480469,HEWJ,e1045c5b21ef49a76030e9697012f0ca7ca2ec3025857f9b10d6e6616c517129
2023-11-29,32.18960189819336,HEWJ,e1045c5b21ef49a76030e9697012f0ca7ca2ec3025857f9b10d6e6616c517129
2023-11-30,32.453521728515625,HEWJ,e1045c5b21ef49a76030e9697012f0ca7ca2ec3025857f9b10d6e6616c517129
2023-12-01,32.47172546386719,HEWJ,e1045c5b21ef49a76030e9697012f0ca7ca2ec3025857f9b10d6e6616c517129
2023-12-04,32.04398727416992,HEWJ,e1045c5b21ef49a76030e9697012f0ca7ca2ec3025857f9b10d6e6616c517129
2023-12-05,31.916574478149414,HEWJ,e1045c5b21ef49a76030e9697012f0ca7ca2ec3025857f9b10d6e6616c517129
2023-12-06,32.3352165222168,HEWJ,e1045c5b21ef49a76030e9697012f0ca7ca2ec3025857f9b10d6e6616c517129
2023-12-07,31.78005599975586,HEWJ,e1045c5b21ef49a76030e9697012f0ca7ca2ec3025857f9b10d6e6616c517129
2023-12-08,31.880168914794922,HEWJ,e1045c5b21ef49a76030e9697012f0ca7ca2ec3025857f9b10d6e6616c517129
2023-12-11,32.34431457519531,HEWJ,e1045c5b21ef49a76030e9697012f0ca7ca2ec3025857f9b10d6e6616c517129
2023-12-12,32.1349983215332,HEWJ,e1045c5b21ef49a76030e9697012f0ca7ca2ec3025857f9b10d6e6616c517129
2023-12-13,32.08038330078125,HEWJ,e1045c5b21ef49a76030e9697012f0ca7ca2ec3025857f9b10d6e6616c517129
2023-12-14,31.634445190429688,HEWJ,e1045c5b21ef49a76030e9697012f0ca7ca2ec3025857f9b10d6e6616c517129
2023-12-15,31.479732513427734,HEWJ,e1045c5b21ef49a76030e9697012f0ca7ca2ec3025857f9b10d6e6616c517129
2023-12-18,31.579837799072266,HEWJ,e1045c5b21ef49a76030e9697012f0ca7ca2ec3025857f9b10d6e6616c517129
2023-12-19,31.925676345825195,HEWJ,e1045c5b21ef49a76030e9697012f0ca7ca2ec3025857f9b10d6e6616c517129
2023-12-20,31.698158264160156,HEWJ,e1045c5b21ef49a76030e9697012f0ca7ca2ec3025857f9b10d6e6616c517129
2023-12-21,31.94387435913086,HEWJ,e1045c5b21ef49a76030e9697012f0ca7ca2ec3025857f9b10d6e6616c517129
2023-12-22,32.10736846923828,HEWJ,e1045c5b21ef49a76030e9697012f0ca7ca2ec3025857f9b10d6e6616c517129
2023-12-26,32.10736846923828,HEWJ,e1045c5b21ef49a76030e9697012f0ca7ca2ec3025857f9b10d6e6616c517129
2023-12-27,32.13508224487305,HEWJ,e1045c5b21ef49a76030e9697012f0ca7ca2ec3025857f9b10d6e6616c517129
2023-12-28,32.23668670654297,HEWJ,e1045c5b21ef49a76030e9697012f0ca7ca2ec3025857f9b10d6e6616c517129
2023-12-29,32.24592208862305,HEWJ,e1045c5b21ef49a76030e9697012f0ca7ca2ec3025857f9b10d6e6616c517129
2024-01-02,32.16279220581055,HEWJ,e1045c5b21ef49a76030e9697012f0ca7ca2ec3025857f9b10d6e6616c517129
2024-01-03,32.282867431640625,HEWJ,e1045c5b21ef49a76030e9697012f0ca7ca2ec3025857f9b10d6e6616c517129
2024-01-04,32.50455093383789,HEWJ,e1045c5b21ef49a76030e9697012f0ca7ca2ec3025857f9b10d6e6616c517129
2024-01-05,32.790897369384766,HEWJ,e1045c5b21ef49a76030e9697012f0ca7ca2ec3025857f9b10d6e6616c517129
2024-01-08,33.14189910888672,HEWJ,e1045c5b21ef49a76030e9697012f0ca7ca2ec3025857f9b10d6e6616c517129
2024-01-09,33.04029083251953,HEWJ,e1045c5b21ef49a76030e9697012f0ca7ca2ec3025857f9b10d6e6616c517129
2024-01-10,33.8531379699707,HEWJ,e1045c5b21ef49a76030e9697012f0ca7ca2ec3025857f9b10d6e6616c517129
2024-01-11,34.093292236328125,HEWJ,e1045c5b21ef49a76030e9697012f0ca7ca2ec3025857f9b10d6e6616c517129
2024-01-12,34.33345031738281,HEWJ,e1045c5b21ef49a76030e9697012f0ca7ca2ec3025857f9b10d6e6616c517129
2024-01-16,34.60132598876953,HEWJ,e1045c5b21ef49a76030e9697012f0ca7ca2ec3025857f9b10d6e6616c517129
2024-01-17,34.37040328979492,HEWJ,e1045c5b21ef49a76030e9697012f0ca7ca2ec3025857f9b10d6e6616c517129
2024-01-18,34.67522048950195,HEWJ,e1045c5b21ef49a76030e9697012f0ca7ca2ec3025857f9b10d6e6616c517129
2024-01-19,34.749114990234375,HEWJ,e1045c5b21ef49a76030e9697012f0ca7ca2ec3025857f9b10d6e6616c517129
2024-01-22,35.13705825805664,HEWJ,e1045c5b21ef49a76030e9697012f0ca7ca2ec3025857f9b10d6e6616c517129
2024-01-23,34.915374755859375,HEWJ,e1045c5b21ef49a76030e9697012f0ca7ca2ec3025857f9b10d6e6616c517129
2024-01-24,34.776824951171875,HEWJ,e1045c5b21ef49a76030e9697012f0ca7ca2ec3025857f9b10d6e6616c517129
2024-01-25,34.7398796081543,HEWJ,e1045c5b21ef49a76030e9697012f0ca7ca2ec3025857f9b10d6e6616c517129
2024-01-26,34.499717712402344,HEWJ,e1045c5b21ef49a76030e9697012f0ca7ca2ec3025857f9b10d6e6616c517129
2024-01-29,34.78606033325195,HEWJ,e1045c5b21ef49a76030e9697012f0ca7ca2ec3025857f9b10d6e6616c517129
2024-01-30,34.721405029296875,HEWJ,e1045c5b21ef49a76030e9697012f0ca7ca2ec3025857f9b10d6e6616c517129
2024-01-31,34.78606033325195,HEWJ,e1045c5b21ef49a76030e9697012f0ca7ca2ec3025857f9b10d6e6616c517129
2024-02-01,34.952327728271484,HEWJ,e1045c5b21ef49a76030e9697012f0ca7ca2ec3025857f9b10d6e6616c517129
2024-02-02,35.24790573120117,HEWJ,e1045c5b21ef49a76030e9697012f0ca7ca2ec3025857f9b10d6e6616c517129
2024-02-05,35.13705825805664,HEWJ,e1045c5b21ef49a76030e9697012f0ca7ca2ec3025857f9b10d6e6616c517129
2024-02-06,34.92461395263672,HEWJ,e1045c5b21ef49a76030e9697012f0ca7ca2ec3025857f9b10d6e6616c517129
2024-02-07,35.26637649536133,HEWJ,e1045c5b21ef49a76030e9697012f0ca7ca2ec3025857f9b10d6e6616c517129
2024-02-08,35.44187545776367,HEWJ,e1045c5b21ef49a76030e9697012f0ca7ca2ec3025857f9b10d6e6616c517129
2024-02-09,35.5804328918457,HEWJ,e1045c5b21ef49a76030e9697012f0ca7ca2ec3025857f9b10d6e6616c517129
2024-02-12,35.75593185424805,HEWJ,e1045c5b21ef49a76030e9697012f0ca7ca2ec3025857f9b10d6e6616c517129
2024-02-13,35.97761917114258,HEWJ,e1045c5b21ef49a76030e9697012f0ca7ca2ec3025857f9b10d6e6616c517129
2024-02-14,36.0792236328125,HEWJ,e1045c5b21ef49a76030e9697012f0ca7ca2ec3025857f9b10d6e6616c517129
2024-02-15,36.26395797729492,HEWJ,e1045c5b21ef49a76030e9697012f0ca7ca2ec3025857f9b10d6e6616c517129
2024-02-16,36.34709167480469,HEWJ,e1045c5b21ef49a76030e9697012f0ca7ca2ec3025857f9b10d6e6616c517129
2024-02-20,36.4394645690918,HEWJ,e1045c5b21ef49a76030e9697012f0ca7ca2ec3025857f9b10d6e6616c517129
2024-02-21,36.43022155761719,HEWJ,e1045c5b21ef49a76030e9697012f0ca7ca2ec3025857f9b10d6e6616c517129
2024-02-22,37.076805114746094,HEWJ,e1045c5b21ef49a76030e9697012f0ca7ca2ec3025857f9b10d6e6616c517129
2024-02-23,37.15993881225586,HEWJ,e1045c5b21ef49a76030e9697012f0ca7ca2ec3025857f9b10d6e6616c517129
2024-02-26,37.206119537353516,HEWJ,e1045c5b21ef49a76030e9697012f0ca7ca2ec3025857f9b10d6e6616c517129
2024-02-27,37.23383712768555,HEWJ,e1045c5b21ef49a76030e9697012f0ca7ca2ec3025857f9b10d6e6616c517129
2024-02-28,37.030616760253906,HEWJ,e1045c5b21ef49a76030e9697012f0ca7ca2ec3025857f9b10d6e6616c517129
2024-02-29,37.122989654541016,HEWJ,e1045c5b21ef49a76030e9697012f0ca7ca2ec3025857f9b10d6e6616c517129
2024-03-01,37.852699279785156,HEWJ,e1045c5b21ef49a76030e9697012f0ca7ca2ec3025857f9b10d6e6616c517129
2024-03-04,37.714149475097656,HEWJ,e1045c5b21ef49a76030e9697012f0ca7ca2ec3025857f9b10d6e6616c517129
2024-03-05,37.760337829589844,HEWJ,e1045c5b21ef49a76030e9697012f0ca7ca2ec3025857f9b10d6e6616c517129
2024-03-06,38.21293640136719,HEWJ,e1045c5b21ef49a76030e9697012f0ca7ca2ec3025857f9b10d6e6616c517129
2024-03-07,37.889652252197266,HEWJ,e1045c5b21ef49a76030e9697012f0ca7ca2ec3025857f9b10d6e6616c517129
2024-03-08,37.529415130615234,HEWJ,e1045c5b21ef49a76030e9697012f0ca7ca2ec3025857f9b10d6e6616c517129
2024-03-11,36.69809341430664,HEWJ,e1045c5b21ef49a76030e9697012f0ca7ca2ec3025857f9b10d6e6616c517129
2024-03-12,37.08604049682617,HEWJ,e1045c5b21ef49a76030e9697012f0ca7ca2ec3025857f9b10d6e6616c517129
2024-03-13,36.79970169067383,HEWJ,e1045c5b21ef49a76030e9697012f0ca7ca2ec3025857f9b10d6e6616c517129
2024-03-14,36.75352096557617,HEWJ,e1045c5b21ef49a76030e9697012f0ca7ca2ec3025857f9b10d6e6616c517129
2024-03-15,37.22459411621094,HEWJ,e1045c5b21ef49a76030e9697012f0ca7ca2ec3025857f9b10d6e6616c517129
2024-03-18,37.871177673339844,HEWJ,e1045c5b21ef49a76030e9697012f0ca7ca2ec3025857f9b10d6e6616c517129
2024-03-19,38.40692138671875,HEWJ,e1045c5b21ef49a76030e9697012f0ca7ca2ec3025857f9b10d6e6616c517129
2024-03-20,38.767154693603516,HEWJ,e1045c5b21ef49a76030e9697012f0ca7ca2ec3025857f9b10d6e6616c517129
2024-03-21,39.12739181518555,HEWJ,e1045c5b21ef49a76030e9697012f0ca7ca2ec3025857f9b10d6e6616c517129
2024-03-22,39.0627326965332,HEWJ,e1045c5b21ef49a76030e9697012f0ca7ca2ec3025857f9b10d6e6616c517129
2024-03-25,38.62860107421875,HEWJ,e1045c5b21ef49a76030e9697012f0ca7ca2ec3025857f9b10d6e6616c517129
2024-03-26,38.82257080078125,HEWJ,e1045c5b21ef49a76030e9697012f0ca7ca2ec3025857f9b10d6e6616c517129
2024-03-27,38.92417907714844,HEWJ,e1045c5b21ef49a76030e9697012f0ca7ca2ec3025857f9b10d6e6616c517129
2024-03-28,38.84104919433594,HEWJ,e1045c5b21ef49a76030e9697012f0ca7ca2ec3025857f9b10d6e6616c517129
2024-04-01,38.3330192565918,HEWJ,e1045c5b21ef49a76030e9697012f0ca7ca2ec3025857f9b10d6e6616c517129
2024-04-02,38.10210037231445,HEWJ,e1045c5b21ef49a76030e9697012f0ca7ca2ec3025857f9b10d6e6616c517129
2024-04-03,38.4161491394043,HEWJ,e1045c5b21ef49a76030e9697012f0ca7ca2ec3025857f9b10d6e6616c517129
2024-04-04,37.889652252197266,HEWJ,e1045c5b21ef49a76030e9697012f0ca7ca2ec3025857f9b10d6e6616c517129
2024-04-05,38.12057113647461,HEWJ,e1045c5b21ef49a76030e9697012f0ca7ca2ec3025857f9b10d6e6616c517129
2024-04-08,38.36996841430664,HEWJ,e1045c5b21ef49a76030e9697012f0ca7ca2ec3025857f9b10d6e6616c517129
2024-04-09,38.52699279785156,HEWJ,e1045c5b21ef49a76030e9697012f0ca7ca2ec3025857f9b10d6e6616c517129
2024-04-10,38.19446563720703,HEWJ,e1045c5b21ef49a76030e9697012f0ca7ca2ec3025857f9b10d6e6616c517129
2024-04-11,38.647071838378906,HEWJ,e1045c5b21ef49a76030e9697012f0ca7ca2ec3025857f9b10d6e6616c517129
2024-04-12,38.14828109741211,HEWJ,e1045c5b21ef49a76030e9697012f0ca7ca2ec3025857f9b10d6e6616c517129
2024-04-15,38.21293640136719,HEWJ,e1045c5b21ef49a76030e9697012f0ca7ca2ec3025857f9b10d6e6616c517129
2024-04-16,37.806522369384766,HEWJ,e1045c5b21ef49a76030e9697012f0ca7ca2ec3025857f9b10d6e6616c517129
2024-04-17,37.33543395996094,HEWJ,e1045c5b21ef49a76030e9697012f0ca7ca2ec3025857f9b10d6e6616c517129
2024-04-18,37.33543395996094,HEWJ,e1045c5b21ef49a76030e9697012f0ca7ca2ec3025857f9b10d6e6616c517129
2024-04-19,37.104515075683594,HEWJ,e1045c5b21ef49a76030e9697012f0ca7ca2ec3025857f9b10d6e6616c517129
2024-04-22,37.53864669799805,HEWJ,e1045c5b21ef49a76030e9697012f0ca7ca2ec3025857f9b10d6e6616c517129
2024-04-23,37.62178421020508,HEWJ,e1045c5b21ef49a76030e9697012f0ca7ca2ec3025857f9b10d6e6616c517129
2024-04-24,37.90812301635742,HEWJ,e1045c5b21ef49a76030e9697012f0ca7ca2ec3025857f9b10d6e6616c517129
2024-04-25,37.42781066894531,HEWJ,e1045c5b21ef49a76030e9697012f0ca7ca2ec3025857f9b10d6e6616c517129
2024-04-26,38.314544677734375,HEWJ,e1045c5b21ef49a76030e9697012f0ca7ca2ec3025857f9b10d6e6616c517129
2024-04-29,38.19446563720703,HEWJ,e1045c5b21ef49a76030e9697012f0ca7ca2ec3025857f9b10d6e6616c517129
2024-04-30,38.36996841430664,HEWJ,e1045c5b21ef49a76030e9697012f0ca7ca2ec3025857f9b10d6e6616c517129
2024-05-01,38.23141860961914,HEWJ,e1045c5b21ef49a76030e9697012f0ca7ca2ec3025857f9b10d6e6616c517129
2024-05-02,37.94507598876953,HEWJ,e1045c5b21ef49a76030e9697012f0ca7ca2ec3025857f9b10d6e6616c517129
2024-05-03,38.32378387451172,HEWJ,e1045c5b21ef49a76030e9697012f0ca7ca2ec3025857f9b10d6e6616c517129
2024-05-06,38.81333923339844,HEWJ,e1045c5b21ef49a76030e9697012f0ca7ca2ec3025857f9b10d6e6616c517129
2024-05-07,38.57318115234375,HEWJ,e1045c5b21ef49a76030e9697012f0ca7ca2ec3025857f9b10d6e6616c517129
2024-05-08,38.3053092956543,HEWJ,e1045c5b21ef49a76030e9697012f0ca7ca2ec3025857f9b10d6e6616c517129
2024-05-09,38.434627532958984,HEWJ,e1045c5b21ef49a76030e9697012f0ca7ca2ec3025857f9b10d6e6616c517129
2024-05-10,38.3053092956543,HEWJ,e1045c5b21ef49a76030e9697012f0ca7ca2ec3025857f9b10d6e6616c517129
2024-05-13,38.32378387451172,HEWJ,e1045c5b21ef49a76030e9697012f0ca7ca2ec3025857f9b10d6e6616c517129
2024-05-14,38.647071838378906,HEWJ,e1045c5b21ef49a76030e9697012f0ca7ca2ec3025857f9b10d6e6616c517129
2024-05-15,38.73020553588867,HEWJ,e1045c5b21ef49a76030e9697012f0ca7ca2ec3025857f9b10d6e6616c517129
2024-05-16,38.480812072753906,HEWJ,e1045c5b21ef49a76030e9697012f0ca7ca2ec3025857f9b10d6e6616c517129
2024-05-17,38.78562927246094,HEWJ,e1045c5b21ef49a76030e9697012f0ca7ca2ec3025857f9b10d6e6616c517129
2024-05-20,39.21976089477539,HEWJ,e1045c5b21ef49a76030e9697012f0ca7ca2ec3025857f9b10d6e6616c517129
2024-05-21,38.96112823486328,HEWJ,e1045c5b21ef49a76030e9697012f0ca7ca2ec3025857f9b10d6e6616c517129
2024-05-22,38.665550231933594,HEWJ,e1045c5b21ef49a76030e9697012f0ca7ca2ec3025857f9b10d6e6616c517129
2024-05-23,38.536231994628906,HEWJ,e1045c5b21ef49a76030e9697012f0ca7ca2ec3025857f9b10d6e6616c517129
2024-05-24,38.98883819580078,HEWJ,e1045c5b21ef49a76030e9697012f0ca7ca2ec3025857f9b10d6e6616c517129
2024-05-28,39.26593780517578,HEWJ,e1045c5b21ef49a76030e9697012f0ca7ca2ec3025857f9b10d6e6616c517129
2024-05-29,38.61012268066406,HEWJ,e1045c5b21ef49a76030e9697012f0ca7ca2ec3025857f9b10d6e6616c517129
2024-05-30,38.794864654541016,HEWJ,e1045c5b21ef49a76030e9697012f0ca7ca2ec3025857f9b10d6e6616c517129
2024-05-31,39.386024475097656,HEWJ,e1045c5b21ef49a76030e9697012f0ca7ca2ec3025857f9b10d6e6616c517129
2024-06-03,39.37678909301758,HEWJ,e1045c5b21ef49a76030e9697012f0ca7ca2ec3025857f9b10d6e6616c517129
2024-06-04,39.108917236328125,HEWJ,e1045c5b21ef49a76030e9697012f0ca7ca2ec3025857f9b10d6e6616c517129
2024-06-05,39.26593780517578,HEWJ,e1045c5b21ef49a76030e9697012f0ca7ca2ec3025857f9b10d6e6616c517129
2024-06-06,39.15510177612305,HEWJ,e1045c5b21ef49a76030e9697012f0ca7ca2ec3025857f9b10d6e6616c517129
2024-06-07,39.19205093383789,HEWJ,e1045c5b21ef49a76030e9697012f0ca7ca2ec3025857f9b10d6e6616c517129
2024-06-10,39.5892333984375,HEWJ,e1045c5b21ef49a76030e9697012f0ca7ca2ec3025857f9b10d6e6616c517129
2024-06-11,39.15510177612305,HEWJ,e1045c5b21ef49a76030e9697012f0ca7ca2ec3025857f9b10d6e6616c517129
2024-06-12,39.3121337890625,HEWJ,e1045c5b21ef49a76030e9697012f0ca7ca2ec3025857f9b10d6e6616c517129
2024-06-13,38.65631103515625,HEWJ,e1045c5b21ef49a76030e9697012f0ca7ca2ec3025857f9b10d6e6616c517129
2024-06-14,38.72096633911133,HEWJ,e1045c5b21ef49a76030e9697012f0ca7ca2ec3025857f9b10d6e6616c517129
2024-06-17,38.554710388183594,HEWJ,e1045c5b21ef49a76030e9697012f0ca7ca2ec3025857f9b10d6e6616c517129
2024-06-18,38.62860107421875,HEWJ,e1045c5b21ef49a76030e9697012f0ca7ca2ec3025857f9b10d6e6616c517129
2024-06-20,38.767154693603516,HEWJ,e1045c5b21ef49a76030e9697012f0ca7ca2ec3025857f9b10d6e6616c517129
2024-06-21,38.70249938964844,HEWJ,e1045c5b21ef49a76030e9697012f0ca7ca2ec3025857f9b10d6e6616c517129
2024-06-24,38.998077392578125,HEWJ,e1045c5b21ef49a76030e9697012f0ca7ca2ec3025857f9b10d6e6616c517129
2024-06-25,39.5892333984375,HEWJ,e1045c5b21ef49a76030e9697012f0ca7ca2ec3025857f9b10d6e6616c517129
2024-06-26,39.77397155761719,HEWJ,e1045c5b21ef49a76030e9697012f0ca7ca2ec3025857f9b10d6e6616c517129
2024-06-27,39.97718048095703,HEWJ,e1045c5b21ef49a76030e9697012f0ca7ca2ec3025857f9b10d6e6616c517129
2024-06-28,40.30971145629883,HEWJ,e1045c5b21ef49a76030e9697012f0ca7ca2ec3025857f9b10d6e6616c517129
2024-07-01,40.180397033691406,HEWJ,e1045c5b21ef49a76030e9697012f0ca7ca2ec3025857f9b10d6e6616c517129
2024-07-02,40.868507385253906,HEWJ,e1045c5b21ef49a76030e9697012f0ca7ca2ec3025857f9b10d6e6616c517129
2024-07-03,41.21257019042969,HEWJ,e1045c5b21ef49a76030e9697012f0ca7ca2ec3025857f9b10d6e6616c517129
2024-07-05,41.33345413208008,HEWJ,e1045c5b21ef49a76030e9697012f0ca7ca2ec3025857f9b10d6e6616c517129
2024-07-08,41.16607666015625,HEWJ,e1045c5b21ef49a76030e9697012f0ca7ca2ec3025857f9b10d6e6616c517129
2024-07-09,41.5101318359375,HEWJ,e1045c5b21ef49a76030e9697012f0ca7ca2ec3025857f9b10d6e6616c517129
2024-07-10,42.365631103515625,HEWJ,e1045c5b21ef49a76030e9697012f0ca7ca2ec3025857f9b10d6e6616c517129
2024-07-11,41.51943588256836,HEWJ,e1045c5b21ef49a76030e9697012f0ca7ca2ec3025857f9b10d6e6616c517129
2024-07-12,41.445037841796875,HEWJ,e1045c5b21ef49a76030e9697012f0ca7ca2ec3025857f9b10d6e6616c517129
2024-07-15,41.389244079589844,HEWJ,e1045c5b21ef49a76030e9697012f0ca7ca2ec3025857f9b10d6e6616c517129
2024-07-16,41.9378776550293,HEWJ,e1045c5b21ef49a76030e9697012f0ca7ca2ec3025857f9b10d6e6616c517129
2024-07-17,41.11028289794922,HEWJ,e1045c5b21ef49a76030e9697012f0ca7ca2ec3025857f9b10d6e6616c517129
2024-07-18,40.849910736083984,HEWJ,e1045c5b21ef49a76030e9697012f0ca7ca2ec3025857f9b10d6e6616c517129
2024-07-19,40.64533233642578,HEWJ,e1045c5b21ef49a76030e9697012f0ca7ca2ec3025857f9b10d6e6616c517129
2024-07-22,40.7197265625,HEWJ,e1045c5b21ef49a76030e9697012f0ca7ca2ec3025857f9b10d6e6616c517129
2024-07-23,40.33847427368164,HEWJ,e1045c5b21ef49a76030e9697012f0ca7ca2ec3025857f9b10d6e6616c517129
2024-07-24,39.0366325378418,HEWJ,e1045c5b21ef49a76030e9697012f0ca7ca2ec3025857f9b10d6e6616c517129
2024-07-25,38.43220901489258,HEWJ,e1045c5b21ef49a76030e9697012f0ca7ca2ec3025857f9b10d6e6616c517129
2024-07-26,38.90644836425781,HEWJ,e1045c5b21ef49a76030e9697012f0ca7ca2ec3025857f9b10d6e6616c517129
2024-07-29,39.111026763916016,HEWJ,e1045c5b21ef49a76030e9697012f0ca7ca2ec3025857f9b10d6e6616c517129
2024-07-30,38.96224594116211,HEWJ,e1045c5b21ef49a76030e9697012f0ca7ca2ec3025857f9b10d6e6616c517129
2024-07-31,39.15752410888672,HEWJ,e1045c5b21ef49a76030e9697012f0ca7ca2ec3025857f9b10d6e6616c517129
2024-08-01,37.325645446777344,HEWJ,e1045c5b21ef49a76030e9697012f0ca7ca2ec3025857f9b10d6e6616c517129
2024-08-02,34.889339447021484,HEWJ,e1045c5b21ef49a76030e9697012f0ca7ca2ec3025857f9b10d6e6616c517129
2024-08-05,33.531707763671875,HEWJ,e1045c5b21ef49a76030e9697012f0ca7ca2ec3025857f9b10d6e6616c517129
2024-08-06,33.51310729980469,HEWJ,e1045c5b21ef49a76030e9697012f0ca7ca2ec3025857f9b10d6e6616c517129
2024-08-07,34.58247756958008,HEWJ,e1045c5b21ef49a76030e9697012f0ca7ca2ec3025857f9b10d6e6616c517129
2024-08-08,35.577457427978516,HEWJ,e1045c5b21ef49a76030e9697012f0ca7ca2ec3025857f9b10d6e6616c517129
2024-08-09,35.33568572998047,HEWJ,e1045c5b21ef49a76030e9697012f0ca7ca2ec3025857f9b10d6e6616c517129
2024-08-12,35.735538482666016,HEWJ,e1045c5b21ef49a76030e9697012f0ca7ca2ec3025857f9b10d6e6616c517129
2024-08-13,36.62822723388672,HEWJ,e1045c5b21ef49a76030e9697012f0ca7ca2ec3025857f9b10d6e6616c517129
2024-08-14,36.82350540161133,HEWJ,e1045c5b21ef49a76030e9697012f0ca7ca2ec3025857f9b10d6e6616c517129
2024-08-15,37.985862731933594,HEWJ,e1045c5b21ef49a76030e9697012f0ca7ca2ec3025857f9b10d6e6616c517129
2024-08-16,37.83708190917969,HEWJ,e1045c5b21ef49a76030e9697012f0ca7ca2ec3025857f9b10d6e6616c517129
2024-08-19,38.143943786621094,HEWJ,e1045c5b21ef49a76030e9697012f0ca7ca2ec3025857f9b10d6e6616c517129
2024-08-20,37.539520263671875,HEWJ,e1045c5b21ef49a76030e9697012f0ca7ca2ec3025857f9b10d6e6616c517129
2024-08-21,37.95796585083008,HEWJ,e1045c5b21ef49a76030e9697012f0ca7ca2ec3025857f9b10d6e6616c517129
2024-08-22,38.041656494140625,HEWJ,e1045c5b21ef49a76030e9697012f0ca7ca2ec3025857f9b10d6e6616c517129
2024-08-23,38.31132507324219,HEWJ,e1045c5b21ef49a76030e9697012f0ca7ca2ec3025857f9b10d6e6616c517129
2024-08-26,37.939369201660156,HEWJ,e1045c5b21ef49a76030e9697012f0ca7ca2ec3025857f9b10d6e6616c517129
2024-08-27,38.209041595458984,HEWJ,e1045c5b21ef49a76030e9697012f0ca7ca2ec3025857f9b10d6e6616c517129
2024-08-28,38.227630615234375,HEWJ,e1045c5b21ef49a76030e9697012f0ca7ca2ec3025857f9b10d6e6616c517129
2024-08-29,38.320621490478516,HEWJ,e1045c5b21ef49a76030e9697012f0ca7ca2ec3025857f9b10d6e6616c517129
2024-08-30,38.980838775634766,HEWJ,e1045c5b21ef49a76030e9697012f0ca7ca2ec3025857f9b10d6e6616c517129
2024-09-03,38.25552749633789,HEWJ,e1045c5b21ef49a76030e9697012f0ca7ca2ec3025857f9b10d6e6616c517129
2024-09-04,37.353538513183594,HEWJ,e1045c5b21ef49a76030e9697012f0ca7ca2ec3025857f9b10d6e6616c517129
2024-09-05,37.539520263671875,HEWJ,e1045c5b21ef49a76030e9697012f0ca7ca2ec3025857f9b10d6e6616c517129
2024-09-06,35.856422424316406,HEWJ,e1045c5b21ef49a76030e9697012f0ca7ca2ec3025857f9b10d6e6616c517129
2024-09-09,36.68402099609375,HEWJ,e1045c5b21ef49a76030e9697012f0ca7ca2ec3025857f9b10d6e6616c517129
2024-09-10,36.4515495300293,HEWJ,e1045c5b21ef49a76030e9697012f0ca7ca2ec3025857f9b10d6e6616c517129
2024-09-11,36.61893081665039,HEWJ,e1045c5b21ef49a76030e9697012f0ca7ca2ec3025857f9b10d6e6616c517129
2024-09-12,36.90719223022461,HEWJ,e1045c5b21ef49a76030e9697012f0ca7ca2ec3025857f9b10d6e6616c517129
2024-09-13,36.46084976196289,HEWJ,e1045c5b21ef49a76030e9697012f0ca7ca2ec3025857f9b10d6e6616c517129
2024-09-16,36.7584114074707,HEWJ,e1045c5b21ef49a76030e9697012f0ca7ca2ec3025857f9b10d6e6616c517129
2024-09-17,36.76771545410156,HEWJ,e1045c5b21ef49a76030e9697012f0ca7ca2ec3025857f9b10d6e6616c517129
2024-09-18,36.6096305847168,HEWJ,e1045c5b21ef49a76030e9697012f0ca7ca2ec3025857f9b10d6e6616c517129
2024-09-19,37.688297271728516,HEWJ,e1045c5b21ef49a76030e9697012f0ca7ca2ec3025857f9b10d6e6616c517129
2024-09-20,38.106746673583984,HEWJ,e1045c5b21ef49a76030e9697012f0ca7ca2ec3025857f9b10d6e6616c517129
2024-09-23,38.227630615234375,HEWJ,e1045c5b21ef49a76030e9697012f0ca7ca2ec3025857f9b10d6e6616c517129
2024-09-24,37.781288146972656,HEWJ,e1045c5b21ef49a76030e9697012f0ca7ca2ec3025857f9b10d6e6616c517129
2024-09-25,38.143943786621094,HEWJ,e1045c5b21ef49a76030e9697012f0ca7ca2ec3025857f9b10d6e6616c517129
2024-09-26,39.28770446777344,HEWJ,e1045c5b21ef49a76030e9697012f0ca7ca2ec3025857f9b10d6e6616c517129
2024-09-27,37.539520263671875,HEWJ,e1045c5b21ef49a76030e9697012f0ca7ca2ec3025857f9b10d6e6616c517129
2024-09-30,38.17184066772461,HEWJ,e1045c5b21ef49a76030e9697012f0ca7ca2ec3025857f9b10d6e6616c517129
2024-10-01,38.1811408996582,HEWJ,e1045c5b21ef49a76030e9697012f0ca7ca2ec3025857f9b10d6e6616c517129
2024-10-02,38.739070892333984,HEWJ,e1045c5b21ef49a76030e9697012f0ca7ca2ec3025857f9b10d6e6616c517129
2024-10-03,38.701873779296875,HEWJ,e1045c5b21ef49a76030e9697012f0ca7ca2ec3025857f9b10d6e6616c517129
2024-10-04,39.72475051879883,HEWJ,e1045c5b21ef49a76030e9697012f0ca7ca2ec3025857f9b10d6e6616c517129
2024-10-07,39.148223876953125,HEWJ,e1045c5b21ef49a76030e9697012f0ca7ca2ec3025857f9b10d6e6616c517129
2024-10-08,39.25050735473633,HEWJ,e1045c5b21ef49a76030e9697012f0ca7ca2ec3025857f9b10d6e6616c517129
2024-10-09,39.3527946472168,HEWJ,e1045c5b21ef49a76030e9697012f0ca7ca2ec3025857f9b10d6e6616c517129
2024-10-10,39.13892364501953,HEWJ,e1045c5b21ef49a76030e9697012f0ca7ca2ec3025857f9b10d6e6616c517129
2024-10-11,39.389991760253906,HEWJ,e1045c5b21ef49a76030e9697012f0ca7ca2ec3025857f9b10d6e6616c517129
2024-10-14,39.59457015991211,HEWJ,e1045c5b21ef49a76030e9697012f0ca7ca2ec3025857f9b10d6e6616c517129
2024-10-15,38.7669677734375,HEWJ,e1045c5b21ef49a76030e9697012f0ca7ca2ec3025857f9b10d6e6616c517129
2024-10-16,39.0273323059082,HEWJ,e1045c5b21ef49a76030e9697012f0ca7ca2ec3025857f9b10d6e6616c517129
2024-10-17,38.97154235839844,HEWJ,e1045c5b21ef49a76030e9697012f0ca7ca2ec3025857f9b10d6e6616c517129
2024-10-18,38.980838775634766,HEWJ,e1045c5b21ef49a76030e9697012f0ca7ca2ec3025857f9b10d6e6616c517129
2024-10-21,38.74836730957031,HEWJ,e1045c5b21ef49a76030e9697012f0ca7ca2ec3025857f9b10d6e6616c517129
2024-10-22,38.3392219543457,HEWJ,e1045c5b21ef49a76030e9697012f0ca7ca2ec3025857f9b10d6e6616c517129
2024-10-23,37.939369201660156,HEWJ,e1045c5b21ef49a76030e9697012f0ca7ca2ec3025857f9b10d6e6616c517129
2024-10-24,38.08815002441406,HEWJ,e1045c5b21ef49a76030e9697012f0ca7ca2ec3025857f9b10d6e6616c517129
2024-10-25,38.15324020385742,HEWJ,e1045c5b21ef49a76030e9697012f0ca7ca2ec3025857f9b10d6e6616c517129
2024-10-28,38.6646842956543,HEWJ,e1045c5b21ef49a76030e9697012f0ca7ca2ec3025857f9b10d6e6616c517129
2024-10-29,39.101722717285156,HEWJ,e1045c5b21ef49a76030e9697012f0ca7ca2ec3025857f9b10d6e6616c517129
2024-10-30,39.12962341308594,HEWJ,e1045c5b21ef49a76030e9697012f0ca7ca2ec3025857f9b10d6e6616c517129
2024-10-31,38.54379653930664,HEWJ,e1045c5b21ef49a76030e9697012f0ca7ca2ec3025857f9b10d6e6616c517129
2024-11-01,38.701873779296875,HEWJ,e1045c5b21ef49a76030e9697012f0ca7ca2ec3025857f9b10d6e6616c517129
2024-11-04,38.618186950683594,HEWJ,e1045c5b21ef49a76030e9697012f0ca7ca2ec3025857f9b10d6e6616c517129
2024-11-05,39.04593276977539,HEWJ,e1045c5b21ef49a76030e9697012f0ca7ca2ec3025857f9b10d6e6616c517129
2024-11-06,40.050209045410156,HEWJ,e1045c5b21ef49a76030e9697012f0ca7ca2ec3025857f9b10d6e6616c517129
2024-11-07,39.929325103759766,HEWJ,e1045c5b21ef49a76030e9697012f0ca7ca2ec3025857f9b10d6e6616c517129
2024-11-08,39.557373046875,HEWJ,e1045c5b21ef49a76030e9697012f0ca7ca2ec3025857f9b10d6e6616c517129
2024-11-11,39.94792556762695,HEWJ,e1045c5b21ef49a76030e9697012f0ca7ca2ec3025857f9b10d6e6616c517129
2024-11-12,39.52946853637695,HEWJ,e1045c5b21ef49a76030e9697012f0ca7ca2ec3025857f9b10d6e6616c517129
2024-11-13,39.36209487915039,HEWJ,e1045c5b21ef49a76030e9697012f0ca7ca2ec3025857f9b10d6e6616c517129
2024-11-14,39.58526611328125,HEWJ,e1045c5b21ef49a76030e9697012f0ca7ca2ec3025857f9b10d6e6616c517129
2024-11-15,38.915748596191406,HEWJ,e1045c5b21ef49a76030e9697012f0ca7ca2ec3025857f9b10d6e6616c517129
2024-11-18,39.22261428833008,HEWJ,e1045c5b21ef49a76030e9697012f0ca7ca2ec3025857f9b10d6e6616c517129
2024-11-19,39.22261428833008,HEWJ,e1045c5b21ef49a76030e9697012f0ca7ca2ec3025857f9b10d6e6616c517129
2024-11-20,39.06452941894531,HEWJ,e1045c5b21ef49a76030e9697012f0ca7ca2ec3025857f9b10d6e6616c517129
2024-11-21,38.94364929199219,HEWJ,e1045c5b21ef49a76030e9697012f0ca7ca2ec3025857f9b10d6e6616c517129
2024-11-22,39.31560134887695,HEWJ,e1045c5b21ef49a76030e9697012f0ca7ca2ec3025857f9b10d6e6616c517129
2024-11-25,39.427188873291016,HEWJ,e1045c5b21ef49a76030e9697012f0ca7ca2ec3025857f9b10d6e6616c517129
2024-11-26,38.93434524536133,HEWJ,e1045c5b21ef49a76030e9697012f0ca7ca2ec3025857f9b10d6e6616c517129
2024-11-27,38.357818603515625,HEWJ,e1045c5b21ef49a76030e9697012f0ca7ca2ec3025857f9b10d6e6616c517129
2024-11-29,38.99943923950195,HEWJ,e1045c5b21ef49a76030e9697012f0ca7ca2ec3025857f9b10d6e6616c517129
2024-12-02,39.52017593383789,HEWJ,e1045c5b21ef49a76030e9697012f0ca7ca2ec3025857f9b10d6e6616c517129
2024-12-03,40.04090881347656,HEWJ,e1045c5b21ef49a76030e9697012f0ca7ca2ec3025857f9b10d6e6616c517129
2024-12-04,40.087406158447266,HEWJ,e1045c5b21ef49a76030e9697012f0ca7ca2ec3025857f9b10d6e6616c517129
2024-12-05,39.92002487182617,HEWJ,e1045c5b21ef49a76030e9697012f0ca7ca2ec3025857f9b10d6e6616c517129
2024-12-06,39.929325103759766,HEWJ,e1045c5b21ef49a76030e9697012f0ca7ca2ec3025857f9b10d6e6616c517129
2024-12-09,39.966522216796875,HEWJ,e1045c5b21ef49a76030e9697012f0ca7ca2ec3025857f9b10d6e6616c517129
2024-12-10,39.92002487182617,HEWJ,e1045c5b21ef49a76030e9697012f0ca7ca2ec3025857f9b10d6e6616c517129
2024-12-11,40.6174430847168,HEWJ,e1045c5b21ef49a76030e9697012f0ca7ca2ec3025857f9b10d6e6616c517129
2024-12-12,40.25478744506836,HEWJ,e1045c5b21ef49a76030e9697012f0ca7ca2ec3025857f9b10d6e6616c517129
2024-12-13,40.0316162109375,HEWJ,e1045c5b21ef49a76030e9697012f0ca7ca2ec3025857f9b10d6e6616c517129
2024-12-16,39.9851188659668,HEWJ,e1045c5b21ef49a76030e9697012f0ca7ca2ec3025857f9b10d6e6616c517129
2024-12-17,39.68755340576172,HEWJ,e1045c5b21ef49a76030e9697012f0ca7ca2ec3025857f9b10d6e6616c517129
2024-12-18,38.952945709228516,HEWJ,e1045c5b21ef49a76030e9697012f0ca7ca2ec3025857f9b10d6e6616c517129
2024-12-19,39.75265121459961,HEWJ,e1045c5b21ef49a76030e9697012f0ca7ca2ec3025857f9b10d6e6616c517129
2024-12-20,39.48638153076172,HEWJ,e1045c5b21ef49a76030e9697012f0ca7ca2ec3025857f9b10d6e6616c517129
2024-12-23,39.807403564453125,HEWJ,e1045c5b21ef49a76030e9697012f0ca7ca2ec3025857f9b10d6e6616c517129
2024-12-24,39.807403564453125,HEWJ,e1045c5b21ef49a76030e9697012f0ca7ca2ec3025857f9b10d6e6616c517129
2024-12-26,40.45890426635742,HEWJ,e1045c5b21ef49a76030e9697012f0ca7ca2ec3025857f9b10d6e6616c517129
2024-12-27,40.72328567504883,HEWJ,e1045c5b21ef49a76030e9697012f0ca7ca2ec3025857f9b10d6e6616c517129
2024-12-30,40.1756477355957,HEWJ,e1045c5b21ef49a76030e9697012f0ca7ca2ec3025857f9b10d6e6616c517129
2024-12-31,40.241737365722656,HEWJ,e1045c5b21ef49a76030e9697012f0ca7ca2ec3025857f9b10d6e6616c517129
2025-01-02,40.29838943481445,HEWJ,e1045c5b21ef49a76030e9697012f0ca7ca2ec3025857f9b10d6e6616c517129
2025-01-03,40.40225601196289,HEWJ,e1045c5b21ef49a76030e9697012f0ca7ca2ec3025857f9b10d6e6616c517129
2025-01-06,40.50611877441406,HEWJ,e1045c5b21ef49a76030e9697012f0ca7ca2ec3025857f9b10d6e6616c517129
2025-01-07,40.55332946777344,HEWJ,e1045c5b21ef49a76030e9697012f0ca7ca2ec3025857f9b10d6e6616c517129
2025-01-08,40.54388427734375,HEWJ,e1045c5b21ef49a76030e9697012f0ca7ca2ec3025857f9b10d6e6616c517129
2025-01-10,39.37308120727539,HEWJ,e1045c5b21ef49a76030e9697012f0ca7ca2ec3025857f9b10d6e6616c517129
2025-01-13,39.3636360168457,HEWJ,e1045c5b21ef49a76030e9697012f0ca7ca2ec3025857f9b10d6e6616c517129
2025-01-14,39.401405334472656,HEWJ,e1045c5b21ef49a76030e9697012f0ca7ca2ec3025857f9b10d6e6616c517129
2025-01-15,39.59024429321289,HEWJ,e1045c5b21ef49a76030e9697012f0ca7ca2ec3025857f9b10d6e6616c517129
2025-01-16,39.042606353759766,HEWJ,e1045c5b21ef49a76030e9697012f0ca7ca2ec3025857f9b10d6e6616c517129
2025-01-17,39.43917465209961,HEWJ,e1045c5b21ef49a76030e9697012f0ca7ca2ec3025857f9b10d6e6616c517129
2025-01-21,39.9868049621582,HEWJ,e1045c5b21ef49a76030e9697012f0ca7ca2ec3025857f9b10d6e6616c517129
2025-01-22,40.2322998046875,HEWJ,e1045c5b21ef49a76030e9697012f0ca7ca2ec3025857f9b10d6e6616c517129
2025-01-23,40.430580139160156,HEWJ,e1045c5b21ef49a76030e9697012f0ca7ca2ec3025857f9b10d6e6616c517129
2025-01-24,40.7988166809082,HEWJ,e1045c5b21ef49a76030e9697012f0ca7ca2ec3025857f9b10d6e6616c517129
2025-01-27,40.08123016357422,HEWJ,e1045c5b21ef49a76030e9697012f0ca7ca2ec3025857f9b10d6e6616c517129
2025-01-28,40.657188415527344,HEWJ,e1045c5b21ef49a76030e9697012f0ca7ca2ec3025857f9b10d6e6616c517129
2025-01-29,40.477787017822266,HEWJ,e1045c5b21ef49a76030e9697012f0ca7ca2ec3025857f9b10d6e6616c517129
2025-01-30,40.7988166809082,HEWJ,e1045c5b21ef49a76030e9697012f0ca7ca2ec3025857f9b10d6e6616c517129
2025-01-31,40.54388427734375,HEWJ,e1045c5b21ef49a76030e9697012f0ca7ca2ec3025857f9b10d6e6616c517129
2025-02-03,40.04345703125,HEWJ,e1045c5b21ef49a76030e9697012f0ca7ca2ec3025857f9b10d6e6616c517129
2025-02-04,40.30783462524414,HEWJ,e1045c5b21ef49a76030e9697012f0ca7ca2ec3025857f9b10d6e6616c517129
2025-02-05,40.40225601196289,HEWJ,e1045c5b21ef49a76030e9697012f0ca7ca2ec3025857f9b10d6e6616c517129
2025-02-06,40.27006912231445,HEWJ,e1045c5b21ef49a76030e9697012f0ca7ca2ec3025857f9b10d6e6616c517129
2025-02-07,39.665775299072266,HEWJ,e1045c5b21ef49a76030e9697012f0ca7ca2ec3025857f9b10d6e6616c517129
2025-02-10,39.996246337890625,HEWJ,e1045c5b21ef49a76030e9697012f0ca7ca2ec3025857f9b10d6e6616c517129
2025-02-11,40.185089111328125,HEWJ,e1045c5b21ef49a76030e9697012f0ca7ca2ec3025857f9b10d6e6616c517129
2025-02-12,40.27006912231445,HEWJ,e1045c5b21ef49a76030e9697012f0ca7ca2ec3025857f9b10d6e6616c517129
2025-02-13,40.54388427734375,HEWJ,e1045c5b21ef49a76030e9697012f0ca7ca2ec3025857f9b10d6e6616c517129
2025-02-14,40.477787017822266,HEWJ,e1045c5b21ef49a76030e9697012f0ca7ca2ec3025857f9b10d6e6616c517129
2025-02-18,40.86491012573242,HEWJ,e1045c5b21ef49a76030e9697012f0ca7ca2ec3025857f9b10d6e6616c517129
2025-02-19,40.44002914428711,HEWJ,e1045c5b21ef49a76030e9697012f0ca7ca2ec3025857f9b10d6e6616c517129
2025-02-20,40.024574279785156,HEWJ,e1045c5b21ef49a76030e9697012f0ca7ca2ec3025857f9b10d6e6616c517129
2025-02-21,39.50526428222656,HEWJ,e1045c5b21ef49a76030e9697012f0ca7ca2ec3025857f9b10d6e6616c517129
2025-02-24,39.47693634033203,HEWJ,e1045c5b21ef49a76030e9697012f0ca7ca2ec3025857f9b10d6e6616c517129
2025-02-25,39.665775299072266,HEWJ,e1045c5b21ef49a76030e9697012f0ca7ca2ec3025857f9b10d6e6616c517129
2025-02-26,39.731876373291016,HEWJ,e1045c5b21ef49a76030e9697012f0ca7ca2ec3025857f9b10d6e6616c517129
2025-02-27,39.637451171875,HEWJ,e1045c5b21ef49a76030e9697012f0ca7ca2ec3025857f9b10d6e6616c517129
2025-02-28,39.5807991027832,HEWJ,e1045c5b21ef49a76030e9697012f0ca7ca2ec3025857f9b10d6e6616c517129
2025-03-03,39.76020050048828,HEWJ,e1045c5b21ef49a76030e9697012f0ca7ca2ec3025857f9b10d6e6616c517129
2025-03-04,39.31642532348633,HEWJ,e1045c5b21ef49a76030e9697012f0ca7ca2ec3025857f9b10d6e6616c517129
2025-03-05,40.10011291503906,HEWJ,e1045c5b21ef49a76030e9697012f0ca7ca2ec3025857f9b10d6e6616c517129
2025-03-06,39.51470947265625,HEWJ,e1045c5b21ef49a76030e9697012f0ca7ca2ec3025857f9b10d6e6616c517129
2025-03-07,39.90182876586914,HEWJ,e1045c5b21ef49a76030e9697012f0ca7ca2ec3025857f9b10d6e6616c517129
2025-03-10,38.891536712646484,HEWJ,e1045c5b21ef49a76030e9697012f0ca7ca2ec3025857f9b10d6e6616c517129
2025-03-11,38.721580505371094,HEWJ,e1045c5b21ef49a76030e9697012f0ca7ca2ec3025857f9b10d6e6616c517129
2025-03-12,39.609130859375,HEWJ,e1045c5b21ef49a76030e9697012f0ca7ca2ec3025857f9b10d6e6616c517129
2025-03-13,39.31642532348633,HEWJ,e1045c5b21ef49a76030e9697012f0ca7ca2ec3025857f9b10d6e6616c517129
2025-03-14,40.185089111328125,HEWJ,e1045c5b21ef49a76030e9697012f0ca7ca2ec3025857f9b10d6e6616c517129
2025-03-17,40.77049255371094,HEWJ,e1045c5b21ef49a76030e9697012f0ca7ca2ec3025857f9b10d6e6616c517129
2025-03-18,40.6949577331543,HEWJ,e1045c5b21ef49a76030e9697012f0ca7ca2ec3025857f9b10d6e6616c517129
2025-03-19,41.07263946533203,HEWJ,e1045c5b21ef49a76030e9697012f0ca7ca2ec3025857f9b10d6e6616c517129
2025-03-20,40.84602355957031,HEWJ,e1045c5b21ef49a76030e9697012f0ca7ca2ec3025857f9b10d6e6616c517129
2025-03-21,40.968772888183594,HEWJ,e1045c5b21ef49a76030e9697012f0ca7ca2ec3025857f9b10d6e6616c517129
2025-03-24,41.25203323364258,HEWJ,e1045c5b21ef49a76030e9697012f0ca7ca2ec3025857f9b10d6e6616c517129
2025-03-25,41.3936653137207,HEWJ,e1045c5b21ef49a76030e9697012f0ca7ca2ec3025857f9b10d6e6616c517129
2025-03-26,41.01598358154297,HEWJ,e1045c5b21ef49a76030e9697012f0ca7ca2ec3025857f9b10d6e6616c517129
2025-03-27,41.07263946533203,HEWJ,e1045c5b21ef49a76030e9697012f0ca7ca2ec3025857f9b10d6e6616c517129
2025-03-28,39.92071533203125,HEWJ,e1045c5b21ef49a76030e9697012f0ca7ca2ec3025857f9b10d6e6616c517129
2025-03-31,39.59968566894531,HEWJ,e1045c5b21ef49a76030e9697012f0ca7ca2ec3025857f9b10d6e6616c517129
2025-04-01,39.325870513916016,HEWJ,e1045c5b21ef49a76030e9697012f0ca7ca2ec3025857f9b10d6e6616c517129
2025-04-02,39.45806121826172,HEWJ,e1045c5b21ef49a76030e9697012f0ca7ca2ec3025857f9b10d6e6616c517129
2025-04-03,36.79541778564453,HEWJ,e1045c5b21ef49a76030e9697012f0ca7ca2ec3025857f9b10d6e6616c517129
2025-04-04,34.72761917114258,HEWJ,e1045c5b21ef49a76030e9697012f0ca7ca2ec3025857f9b10d6e6616c517129
2025-04-07,35.00143814086914,HEWJ,e1045c5b21ef49a76030e9697012f0ca7ca2ec3025857f9b10d6e6616c517129
2025-04-08,34.7937126159668,HEWJ,e1045c5b21ef49a76030e9697012f0ca7ca2ec3025857f9b10d6e6616c517129
2025-04-09,37.956783294677734,HEWJ,e1045c5b21ef49a76030e9697012f0ca7ca2ec3025857f9b10d6e6616c517129
2025-04-10,35.83233642578125,HEWJ,e1045c5b21ef49a76030e9697012f0ca7ca2ec3025857f9b10d6e6616c517129
2025-04-11,36.162803649902344,HEWJ,e1045c5b21ef49a76030e9697012f0ca7ca2ec3025857f9b10d6e6616c517129
2025-04-14,36.81430435180664,HEWJ,e1045c5b21ef49a76030e9697012f0ca7ca2ec3025857f9b10d6e6616c517129
2025-04-15,37.163658142089844,HEWJ,e1045c5b21ef49a76030e9697012f0ca7ca2ec3025857f9b10d6e6616c517129
2025-04-16,36.436622619628906,HEWJ,e1045c5b21ef49a76030e9697012f0ca7ca2ec3025857f9b10d6e6616c517129
2025-04-17,37.42802810668945,HEWJ,e1045c5b21ef49a76030e9697012f0ca7ca2ec3025857f9b10d6e6616c517129
2025-04-21,36.73876190185547,HEWJ,e1045c5b21ef49a76030e9697012f0ca7ca2ec3025857f9b10d6e6616c517129
2025-04-22,37.60742950439453,HEWJ,e1045c5b21ef49a76030e9697012f0ca7ca2ec3025857f9b10d6e6616c517129
2025-04-23,38.43832015991211,HEWJ,e1045c5b21ef49a76030e9697012f0ca7ca2ec3025857f9b10d6e6616c517129
2025-04-24,38.47608947753906,HEWJ,e1045c5b21ef49a76030e9697012f0ca7ca2ec3025857f9b10d6e6616c517129
2025-04-25,39.19367599487305,HEWJ,e1045c5b21ef49a76030e9697012f0ca7ca2ec3025857f9b10d6e6616c517129
2025-04-28,39.391963958740234,HEWJ,e1045c5b21ef49a76030e9697012f0ca7ca2ec3025857f9b10d6e6616c517129
2025-04-29,39.5807991027832,HEWJ,e1045c5b21ef49a76030e9697012f0ca7ca2ec3025857f9b10d6e6616c517129
2025-04-30,39.65633773803711,HEWJ,e1045c5b21ef49a76030e9697012f0ca7ca2ec3025857f9b10d6e6616c517129
2025-05-01,40.118995666503906,HEWJ,e1045c5b21ef49a76030e9697012f0ca7ca2ec3025857f9b10d6e6616c517129
2025-05-02,40.3644905090332,HEWJ,e1045c5b21ef49a76030e9697012f0ca7ca2ec3025857f9b10d6e6616c517129
2025-05-05,40.19453048706055,HEWJ,e1045c5b21ef49a76030e9697012f0ca7ca2ec3025857f9b10d6e6616c517129
2025-05-06,39.91127014160156,HEWJ,e1045c5b21ef49a76030e9697012f0ca7ca2ec3025857f9b10d6e6616c517129
2025-05-07,39.96792221069336,HEWJ,e1045c5b21ef49a76030e9697012f0ca7ca2ec3025857f9b10d6e6616c517129
2025-05-08,40.61941909790039,HEWJ,e1045c5b21ef49a76030e9697012f0ca7ca2ec3025857f9b10d6e6616c517129
2025-05-09,40.44002914428711,HEWJ,e1045c5b21ef49a76030e9697012f0ca7ca2ec3025857f9b10d6e6616c517129
2025-05-12,41.74301528930664,HEWJ,e1045c5b21ef49a76030e9697012f0ca7ca2ec3025857f9b10d6e6616c517129
2025-05-13,41.157615661621094,HEWJ,e1045c5b21ef49a76030e9697012f0ca7ca2ec3025857f9b10d6e6616c517129
2025-05-14,40.572208404541016,HEWJ,e1045c5b21ef49a76030e9697012f0ca7ca2ec3025857f9b10d6e6616c517129
2025-05-15,40.76104736328125,HEWJ,e1045c5b21ef49a76030e9697012f0ca7ca2ec3025857f9b10d6e6616c517129
2025-05-16,40.88379669189453,HEWJ,e1045c5b21ef49a76030e9697012f0ca7ca2ec3025857f9b10d6e6616c517129
2025-05-19,40.6099739074707,HEWJ,e1045c5b21ef49a76030e9697012f0ca7ca2ec3025857f9b10d6e6616c517129
2025-05-20,40.77049255371094,HEWJ,e1045c5b21ef49a76030e9697012f0ca7ca2ec3025857f9b10d6e6616c517129
2025-05-21,40.27006912231445,HEWJ,e1045c5b21ef49a76030e9697012f0ca7ca2ec3025857f9b10d6e6616c517129
2025-05-22,40.31727600097656,HEWJ,e1045c5b21ef49a76030e9697012f0ca7ca2ec3025857f9b10d6e6616c517129
2025-05-23,40.241737365722656,HEWJ,e1045c5b21ef49a76030e9697012f0ca7ca2ec3025857f9b10d6e6616c517129
2025-05-27,41.969627380371094,HEWJ,e1045c5b21ef49a76030e9697012f0ca7ca2ec3025857f9b10d6e6616c517129
2025-05-28,41.32756805419922,HEWJ,e1045c5b21ef49a76030e9697012f0ca7ca2ec3025857f9b10d6e6616c517129
2025-05-29,41.31812286376953,HEWJ,e1045c5b21ef49a76030e9697012f0ca7ca2ec3025857f9b10d6e6616c517129
2025-05-30,41.33700942993164,HEWJ,e1045c5b21ef49a76030e9697012f0ca7ca2ec3025857f9b10d6e6616c517129
2025-06-02,41.53529739379883,HEWJ,e1045c5b21ef49a76030e9697012f0ca7ca2ec3025857f9b10d6e6616c517129
2025-06-03,41.43143081665039,HEWJ,e1045c5b21ef49a76030e9697012f0ca7ca2ec3025857f9b10d6e6616c517129
2025-06-04,41.063194274902344,HEWJ,e1045c5b21ef49a76030e9697012f0ca7ca2ec3025857f9b10d6e6616c517129
2025-06-05,40.86491012573242,HEWJ,e1045c5b21ef49a76030e9697012f0ca7ca2ec3025857f9b10d6e6616c517129
2025-06-06,41.459754943847656,HEWJ,e1045c5b21ef49a76030e9697012f0ca7ca2ec3025857f9b10d6e6616c517129
2025-06-09,41.43143081665039,HEWJ,e1045c5b21ef49a76030e9697012f0ca7ca2ec3025857f9b10d6e6616c517129
2025-06-10,41.53529739379883,HEWJ,e1045c5b21ef49a76030e9697012f0ca7ca2ec3025857f9b10d6e6616c517129
2025-06-11,41.35589599609375,HEWJ,e1045c5b21ef49a76030e9697012f0ca7ca2ec3025857f9b10d6e6616c517129
2025-06-12,41.36533737182617,HEWJ,e1045c5b21ef49a76030e9697012f0ca7ca2ec3025857f9b10d6e6616c517129
2025-06-13,41.10095977783203,HEWJ,e1045c5b21ef49a76030e9697012f0ca7ca2ec3025857f9b10d6e6616c517129
2025-06-16,41.478641510009766,HEWJ,e1045c5b21ef49a76030e9697012f0ca7ca2ec3025857f9b10d6e6616c517129
2025-06-17,41.07263946533203,HEWJ,e1045c5b21ef49a76030e9697012f0ca7ca2ec3025857f9b10d6e6616c517129
2025-06-18,41.48808288574219,HEWJ,e1045c5b21ef49a76030e9697012f0ca7ca2ec3025857f9b10d6e6616c517129
2025-06-20,41.07263946533203,HEWJ,e1045c5b21ef49a76030e9697012f0ca7ca2ec3025857f9b10d6e6616c517129
2025-06-23,41.21426773071289,HEWJ,e1045c5b21ef49a76030e9697012f0ca7ca2ec3025857f9b10d6e6616c517129
2025-06-24,41.22370529174805,HEWJ,e1045c5b21ef49a76030e9697012f0ca7ca2ec3025857f9b10d6e6616c517129
2025-06-25,41.20482635498047,HEWJ,e1045c5b21ef49a76030e9697012f0ca7ca2ec3025857f9b10d6e6616c517129
2025-06-26,41.84687805175781,HEWJ,e1045c5b21ef49a76030e9697012f0ca7ca2ec3025857f9b10d6e6616c517129
2025-06-27,42.72498321533203,HEWJ,e1045c5b21ef49a76030e9697012f0ca7ca2ec3025857f9b10d6e6616c517129
2025-06-30,42.2906494140625,HEWJ,e1045c5b21ef49a76030e9697012f0ca7ca2ec3025857f9b10d6e6616c517129
2025-07-01,41.856319427490234,HEWJ,e1045c5b21ef49a76030e9697012f0ca7ca2ec3025857f9b10d6e6616c517129
2025-07-02,41.91257095336914,HEWJ,e1045c5b21ef49a76030e9697012f0ca7ca2ec3025857f9b10d6e6616c517129
2025-07-03,42.44649124145508,HEWJ,e1045c5b21ef49a76030e9697012f0ca7ca2ec3025857f9b10d6e6616c517129
2025-07-07,41.68375015258789,HEWJ,e1045c5b21ef49a76030e9697012f0ca7ca2ec3025857f9b10d6e6616c517129
2025-07-08,42.09372329711914,HEWJ,e1045c5b21ef49a76030e9697012f0ca7ca2ec3025857f9b10d6e6616c517129
2025-07-09,42.1223258972168,HEWJ,e1045c5b21ef49a76030e9697012f0ca7ca2ec3025857f9b10d6e6616c517129
2025-07-10,41.89350128173828,HEWJ,e1045c5b21ef49a76030e9697012f0ca7ca2ec3025857f9b10d6e6616c517129
2025-07-11,41.84583282470703,HEWJ,e1045c5b21ef49a76030e9697012f0ca7ca2ec3025857f9b10d6e6616c517129
2025-07-14,42.046051025390625,HEWJ,e1045c5b21ef49a76030e9697012f0ca7ca2ec3025857f9b10d6e6616c517129
2025-07-15,41.931640625,HEWJ,e1045c5b21ef49a76030e9697012f0ca7ca2ec3025857f9b10d6e6616c517129
2025-07-16,41.76955795288086,HEWJ,e1045c5b21ef49a76030e9697012f0ca7ca2ec3025857f9b10d6e6616c517129
2025-07-17,42.27487564086914,HEWJ,e1045c5b21ef49a76030e9697012f0ca7ca2ec3025857f9b10d6e6616c517129
2025-07-18,42.00791549682617,HEWJ,e1045c5b21ef49a76030e9697012f0ca7ca2ec3025857f9b10d6e6616c517129
2025-07-21,42.07465744018555,HEWJ,e1045c5b21ef49a76030e9697012f0ca7ca2ec3025857f9b10d6e6616c517129
2025-07-22,42.05558776855469,HEWJ,e1045c5b21ef49a76030e9697012f0ca7ca2ec3025857f9b10d6e6616c517129
2025-07-23,44.057777404785156,HEWJ,e1045c5b21ef49a76030e9697012f0ca7ca2ec3025857f9b10d6e6616c517129
2025-07-24,44.2007942199707,HEWJ,e1045c5b21ef49a76030e9697012f0ca7ca2ec3025857f9b10d6e6616c517129
2025-07-25,43.8575553894043,HEWJ,e1045c5b21ef49a76030e9697012f0ca7ca2ec3025857f9b10d6e6616c517129
2025-07-28,43.33317947387695,HEWJ,e1045c5b21ef49a76030e9697012f0ca7ca2ec3025857f9b10d6e6616c517129
2025-07-29,43.12342071533203,HEWJ,e1045c5b21ef49a76030e9697012f0ca7ca2ec3025857f9b10d6e6616c517129
2025-07-30,43.42851638793945,HEWJ,e1045c5b21ef49a76030e9697012f0ca7ca2ec3025857f9b10d6e6616c517129
2025-07-31,43.619205474853516,HEWJ,e1045c5b21ef49a76030e9697012f0ca7ca2ec3025857f9b10d6e6616c517129
2025-08-01,43.03761291503906,HEWJ,e1045c5b21ef49a76030e9697012f0ca7ca2ec3025857f9b10d6e6616c517129
2025-08-04,43.600135803222656,HEWJ,e1045c5b21ef49a76030e9697012f0ca7ca2ec3025857f9b10d6e6616c517129
2025-08-05,43.56199645996094,HEWJ,e1045c5b21ef49a76030e9697012f0ca7ca2ec3025857f9b10d6e6616c517129
2025-08-06,44.029178619384766,HEWJ,e1045c5b21ef49a76030e9697012f0ca7ca2ec3025857f9b10d6e6616c517129
2025-08-07,44.38194274902344,HEWJ,e1045c5b21ef49a76030e9697012f0ca7ca2ec3025857f9b10d6e6616c517129
2025-08-08,45.36397171020508,HEWJ,e1045c5b21ef49a76030e9697012f0ca7ca2ec3025857f9b10d6e6616c517129
2025-08-11,45.392578125,HEWJ,e1045c5b21ef49a76030e9697012f0ca7ca2ec3025857f9b10d6e6616c517129
2025-08-12,46.126712799072266,HEWJ,e1045c5b21ef49a76030e9697012f0ca7ca2ec3025857f9b10d6e6616c517129
2025-08-13,46.012298583984375,HEWJ,e1045c5b21ef49a76030e9697012f0ca7ca2ec3025857f9b10d6e6616c517129
2025-08-14,45.850215911865234,HEWJ,e1045c5b21ef49a76030e9697012f0ca7ca2ec3025857f9b10d6e6616c517129
2025-08-15,46.517616271972656,HEWJ,e1045c5b21ef49a76030e9697012f0ca7ca2ec3025857f9b10d6e6616c517129
2025-08-18,46.82271194458008,HEWJ,e1045c5b21ef49a76030e9697012f0ca7ca2ec3025857f9b10d6e6616c517129
2025-08-19,46.54621887207031,HEWJ,e1045c5b21ef49a76030e9697012f0ca7ca2ec3025857f9b10d6e6616c517129
2025-08-20,46.241119384765625,HEWJ,e1045c5b21ef49a76030e9697012f0ca7ca2ec3025857f9b10d6e6616c517129
2025-08-21,46.0409049987793,HEWJ,e1045c5b21ef49a76030e9697012f0ca7ca2ec3025857f9b10d6e6616c517129
2025-08-22,46.403202056884766,HEWJ,e1045c5b21ef49a76030e9697012f0ca7ca2ec3025857f9b10d6e6616c517129
2025-08-25,46.079044342041016,HEWJ,e1045c5b21ef49a76030e9697012f0ca7ca2ec3025857f9b10d6e6616c517129
2025-08-26,45.89788818359375,HEWJ,e1045c5b21ef49a76030e9697012f0ca7ca2ec3025857f9b10d6e6616c517129
2025-08-27,45.79301452636719,HEWJ,e1045c5b21ef49a76030e9697012f0ca7ca2ec3025857f9b10d6e6616c517129
2025-08-28,46.012298583984375,HEWJ,e1045c5b21ef49a76030e9697012f0ca7ca2ec3025857f9b10d6e6616c517129
2025-08-29,45.43070983886719,HEWJ,e1045c5b21ef49a76030e9697012f0ca7ca2ec3025857f9b10d6e6616c517129
2025-09-02,45.71673583984375,HEWJ,e1045c5b21ef49a76030e9697012f0ca7ca2ec3025857f9b10d6e6616c517129
2025-09-03,45.54512405395508,HEWJ,e1045c5b21ef49a76030e9697012f0ca7ca2ec3025857f9b10d6e6616c517129
2025-09-04,46.20298385620117,HEWJ,e1045c5b21ef49a76030e9697012f0ca7ca2ec3025857f9b10d6e6616c517129
2025-09-05,46.107643127441406,HEWJ,e1045c5b21ef49a76030e9697012f0ca7ca2ec3025857f9b10d6e6616c517129
2025-09-08,47.1373405456543,HEWJ,e1045c5b21ef49a76030e9697012f0ca7ca2ec3025857f9b10d6e6616c517129
2025-09-09,46.64155960083008,HEWJ,e1045c5b21ef49a76030e9697012f0ca7ca2ec3025857f9b10d6e6616c517129
2025-09-10,46.832244873046875,HEWJ,e1045c5b21ef49a76030e9697012f0ca7ca2ec3025857f9b10d6e6616c517129
2025-09-11,47.3089599609375,HEWJ,e1045c5b21ef49a76030e9697012f0ca7ca2ec3025857f9b10d6e6616c517129
2025-09-12,47.1182746887207,HEWJ,e1045c5b21ef49a76030e9697012f0ca7ca2ec3025857f9b10d6e6616c517129
2025-09-15,47.41383361816406,HEWJ,e1045c5b21ef49a76030e9697012f0ca7ca2ec3025857f9b10d6e6616c517129
2025-09-16,47.1182746887207,HEWJ,e1045c5b21ef49a76030e9697012f0ca7ca2ec3025857f9b10d6e6616c517129
2025-09-17,47.1182746887207,HEWJ,e1045c5b21ef49a76030e9697012f0ca7ca2ec3025857f9b10d6e6616c517129
2025-09-18,47.70939636230469,HEWJ,e1045c5b21ef49a76030e9697012f0ca7ca2ec3025857f9b10d6e6616c517129
2025-09-19,47.242218017578125,HEWJ,e1045c5b21ef49a76030e9697012f0ca7ca2ec3025857f9b10d6e6616c517129
2025-09-22,47.490108489990234,HEWJ,e1045c5b21ef49a76030e9697012f0ca7ca2ec3025857f9b10d6e6616c517129
2025-09-23,47.35662841796875,HEWJ,e1045c5b21ef49a76030e9697012f0ca7ca2ec3025857f9b10d6e6616c517129
2025-09-24,47.614051818847656,HEWJ,e1045c5b21ef49a76030e9697012f0ca7ca2ec3025857f9b10d6e6616c517129
2025-09-25,47.68079376220703,HEWJ,e1045c5b21ef49a76030e9697012f0ca7ca2ec3025857f9b10d6e6616c517129
2025-09-26,47.59498596191406,HEWJ,e1045c5b21ef49a76030e9697012f0ca7ca2ec3025857f9b10d6e6616c517129
2025-09-29,47.38523483276367,HEWJ,e1045c5b21ef49a76030e9697012f0ca7ca2ec3025857f9b10d6e6616c517129
2025-09-30,46.975257873535156,HEWJ,e1045c5b21ef49a76030e9697012f0ca7ca2ec3025857f9b10d6e6616c517129
2025-10-01,46.698768615722656,HEWJ,e1045c5b21ef49a76030e9697012f0ca7ca2ec3025857f9b10d6e6616c517129
2025-10-02,46.736900329589844,HEWJ,e1045c5b21ef49a76030e9697012f0ca7ca2ec3025857f9b10d6e6616c517129
2025-10-03,47.833343505859375,HEWJ,e1045c5b21ef49a76030e9697012f0ca7ca2ec3025857f9b10d6e6616c517129
2025-10-06,49.61624526977539,HEWJ,e1045c5b21ef49a76030e9697012f0ca7ca2ec3025857f9b10d6e6616c517129
2025-10-07,49.320682525634766,HEWJ,e1045c5b21ef49a76030e9697012f0ca7ca2ec3025857f9b10d6e6616c517129
2025-10-08,49.454166412353516,HEWJ,e1045c5b21ef49a76030e9697012f0ca7ca2ec3025857f9b10d6e6616c517129
2025-10-09,49.47323226928711,HEWJ,e1045c5b21ef49a76030e9697012f0ca7ca2ec3025857f9b10d6e6616c517129
2025-10-10,47.194549560546875,HEWJ,e1045c5b21ef49a76030e9697012f0ca7ca2ec3025857f9b10d6e6616c517129
2025-10-13,47.9382209777832,HEWJ,e1045c5b21ef49a76030e9697012f0ca7ca2ec3025857f9b10d6e6616c517129
2025-10-14,48.17657470703125,HEWJ,e1045c5b21ef49a76030e9697012f0ca7ca2ec3025857f9b10d6e6616c517129
2025-10-15,48.73909378051758,HEWJ,e1045c5b21ef49a76030e9697012f0ca7ca2ec3025857f9b10d6e6616c517129
2025-10-16,48.60561752319336,HEWJ,e1045c5b21ef49a76030e9697012f0ca7ca2ec3025857f9b10d6e6616c517129
2025-10-17,48.948848724365234,HEWJ,e1045c5b21ef49a76030e9697012f0ca7ca2ec3025857f9b10d6e6616c517129
2025-10-20,49.911808013916016,HEWJ,e1045c5b21ef49a76030e9697012f0ca7ca2ec3025857f9b10d6e6616c517129
2025-10-21,49.7783317565918,HEWJ,e1045c5b21ef49a76030e9697012f0ca7ca2ec3025857f9b10d6e6616c517129
2025-10-22,49.587642669677734,HEWJ,e1045c5b21ef49a76030e9697012f0ca7ca2ec3025857f9b10d6e6616c517129
2025-10-23,49.75925827026367,HEWJ,e1045c5b21ef49a76030e9697012f0ca7ca2ec3025857f9b10d6e6616c517129
2025-10-24,50.0548210144043,HEWJ,e1045c5b21ef49a76030e9697012f0ca7ca2ec3025857f9b10d6e6616c517129
2025-10-27,50.665016174316406,HEWJ,e1045c5b21ef49a76030e9697012f0ca7ca2ec3025857f9b10d6e6616c517129
2025-10-28,50.665016174316406,HEWJ,e1045c5b21ef49a76030e9697012f0ca7ca2ec3025857f9b10d6e6616c517129
2025-10-29,50.38852310180664,HEWJ,e1045c5b21ef49a76030e9697012f0ca7ca2ec3025857f9b10d6e6616c517129
2025-10-30,50.846168518066406,HEWJ,e1045c5b21ef49a76030e9697012f0ca7ca2ec3025857f9b10d6e6616c517129
2025-10-31,50.99871826171875,HEWJ,e1045c5b21ef49a76030e9697012f0ca7ca2ec3025857f9b10d6e6616c517129
2025-11-03,51.13219451904297,HEWJ,e1045c5b21ef49a76030e9697012f0ca7ca2ec3025857f9b10d6e6616c517129
2025-11-04,50.39805603027344,HEWJ,e1045c5b21ef49a76030e9697012f0ca7ca2ec3025857f9b10d6e6616c517129
2025-11-05,50.588741302490234,HEWJ,e1045c5b21ef49a76030e9697012f0ca7ca2ec3025857f9b10d6e6616c517129
2025-11-06,50.36945343017578,HEWJ,e1045c5b21ef49a76030e9697012f0ca7ca2ec3025857f9b10d6e6616c517129
2025-11-07,50.684085845947266,HEWJ,e1045c5b21ef49a76030e9697012f0ca7ca2ec3025857f9b10d6e6616c517129
2025-11-10,51.13219451904297,HEWJ,e1045c5b21ef49a76030e9697012f0ca7ca2ec3025857f9b10d6e6616c517129
2025-11-11,51.2180061340332,HEWJ,e1045c5b21ef49a76030e9697012f0ca7ca2ec3025857f9b10d6e6616c517129
2025-11-12,51.78052520751953,HEWJ,e1045c5b21ef49a76030e9697012f0ca7ca2ec3025857f9b10d6e6616c517129
2025-11-13,50.884300231933594,HEWJ,e1045c5b21ef49a76030e9697012f0ca7ca2ec3025857f9b10d6e6616c517129
2025-11-14,51.59937286376953,HEWJ,e1045c5b21ef49a76030e9697012f0ca7ca2ec3025857f9b10d6e6616c517129
2025-11-17,50.798492431640625,HEWJ,e1045c5b21ef49a76030e9697012f0ca7ca2ec3025857f9b10d6e6616c517129
2025-11-18,49.816463470458984,HEWJ,e1045c5b21ef49a76030e9697012f0ca7ca2ec3025857f9b10d6e6616c517129
2025-11-19,50.30270767211914,HEWJ,e1045c5b21ef49a76030e9697012f0ca7ca2ec3025857f9b10d6e6616c517129
2025-11-20,49.816463470458984,HEWJ,e1045c5b21ef49a76030e9697012f0ca7ca2ec3025857f9b10d6e6616c517129
2025-11-21,50.47433090209961,HEWJ,e1045c5b21ef49a76030e9697012f0ca7ca2ec3025857f9b10d6e6616c517129
2025-11-24,50.93197250366211,HEWJ,e1045c5b21ef49a76030e9697012f0ca7ca2ec3025857f9b10d6e6616c517129
2025-11-25,50.85569763183594,HEWJ,e1045c5b21ef49a76030e9697012f0ca7ca2ec3025857f9b10d6e6616c517129
2025-11-26,51.78052520751953,HEWJ,e1045c5b21ef49a76030e9697012f0ca7ca2ec3025857f9b10d6e6616c517129
2025-11-28,51.56123733520508,HEWJ,e1045c5b21ef49a76030e9697012f0ca7ca2ec3025857f9b10d6e6616c517129
2025-12-01,51.04638671875,HEWJ,e1045c5b21ef49a76030e9697012f0ca7ca2ec3025857f9b10d6e6616c517129
2025-12-02,51.002296447753906,HEWJ,e1045c5b21ef49a76030e9697012f0ca7ca2ec3025857f9b10d6e6616c517129
2025-12-03,50.90644454956055,HEWJ,e1045c5b21ef49a76030e9697012f0ca7ca2ec3025857f9b10d6e6616c517129
2025-12-04,51.548641204833984,HEWJ,e1045c5b21ef49a76030e9697012f0ca7ca2ec3025857f9b10d6e6616c517129
2025-12-05,51.71159362792969,HEWJ,e1045c5b21ef49a76030e9697012f0ca7ca2ec3025857f9b10d6e6616c517129
2025-12-08,51.634910583496094,HEWJ,e1045c5b21ef49a76030e9697012f0ca7ca2ec3025857f9b10d6e6616c517129
2025-12-09,52.00872802734375,HEWJ,e1045c5b21ef49a76030e9697012f0ca7ca2ec3025857f9b10d6e6616c517129
2025-12-10,52.05665588378906,HEWJ,e1045c5b21ef49a76030e9697012f0ca7ca2ec3025857f9b10d6e6616c517129
2025-12-11,51.9608039855957,HEWJ,e1045c5b21ef49a76030e9697012f0ca7ca2ec3025857f9b10d6e6616c517129
2025-12-12,52.094993591308594,HEWJ,e1045c5b21ef49a76030e9697012f0ca7ca2ec3025857f9b10d6e6616c517129
2025-12-15,52.4208869934082,HEWJ,e1045c5b21ef49a76030e9697012f0ca7ca2ec3025857f9b10d6e6616c517129
2025-12-16,51.702003479003906,HEWJ,e1045c5b21ef49a76030e9697012f0ca7ca2ec3025857f9b10d6e6616c517129
2025-12-17,51.213165283203125,HEWJ,e1045c5b21ef49a76030e9697012f0ca7ca2ec3025857f9b10d6e6616c517129
2025-12-18,51.414451599121094,HEWJ,e1045c5b21ef49a76030e9697012f0ca7ca2ec3025857f9b10d6e6616c517129
2025-12-19,52.50715255737305,HEWJ,e1045c5b21ef49a76030e9697012f0ca7ca2ec3025857f9b10d6e6616c517129
2025-12-22,52.19084548950195,HEWJ,e1045c5b21ef49a76030e9697012f0ca7ca2ec3025857f9b10d6e6616c517129
2025-12-23,52.44446563720703,HEWJ,e1045c5b21ef49a76030e9697012f0ca7ca2ec3025857f9b10d6e6616c517129
2025-12-24,52.2157096862793,HEWJ,e1045c5b21ef49a76030e9697012f0ca7ca2ec3025857f9b10d6e6616c517129
2025-12-26,52.384788513183594,HEWJ,e1045c5b21ef49a76030e9697012f0ca7ca2ec3025857f9b10d6e6616c517129
2025-12-29,52.335060119628906,HEWJ,e1045c5b21ef49a76030e9697012f0ca7ca2ec3025857f9b10d6e6616c517129
2025-12-30,52.53397750854492,HEWJ,e1045c5b21ef49a76030e9697012f0ca7ca2ec3025857f9b10d6e6616c517129
2025-12-31,52.41463088989258,HEWJ,e1045c5b21ef49a76030e9697012f0ca7ca2ec3025857f9b10d6e6616c517129
2026-01-02,52.812461853027344,HEWJ,e1045c5b21ef49a76030e9697012f0ca7ca2ec3025857f9b10d6e6616c517129
2026-01-05,53.78715896606445,HEWJ,e1045c5b21ef49a76030e9697012f0ca7ca2ec3025857f9b10d6e6616c517129
2026-01-06,53.88661575317383,HEWJ,e1045c5b21ef49a76030e9697012f0ca7ca2ec3025857f9b10d6e6616c517129
2026-01-07,53.83688735961914,HEWJ,e1045c5b21ef49a76030e9697012f0ca7ca2ec3025857f9b10d6e6616c517129
2026-01-08,53.89655685424805,HEWJ,e1045c5b21ef49a76030e9697012f0ca7ca2ec3025857f9b10d6e6616c517129
2026-01-09,55.38843536376953,HEWJ,e1045c5b21ef49a76030e9697012f0ca7ca2ec3025857f9b10d6e6616c517129
2026-01-12,55.855892181396484,HEWJ,e1045c5b21ef49a76030e9697012f0ca7ca2ec3025857f9b10d6e6616c517129
2026-01-13,55.647029876708984,HEWJ,e1045c5b21ef49a76030e9697012f0ca7ca2ec3025857f9b10d6e6616c517129
2026-01-14,55.975242614746094,HEWJ,e1045c5b21ef49a76030e9697012f0ca7ca2ec3025857f9b10d6e6616c517129
2026-01-15,56.11448287963867,HEWJ,e1045c5b21ef49a76030e9697012f0ca7ca2ec3025857f9b10d6e6616c517129
2026-01-16,56.074703216552734,HEWJ,e1045c5b21ef49a76030e9697012f0ca7ca2ec3025857f9b10d6e6616c517129
2026-01-20,54.96076583862305,HEWJ,e1045c5b21ef49a76030e9697012f0ca7ca2ec3025857f9b10d6e6616c517129
2026-01-21,55.72659683227539,HEWJ,e1045c5b21ef49a76030e9697012f0ca7ca2ec3025857f9b10d6e6616c517129
2026-01-22,55.78627014160156,HEWJ,e1045c5b21ef49a76030e9697012f0ca7ca2ec3025857f9b10d6e6616c517129
2026-01-23,54.73200988769531,HEWJ,e1045c5b21ef49a76030e9697012f0ca7ca2ec3025857f9b10d6e6616c517129
2026-01-26,54.085533142089844,HEWJ,e1045c5b21ef49a76030e9697012f0ca7ca2ec3025857f9b10d6e6616c517129
2026-01-27,54.254608154296875,HEWJ,e1045c5b21ef49a76030e9697012f0ca7ca2ec3025857f9b10d6e6616c517129
2026-01-28,54.20487976074219,HEWJ,e1045c5b21ef49a76030e9697012f0ca7ca2ec3025857f9b10d6e6616c517129
2026-01-29,54.66238784790039,HEWJ,e1045c5b21ef49a76030e9697012f0ca7ca2ec3025857f9b10d6e6616c517129
2026-01-30,55.06022644042969,HEWJ,e1045c5b21ef49a76030e9697012f0ca7ca2ec3025857f9b10d6e6616c517129
2026-02-02,55.35860061645508,HEWJ,e1045c5b21ef49a76030e9697012f0ca7ca2ec3025857f9b10d6e6616c517129
2026-02-03,56.11448287963867,HEWJ,e1045c5b21ef49a76030e9697012f0ca7ca2ec3025857f9b10d6e6616c517129
2026-02-04,56.969825744628906,HEWJ,e1045c5b21ef49a76030e9697012f0ca7ca2ec3025857f9b10d6e6616c517129
2026-02-05,56.19404983520508,HEWJ,e1045c5b21ef49a76030e9697012f0ca7ca2ec3025857f9b10d6e6616c517129
2026-02-06,58.34235382080078,HEWJ,e1045c5b21ef49a76030e9697012f0ca7ca2ec3025857f9b10d6e6616c517129
2026-02-09,59.18775177001953,HEWJ,e1045c5b21ef49a76030e9697012f0ca7ca2ec3025857f9b10d6e6616c517129
2026-02-10,59.86406707763672,HEWJ,e1045c5b21ef49a76030e9697012f0ca7ca2ec3025857f9b10d6e6616c517129
2026-02-11,59.953582763671875,HEWJ,e1045c5b21ef49a76030e9697012f0ca7ca2ec3025857f9b10d6e6616c517129
2026-02-12,59.4562873840332,HEWJ,e1045c5b21ef49a76030e9697012f0ca7ca2ec3025857f9b10d6e6616c517129
2026-02-13,59.625370025634766,HEWJ,e1045c5b21ef49a76030e9697012f0ca7ca2ec3025857f9b10d6e6616c517129
2026-02-17,58.68051528930664,HEWJ,e1045c5b21ef49a76030e9697012f0ca7ca2ec3025857f9b10d6e6616c517129
2026-02-18,58.899322509765625,HEWJ,e1045c5b21ef49a76030e9697012f0ca7ca2ec3025857f9b10d6e6616c517129
2026-02-19,58.9589958190918,HEWJ,e1045c5b21ef49a76030e9697012f0ca7ca2ec3025857f9b10d6e6616c517129
2026-02-20,58.97888946533203,HEWJ,e1045c5b21ef49a76030e9697012f0ca7ca2ec3025857f9b10d6e6616c517129
2026-02-23,58.85953903198242,HEWJ,e1045c5b21ef49a76030e9697012f0ca7ca2ec3025857f9b10d6e6616c517129
2026-02-24,59.18775177001953,HEWJ,e1045c5b21ef49a76030e9697012f0ca7ca2ec3025857f9b10d6e6616c517129
2026-02-25,60.21217727661133,HEWJ,e1045c5b21ef49a76030e9697012f0ca7ca2ec3025857f9b10d6e6616c517129
2026-02-26,60.142555236816406,HEWJ,e1045c5b21ef49a76030e9697012f0ca7ca2ec3025857f9b10d6e6616c517129
2026-02-27,60.08287811279297,HEWJ,e1045c5b21ef49a76030e9697012f0ca7ca2ec3025857f9b10d6e6616c517129
2026-03-02,59.2076416015625,HEWJ,e1045c5b21ef49a76030e9697012f0ca7ca2ec3025857f9b10d6e6616c517129
2026-03-03,56.910152435302734,HEWJ,e1045c5b21ef49a76030e9697012f0ca7ca2ec3025857f9b10d6e6616c517129
2026-03-04,57.97435760498047,HEWJ,e1045c5b21ef49a76030e9697012f0ca7ca2ec3025857f9b10d6e6616c517129
2026-03-05,56.41286087036133,HEWJ,e1045c5b21ef49a76030e9697012f0ca7ca2ec3025857f9b10d6e6616c517129
2026-03-06,55.855892181396484,HEWJ,e1045c5b21ef49a76030e9697012f0ca7ca2ec3025857f9b10d6e6616c517129
2026-03-09,55.99513244628906,HEWJ,e1045c5b21ef49a76030e9697012f0ca7ca2ec3025857f9b10d6e6616c517129
2026-03-10,57.03944778442383,HEWJ,e1045c5b21ef49a76030e9697012f0ca7ca2ec3025857f9b10d6e6616c517129
2026-03-11,56.73112869262695,HEWJ,e1045c5b21ef49a76030e9697012f0ca7ca2ec3025857f9b10d6e6616c517129
2026-03-12,55.975242614746094,HEWJ,e1045c5b21ef49a76030e9697012f0ca7ca2ec3025857f9b10d6e6616c517129
2026-03-13,55.4680061340332,HEWJ,e1045c5b21ef49a76030e9697012f0ca7ca2ec3025857f9b10d6e6616c517129
2026-03-16,56.452640533447266,HEWJ,e1045c5b21ef49a76030e9697012f0ca7ca2ec3025857f9b10d6e6616c517129
2026-03-17,56.44269561767578,HEWJ,e1045c5b21ef49a76030e9697012f0ca7ca2ec3025857f9b10d6e6616c517129
2026-03-18,56.064754486083984,HEWJ,e1045c5b21ef49a76030e9697012f0ca7ca2ec3025857f9b10d6e6616c517129
2026-03-19,55.32876205444336,HEWJ,e1045c5b21ef49a76030e9697012f0ca7ca2ec3025857f9b10d6e6616c517129
2026-03-20,53.96617889404297,HEWJ,e1045c5b21ef49a76030e9697012f0ca7ca2ec3025857f9b10d6e6616c517129
2026-03-23,55.16962814331055,HEWJ,e1045c5b21ef49a76030e9697012f0ca7ca2ec3025857f9b10d6e6616c517129
2026-03-24,55.30887222290039,HEWJ,e1045c5b21ef49a76030e9697012f0ca7ca2ec3025857f9b10d6e6616c517129
2026-03-25,56.392967224121094,HEWJ,e1045c5b21ef49a76030e9697012f0ca7ca2ec3025857f9b10d6e6616c517129
2026-03-26,55.26908874511719,HEWJ,e1045c5b21ef49a76030e9697012f0ca7ca2ec3025857f9b10d6e6616c517129
2026-03-27,54.42369079589844,HEWJ,e1045c5b21ef49a76030e9697012f0ca7ca2ec3025857f9b10d6e6616c517129
2026-03-30,54.383907318115234,HEWJ,e1045c5b21ef49a76030e9697012f0ca7ca2ec3025857f9b10d6e6616c517129
2026-03-31,55.975242614746094,HEWJ,e1045c5b21ef49a76030e9697012f0ca7ca2ec3025857f9b10d6e6616c517129
2026-04-01,57.50690460205078,HEWJ,e1045c5b21ef49a76030e9697012f0ca7ca2ec3025857f9b10d6e6616c517129
2026-04-02,56.95988082885742,HEWJ,e1045c5b21ef49a76030e9697012f0ca7ca2ec3025857f9b10d6e6616c517129
2026-04-06,57.06928634643555,HEWJ,e1045c5b21ef49a76030e9697012f0ca7ca2ec3025857f9b10d6e6616c517129
2026-04-07,56.95988082885742,HEWJ,e1045c5b21ef49a76030e9697012f0ca7ca2ec3025857f9b10d6e6616c517129
2026-04-08,59.27726364135742,HEWJ,e1045c5b21ef49a76030e9697012f0ca7ca2ec3025857f9b10d6e6616c517129
2026-04-09,58.670570373535156,HEWJ,e1045c5b21ef49a76030e9697012f0ca7ca2ec3025857f9b10d6e6616c517129
2026-04-10,58.660621643066406,HEWJ,e1045c5b21ef49a76030e9697012f0ca7ca2ec3025857f9b10d6e6616c517129
2026-04-13,58.81975555419922,HEWJ,e1045c5b21ef49a76030e9697012f0ca7ca2ec3025857f9b10d6e6616c517129
2026-04-14,59.346885681152344,HEWJ,e1045c5b21ef49a76030e9697012f0ca7ca2ec3025857f9b10d6e6616c517129
2026-04-15,59.138023376464844,HEWJ,e1045c5b21ef49a76030e9697012f0ca7ca2ec3025857f9b10d6e6616c517129
2026-04-16,59.446346282958984,HEWJ,e1045c5b21ef49a76030e9697012f0ca7ca2ec3025857f9b10d6e6616c517129
2026-04-17,59.8541259765625,HEWJ,e1045c5b21ef49a76030e9697012f0ca7ca2ec3025857f9b10d6e6616c517129
2026-04-20,59.317047119140625,HEWJ,e1045c5b21ef49a76030e9697012f0ca7ca2ec3025857f9b10d6e6616c517129
2026-04-21,58.242897033691406,HEWJ,e1045c5b21ef49a76030e9697012f0ca7ca2ec3025857f9b10d6e6616c517129
2026-04-22,58.61089324951172,HEWJ,e1045c5b21ef49a76030e9697012f0ca7ca2ec3025857f9b10d6e6616c517129
2026-04-23,58.22300720214844,HEWJ,e1045c5b21ef49a76030e9697012f0ca7ca2ec3025857f9b10d6e6616c517129
2026-04-24,58.26279067993164,HEWJ,e1045c5b21ef49a76030e9697012f0ca7ca2ec3025857f9b10d6e6616c517129
2026-04-27,58.46170425415039,HEWJ,e1045c5b21ef49a76030e9697012f0ca7ca2ec3025857f9b10d6e6616c517129
2026-04-28,58.56116485595703,HEWJ,e1045c5b21ef49a76030e9697012f0ca7ca2ec3025857f9b10d6e6616c517129
2026-04-29,58.30257034301758,HEWJ,e1045c5b21ef49a76030e9697012f0ca7ca2ec3025857f9b10d6e6616c517129
2026-04-30,58.52138137817383,HEWJ,e1045c5b21ef49a76030e9697012f0ca7ca2ec3025857f9b10d6e6616c517129
2026-05-01,58.143436431884766,HEWJ,e1045c5b21ef49a76030e9697012f0ca7ca2ec3025857f9b10d6e6616c517129
2026-05-04,58.073814392089844,HEWJ,e1045c5b21ef49a76030e9697012f0ca7ca2ec3025857f9b10d6e6616c517129
2026-05-05,59.018672943115234,HEWJ,e1045c5b21ef49a76030e9697012f0ca7ca2ec3025857f9b10d6e6616c517129
2026-05-06,60.132606506347656,HEWJ,e1045c5b21ef49a76030e9697012f0ca7ca2ec3025857f9b10d6e6616c517129
2026-05-07,59.86406707763672,HEWJ,e1045c5b21ef49a76030e9697012f0ca7ca2ec3025857f9b10d6e6616c517129
2026-05-08,60.75919723510742,HEWJ,e1045c5b21ef49a76030e9697012f0ca7ca2ec3025857f9b10d6e6616c517129
2026-05-11,60.86860275268555,HEWJ,e1045c5b21ef49a76030e9697012f0ca7ca2ec3025857f9b10d6e6616c517129
2026-05-12,60.94816589355469,HEWJ,e1045c5b21ef49a76030e9697012f0ca7ca2ec3025857f9b10d6e6616c517129
2026-05-13,61.70405197143555,HEWJ,e1045c5b21ef49a76030e9697012f0ca7ca2ec3025857f9b10d6e6616c517129
2026-05-14,61.127193450927734,HEWJ,e1045c5b21ef49a76030e9697012f0ca7ca2ec3025857f9b10d6e6616c517129
2026-05-15,60.59011459350586,HEWJ,e1045c5b21ef49a76030e9697012f0ca7ca2ec3025857f9b10d6e6616c517129
2026-05-18,60.6895751953125,HEWJ,e1045c5b21ef49a76030e9697012f0ca7ca2ec3025857f9b10d6e6616c517129
2026-05-19,60.15250015258789,HEWJ,e1045c5b21ef49a76030e9697012f0ca7ca2ec3025857f9b10d6e6616c517129
2026-05-20,60.84870910644531,HEWJ,e1045c5b21ef49a76030e9697012f0ca7ca2ec3025857f9b10d6e6616c517129
2026-05-21,60.96805953979492,HEWJ,e1045c5b21ef49a76030e9697012f0ca7ca2ec3025857f9b10d6e6616c517129
2026-05-22,61.216705322265625,HEWJ,e1045c5b21ef49a76030e9697012f0ca7ca2ec3025857f9b10d6e6616c517129
2026-05-26,62.19139862060547,HEWJ,e1045c5b21ef49a76030e9697012f0ca7ca2ec3025857f9b10d6e6616c517129
2026-05-27,61.883079528808594,HEWJ,e1045c5b21ef49a76030e9697012f0ca7ca2ec3025857f9b10d6e6616c517129
2026-05-28,62.00242614746094,HEWJ,e1045c5b21ef49a76030e9697012f0ca7ca2ec3025857f9b10d6e6616c517129
2026-05-29,62.042213439941406,HEWJ,e1045c5b21ef49a76030e9697012f0ca7ca2ec3025857f9b10d6e6616c517129
2026-06-01,62.32069396972656,HEWJ,e1045c5b21ef49a76030e9697012f0ca7ca2ec3025857f9b10d6e6616c517129
2026-06-02,62.76825714111328,HEWJ,e1045c5b21ef49a76030e9697012f0ca7ca2ec3025857f9b10d6e6616c517129
2026-06-03,63.116363525390625,HEWJ,e1045c5b21ef49a76030e9697012f0ca7ca2ec3025857f9b10d6e6616c517129
2026-06-04,63.295387268066406,HEWJ,e1045c5b21ef49a76030e9697012f0ca7ca2ec3025857f9b10d6e6616c517129
2026-06-05,61.07746505737305,HEWJ,e1045c5b21ef49a76030e9697012f0ca7ca2ec3025857f9b10d6e6616c517129
2026-06-08,61.84329605102539,HEWJ,e1045c5b21ef49a76030e9697012f0ca7ca2ec3025857f9b10d6e6616c517129
2026-06-09,61.32611083984375,HEWJ,e1045c5b21ef49a76030e9697012f0ca7ca2ec3025857f9b10d6e6616c517129
2026-06-10,60.25196075439453,HEWJ,e1045c5b21ef49a76030e9697012f0ca7ca2ec3025857f9b10d6e6616c517129
2026-06-11,61.83334732055664,HEWJ,e1045c5b21ef49a76030e9697012f0ca7ca2ec3025857f9b10d6e6616c517129
2026-06-12,62.489776611328125,HEWJ,e1045c5b21ef49a76030e9697012f0ca7ca2ec3025857f9b10d6e6616c517129
2026-06-15,63.81257629394531,HEWJ,e1045c5b21ef49a76030e9697012f0ca7ca2ec3025857f9b10d6e6616c517129
2026-06-16,63.872249603271484,HEWJ,e1045c5b21ef49a76030e9697012f0ca7ca2ec3025857f9b10d6e6616c517129
2026-06-17,64.2004623413086,HEWJ,e1045c5b21ef49a76030e9697012f0ca7ca2ec3025857f9b10d6e6616c517129
2026-06-18,65.6624984741211,HEWJ,e1045c5b21ef49a76030e9697012f0ca7ca2ec3025857f9b10d6e6616c517129
2026-06-22,66.30897521972656,HEWJ,e1045c5b21ef49a76030e9697012f0ca7ca2ec3025857f9b10d6e6616c517129
2026-06-23,63.235713958740234,HEWJ,e1045c5b21ef49a76030e9697012f0ca7ca2ec3025857f9b10d6e6616c517129
2026-06-24,63.414737701416016,HEWJ,e1045c5b21ef49a76030e9697012f0ca7ca2ec3025857f9b10d6e6616c517129
2026-06-25,63.931922912597656,HEWJ,e1045c5b21ef49a76030e9697012f0ca7ca2ec3025857f9b10d6e6616c517129
2026-06-26,63.36500930786133,HEWJ,e1045c5b21ef49a76030e9697012f0ca7ca2ec3025857f9b10d6e6616c517129
2026-06-29,63.80262756347656,HEWJ,e1045c5b21ef49a76030e9697012f0ca7ca2ec3025857f9b10d6e6616c517129
2026-06-30,64.17061614990234,HEWJ,e1045c5b21ef49a76030e9697012f0ca7ca2ec3025857f9b10d6e6616c517129
2026-07-01,64.10099792480469,HEWJ,e1045c5b21ef49a76030e9697012f0ca7ca2ec3025857f9b10d6e6616c517129
2026-07-02,63.380001068115234,HEWJ,e1045c5b21ef49a76030e9697012f0ca7ca2ec3025857f9b10d6e6616c517129
2026-07-06,65.29000091552734,HEWJ,e1045c5b21ef49a76030e9697012f0ca7ca2ec3025857f9b10d6e6616c517129
2026-07-07,63.790000915527344,HEWJ,e1045c5b21ef49a76030e9697012f0ca7ca2ec3025857f9b10d6e6616c517129
2026-07-08,63.58000183105469,HEWJ,e1045c5b21ef49a76030e9697012f0ca7ca2ec3025857f9b10d6e6616c517129
2026-07-09,64.30999755859375,HEWJ,e1045c5b21ef49a76030e9697012f0ca7ca2ec3025857f9b10d6e6616c517129
2026-07-10,64.68000030517578,HEWJ,e1045c5b21ef49a76030e9697012f0ca7ca2ec3025857f9b10d6e6616c517129
2026-07-13,63.689998626708984,HEWJ,e1045c5b21ef49a76030e9697012f0ca7ca2ec3025857f9b10d6e6616c517129
2026-07-14,64.41000366210938,HEWJ,e1045c5b21ef49a76030e9697012f0ca7ca2ec3025857f9b10d6e6616c517129
2026-07-15,64.16999816894531,HEWJ,e1045c5b21ef49a76030e9697012f0ca7ca2ec3025857f9b10d6e6616c517129
2026-07-16,63.13999938964844,HEWJ,e1045c5b21ef49a76030e9697012f0ca7ca2ec3025857f9b10d6e6616c517129
2026-07-17,62.119998931884766,HEWJ,e1045c5b21ef49a76030e9697012f0ca7ca2ec3025857f9b10d6e6616c517129
2026-07-20,62.25,HEWJ,e1045c5b21ef49a76030e9697012f0ca7ca2ec3025857f9b10d6e6616c517129
2026-07-21,64.11000061035156,HEWJ,e1045c5b21ef49a76030e9697012f0ca7ca2ec3025857f9b10d6e6616c517129
2026-07-22,63.720001220703125,HEWJ,e1045c5b21ef49a76030e9697012f0ca7ca2ec3025857f9b10d6e6616c517129
2026-07-23,63.13999938964844,HEWJ,e1045c5b21ef49a76030e9697012f0ca7ca2ec3025857f9b10d6e6616c517129
2026-07-24,63.34000015258789,HEWJ,e1045c5b21ef49a76030e9697012f0ca7ca2ec3025857f9b10d6e6616c517129
2026-07-27,63.540000915527344,HEWJ,e1045c5b21ef49a76030e9697012f0ca7ca2ec3025857f9b10d6e6616c517129
2026-07-28,62.41999816894531,HEWJ,e1045c5b21ef49a76030e9697012f0ca7ca2ec3025857f9b10d6e6616c517129
2026-07-29,61.97999954223633,HEWJ,e1045c5b21ef49a76030e9697012f0ca7ca2ec3025857f9b10d6e6616c517129
2026-07-30,62.970001220703125,HEWJ,e1045c5b21ef49a76030e9697012f0ca7ca2ec3025857f9b10d6e6616c517129
2026-07-31,62.369998931884766,HEWJ,e1045c5b21ef49a76030e9697012f0ca7ca2ec3025857f9b10d6e6616c517129
2026-08-03,61.7400016784668,HEWJ,e1045c5b21ef49a76030e9697012f0ca7ca2ec3025857f9b10d6e6616c517129
2026-08-04,63.27000045776367,HEWJ,e1045c5b21ef49a76030e9697012f0ca7ca2ec3025857f9b10d6e6616c517129
2026-08-05,63.58000183105469,HEWJ,e1045c5b21ef49a76030e9697012f0ca7ca2ec3025857f9b10d6e6616c517129
2026-08-06,63.97999954223633,HEWJ,e1045c5b21ef49a76030e9697012f0ca7ca2ec3025857f9b10d6e6616c517129
2026-08-07,64.70999908447266,HEWJ,e1045c5b21ef49a76030e9697012f0ca7ca2ec3025857f9b10d6e6616c517129
2026-08-10,64.95999908447266,HEWJ,e1045c5b21ef49a76030e9697012f0ca7ca2ec3025857f9b10d6e6616c517129
2026-08-11,65.0999984741211,HEWJ,e1045c5b21ef49a76030e9697012f0ca7ca2ec3025857f9b10d6e6616c517129
2026-08-12,66.0999984741211,HEWJ,e1045c5b21ef49a76030e9697012f0ca7ca2ec3025857f9b10d6e6616c517129
2026-08-13,66.5999984741211,HEWJ,e1045c5b21ef49a76030e9697012f0ca7ca2ec3025857f9b10d6e6616c517129
2026-08-14,66.36000061035156,HEWJ,e1045c5b21ef49a76030e9697012f0ca7ca2ec3025857f9b10d6e6616c517129
2026-08-17,66.41000366210938,HEWJ,e1045c5b21ef49a76030e9697012f0ca7ca2ec3025857f9b10d6e6616c517129
2026-08-18,64.62000274658203,HEWJ,e1045c5b21ef49a76030e9697012f0ca7ca2ec3025857f9b10d6e6616c517129
2026-08-19,63.65999984741211,HEWJ,e1045c5b21ef49a76030e9697012f0ca7ca2ec3025857f9b10d6e6616c517129
2026-08-20,63.68000030517578,HEWJ,e1045c5b21ef49a76030e9697012f0ca7ca2ec3025857f9b10d6e6616c517129
2026-08-21,64.19999694824219,HEWJ,e1045c5b21ef49a76030e9697012f0ca7ca2ec3025857f9b10d6e6616c517129
2026-08-24,64.0199966430664,HEWJ,e1045c5b21ef49a76030e9697012f0ca7ca2ec3025857f9b10d6e6616c517129
2026-08-25,64.62000274658203,HEWJ,e1045c5b21ef49a76030e9697012f0ca7ca2ec3025857f9b10d6e6616c517129
2026-08-26,64.62999725341797,HEWJ,e1045c5b21ef49a76030e9697012f0ca7ca2ec3025857f9b10d6e6616c517129
2026-08-27,64.94999694824219,HEWJ,e1045c5b21ef49a76030e9697012f0ca7ca2ec3025857f9b10d6e6616c517129
2026-08-28,65.11000061035156,HEWJ,e1045c5b21ef49a76030e9697012f0ca7ca2ec3025857f9b10d6e6616c517129
2026-08-31,65.04000091552734,HEWJ,e1045c5b21ef49a76030e9697012f0ca7ca2ec3025857f9b10d6e6616c517129
2026-09-01,64.75,HEWJ,e1045c5b21ef49a76030e9697012f0ca7ca2ec3025857f9b10d6e6616c517129
2026-09-02,64.79000091552734,HEWJ,e1045c5b21ef49a76030e9697012f0ca7ca2ec3025857f9b10d6e6616c517129
2026-09-03,64.7300033569336,HEWJ,e1045c5b21ef49a76030e9697012f0ca7ca2ec3025857f9b10d6e6616c517129
2026-09-04,65.19999694824219,HEWJ,e1045c5b21ef49a76030e9697012f0ca7ca2ec3025857f9b10d6e6616c517129
2026-09-08,64.0,HEWJ,e1045c5b21ef49a76030e9697012f0ca7ca2ec3025857f9b10d6e6616c517129
2026-09-09,63.18000030517578,HEWJ,e1045c5b21ef49a76030e9697012f0ca7ca2ec3025857f9b10d6e6616c517129
2026-09-10,63.119998931884766,HEWJ,e1045c5b21ef49a76030e9697012f0ca7ca2ec3025857f9b10d6e6616c517129
2026-09-11,64.26000213623047,HEWJ,e1045c5b21ef49a76030e9697012f0ca7ca2ec3025857f9b10d6e6616c517129
2026-09-14,63.84000015258789,HEWJ,e1045c5b21ef49a76030e9697012f0ca7ca2ec3025857f9b10d6e6616c517129
2026-09-15,63.79999923706055,HEWJ,e1045c5b21ef49a76030e9697012f0ca7ca2ec3025857f9b10d6e6616c517129
2026-09-16,64.30000305175781,HEWJ,e1045c5b21ef49a76030e9697012f0ca7ca2ec3025857f9b10d6e6616c517129
2026-09-17,64.94000244140625,HEWJ,e1045c5b21ef49a76030e9697012f0ca7ca2ec3025857f9b10d6e6616c517129
