"date","cooks_distance","threshold_4_over_n","flagged","leverage","standardized_residual","Y","JPY_app","integrity_status","influence_rank"
2020-03-13,0.142222452267753,0.00150659133709981,TRUE,0.0340734743698687,6.95566313579619,3.78260830599189,-1.39086914666464,"Frozen-source hash and interval checks passed; retained in primary",1
2025-04-10,0.0894662852115439,0.00150659133709981,TRUE,0.0332207365552745,-5.58958236770145,-2.51192700234304,0.518261188346614,"Frozen-source hash and interval checks passed; retained in primary",2
2025-04-09,0.0868104210996885,0.00150659133709981,TRUE,0.0232032634218493,6.62222784744598,1.36918221216109,1.32143924183481,"Frozen-source hash and interval checks passed; retained in primary",3
2020-03-19,0.0764392917256785,0.00150659133709981,TRUE,0.0234899960030192,6.17512605110003,3.54990732760703,-1.49181369121498,"Frozen-source hash and interval checks passed; retained in primary",4
2016-06-24,0.048440586322504,0.00150659133709981,TRUE,0.0462180169953209,-3.46349226293241,-4.30973216520893,3.49766629555077,"Frozen-source hash and interval checks passed; retained in primary",5
2016-12-15,0.0406056319384532,0.00150659133709981,TRUE,0.0234289369898379,-4.50670772387695,0.866409410431679,-2.79390869673968,"Frozen-source hash and interval checks passed; retained in primary",6
2020-03-09,0.0342322627798329,0.00150659133709981,TRUE,0.0318794700447461,-3.53197478945689,-3.63502302326273,2.68504798966349,"Frozen-source hash and interval checks passed; retained in primary",7
2020-03-16,0.0329847325675496,0.00150659133709981,TRUE,0.0222291175771737,-4.17257878093275,-2.87256708421237,1.41926344906542,"Frozen-source hash and interval checks passed; retained in primary",8
2016-04-28,0.0328638734776974,0.00150659133709981,TRUE,0.0223851635857694,-4.15005405691377,-3.50717774360625,2.46589083228468,"Frozen-source hash and interval checks passed; retained in primary",9
2020-03-10,0.0281246394222396,0.00150659133709981,TRUE,0.00608281847205389,7.4260313041876,3.60883575892612,-1.15406411057721,"Frozen-source hash and interval checks passed; retained in primary",10
2014-04-10,0.0272486378279766,0.00150659133709981,TRUE,0.00331113860634208,9.92097015629799,2.90929927539394,0.413223728491019,"Frozen-source hash and interval checks passed; retained in primary",11
2023-12-14,0.026150200470094,0.00150659133709981,TRUE,0.0198017078878988,3.94124815319991,-0.945729113575267,2.53937607275887,"Frozen-source hash and interval checks passed; retained in primary",12
2015-08-24,0.023704940812622,0.00150659133709981,TRUE,0.0319441235719226,-2.93605904336134,-3.75536210862295,2.95031162971542,"Frozen-source hash and interval checks passed; retained in primary",13
2020-03-17,0.0200855234043656,0.00150659133709981,TRUE,0.0268723495067554,2.95436593054003,2.64677387130972,-1.66162001810237,"Frozen-source hash and interval checks passed; retained in primary",14
2014-04-16,0.0196313612815813,0.00150659133709981,TRUE,0.00423216349433156,-7.44498212929016,-1.90136116856428,-0.686613781319956,"Frozen-source hash and interval checks passed; retained in primary",15
2026-03-09,0.0192063986976582,0.00150659133709981,TRUE,0.0188431127725868,-3.46422824016082,-0.77210636319327,-0.278728167275499,"Frozen-source hash and interval checks passed; retained in primary",16
2016-07-29,0.0181824252757657,0.00150659133709981,TRUE,0.0275567682201924,-2.77481808281104,-3.00300144274321,2.45209698737989,"Frozen-source hash and interval checks passed; retained in primary",17
2018-02-06,0.0175430208167892,0.00150659133709981,TRUE,0.0283000892043451,2.68853064791051,0.307166450551666,0.830031672870035,"Frozen-source hash and interval checks passed; retained in primary",18
2015-08-26,0.017226241179311,0.00150659133709981,TRUE,0.00944536629860251,4.65602924197026,1.10490884569265,0.702990592825881,"Frozen-source hash and interval checks passed; retained in primary",19
2020-03-12,0.0168661807691007,0.00150659133709981,TRUE,0.0172781002501139,-3.39286297740966,-0.606438590344993,-0.817184327085307,"Frozen-source hash and interval checks passed; retained in primary",20
2025-04-11,0.0159547227293623,0.00150659133709981,TRUE,0.0156112940329496,-3.47455437844625,-1.54285995299079,0.534890650452446,"Frozen-source hash and interval checks passed; retained in primary",21
2026-03-10,0.0126042522020631,0.00150659133709981,TRUE,0.013760406786162,3.29249213114597,0.894893352020709,0.304105657577924,"Frozen-source hash and interval checks passed; retained in primary",22
2017-01-12,0.0119025066705284,0.00150659133709981,TRUE,0.013413707643299,3.24117857970975,-0.687592773808543,2.07716154506912,"Frozen-source hash and interval checks passed; retained in primary",23
2016-07-11,0.010901728878943,0.00150659133709981,TRUE,0.0169466363729245,2.75476846591079,2.53842343602204,-1.97734050463563,"Frozen-source hash and interval checks passed; retained in primary",24
2014-04-14,0.00918359392835102,0.00150659133709981,TRUE,0.0015253179504365,-8.49347273703452,-2.6437715764783,-0.245857428262752,"Frozen-source hash and interval checks passed; retained in primary",25
2022-11-10,0.00917970735289356,0.00150659133709981,TRUE,0.0214256338283597,-2.24303019274873,-3.4112383793965,3.03569311303837,"Frozen-source hash and interval checks passed; retained in primary",26
2024-12-18,0.00887591246293735,0.00150659133709981,TRUE,0.0236809824683196,2.09552643861402,0.667993620067264,-0.383852655694739,"Frozen-source hash and interval checks passed; retained in primary",27
2022-06-16,0.00872984787889789,0.00150659133709981,TRUE,0.012870951895463,2.83449433572811,-1.05991850941649,2.14173130995752,"Frozen-source hash and interval checks passed; retained in primary",28
2026-01-26,0.00860950447883583,0.00150659133709981,TRUE,0.0157208672230805,2.54331756283073,-1.27094182069691,2.36967260898595,"Frozen-source hash and interval checks passed; retained in primary",29
2020-03-18,0.00860651587016923,0.00150659133709981,TRUE,0.0211971359374371,-2.18380237129358,0.19989688921096,-0.963594966292813,"Frozen-source hash and interval checks passed; retained in primary",30
2016-02-10,0.0081886129170231,0.00150659133709981,TRUE,0.00592728517232382,-4.05954125824712,-1.95239386472759,0.672991221619945,"Frozen-source hash and interval checks passed; retained in primary",31
2017-03-16,0.00732323762634157,0.00150659133709981,TRUE,0.00780652741127872,3.34203831476964,-0.0514040475552147,1.44064332785394,"Frozen-source hash and interval checks passed; retained in primary",32
2025-04-04,0.00721677266336343,0.00150659133709981,TRUE,0.0206076443202238,2.02873964144635,0.363744115936004,0.0753502107781578,"Frozen-source hash and interval checks passed; retained in primary",33
2014-12-10,0.00691405906029297,0.00150659133709981,TRUE,0.00699163561020576,-3.43276620531845,-1.53481622137455,0.311749841734699,"Frozen-source hash and interval checks passed; retained in primary",34
2017-01-19,0.00655552521399914,0.00150659133709981,TRUE,0.00911240026116914,-2.9247595784969,0.385510271176637,-1.6616035981361,"Frozen-source hash and interval checks passed; retained in primary",35
2023-07-28,0.00647232900640062,0.00150659133709981,TRUE,0.0034354752915726,4.7465735273316,1.49579400298836,0.220053327484671,"Frozen-source hash and interval checks passed; retained in primary",36
2016-03-17,0.0062477995548824,0.00150659133709981,TRUE,0.0157543507468663,2.16424121699507,-1.06161710369599,2.1246187859516,"Frozen-source hash and interval checks passed; retained in primary",37
2014-03-28,0.00621910228498262,0.00150659133709981,TRUE,0.00382154035278993,4.41066244030595,2.20152191740128,-0.799926224292413,"Frozen-source hash and interval checks passed; retained in primary",38
2014-05-13,0.00594957704324876,0.00150659133709981,TRUE,0.00419845266330219,-4.11505303975221,-1.33632421299628,-0.0978952598984506,"Frozen-source hash and interval checks passed; retained in primary",39
2014-04-17,0.00571034035831638,0.00150659133709981,TRUE,0.00143095520944753,6.91508702217605,2.33675831692759,0.0782319617447236,"Frozen-source hash and interval checks passed; retained in primary",40
2014-12-17,0.0054821288233367,0.00150659133709981,TRUE,0.0036563730132319,4.23393871612664,1.83061252438734,-0.306487554745338,"Frozen-source hash and interval checks passed; retained in primary",41
2024-08-06,0.0053122251675691,0.00150659133709981,TRUE,0.0305642931421087,-1.42193972815266,0.434451480081099,-0.802605844481707,"Frozen-source hash and interval checks passed; retained in primary",42
2016-03-16,0.00529365351568441,0.00150659133709981,TRUE,0.00622759548073908,-3.18384303108517,-0.37195611126033,-0.71501385964563,"Frozen-source hash and interval checks passed; retained in primary",43
2014-05-21,0.00528004170669464,0.00150659133709981,TRUE,0.00379315122915896,-4.07928437703719,-1.17065849104105,-0.177602414715228,"Frozen-source hash and interval checks passed; retained in primary",44
2019-08-02,0.0049551463629262,0.00150659133709981,TRUE,0.0121549937073636,2.19829464381094,-0.503843529174075,1.52617888756472,"Frozen-source hash and interval checks passed; retained in primary",45
2014-05-22,0.00483270901472223,0.00150659133709981,TRUE,0.00303252241886178,4.36640918339222,1.74685108977011,-0.314960890289662,"Frozen-source hash and interval checks passed; retained in primary",46
2018-11-01,0.00480521921612422,0.00150659133709981,TRUE,0.0186401474854121,-1.742355204518,-0.536877938105063,0.0620429889168328,"Frozen-source hash and interval checks passed; retained in primary",47
2016-12-14,0.00472266026620788,0.00150659133709981,TRUE,0.00203081535409088,5.27724578874952,1.62004698979095,0.17367145733731,"Frozen-source hash and interval checks passed; retained in primary",48
2014-05-14,0.0046691025125747,0.00150659133709981,TRUE,0.00197841785990924,5.31640774668875,1.43505209091712,0.441285344689923,"Frozen-source hash and interval checks passed; retained in primary",49
2026-04-01,0.00459665684956104,0.00150659133709981,TRUE,0.0214374521185575,1.58678971323638,0.312356921867085,0.283277391912584,"Frozen-source hash and interval checks passed; retained in primary",50
2014-07-17,0.00459156527314594,0.00150659133709981,TRUE,0.0066023745110317,2.8792706174924,0.462643017566489,0.384255854840898,"Frozen-source hash and interval checks passed; retained in primary",51
2016-11-09,0.00456314835607537,0.00150659133709981,TRUE,0.0177962333708761,1.73843985075551,0.729160983728594,0.133447736894787,"Frozen-source hash and interval checks passed; retained in primary",52
2023-01-12,0.00448396891327275,0.00150659133709981,TRUE,0.0160071324045799,-1.8187002485509,-2.53008818647151,2.15767147672477,"Frozen-source hash and interval checks passed; retained in primary",53
2021-01-27,0.00411495829871168,0.00150659133709981,TRUE,0.019349324130994,1.58196768663502,0.575309867920071,-0.385023095719017,"Frozen-source hash and interval checks passed; retained in primary",54
2015-09-18,0.00402125732764492,0.00150659133709981,TRUE,0.00541219311424643,2.9778751033612,0.258600523782837,0.872279674035337,"Frozen-source hash and interval checks passed; retained in primary",55
2016-06-03,0.0039265393657163,0.00150659133709981,TRUE,0.0104695317747984,-2.11031145701717,-2.16635056291197,1.73449601804583,"Frozen-source hash and interval checks passed; retained in primary",56
2020-03-02,0.00388651568514295,0.00150659133709981,TRUE,0.0188434182679771,1.55833258529981,0.636703287299678,0.0925326243502056,"Frozen-source hash and interval checks passed; retained in primary",57
2023-12-07,0.00376965089606447,0.00150659133709981,TRUE,0.0132028315811669,-1.83874538150566,-2.4947992661239,2.10129272310979,"Frozen-source hash and interval checks passed; retained in primary",58
2023-12-13,0.00376146447300599,0.00150659133709981,TRUE,0.00227403670736085,-4.45016390286391,-1.68121877750762,0.192691546787405,"Frozen-source hash and interval checks passed; retained in primary",59
2016-01-22,0.00369276229484305,0.00150659133709981,TRUE,0.00959469642846777,2.13873589733647,1.34345264274804,-0.64412461028569,"Frozen-source hash and interval checks passed; retained in primary",60
2015-01-16,0.00363125655095702,0.00150659133709981,TRUE,0.00320090910019104,3.68371680786504,1.67171688507328,-0.426621807473371,"Frozen-source hash and interval checks passed; retained in primary",61
2024-12-19,0.00361906284393136,0.00150659133709981,TRUE,0.0143397738150477,-1.72775099107607,1.71540097231544,-2.39321080857531,"Frozen-source hash and interval checks passed; retained in primary",62
2020-02-28,0.00335600051966658,0.00150659133709981,TRUE,0.0214146078575151,-1.35658163672562,-2.08170494567055,1.86013518401058,"Frozen-source hash and interval checks passed; retained in primary",63
2015-08-25,0.00321416423899526,0.00150659133709981,TRUE,0.0142088139314718,-1.63583014576811,0.527653003859019,-1.13222998435658,"Frozen-source hash and interval checks passed; retained in primary",64
2023-07-27,0.00320703766318727,0.00150659133709981,TRUE,0.00282349737894314,-3.68667604341557,-0.899001405149447,-0.440591957759828,"Frozen-source hash and interval checks passed; retained in primary",65
2024-05-02,0.00311952523980799,0.00150659133709981,TRUE,0.0142830033618978,-1.60731585337264,-2.75805776394704,2.49194064634688,"Frozen-source hash and interval checks passed; retained in primary",66
2024-08-08,0.00311611600918169,0.00150659133709981,TRUE,0.00645435128957952,2.39919222395026,0.739284879604485,0.230899932807116,"Frozen-source hash and interval checks passed; retained in primary",67
2015-10-15,0.00307400208788068,0.00150659133709981,TRUE,0.00473473265498538,2.78461010885772,0.334732795247206,0.800105333722634,"Frozen-source hash and interval checks passed; retained in primary",68
2022-10-21,0.00292656359828234,0.00150659133709981,TRUE,0.0131670074975379,1.62236248444537,-1.5819669340976,2.34335603818421,"Frozen-source hash and interval checks passed; retained in primary",69
2022-11-30,0.00281137564756813,0.00150659133709981,TRUE,0.00276920975376833,-3.4855392340369,-0.45579675738403,-0.742105066470966,"Frozen-source hash and interval checks passed; retained in primary",70
2014-03-27,0.00278994901927513,0.00150659133709981,TRUE,0.00238839213791113,-3.73952712024853,-1.43754996974694,0.195694778696165,"Frozen-source hash and interval checks passed; retained in primary",71
2014-12-09,0.00275962200530031,0.00150659133709981,TRUE,0.00956106710479059,1.85214972438389,-0.836218673229361,1.68505822213678,"Frozen-source hash and interval checks passed; retained in primary",72
2025-04-08,0.00273844951535357,0.00150659133709981,TRUE,0.0159395699994315,-1.42434624904087,-1.13197015283277,0.637333501831172,"Frozen-source hash and interval checks passed; retained in primary",73
2026-07-02,0.00271307661000063,0.00150659133709981,TRUE,0.020619635017077,-1.2435317014073,-1.22782760557385,0.93409481881741,"Frozen-source hash and interval checks passed; retained in primary",74
2018-03-28,0.00266222479777017,0.00150659133709981,TRUE,0.00322951323192787,3.14008957016694,1.51946355586117,-0.547119561181386,"Frozen-source hash and interval checks passed; retained in primary",75
2018-12-27,0.00265293605365841,0.00150659133709981,TRUE,0.010483431905704,-1.73345994064802,-0.309532482084629,-0.298332273883162,"Frozen-source hash and interval checks passed; retained in primary",76
2022-12-01,0.00264368547546064,0.00150659133709981,TRUE,0.020604172147947,1.22799629208422,-2.0446757761964,2.73610897734589,"Frozen-source hash and interval checks passed; retained in primary",77
2024-08-23,0.0026051155527072,0.00150659133709981,TRUE,0.00397621287304426,-2.79836371283091,-1.57156536315095,0.763336237530687,"Frozen-source hash and interval checks passed; retained in primary",78
2014-07-18,0.00260009084353655,0.00150659133709981,TRUE,0.00379886707435117,-2.8604301753691,-0.774853598339842,-0.0690778139670556,"Frozen-source hash and interval checks passed; retained in primary",79
2014-02-21,0.00259688932067816,0.00150659133709981,TRUE,0.00302343195891666,-3.2056028763454,-0.785002756392084,-0.380432590712587,"Frozen-source hash and interval checks passed; retained in primary",80
2014-02-24,0.00259547929547496,0.00150659133709981,TRUE,0.00222241377932064,3.73941631738437,1.07932920049483,0.263222184638856,"Frozen-source hash and interval checks passed; retained in primary",81
2014-03-20,0.00259254440113281,0.00150659133709981,TRUE,0.00638857489219217,-2.19968259114473,-0.0295520896217205,-0.833624206747707,"Frozen-source hash and interval checks passed; retained in primary",82
2015-03-18,0.0025889395854751,0.00150659133709981,TRUE,0.00410469823978176,-2.74547697125024,-1.12393418127978,0.297275198280378,"Frozen-source hash and interval checks passed; retained in primary",83
2014-12-18,0.00256480429542508,0.00150659133709981,TRUE,0.00506934507421929,-2.45775290324292,0.118124685886745,-1.01489369086121,"Frozen-source hash and interval checks passed; retained in primary",84
2017-05-18,0.00256187980901293,0.00150659133709981,TRUE,0.00495851079556226,2.48379049988084,0.432924699702797,0.575851870218713,"Frozen-source hash and interval checks passed; retained in primary",85
2019-08-01,0.00254773384937007,0.00150659133709981,TRUE,0.0023334364882017,-3.61545006707581,-1.52628731038833,0.276676373120388,"Frozen-source hash and interval checks passed; retained in primary",86
2017-03-15,0.00254537607635578,0.00150659133709981,TRUE,0.00210837372441636,-3.80219593798209,-1.2539241314875,-0.026167735331839,"Frozen-source hash and interval checks passed; retained in primary",87
2018-02-14,0.00251529889357506,0.00150659133709981,TRUE,0.0107067452157055,-1.67001054282198,-0.873827131392568,0.549887214391198,"Frozen-source hash and interval checks passed; retained in primary",88
2025-04-23,0.00250444388188689,0.00150659133709981,TRUE,0.00690848114205423,2.0784980607634,1.88261246548476,-1.2486494282669,"Frozen-source hash and interval checks passed; retained in primary",89
2017-01-18,0.0024950911397531,0.00150659133709981,TRUE,0.00221281965757615,3.6743437126637,1.52799876284875,-0.388761754872036,"Frozen-source hash and interval checks passed; retained in primary",90
2022-06-15,0.00243141658705421,0.00150659133709981,TRUE,0.00341662551707036,-2.91728218173895,-1.18949186645865,0.289543243969437,"Frozen-source hash and interval checks passed; retained in primary",91
2024-07-31,0.00242005113744459,0.00150659133709981,TRUE,0.0156846170584879,-1.34999783123039,-2.40212966672839,2.19673417467625,"Frozen-source hash and interval checks passed; retained in primary",92
2026-07-30,0.00240827385822297,0.00150659133709981,TRUE,0.0211255478877532,-1.15718571849362,-2.73050093465717,2.71565879537876,"Frozen-source hash and interval checks passed; retained in primary",93
2024-08-02,0.00236957847775539,0.00150659133709981,TRUE,0.0245122086212695,-1.0637654197367,-2.36192784720526,2.07386910168577,"Frozen-source hash and interval checks passed; retained in primary",94
2017-01-13,0.00228385668922186,0.00150659133709981,TRUE,0.00444327369843215,-2.47802977220006,0.0392789964124063,-1.01355170854056,"Frozen-source hash and interval checks passed; retained in primary",95
2022-12-20,0.00228094662020675,0.00150659133709981,TRUE,0.0511800554965241,-0.712343900979514,-4.15358452986236,4.32237463925613,"Frozen-source hash and interval checks passed; retained in primary",96
2020-03-05,0.00227812667634015,0.00150659133709981,TRUE,0.00688563202473652,-1.98567096484394,-1.44274240382614,0.729315995660329,"Frozen-source hash and interval checks passed; retained in primary",97
2023-11-15,0.00225781685595178,0.00150659133709981,TRUE,0.00928137256380726,1.70060730323671,0.749053365746644,-0.212046994833859,"Frozen-source hash and interval checks passed; retained in primary",98
2020-03-25,0.00225189563122588,0.00150659133709981,TRUE,0.0238557033201671,-1.05153964310591,-0.453784750228436,0.00897384125870815,"Frozen-source hash and interval checks passed; retained in primary",99
2020-03-27,0.0021870143853826,0.00150659133709981,TRUE,0.0102921926636763,-1.58860522744669,-1.66879485245368,1.18562116742176,"Frozen-source hash and interval checks passed; retained in primary",100
2024-09-30,0.00215360391489982,0.00150659133709981,TRUE,0.0106296139307867,1.55093732148526,1.02530377525967,-0.454784761465366,"Frozen-source hash and interval checks passed; retained in primary",101
2024-08-20,0.00212135106677016,0.00150659133709981,TRUE,0.00700232094354762,-1.8999842766893,-1.11287555367374,0.492949101733764,"Frozen-source hash and interval checks passed; retained in primary",102
2022-10-24,0.00208288441924007,0.00150659133709981,TRUE,0.00744208896932917,-1.82580212178801,0.861017440886469,-1.63332559189744,"Frozen-source hash and interval checks passed; retained in primary",103
2016-04-22,0.00204736653752797,0.00150659133709981,TRUE,0.0120657326665794,1.41832448028408,2.09218498554407,-1.89222974114749,"Frozen-source hash and interval checks passed; retained in primary",104
2024-12-02,0.00203532753753026,0.00150659133709981,TRUE,0.0042608935838438,2.38907737419926,0.114111894725744,0.767514696388094,"Frozen-source hash and interval checks passed; retained in primary",105
2024-01-31,0.00202766426603427,0.00150659133709981,TRUE,0.00572382203395636,2.05588634894592,-0.237752471455055,0.986503220970381,"Frozen-source hash and interval checks passed; retained in primary",106
2025-04-24,0.0020264728230003,0.00150659133709981,TRUE,0.00237636341671808,-3.19512571917487,-1.04660641787189,0,"Frozen-source hash and interval checks passed; retained in primary",107
2026-03-31,0.00198735877185088,0.00150659133709981,TRUE,0.00920215653728443,-1.60242045087167,-0.635171915068344,0.257400399517316,"Frozen-source hash and interval checks passed; retained in primary",108
2015-09-17,0.00194391555115861,0.00150659133709981,TRUE,0.00286465649454935,-2.84950943224661,-0.788697895776735,-0.231864959790595,"Frozen-source hash and interval checks passed; retained in primary",109
2014-05-28,0.00189060320347553,0.00150659133709981,TRUE,0.00213342244718042,3.25753151452506,0.816167449156646,0.353080005881168,"Frozen-source hash and interval checks passed; retained in primary",110
2016-05-18,0.00188298523258135,0.00150659133709981,TRUE,0.00477717202070419,2.16964562312772,1.1929006086886,-0.576212322776204,"Frozen-source hash and interval checks passed; retained in primary",111
2023-07-03,0.00186762006760802,0.00150659133709981,TRUE,0.00514509682239337,2.08169924802772,0.704503492362418,-0.0207634011196944,"Frozen-source hash and interval checks passed; retained in primary",112
2026-03-19,0.00185151841527733,0.00150659133709981,TRUE,0.00829467204554958,-1.62984518742173,-1.23823177879823,0.81216803026658,"Frozen-source hash and interval checks passed; retained in primary",113
2017-05-19,0.00184197247431159,0.00150659133709981,TRUE,0.00421967019023216,-2.28388750595896,-0.154042236592611,-0.584823296232884,"Frozen-source hash and interval checks passed; retained in primary",114
2024-09-27,0.00184161482564572,0.00150659133709981,TRUE,0.0102126543275646,-1.46349639384765,-1.90009227992656,1.44808991037015,"Frozen-source hash and interval checks passed; retained in primary",115
2026-06-12,0.00178598420600932,0.00150659133709981,TRUE,0.00794091586244675,1.6362998925829,0.482697504264351,0.168355456756331,"Frozen-source hash and interval checks passed; retained in primary",116
2025-03-07,0.00176781952937981,0.00150659133709981,TRUE,0.00698160828907682,1.73704269619647,0.173648026883999,0.521982000689825,"Frozen-source hash and interval checks passed; retained in primary",117
2016-08-29,0.00176059511222649,0.00150659133709981,TRUE,0.00846733188206625,-1.57289811306902,0.209605057107565,-0.914775473664253,"Frozen-source hash and interval checks passed; retained in primary",118
2020-06-11,0.00175410416092067,0.00150659133709981,TRUE,0.0232979955948152,0.939377324255016,-0.419098997246037,0.542260117073479,"Frozen-source hash and interval checks passed; retained in primary",119
2015-10-16,0.00169866574682903,0.00150659133709981,TRUE,0.00706189923751091,-1.69295306220557,0.400575353286392,-1.12672511238481,"Frozen-source hash and interval checks passed; retained in primary",120
2024-06-12,0.0016887505808187,0.00150659133709981,TRUE,0.00494879997341923,2.01858082032009,-0.0834363632302271,0.919546709310026,"Frozen-source hash and interval checks passed; retained in primary",121
2023-03-15,0.00165299998910557,0.00150659133709981,TRUE,0.0101136689089016,1.39336643972532,-0.605286003975669,1.13799236627621,"Frozen-source hash and interval checks passed; retained in primary",122
2024-07-18,0.00165008765045262,0.00150659133709981,TRUE,0.00510188553568474,1.96502499325045,0.88706075215299,-0.261538119929483,"Frozen-source hash and interval checks passed; retained in primary",123
2024-10-02,0.00164991057532549,0.00150659133709981,TRUE,0.00941734604374652,1.44311825702899,2.02462894830209,-1.64996321870952,"Frozen-source hash and interval checks passed; retained in primary",124
2016-06-23,0.00162731968081866,0.00150659133709981,TRUE,0.00885609200723945,1.47834010743646,1.68365228515368,-1.27341832913945,"Frozen-source hash and interval checks passed; retained in primary",125
2014-02-19,0.00161702179214673,0.00150659133709981,TRUE,0.00190663613807498,3.18713333912915,1.00385843939486,0.0097746933267473,"Frozen-source hash and interval checks passed; retained in primary",126
2015-06-10,0.00158760769022274,0.00150659133709981,TRUE,0.00623694819248101,-1.74227848839446,-1.50695832422594,1.1665718815963,"Frozen-source hash and interval checks passed; retained in primary",127
2014-06-02,0.00158050532685449,0.00150659133709981,TRUE,0.00336887740492711,2.3687172565983,1.23888364057181,-0.519430775374108,"Frozen-source hash and interval checks passed; retained in primary",128
2014-10-17,0.00155319924596482,0.00150659133709981,TRUE,0.00435267580127722,-2.06480390800488,0.00734650468929843,-0.695818510269675,"Frozen-source hash and interval checks passed; retained in primary",129
2026-01-23,0.00155216817968572,0.00150659133709981,TRUE,0.00179482520482531,-3.21853947152693,-1.55375677064802,0.500111826397553,"Frozen-source hash and interval checks passed; retained in primary",130
2024-07-12,0.00155014017123355,0.00150659133709981,TRUE,0.0118835862887183,-1.24367356497909,-0.727054576042718,0.442394704960591,"Frozen-source hash and interval checks passed; retained in primary",131
2022-12-05,0.00154615872757575,0.00150659133709981,TRUE,0.00539129856491614,1.85010806650687,1.71433309767459,-1.2231216438126,"Frozen-source hash and interval checks passed; retained in primary",132
2023-03-23,0.00154108913558899,0.00150659133709981,TRUE,0.00542196223037198,1.84181366534386,-0.512512838671109,1.27438575192684,"Frozen-source hash and interval checks passed; retained in primary",133
2016-09-13,0.00153760332944478,0.00150659133709981,TRUE,0.00371474423325091,2.22453975445269,0.807752882243928,-0.17638417115835,"Frozen-source hash and interval checks passed; retained in primary",134
2023-10-04,0.00150121768317502,0.00150659133709981,FALSE,0.0150173275834388,1.08700220934367,0.278871561290472,0.22148403295521,"Frozen-source hash and interval checks passed; retained in primary",135
2022-01-27,0.00149440334643183,0.00150659133709981,FALSE,0.0129836634409158,-1.1675838643639,0.543715193569039,-0.99217524098858,"Frozen-source hash and interval checks passed; retained in primary",136
2018-12-20,0.00147477379911665,0.00150659133709981,FALSE,0.00930109746285562,-1.372957434222,-1.15455793730961,0.724867821085606,"Frozen-source hash and interval checks passed; retained in primary",137
2022-08-26,0.00146498814710618,0.00150659133709981,FALSE,0.0029411874687916,2.44121884140189,0.888230202533835,-0.175246485157032,"Frozen-source hash and interval checks passed; retained in primary",138
2019-01-30,0.00145704214134002,0.00150659133709981,FALSE,0.00551380605922858,-1.77582561251465,-0.407815731175365,-0.191842200160774,"Frozen-source hash and interval checks passed; retained in primary",139
2025-04-17,0.00144889380597456,0.00150659133709981,FALSE,0.00281469148756407,2.48188375725898,0.771251844060394,0.161465863996568,"Frozen-source hash and interval checks passed; retained in primary",140
2016-03-29,0.00143216373352224,0.00150659133709981,FALSE,0.00224189907784232,-2.76561397516816,-0.84172205487425,-0.035301385945985,"Frozen-source hash and interval checks passed; retained in primary",141
2016-06-10,0.0014195638330123,0.00150659133709981,FALSE,0.00373137311445659,-2.13266172259881,-0.404277242544326,-0.486892347638257,"Frozen-source hash and interval checks passed; retained in primary",142
2016-04-01,0.00139580631512342,0.00150659133709981,FALSE,0.00569834064154632,-1.70957469523702,-0.774631873755594,0.320741543679048,"Frozen-source hash and interval checks passed; retained in primary",143
2024-11-06,0.00139174591842773,0.00150659133709981,FALSE,0.0124825589978464,1.14945288544211,2.09170240984484,-1.70944333593006,"Frozen-source hash and interval checks passed; retained in primary",144
2014-05-12,0.00137797842969891,0.00150659133709981,FALSE,0.00243468602456759,2.60292120403959,1.2140501859077,-0.353218577600067,"Frozen-source hash and interval checks passed; retained in primary",145
2015-01-15,0.00137451325754203,0.00150659133709981,FALSE,0.00229270380426789,-2.67912321658163,-0.828522088616301,-0.145467017479639,"Frozen-source hash and interval checks passed; retained in primary",146
2026-06-11,0.00137205610799942,0.00150659133709981,FALSE,0.00344643393649733,-2.18193547597799,-0.594597800097141,-0.024923671385757,"Frozen-source hash and interval checks passed; retained in primary",147
2023-02-02,0.00135741835209232,0.00150659133709981,FALSE,0.00434400405697977,1.93222201908981,0.0586649889977586,0.636351673996316,"Frozen-source hash and interval checks passed; retained in primary",148
2023-01-05,0.00135410821394835,0.00150659133709981,FALSE,0.00718412415380696,-1.49852761770917,0.556254030758163,-1.18237624026429,"Frozen-source hash and interval checks passed; retained in primary",149
2014-04-01,0.00135284061585744,0.00150659133709981,FALSE,0.00327612927738519,-2.2223929669382,-0.264444692308796,-0.523003613459494,"Frozen-source hash and interval checks passed; retained in primary",150
2019-08-08,0.00132171815602798,0.00150659133709981,FALSE,0.00323752689157925,-2.20978081202019,-0.291122787906906,-0.396863414203708,"Frozen-source hash and interval checks passed; retained in primary",151
2015-06-18,0.00131272456698599,0.00150659133709981,FALSE,0.00559374350356086,1.67343203821248,-0.298190809173082,1.11687790972583,"Frozen-source hash and interval checks passed; retained in primary",152
2024-09-25,0.00130800648529826,0.00150659133709981,FALSE,0.00345309699439931,2.12833533264464,1.13836818856594,-0.444167570397269,"Frozen-source hash and interval checks passed; retained in primary",153
2016-07-28,0.00130596957150598,0.00150659133709981,FALSE,0.00359470371718778,2.08422027050526,0.0826160501561812,0.75056169176797,"Frozen-source hash and interval checks passed; retained in primary",154
2024-09-12,0.00130426269906329,0.00150659133709981,FALSE,0.00591695845038869,-1.62156825134803,-0.202933179267761,-0.366249176832323,"Frozen-source hash and interval checks passed; retained in primary",155
2015-07-08,0.00130221828561276,0.00150659133709981,FALSE,0.0084100977983612,-1.35736936252507,-1.70702386549948,1.33500128554784,"Frozen-source hash and interval checks passed; retained in primary",156
2026-02-03,0.00129615999799669,0.00150659133709981,FALSE,0.0107275940636393,1.19764115697175,0.440616748717471,-0.128534722066398,"Frozen-source hash and interval checks passed; retained in primary",157
2024-11-27,0.00128836130624281,0.00150659133709981,FALSE,0.00996587376198196,1.23930114561842,-1.21232759857879,1.84106718952535,"Frozen-source hash and interval checks passed; retained in primary",158
2018-03-01,0.0012767772257729,0.00150659133709981,FALSE,0.00391027531016226,-1.97557603341739,-0.524845052017309,-0.271624763079359,"Frozen-source hash and interval checks passed; retained in primary",159
2016-05-13,0.00125253739109859,0.00150659133709981,FALSE,0.00429385692965339,-1.86692891078083,-0.314084145899818,-0.376371674842702,"Frozen-source hash and interval checks passed; retained in primary",160
2024-01-12,0.00125040418249739,0.00150659133709981,FALSE,0.00678364903462132,1.48219750125484,-0.250949148034518,0.804432128520016,"Frozen-source hash and interval checks passed; retained in primary",161
2017-07-26,0.00124113948977592,0.00150659133709981,FALSE,0.00187155187947063,-2.81833881392919,-0.568594963830682,-0.473913347302535,"Frozen-source hash and interval checks passed; retained in primary",162
2016-06-16,0.00123805301875061,0.00150659133709981,FALSE,0.0123347594213988,-1.09068612383863,-1.80867082764893,1.7340373515645,"Frozen-source hash and interval checks passed; retained in primary",163
2014-02-07,0.00123594640749129,0.00150659133709981,FALSE,0.00462069590513023,-1.78743826992334,-0.148262802878962,-0.470220302143609,"Frozen-source hash and interval checks passed; retained in primary",164
2016-06-06,0.00122912584084347,0.00150659133709981,FALSE,0.00326272765062789,2.12270056392868,1.08154221254728,-0.420149070509801,"Frozen-source hash and interval checks passed; retained in primary",165
2020-07-31,0.00121672419449243,0.00150659133709981,FALSE,0.0139997359271168,1.01406382152432,0.999228309962286,-0.692503834682423,"Frozen-source hash and interval checks passed; retained in primary",166
2014-04-28,0.00121259074388206,0.00150659133709981,FALSE,0.00251825158015711,-2.40077062616663,-0.542977318905358,-0.33238861377729,"Frozen-source hash and interval checks passed; retained in primary",167
2020-11-10,0.00121013871152033,0.00150659133709981,FALSE,0.0499910641906886,0.525322320708591,-0.0303920804795244,0.208590196044423,"Frozen-source hash and interval checks passed; retained in primary",168
2022-12-30,0.00120810505081886,0.00150659133709981,FALSE,0.00358579980193777,-2.00710414427956,-1.59297057361991,1.01899209824499,"Frozen-source hash and interval checks passed; retained in primary",169
2025-11-21,0.00120107795018554,0.00150659133709981,FALSE,0.00901910406563752,-1.25842449225636,-0.80414528336541,0.528680488696232,"Frozen-source hash and interval checks passed; retained in primary",170
2014-05-09,0.00119848673735293,0.00150659133709981,FALSE,0.00201440216687561,-2.66929323769471,-0.811170561217933,-0.0786627375862103,"Frozen-source hash and interval checks passed; retained in primary",171
2024-09-04,0.00117376483900164,0.00150659133709981,FALSE,0.00796002225601567,-1.32491683008176,-1.35093839089673,1.04092209302982,"Frozen-source hash and interval checks passed; retained in primary",172
2025-05-08,0.00115838941397978,0.00150659133709981,FALSE,0.00551499596346504,1.5832315398855,1.82552741212629,-1.37751806160962,"Frozen-source hash and interval checks passed; retained in primary",173
2024-08-26,0.00115418110396197,0.00150659133709981,FALSE,0.00771573506673437,1.33461807340281,0.283499812719068,0.241904945694138,"Frozen-source hash and interval checks passed; retained in primary",174
2017-02-27,0.00113861704841232,0.00150659133709981,FALSE,0.00276013408123489,2.22184720823455,0.558959543012616,0.222945649040529,"Frozen-source hash and interval checks passed; retained in primary",175
2018-10-25,0.00113673757694029,0.00150659133709981,FALSE,0.00906254410277556,1.22128996037327,0.423176824453719,0.0355366030747817,"Frozen-source hash and interval checks passed; retained in primary",176
2016-09-21,0.00111626695174807,0.00150659133709981,FALSE,0.0137741918375142,-0.979331614741924,-1.13641209399238,1.02828669555839,"Frozen-source hash and interval checks passed; retained in primary",177
2014-09-18,0.00111593169679701,0.00150659133709981,FALSE,0.0050432880597062,-1.6253789667199,0.329366707795975,-1.0265036729999,"Frozen-source hash and interval checks passed; retained in primary",178
2022-08-03,0.00111185881906277,0.00150659133709981,FALSE,0.00755768101453369,-1.3236519510777,0.888542083031396,-1.39589508593607,"Frozen-source hash and interval checks passed; retained in primary",179
2017-04-26,0.00109094441376741,0.00150659133709981,FALSE,0.00529547304404227,-1.56814638354426,-0.0799398034027288,-0.575541157062087,"Frozen-source hash and interval checks passed; retained in primary",180
2016-07-12,0.00107558559136446,0.00150659133709981,FALSE,0.0175267862399053,0.850594020133406,1.91111651444493,-1.98675644694877,"Frozen-source hash and interval checks passed; retained in primary",181
2022-01-05,0.00107437882444169,0.00150659133709981,FALSE,0.0137408214622507,0.961963344505573,0.0373017815440857,0.181011125577601,"Frozen-source hash and interval checks passed; retained in primary",182
2014-12-11,0.00107271140821555,0.00150659133709981,FALSE,0.00488319797766202,1.61963419074588,1.15397758430626,-0.756624038331566,"Frozen-source hash and interval checks passed; retained in primary",183
2015-01-22,0.00106964331031316,0.00150659133709981,FALSE,0.00289018420859208,2.10435422679278,0.846066446702487,-0.0508949031258865,"Frozen-source hash and interval checks passed; retained in primary",184
2016-11-10,0.00106574871513349,0.00150659133709981,FALSE,0.0280724814924708,-0.665418037481991,1.05033149014773,-1.62728283368736,"Frozen-source hash and interval checks passed; retained in primary",185
2020-03-06,0.00105656080063104,0.00150659133709981,FALSE,0.00948314771931916,1.15078063898242,-0.641275254161755,1.17998253995735,"Frozen-source hash and interval checks passed; retained in primary",186
2024-08-16,0.00104784015705319,0.00150659133709981,FALSE,0.00734551270845691,-1.3035453356162,-0.912740981380855,0.525183000815321,"Frozen-source hash and interval checks passed; retained in primary",187
2015-01-14,0.00102817162420186,0.00150659133709981,FALSE,0.00791738325872717,1.24338755364394,-0.579042217204284,1.17478153677331,"Frozen-source hash and interval checks passed; retained in primary",188
2016-02-03,0.00102474310786337,0.00150659133709981,FALSE,0.020818179041822,-0.76051612621953,-1.83516530585175,1.97327868814989,"Frozen-source hash and interval checks passed; retained in primary",189
2021-05-19,0.00101566421760526,0.00150659133709981,FALSE,0.0044410119764067,1.65294432501029,0.346895603216701,0.229600137599739,"Frozen-source hash and interval checks passed; retained in primary",190
2015-06-09,0.00100557840998578,0.00150659133709981,FALSE,0.00443638974232482,1.64557717161301,-0.0161452132819484,0.738247615473142,"Frozen-source hash and interval checks passed; retained in primary",191
2016-03-30,0.0010004459420716,0.00150659133709981,FALSE,0.00492347622507535,1.55768541724251,0.0327327098314178,0.646220103926698,"Frozen-source hash and interval checks passed; retained in primary",192
2022-06-13,0.000997900974471606,0.00150659133709981,FALSE,0.0122694716881771,0.981839846806788,0.16538736940408,0.0521784514837975,"Frozen-source hash and interval checks passed; retained in primary",193
2021-06-16,0.000981037213594474,0.00150659133709981,FALSE,0.00313605651724081,1.93445827814945,0.438036611919967,0.218181904733417,"Frozen-source hash and interval checks passed; retained in primary",194
2016-06-21,0.000965412534692787,0.00150659133709981,FALSE,0.00186441371613776,2.49040921616825,1.02815432480958,-0.22979711376232,"Frozen-source hash and interval checks passed; retained in primary",195
2016-07-01,0.000962261734969511,0.00150659133709981,FALSE,0.00247434753066949,-2.15758999034608,-0.8581805974337,0.214299711859223,"Frozen-source hash and interval checks passed; retained in primary",196
2020-07-17,0.000957259392283016,0.00150659133709981,FALSE,0.00340612882785854,-1.83330199963775,-0.549454800615257,-0.00934099295442081,"Frozen-source hash and interval checks passed; retained in primary",197
2018-03-02,0.000952615649429156,0.00150659133709981,FALSE,0.00878479018083539,1.13571081409712,-0.516201811945693,1.18556149633422,"Frozen-source hash and interval checks passed; retained in primary",198
2024-07-24,0.000948082972723237,0.00150659133709981,FALSE,0.0102160685046028,1.04988588687075,-1.29627384655788,1.70005064001497,"Frozen-source hash and interval checks passed; retained in primary",199
2026-06-23,0.000944687460700609,0.00150659133709981,FALSE,0.0263504693277193,-0.647204980114328,-0.296206162789492,-0.0247632020085931,"Frozen-source hash and interval checks passed; retained in primary",200
2025-10-30,0.000942302153566617,0.00150659133709981,FALSE,0.0063490520590666,-1.33029572795006,0.928164216190774,-1.47676494526765,"Frozen-source hash and interval checks passed; retained in primary",201
2018-02-09,0.000942106678048288,0.00150659133709981,FALSE,0.00568768044952534,1.4058354165726,0.133266397667153,0.515085759867873,"Frozen-source hash and interval checks passed; retained in primary",202
2017-04-25,0.000927328020004759,0.00150659133709981,FALSE,0.00552826346470162,1.41484599730021,1.3464932850126,-1.03346038107635,"Frozen-source hash and interval checks passed; retained in primary",203
2023-06-15,0.000921294023615557,0.00150659133709981,FALSE,0.00533534175267534,-1.4356446999581,0.230296886113823,-0.829109173805964,"Frozen-source hash and interval checks passed; retained in primary",204
2016-08-02,0.000920546422094346,0.00150659133709981,FALSE,0.00898628043679798,-1.10373120152415,-1.57444429259703,1.41818409973684,"Frozen-source hash and interval checks passed; retained in primary",205
2026-03-06,0.000919642233643565,0.00150659133709981,FALSE,0.00711925907998754,1.24059841295801,0.320361868652075,-0.0380686509260819,"Frozen-source hash and interval checks passed; retained in primary",206
2019-01-31,0.000916635381820271,0.00150659133709981,FALSE,0.00476918913283555,1.51505557881914,-0.0170973606802516,0.6684700502257,"Frozen-source hash and interval checks passed; retained in primary",207
2020-05-01,0.000906411145177684,0.00150659133709981,FALSE,0.00758741754229722,-1.19275811581177,-0.567608047684676,0.168460498426182,"Frozen-source hash and interval checks passed; retained in primary",208
2016-10-28,0.000894019250123972,0.00150659133709981,FALSE,0.0028074003818758,-1.9520970457787,-0.507930709813209,-0.246984071595957,"Frozen-source hash and interval checks passed; retained in primary",209
2024-07-25,0.000893651060325869,0.00150659133709981,FALSE,0.00947912989068678,-1.05857635373849,0.0203676447906087,-0.37740804818096,"Frozen-source hash and interval checks passed; retained in primary",210
2014-09-08,0.00088895310865296,0.00150659133709981,FALSE,0.00361167509322943,1.71549725495975,1.14517466207529,-0.674298580350019,"Frozen-source hash and interval checks passed; retained in primary",211
2022-12-21,0.00088698816198357,0.00150659133709981,FALSE,0.00366941862926364,-1.70001453458563,0.370842673239524,-0.971765922279832,"Frozen-source hash and interval checks passed; retained in primary",212
2026-06-26,0.00088557812259884,0.00150659133709981,FALSE,0.017353776590722,-0.775721192153859,-0.25694133984473,0,"Frozen-source hash and interval checks passed; retained in primary",213
2022-08-18,0.00088535519620334,0.00150659133709981,FALSE,0.00237211610054537,2.11380885210557,0.678330963513174,0.0812737862905699,"Frozen-source hash and interval checks passed; retained in primary",214
2017-09-11,0.000885122363281638,0.00150659133709981,FALSE,0.00561793655329711,1.37113591192942,1.58575320869052,-1.20878057748914,"Frozen-source hash and interval checks passed; retained in primary",215
2014-10-09,0.000877063732719812,0.00150659133709981,FALSE,0.00623859239035234,-1.29480377661121,-0.936994588893425,0.378910854898074,"Frozen-source hash and interval checks passed; retained in primary",216
2016-03-03,0.000875504866424314,0.00150659133709981,FALSE,0.00756260480580231,1.1741829293064,0.163980127600416,0.246327211735675,"Frozen-source hash and interval checks passed; retained in primary",217
2026-04-08,0.00087245938357232,0.00150659133709981,FALSE,0.0176558848750211,0.76322100048111,-0.472052252227506,0.948827376557926,"Frozen-source hash and interval checks passed; retained in primary",218
2023-01-13,0.000864243522302828,0.00150659133709981,FALSE,0.0103543257575677,0.995606315450294,-0.985357909941698,1.47518203088017,"Frozen-source hash and interval checks passed; retained in primary",219
2016-08-26,0.000863666340875664,0.00150659133709981,FALSE,0.00329712725733458,1.77002182095,1.14836489278827,-0.614532610954655,"Frozen-source hash and interval checks passed; retained in primary",220
2015-02-18,0.000858969165792983,0.00150659133709981,FALSE,0.00275098136321117,-1.93302466194167,-0.49805830272458,-0.167940252755461,"Frozen-source hash and interval checks passed; retained in primary",221
2014-02-20,0.000854709613943084,0.00150659133709981,FALSE,0.00236001907590899,-2.08223184207338,-0.641534137339939,-0.0195484313006311,"Frozen-source hash and interval checks passed; retained in primary",222
2024-10-31,0.000853183460728994,0.00150659133709981,FALSE,0.00576149057848162,-1.32919806137833,-0.995605009462119,0.52373278470661,"Frozen-source hash and interval checks passed; retained in primary",223
2025-05-13,0.000839788240861649,0.00150659133709981,FALSE,0.00651300819934065,-1.23984043996867,-0.65394250935249,0.229854076320457,"Frozen-source hash and interval checks passed; retained in primary",224
2017-05-17,0.000839678784664808,0.00150659133709981,FALSE,0.0145903202181317,-0.824941616733876,-1.86232145845535,1.58436781023079,"Frozen-source hash and interval checks passed; retained in primary",225
2016-12-29,0.000831710945532418,0.00150659133709981,FALSE,0.00484203792248835,1.43221675240175,-0.484983677594641,1.14540956511009,"Frozen-source hash and interval checks passed; retained in primary",226
2025-05-21,0.000830128506376072,0.00150659133709981,FALSE,0.00575436919857798,1.31193183633386,-0.298997403214729,0.72122365331504,"Frozen-source hash and interval checks passed; retained in primary",227
2017-12-13,0.000817532513426489,0.00150659133709981,FALSE,0.0037801642569364,-1.60792355187754,-0.908087241933764,0.379172448465237,"Frozen-source hash and interval checks passed; retained in primary",228
2018-02-22,0.000810263006004291,0.00150659133709981,FALSE,0.00280206718943714,-1.86018030042981,-1.11452257580908,0.633739306501724,"Frozen-source hash and interval checks passed; retained in primary",229
2014-12-12,0.00080327562925928,0.00150659133709981,FALSE,0.00454143918910886,1.45357605385793,-0.379118639142151,0.993190556227841,"Frozen-source hash and interval checks passed; retained in primary",230
2023-03-14,0.00079924559455403,0.00150659133709981,FALSE,0.0115466433226648,-0.906110083817863,0.644979837557624,-0.89733646310961,"Frozen-source hash and interval checks passed; retained in primary",231
2024-08-22,0.000798468458216372,0.00150659133709981,FALSE,0.00452284073031169,1.45221028462449,0.957105435216077,-0.53578916468906,"Frozen-source hash and interval checks passed; retained in primary",232
2014-02-10,0.000795792285061134,0.00150659133709981,FALSE,0.00332830178449983,1.69104513521935,0.438010705797076,0.17607360510894,"Frozen-source hash and interval checks passed; retained in primary",233
2020-03-03,0.000782760849581106,0.00150659133709981,FALSE,0.00464663030700845,-1.41848502783849,-1.14667805957134,0.687415619132192,"Frozen-source hash and interval checks passed; retained in primary",234
2019-01-09,0.000782299135690884,0.00150659133709981,FALSE,0.00333454328614173,-1.67507235699063,-0.719729979806694,0.175155610579303,"Frozen-source hash and interval checks passed; retained in primary",235
2016-10-07,0.000777696013543118,0.00150659133709981,FALSE,0.00250249800794746,-1.92869963180873,-1.19428826763066,0.578482137685121,"Frozen-source hash and interval checks passed; retained in primary",236
2021-02-25,0.000777158610900192,0.00150659133709981,FALSE,0.00891572069999806,1.01817521472221,0.392999766156388,-0.292273813867538,"Frozen-source hash and interval checks passed; retained in primary",237
2016-01-25,0.000774473302453116,0.00150659133709981,FALSE,0.00345332677224134,-1.63766034434019,-0.465824320859731,-0.151950054561212,"Frozen-source hash and interval checks passed; retained in primary",238
2022-04-20,0.000771469553655148,0.00150659133709981,FALSE,0.00476592292536687,-1.39039798671052,-1.00971223309081,0.616442980514176,"Frozen-source hash and interval checks passed; retained in primary",239
2022-08-19,0.000770992883482838,0.00150659133709981,FALSE,0.00512414450055251,-1.3402615827007,0.664951295720373,-1.26332932497482,"Frozen-source hash and interval checks passed; retained in primary",240
2026-05-19,0.000770873159513621,0.00150659133709981,FALSE,0.00846731792217427,-1.04078894078068,-0.193565749587421,-0.17613390727016,"Frozen-source hash and interval checks passed; retained in primary",241
2014-03-31,0.000770529955534544,0.00150659133709981,FALSE,0.00213658226582241,2.07807456951509,0.758216109380605,-0.0582807204452251,"Frozen-source hash and interval checks passed; retained in primary",242
2018-11-02,0.00076664056561881,0.00150659133709981,FALSE,0.00499663666669837,1.35350514159025,0.658023799251417,-0.265627923141043,"Frozen-source hash and interval checks passed; retained in primary",243
2022-07-27,0.000766561892856937,0.00150659133709981,FALSE,0.00234393579940256,-1.9787084265782,-0.160677359349215,-0.503779402995708,"Frozen-source hash and interval checks passed; retained in primary",244
2021-05-20,0.000766481766861538,0.00150659133709981,FALSE,0.00315564896089721,-1.70455441696256,-0.481813341317938,-0.0275798668721627,"Frozen-source hash and interval checks passed; retained in primary",245
2016-04-19,0.000762161003019858,0.00150659133709981,FALSE,0.0121033527167944,0.864006273357758,0.483682477335634,-0.284390815958169,"Frozen-source hash and interval checks passed; retained in primary",246
2024-12-20,0.000761044241057958,0.00150659133709981,FALSE,0.00865028701511187,1.0230426953944,-0.400570164865588,1.03238235308076,"Frozen-source hash and interval checks passed; retained in primary",247
2017-09-06,0.000758503249170814,0.00150659133709981,FALSE,0.00218151637274072,2.04040265350602,0.60681385223118,0.174560198673479,"Frozen-source hash and interval checks passed; retained in primary",248
2019-01-10,0.000758102190011965,0.00150659133709981,FALSE,0.00421737438640654,1.46560079810499,0.464368474343546,0.0830756497679275,"Frozen-source hash and interval checks passed; retained in primary",249
2015-06-08,0.000755256991306457,0.00150659133709981,FALSE,0.00229588816880464,-1.98455672121978,-1.05994233771205,0.39894730963228,"Frozen-source hash and interval checks passed; retained in primary",250
2020-07-16,0.000754725486748013,0.00150659133709981,FALSE,0.00544492941877676,1.28618494510937,0.544850797924301,-0.121512376497357,"Frozen-source hash and interval checks passed; retained in primary",251
2021-04-28,0.00074904573408406,0.00150659133709981,FALSE,0.00460892131112796,-1.39329159042905,-0.260564765998561,-0.230022643630701,"Frozen-source hash and interval checks passed; retained in primary",252
2023-07-21,0.000744567670848043,0.00150659133709981,FALSE,0.00488886718529539,1.34857276160852,1.38254137723179,-0.964067862400242,"Frozen-source hash and interval checks passed; retained in primary",253
2026-01-27,0.000742863088658812,0.00150659133709981,FALSE,0.00283361007241342,-1.77116403551748,-1.10750877184924,0.553909728114999,"Frozen-source hash and interval checks passed; retained in primary",254
2026-03-04,0.000730517581290971,0.00150659133709981,FALSE,0.0308973441241408,0.524360871032632,-0.153965280629365,0.483123436686661,"Frozen-source hash and interval checks passed; retained in primary",255
2016-04-13,0.000729871895869294,0.00150659133709981,FALSE,0.00783636667474334,1.0530481301411,0.860497278256744,-0.615386557437869,"Frozen-source hash and interval checks passed; retained in primary",256
2022-04-25,0.000728954568133271,0.00150659133709981,FALSE,0.00482995037025157,1.34251197561587,-0.295356959637649,0.873504228212596,"Frozen-source hash and interval checks passed; retained in primary",257
2016-01-07,0.000728730233369974,0.00150659133709981,FALSE,0.00569913979533181,-1.23517436448827,-0.889658914822355,0.456583189402693,"Frozen-source hash and interval checks passed; retained in primary",258
2025-02-06,0.000727801220435072,0.00150659133709981,FALSE,0.00278192113524403,-1.76937414747198,-0.731978519151655,0.190557602756236,"Frozen-source hash and interval checks passed; retained in primary",259
2025-10-08,0.00072714236586293,0.00150659133709981,FALSE,0.00467558805865945,-1.36290176848076,0.52682095788823,-1.02011480568756,"Frozen-source hash and interval checks passed; retained in primary",260
2014-04-08,0.000726077277350481,0.00150659133709981,FALSE,0.00383679932890138,-1.50405164965853,-1.23619197622897,0.896866998276025,"Frozen-source hash and interval checks passed; retained in primary",261
2024-02-01,0.000723175852828101,0.00150659133709981,FALSE,0.00273563611700511,-1.77864209681699,-0.58980256014145,0.0547120790558964,"Frozen-source hash and interval checks passed; retained in primary",262
2023-05-24,0.000721867778255178,0.00150659133709981,FALSE,0.00496585881073919,1.31747158992984,0.648334140847018,-0.287894253833976,"Frozen-source hash and interval checks passed; retained in primary",263
2018-03-27,0.000717626233315025,0.00150659133709981,FALSE,0.00445596447985014,-1.38707247407755,0.0543474383841502,-0.683373957856492,"Frozen-source hash and interval checks passed; retained in primary",264
2014-09-09,0.000710354300858092,0.00150659133709981,FALSE,0.00305210314969206,-1.66864809652011,-0.0933361610778949,-0.632167034292408,"Frozen-source hash and interval checks passed; retained in primary",265
2024-08-19,0.000709420742431109,0.00150659133709981,FALSE,0.00567472591306992,1.22133375013944,-0.609301547024366,1.16110623754642,"Frozen-source hash and interval checks passed; retained in primary",266
2016-01-21,0.00070881762057258,0.00150659133709981,FALSE,0.00785299309863303,-1.03664075999426,0.57092702892545,-1.05133666344219,"Frozen-source hash and interval checks passed; retained in primary",267
2023-03-17,0.000706832172096025,0.00150659133709981,FALSE,0.00766356131499654,-1.04800397179476,-1.08627960611609,0.754663607253647,"Frozen-source hash and interval checks passed; retained in primary",268
2016-11-30,0.00070520964285731,0.00150659133709981,FALSE,0.00759474401606249,1.05156882329288,1.50594089531491,-1.37374474567897,"Frozen-source hash and interval checks passed; retained in primary",269
2023-06-22,0.00070515208594992,0.00150659133709981,FALSE,0.00390541635350598,1.4690908017631,1.0371534120051,-0.561444383089427,"Frozen-source hash and interval checks passed; retained in primary",270
2024-10-21,0.00070324845712647,0.00150659133709981,FALSE,0.003625579312597,1.52288671042472,1.06974025642974,-0.593236200726555,"Frozen-source hash and interval checks passed; retained in primary",271
2025-03-04,0.000702292955077662,0.00150659133709981,FALSE,0.00343564041753332,1.56350258284175,-0.295415301615432,0.903106783629415,"Frozen-source hash and interval checks passed; retained in primary",272
2026-07-29,0.000698295429650784,0.00150659133709981,FALSE,0.0325946031307435,-0.498702593777166,-0.171617143749447,-0.128240376647959,"Frozen-source hash and interval checks passed; retained in primary",273
2017-05-09,0.000698262959731481,0.00150659133709981,FALSE,0.00619301896144512,-1.15957793341497,0.630090946399653,-1.1892841579761,"Frozen-source hash and interval checks passed; retained in primary",274
2017-01-26,0.000696037648536474,0.00150659133709981,FALSE,0.00592746058867394,1.18353659125226,1.1990062957365,-0.963651784827402,"Frozen-source hash and interval checks passed; retained in primary",275
2020-05-29,0.000695915047697268,0.00150659133709981,FALSE,0.0109598919128903,-0.868105590341476,-0.130346735618669,-0.0928332781114705,"Frozen-source hash and interval checks passed; retained in primary",276
2026-03-24,0.000692604352889312,0.00150659133709981,FALSE,0.0041040628389323,1.42014670591862,0.575765117665039,-0.125944601030703,"Frozen-source hash and interval checks passed; retained in primary",277
2025-10-29,0.000691207439348292,0.00150659133709981,FALSE,0.00450187872664691,1.35431020649468,0.290300536365251,0.151290934958404,"Frozen-source hash and interval checks passed; retained in primary",278
2015-08-27,0.000686424456435306,0.00150659133709981,FALSE,0.00944856533062187,-0.929271414180098,1.08748635207983,-1.51694857508176,"Frozen-source hash and interval checks passed; retained in primary",279
2015-09-01,0.000683395339458259,0.00150659133709981,FALSE,0.00747097593529678,-1.04378143566281,-1.33775077770117,1.09453829032216,"Frozen-source hash and interval checks passed; retained in primary",280
2014-07-31,0.000676499678612399,0.00150659133709981,FALSE,0.00462963795547371,1.32112301372179,0.150778550902642,0.145878946365929,"Frozen-source hash and interval checks passed; retained in primary",281
2026-03-12,0.000676072784756552,0.00150659133709981,FALSE,0.00820956204274428,0.99000483060322,0.471309422100497,-0.238963766084943,"Frozen-source hash and interval checks passed; retained in primary",282
2022-06-24,0.000673430321496696,0.00150659133709981,FALSE,0.0129784173142607,-0.783951894147214,0.148517890971123,-0.370453116851532,"Frozen-source hash and interval checks passed; retained in primary",283
2014-03-19,0.000672578566590113,0.00150659133709981,FALSE,0.00216007407865458,1.93089318874635,0.756250420958127,-0.167562012494038,"Frozen-source hash and interval checks passed; retained in primary",284
2015-09-02,0.000669310772091476,0.00150659133709981,FALSE,0.00402338594832163,1.41004591119893,0.658213539949548,-0.0500125041682509,"Frozen-source hash and interval checks passed; retained in primary",285
2022-08-02,0.000668522298303402,0.00150659133709981,FALSE,0.00292019578128049,1.65503638935854,0.909194197281771,-0.393760920697428,"Frozen-source hash and interval checks passed; retained in primary",286
2018-10-24,0.000664489314940449,0.00150659133709981,FALSE,0.00544447693031127,-1.20689936760751,-0.189904004910746,-0.409435373929323,"Frozen-source hash and interval checks passed; retained in primary",287
2015-04-07,0.000663733369423088,0.00150659133709981,FALSE,0.0054023815819833,-1.21092857803002,0.500610355160491,-1.09436788289727,"Frozen-source hash and interval checks passed; retained in primary",288
2016-08-30,0.000659270784709478,0.00150659133709981,FALSE,0.00349025712815007,1.50291563171717,1.14569752882456,-0.770547582353576,"Frozen-source hash and interval checks passed; retained in primary",289
2019-05-13,0.000651070327963727,0.00150659133709981,FALSE,0.00667836041069686,-1.0779896633801,-0.838380605413303,0.347444804126518,"Frozen-source hash and interval checks passed; retained in primary",290
2026-02-02,0.000650310410376919,0.00150659133709981,FALSE,0.00610351627679031,-1.12727921571035,0.342316828046929,-0.74877705898313,"Frozen-source hash and interval checks passed; retained in primary",291
2025-04-07,0.000648682381567444,0.00150659133709981,FALSE,0.0252646544046513,-0.548016141590452,1.09475430097339,-1.3814912284599,"Frozen-source hash and interval checks passed; retained in primary",292
2025-04-03,0.00064843892889676,0.00150659133709981,FALSE,0.0251024174884633,-0.549726769016824,-2.78024146392211,2.66213950858072,"Frozen-source hash and interval checks passed; retained in primary",293
2024-01-11,0.000646452897822402,0.00150659133709981,FALSE,0.00620849420384126,-1.11432934251747,-0.178469445967622,-0.239964463302744,"Frozen-source hash and interval checks passed; retained in primary",294
2016-04-08,0.000643236248660845,0.00150659133709981,FALSE,0.00317290025146853,-1.55724730090723,-0.207164104720636,-0.351299242675385,"Frozen-source hash and interval checks passed; retained in primary",295
2014-10-16,0.000641862094428898,0.00150659133709981,FALSE,0.00279158631574411,1.65874231638856,0.536364662606958,0.0754574644367345,"Frozen-source hash and interval checks passed; retained in primary",296
2019-03-20,0.000640919395123531,0.00150659133709981,FALSE,0.0014356370051288,-2.31290630161655,-0.771652465307859,-0.0269311909702807,"Frozen-source hash and interval checks passed; retained in primary",297
2015-06-17,0.000640208649286958,0.00150659133709981,FALSE,0.00289825371182199,-1.62574688176915,0.070833494850886,-0.694559406629569,"Frozen-source hash and interval checks passed; retained in primary",298
2022-03-31,0.000638685463656516,0.00150659133709981,FALSE,0.003405524667725,1.49761906945973,0.101589047294803,0.435479920782633,"Frozen-source hash and interval checks passed; retained in primary",299
2022-02-10,0.00063644137831993,0.00150659133709981,FALSE,0.00507826161788952,1.22322613493584,0.618331771400138,-0.345901417179117,"Frozen-source hash and interval checks passed; retained in primary",300
2018-10-30,0.000632022163349617,0.00150659133709981,FALSE,0.00727877744415063,1.01704743764272,0.608112563913199,-0.239733744117743,"Frozen-source hash and interval checks passed; retained in primary",301
2014-12-15,0.000631261286482036,0.00150659133709981,FALSE,0.00273158442272476,-1.66300639666951,-0.860446678802917,0.398356249969645,"Frozen-source hash and interval checks passed; retained in primary",302
2015-12-04,0.000630889055804044,0.00150659133709981,FALSE,0.00519789055528712,1.20371009598191,0.605988936032542,-0.0324991878064118,"Frozen-source hash and interval checks passed; retained in primary",303
2025-08-01,0.000627159080037173,0.00150659133709981,FALSE,0.0118771792337118,-0.791276539970129,-1.95169746221926,1.70097183508409,"Frozen-source hash and interval checks passed; retained in primary",304
2016-06-28,0.000623287904875219,0.00150659133709981,FALSE,0.00963290102715196,-0.876908996572568,0.783911191017861,-1.02755711589566,"Frozen-source hash and interval checks passed; retained in primary",305
2016-06-13,0.000620053551902923,0.00150659133709981,FALSE,0.00683052170592776,1.04013561507325,-0.546731897338271,0.929017144785682,"Frozen-source hash and interval checks passed; retained in primary",306
2016-08-08,0.00061891520571583,0.00150659133709981,FALSE,0.0148666969297324,0.70153033603368,0.793764366579897,-0.773489928738158,"Frozen-source hash and interval checks passed; retained in primary",307
2014-02-06,0.00061765441299391,0.00150659133709981,FALSE,0.00739410755989198,0.997490894468303,0.860757826498304,-0.45271212049478,"Frozen-source hash and interval checks passed; retained in primary",308
2019-07-19,0.000616066317522765,0.00150659133709981,FALSE,0.00292065113800738,1.58865419440519,0.51579435189506,-0.0371195252963474,"Frozen-source hash and interval checks passed; retained in primary",309
2025-05-01,0.000610476149373273,0.00150659133709981,FALSE,0.0121125053683245,-0.772968376075444,1.52457500679422,-1.97847555834567,"Frozen-source hash and interval checks passed; retained in primary",310
2018-03-29,0.000608717498816921,0.00150659133709981,FALSE,0.00361082232482709,-1.41974372464679,-0.415182292409,0.0282259963298337,"Frozen-source hash and interval checks passed; retained in primary",311
2024-06-13,0.000600737351457464,0.00150659133709981,FALSE,0.00515879406324565,-1.17905951589841,0.147443838302097,-0.569328260993096,"Frozen-source hash and interval checks passed; retained in primary",312
2015-09-09,0.00059895557627838,0.00150659133709981,FALSE,0.0165316857129832,-0.653897301768608,0.523826540860117,-1.01388718605691,"Frozen-source hash and interval checks passed; retained in primary",313
2018-01-17,0.000588658207188086,0.00150659133709981,FALSE,0.00173995178272676,2.01314688419054,0.718423091969811,-0.0631911553412579,"Frozen-source hash and interval checks passed; retained in primary",314
2017-08-16,0.000580210541359934,0.00150659133709981,FALSE,0.00202913785758438,-1.85048932601466,-0.296443638780497,-0.343549745728478,"Frozen-source hash and interval checks passed; retained in primary",315
2025-10-06,0.000577124903302176,0.00150659133709981,FALSE,0.0147823801050436,0.679390442337802,1.8539739474257,-1.80936498222275,"Frozen-source hash and interval checks passed; retained in primary",316
2015-09-03,0.000575598827949615,0.00150659133709981,FALSE,0.00266624749835647,-1.60738755490908,-0.410014942763581,-0.166527931906124,"Frozen-source hash and interval checks passed; retained in primary",317
2016-02-24,0.000574087465402609,0.00150659133709981,FALSE,0.00333848752456774,1.4340973071798,-0.0896775347482226,0.72473810710223,"Frozen-source hash and interval checks passed; retained in primary",318
2015-09-10,0.000572890437031578,0.00150659133709981,FALSE,0.00586683729301113,1.07931116130902,0.296775764714985,0.190358013203085,"Frozen-source hash and interval checks passed; retained in primary",319
2020-03-26,0.000572889549187592,0.00150659133709981,FALSE,0.021819513970148,-0.555153438469059,-1.70055098250046,1.79287670900914,"Frozen-source hash and interval checks passed; retained in primary",320
2021-11-17,0.000572743978647415,0.00150659133709981,FALSE,0.00408802006155383,-1.29397193842504,-0.681293373000535,0.253330556971232,"Frozen-source hash and interval checks passed; retained in primary",321
2024-11-07,0.000570238905502926,0.00150659133709981,FALSE,0.00635162072873928,-1.03464921078324,-1.1633790982077,0.942452785160874,"Frozen-source hash and interval checks passed; retained in primary",322
2024-08-28,0.00057003340167858,0.00150659133709981,FALSE,0.00429733827882405,1.25894233581029,0.481762586523704,-0.145464646576343,"Frozen-source hash and interval checks passed; retained in primary",323
2023-12-19,0.00056215317693158,0.00150659133709981,FALSE,0.00462234179512725,1.20526036229403,0.788287043204416,-0.404661125696748,"Frozen-source hash and interval checks passed; retained in primary",324
2016-02-08,0.00056079012191543,0.00150659133709981,FALSE,0.00811350938781086,-0.907021155452077,-1.29512398994813,1.10878268598791,"Frozen-source hash and interval checks passed; retained in primary",325
2020-05-08,0.000559487279526416,0.00150659133709981,FALSE,0.0155965438953341,0.650965706964983,0.381556903764002,-0.131541877466113,"Frozen-source hash and interval checks passed; retained in primary",326
2019-05-31,0.000558489927805568,0.00150659133709981,FALSE,0.0043707402450398,-1.23557645190417,-1.23684417291305,0.92521156487404,"Frozen-source hash and interval checks passed; retained in primary",327
2017-08-30,0.000556705078372199,0.00150659133709981,FALSE,0.00401562524254555,-1.2872203272294,0.49805245352692,-1.07655450826796,"Frozen-source hash and interval checks passed; retained in primary",328
2018-03-23,0.000554078071668488,0.00150659133709981,FALSE,0.00902097075717262,-0.854637015939298,-0.747324866388333,0.485322359076168,"Frozen-source hash and interval checks passed; retained in primary",329
2025-12-02,0.000553901009928416,0.00150659133709981,FALSE,0.00408321168560487,-1.27326054142523,-0.0136898701793786,-0.41131163385506,"Frozen-source hash and interval checks passed; retained in primary",330
2023-02-10,0.000553315947515548,0.00150659133709981,FALSE,0.00262572225691945,-1.58811484671625,-0.177751125618641,-0.396221182791212,"Frozen-source hash and interval checks passed; retained in primary",331
2022-06-17,0.000549633252182423,0.00150659133709981,FALSE,0.0161770551163581,-0.633338462652991,2.23012950046368,-2.61643921817099,"Frozen-source hash and interval checks passed; retained in primary",332
2014-03-26,0.000545115848001034,0.00150659133709981,FALSE,0.00178536183388486,-1.91242261640615,-0.726616002626423,0.0195484313006311,"Frozen-source hash and interval checks passed; retained in primary",333
2025-01-28,0.000543005884870779,0.00150659133709981,FALSE,0.00588471641565849,-1.04917636119865,0.588819937320206,-0.922974248280273,"Frozen-source hash and interval checks passed; retained in primary",334
2024-09-19,0.000542928355068111,0.00150659133709981,FALSE,0.00481598088257382,-1.16030243720528,0.286693400218541,-0.667113881702175,"Frozen-source hash and interval checks passed; retained in primary",335
2014-10-02,0.000542653367655697,0.00150659133709981,FALSE,0.00534746045616753,1.10056014464762,-0.52488038180778,1.10396705373308,"Frozen-source hash and interval checks passed; retained in primary",336
2026-07-07,0.000541667590914404,0.00150659133709981,FALSE,0.0129743312001924,0.703199870952137,0.0120588949116929,0.228261303958543,"Frozen-source hash and interval checks passed; retained in primary",337
2025-04-16,0.00054051680688508,0.00150659133709981,FALSE,0.00196259839114323,-1.8161550115406,-0.99222724458774,0.378072283990516,"Frozen-source hash and interval checks passed; retained in primary",338
2022-08-04,0.000539214176849237,0.00150659133709981,FALSE,0.00444729570820839,-1.20352578296319,-0.975615846868694,0.67300037162088,"Frozen-source hash and interval checks passed; retained in primary",339
2026-06-18,0.000538829871882865,0.00150659133709981,FALSE,0.00510229093092115,-1.12285340793955,0.353522636329995,-0.715199416629009,"Frozen-source hash and interval checks passed; retained in primary",340
2016-05-20,0.000537290641447397,0.00150659133709981,FALSE,0.00228370699330572,-1.67833481034521,0.0288579898213293,-0.644490044559376,"Frozen-source hash and interval checks passed; retained in primary",341
2024-08-01,0.000531612264976932,0.00150659133709981,FALSE,0.00490841855641069,1.13723142100994,0.147729760948101,0.21302098322975,"Frozen-source hash and interval checks passed; retained in primary",342
2024-02-07,0.000531084917559842,0.00150659133709981,FALSE,0.00503039650694567,1.12273278410731,0.401274123621365,-0.0067551592554338,"Frozen-source hash and interval checks passed; retained in primary",343
2014-10-06,0.000530375623086665,0.00150659133709981,FALSE,0.00325378352184941,-1.39630524926855,-0.991777752753986,0.566780930379718,"Frozen-source hash and interval checks passed; retained in primary",344
2026-01-15,0.000529964960101906,0.00150659133709981,FALSE,0.0032659131964266,-1.39316173555757,-0.197406865834537,-0.233711378210977,"Frozen-source hash and interval checks passed; retained in primary",345
2024-12-13,0.000528452051647919,0.00150659133709981,FALSE,0.00456036573131505,-1.17652468781955,0.630544894028207,-1.09219227686177,"Frozen-source hash and interval checks passed; retained in primary",346
2015-03-19,0.00052577591698342,0.00150659133709981,FALSE,0.00144594044380603,2.0873801820787,0.693963766080019,0.0165412290511036,"Frozen-source hash and interval checks passed; retained in primary",347
2023-12-01,0.000524720472575963,0.00150659133709981,FALSE,0.00478599002812815,-1.14426594628003,-0.897663139113947,0.590092260665998,"Frozen-source hash and interval checks passed; retained in primary",348
2022-10-18,0.000524139927108325,0.00150659133709981,FALSE,0.0049126188439892,-1.12872545557641,-0.01945264992953,-0.349063924278425,"Frozen-source hash and interval checks passed; retained in primary",349
2016-02-29,0.000523755538627382,0.00150659133709981,FALSE,0.00483299703628547,-1.1376132891946,-1.06768337173002,0.77642881668849,"Frozen-source hash and interval checks passed; retained in primary",350
2022-12-29,0.000523295660828333,0.00150659133709981,FALSE,0.00450441409954271,-1.17805266084245,-1.08993953225154,0.830128537779284,"Frozen-source hash and interval checks passed; retained in primary",351
2016-07-21,0.000522494336332458,0.00150659133709981,FALSE,0.00884772712670956,-0.838080521906563,-0.915945205586155,0.630204785274291,"Frozen-source hash and interval checks passed; retained in primary",352
2020-07-30,0.00052160802666173,0.00150659133709981,FALSE,0.00563198108556729,-1.05124933995913,-0.373903710372359,0.00951882348063648,"Frozen-source hash and interval checks passed; retained in primary",353
2021-06-17,0.000519541413079859,0.00150659133709981,FALSE,0.00286428064792702,-1.47322832824214,-0.130629392527259,-0.363372492852321,"Frozen-source hash and interval checks passed; retained in primary",354
2022-11-15,0.000518002583002755,0.00150659133709981,FALSE,0.00431967855485723,1.19699085506379,-0.310345125048128,0.764863087589607,"Frozen-source hash and interval checks passed; retained in primary",355
2017-03-29,0.000516544754289009,0.00150659133709981,FALSE,0.0022573744289439,-1.6552060439018,-0.18313996794177,-0.442219032107616,"Frozen-source hash and interval checks passed; retained in primary",356
2016-11-02,0.0005161570018509,0.00150659133709981,FALSE,0.0061105807854998,1.0037124776343,-0.783297991273413,1.31853120455956,"Frozen-source hash and interval checks passed; retained in primary",357
2025-03-31,0.000514291774147944,0.00150659133709981,FALSE,0.00616993738464556,0.997036594368238,0.15063905366568,0.239872183246259,"Frozen-source hash and interval checks passed; retained in primary",358
2022-03-29,0.000514126538100674,0.00150659133709981,FALSE,0.00548801930943978,-1.05735988125327,-0.815193788709756,0.520622667850379,"Frozen-source hash and interval checks passed; retained in primary",359
2016-01-29,0.000510063238513188,0.00150659133709981,FALSE,0.0172230465781003,0.590983191101134,1.95481669386841,-2.03628833428837,"Frozen-source hash and interval checks passed; retained in primary",360
2025-06-16,0.000507483490271301,0.00150659133709981,FALSE,0.00205769410882695,1.71855680580525,0.721778793258965,-0.0694010715620585,"Frozen-source hash and interval checks passed; retained in primary",361
2021-05-13,0.00050617473024591,0.00150659133709981,FALSE,0.00730428671785026,-0.908573404496567,-0.145580099848175,-0.0273860059222031,"Frozen-source hash and interval checks passed; retained in primary",362
2015-10-29,0.000505738069483635,0.00150659133709981,FALSE,0.00284619651222178,-1.45814959057804,-0.101694003251573,-0.479934723456132,"Frozen-source hash and interval checks passed; retained in primary",363
2016-03-23,0.00050472284744619,0.00150659133709981,FALSE,0.00435796946089532,-1.17632309836457,0.20256524924207,-0.721767446110633,"Frozen-source hash and interval checks passed; retained in primary",364
2016-05-16,0.000504673091328339,0.00150659133709981,FALSE,0.00407729071877524,1.21624950356517,0.194151091529582,0.229326340011582,"Frozen-source hash and interval checks passed; retained in primary",365
2026-07-31,0.000498728787786066,0.00150659133709981,FALSE,0.0468713314935487,0.348855008565847,0.012012123668903,0.194583120115333,"Frozen-source hash and interval checks passed; retained in primary",366
2017-01-11,0.000497777053365361,0.00150659133709981,FALSE,0.00271783190829512,-1.48049106123039,-0.12596719379343,-0.448276612751197,"Frozen-source hash and interval checks passed; retained in primary",367
2025-05-09,0.0004977758796783,0.00150659133709981,FALSE,0.00247852520278737,-1.55050083555375,-0.692897737640674,0.213344425575546,"Frozen-source hash and interval checks passed; retained in primary",368
2026-05-21,0.000497355206593342,0.00150659133709981,FALSE,0.0149185435694332,-0.627764591133086,0.0206867374517472,-0.201257929567689,"Frozen-source hash and interval checks passed; retained in primary",369
2016-06-20,0.000496554891365466,0.00150659133709981,FALSE,0.00284500742840855,-1.44515319322704,-0.380823320296741,-0.115096885907651,"Frozen-source hash and interval checks passed; retained in primary",370
2022-08-08,0.000495714428164619,0.00150659133709981,FALSE,0.00273789180444398,1.47198342901216,0.0877382211671218,0.444346432065856,"Frozen-source hash and interval checks passed; retained in primary",371
2020-07-10,0.000494416771756002,0.00150659133709981,FALSE,0.00629946104492494,0.967416044137391,-0.0497500579830668,0.467203241912717,"Frozen-source hash and interval checks passed; retained in primary",372
2018-03-26,0.000492704638472228,0.00150659133709981,FALSE,0.00270523267976812,1.47636386180718,0.745653846816152,-0.162035969304153,"Frozen-source hash and interval checks passed; retained in primary",373
2022-04-22,0.000491449217322676,0.00150659133709981,FALSE,0.00599995582233788,0.988437292455415,0.313300360528768,-0.124320140332035,"Frozen-source hash and interval checks passed; retained in primary",374
2022-12-02,0.00049018947313701,0.00150659133709981,FALSE,0.00252221648107701,-1.52522195959635,-0.915747997900684,0.48809444630864,"Frozen-source hash and interval checks passed; retained in primary",375
2017-01-05,0.000488503771465851,0.00150659133709981,FALSE,0.0100234729170789,-0.760900591255085,-1.62477055581887,1.64923854974006,"Frozen-source hash and interval checks passed; retained in primary",376
2026-04-17,0.000486459373880962,0.00150659133709981,FALSE,0.0061001476247602,0.975247962707285,-0.18498447888371,0.611661269484287,"Frozen-source hash and interval checks passed; retained in primary",377
2025-03-19,0.000485464199319537,0.00150659133709981,FALSE,0.00181153387638076,-1.79164627466928,-0.212328201428758,-0.353911758006742,"Frozen-source hash and interval checks passed; retained in primary",378
2025-04-25,0.000484022233296337,0.00150659133709981,FALSE,0.00388889413089487,1.21973113425083,1.15304789737389,-0.775170612257536,"Frozen-source hash and interval checks passed; retained in primary",379
2019-07-18,0.000483556145879634,0.00150659133709981,FALSE,0.00412691453786112,-1.18332308388375,-0.649490953006593,0.333580739277473,"Frozen-source hash and interval checks passed; retained in primary",380
2015-01-23,0.000483432993022041,0.00150659133709981,FALSE,0.00219029984636759,-1.62566419563095,-0.675717590129565,0.101815722354015,"Frozen-source hash and interval checks passed; retained in primary",381
2017-11-22,0.00048302241187372,0.00150659133709981,FALSE,0.00310357495660738,-1.36448310933357,-1.10441784158093,0.749735750376868,"Frozen-source hash and interval checks passed; retained in primary",382
2023-04-28,0.000480516373721989,0.00150659133709981,FALSE,0.00758843723685367,0.868389279032922,1.67043960249629,-1.44430907517581,"Frozen-source hash and interval checks passed; retained in primary",383
2022-03-11,0.000479643020298975,0.00150659133709981,FALSE,0.00936387018213355,0.780331389435307,1.06273710869655,-0.883632910323939,"Frozen-source hash and interval checks passed; retained in primary",384
2022-03-28,0.000478645397630385,0.00150659133709981,FALSE,0.00638928097226445,0.945104230681361,1.30600631886297,-1.03577160544885,"Frozen-source hash and interval checks passed; retained in primary",385
2014-03-03,0.00047689186939147,0.00150659133709981,FALSE,0.00400421611662463,1.19308277990778,-0.291406832829155,0.707828358359563,"Frozen-source hash and interval checks passed; retained in primary",386
2025-04-14,0.000475115827512366,0.00150659133709981,FALSE,0.00425132047472213,1.15558878821718,0.158018940446691,0.425785028842984,"Frozen-source hash and interval checks passed; retained in primary",387
2017-12-07,0.000475058424542949,0.00150659133709981,FALSE,0.00307672307868084,1.35909807913312,0.819899835248217,-0.337748076823008,"Frozen-source hash and interval checks passed; retained in primary",388
2014-03-25,0.000474768575280448,0.00150659133709981,FALSE,0.0029040404711052,1.39861683576942,0.597176567326718,-0.107563692960255,"Frozen-source hash and interval checks passed; retained in primary",389
2014-10-29,0.000471198062482394,0.00150659133709981,FALSE,0.00231144826145943,1.56224008499783,0.548226273211894,-0.0925497520942287,"Frozen-source hash and interval checks passed; retained in primary",390
2023-07-07,0.000467856998312587,0.00150659133709981,FALSE,0.00676102897932007,-0.908171073781768,-1.42147529950849,1.31332659602377,"Frozen-source hash and interval checks passed; retained in primary",391
2026-03-18,0.000464881459732361,0.00150659133709981,FALSE,0.0105654018506281,0.722790228085664,0.427251451849564,-0.282565884532904,"Frozen-source hash and interval checks passed; retained in primary",392
2023-02-01,0.000464147943572097,0.00150659133709981,FALSE,0.00287833216683302,-1.38906465138532,-1.01925025864542,0.693804818251298,"Frozen-source hash and interval checks passed; retained in primary",393
2024-08-30,0.000461228719836388,0.00150659133709981,FALSE,0.00322067813471565,1.30880408450929,1.10895597719693,-0.666829542739222,"Frozen-source hash and interval checks passed; retained in primary",394
2017-03-06,0.00045923748322435,0.00150659133709981,FALSE,0.00227581299498831,1.5543408142038,0.0235513683469968,0.595135661697377,"Frozen-source hash and interval checks passed; retained in primary",395
2015-08-20,0.000457703374906278,0.00150659133709981,FALSE,0.00556041991908964,0.991101391590212,-0.181752852072048,0.452270194280846,"Frozen-source hash and interval checks passed; retained in primary",396
2016-08-01,0.000456117733594404,0.00150659133709981,FALSE,0.00367896064248835,1.21749218361963,0.335529577284754,0.0586567618734435,"Frozen-source hash and interval checks passed; retained in primary",397
2016-10-31,0.000453984571817836,0.00150659133709981,FALSE,0.00212224923418328,1.60048514299016,0.231352625202419,0.313584140657852,"Frozen-source hash and interval checks passed; retained in primary",398
2014-04-07,0.000453683828959615,0.00150659133709981,FALSE,0.00224092428067857,1.55692081578094,0.174401267985136,0.339098324255804,"Frozen-source hash and interval checks passed; retained in primary",399
2017-06-14,0.000452838869387841,0.00150659133709981,FALSE,0.00339041162437586,1.26385947352035,-0.319578821217581,0.875598443426906,"Frozen-source hash and interval checks passed; retained in primary",400
2026-03-11,0.000452738105615211,0.00150659133709981,FALSE,0.00337581151965578,-1.26645791919089,0.305898424892614,-0.777427042328505,"Frozen-source hash and interval checks passed; retained in primary",401
2017-02-06,0.000448675306652149,0.00150659133709981,FALSE,0.00125697545441671,-2.06833170017004,-0.80973243436433,0.0889917296428067,"Frozen-source hash and interval checks passed; retained in primary",402
2023-08-17,0.00044649095713373,0.00150659133709981,FALSE,0.00277069279934612,-1.38867393949964,-0.281195744189056,-0.239750774155745,"Frozen-source hash and interval checks passed; retained in primary",403
2019-04-24,0.000446340167692975,0.00150659133709981,FALSE,0.00358030997744665,1.22091223310613,0.341949464490909,0.0447087234165089,"Frozen-source hash and interval checks passed; retained in primary",404
2026-01-14,0.000446158806827767,0.00150659133709981,FALSE,0.00295942152555456,1.34303818574848,-0.108133668045252,0.586400999376391,"Frozen-source hash and interval checks passed; retained in primary",405
2025-05-14,0.000445858606083919,0.00150659133709981,FALSE,0.00371130534020401,1.19844596581574,-0.319127641800998,0.822322755438964,"Frozen-source hash and interval checks passed; retained in primary",406
2022-05-11,0.000445064183418139,0.00150659133709981,FALSE,0.00682232064239259,-0.881757896776357,-0.262998373248235,0.00768019661689934,"Frozen-source hash and interval checks passed; retained in primary",407
2022-08-01,0.000444441201006721,0.00150659133709981,FALSE,0.00847783935142494,-0.789780488844812,-1.29985476717431,1.09414409775477,"Frozen-source hash and interval checks passed; retained in primary",408
2014-11-17,0.000444248184125729,0.00150659133709981,FALSE,0.00386427347866081,1.1722730603661,0.325000753146787,0.068681321381181,"Frozen-source hash and interval checks passed; retained in primary",409
2022-07-28,0.000443813533940861,0.00150659133709981,FALSE,0.011460766943619,0.677767919060297,-1.63482253807143,2.10487606187861,"Frozen-source hash and interval checks passed; retained in primary",410
2016-02-02,0.000439297263236925,0.00150659133709981,FALSE,0.00480589531979674,-1.04480830418937,-0.946858118478922,0.654707514101638,"Frozen-source hash and interval checks passed; retained in primary",411
2014-04-09,0.000438937806281518,0.00150659133709981,FALSE,0.0035812469914662,-1.21058677859149,-0.573748104273442,0.264744970046848,"Frozen-source hash and interval checks passed; retained in primary",412
2023-11-01,0.000433964875353853,0.00150659133709981,FALSE,0.00799337933417907,-0.803914730431054,-0.562993708969906,0.330666262538237,"Frozen-source hash and interval checks passed; retained in primary",413
2025-03-10,0.000432375903735977,0.00150659133709981,FALSE,0.00608450654093531,-0.920626376504737,-0.418274512973404,-0.0135924969626444,"Frozen-source hash and interval checks passed; retained in primary",414
2015-01-29,0.00043182407187225,0.00150659133709981,FALSE,0.00318421062701388,1.27365148908744,0.913400947242238,-0.482949466545612,"Frozen-source hash and interval checks passed; retained in primary",415
2018-11-20,0.000429434433802609,0.00150659133709981,FALSE,0.00481492662309035,1.0320390866022,0.381000873981074,-0.106571946143497,"Frozen-source hash and interval checks passed; retained in primary",416
2017-08-29,0.000428694448458999,0.00150659133709981,FALSE,0.00142314557251031,1.89989953964563,0.475866004090619,0.183284508787285,"Frozen-source hash and interval checks passed; retained in primary",417
2022-02-25,0.000428551827139812,0.00150659133709981,FALSE,0.0129269446316293,-0.626641282953052,0.0118749067755886,-0.14714158538256,"Frozen-source hash and interval checks passed; retained in primary",418
2014-06-11,0.000424665617105104,0.00150659133709981,FALSE,0.00191513434188461,1.62966480376833,0.15459750928728,0.420929601978326,"Frozen-source hash and interval checks passed; retained in primary",419
2020-11-19,0.00042396679178973,0.00150659133709981,FALSE,0.00683609370890231,-0.859731825471159,-0.157839143336869,-0.12525896516582,"Frozen-source hash and interval checks passed; retained in primary",420
2014-06-10,0.000423066909933072,0.00150659133709981,FALSE,0.00175342368598223,-1.70008498794132,-0.700615511085001,0.146420056419139,"Frozen-source hash and interval checks passed; retained in primary",421
2021-03-03,0.0004227414689967,0.00150659133709981,FALSE,0.00656307492985338,0.87628326344088,0.35951536522294,-0.159123916198389,"Frozen-source hash and interval checks passed; retained in primary",422
2020-04-03,0.000421745302097828,0.00150659133709981,FALSE,0.00881738122980801,-0.754262957150486,0.35951433519692,-0.628525962275805,"Frozen-source hash and interval checks passed; retained in primary",423
2017-06-27,0.000420223143074183,0.00150659133709981,FALSE,0.00450164144359598,-1.05600367679293,0.275082589912667,-0.839665496018149,"Frozen-source hash and interval checks passed; retained in primary",424
2018-02-02,0.000419638423787187,0.00150659133709981,FALSE,0.00872538253882712,0.756367746753692,0.777475224609692,-0.818558458643981,"Frozen-source hash and interval checks passed; retained in primary",425
2016-04-05,0.0004191279101708,0.00150659133709981,FALSE,0.00581190195745718,-0.927553682771357,-1.07579288234554,0.830929636378563,"Frozen-source hash and interval checks passed; retained in primary",426
2014-08-11,0.000418364917034936,0.00150659133709981,FALSE,0.00380841361039367,1.14595518188713,0.657606482903628,-0.225435037889543,"Frozen-source hash and interval checks passed; retained in primary",427
2023-11-14,0.000418320276880033,0.00150659133709981,FALSE,0.00358114616816835,-1.1818300423353,-0.860383262210185,0.53587505431052,"Frozen-source hash and interval checks passed; retained in primary",428
2018-02-16,0.000417714275023999,0.00150659133709981,FALSE,0.00306815897626928,1.27621570818969,0.222265358671603,0.244752075488197,"Frozen-source hash and interval checks passed; retained in primary",429
2023-12-08,0.000415249692856893,0.00150659133709981,FALSE,0.00546758475582015,0.952043938726087,0.902157779953683,-0.539831056968154,"Frozen-source hash and interval checks passed; retained in primary",430
2023-01-18,0.000414912069728471,0.00150659133709981,FALSE,0.00481207347337524,1.01474070462167,0.509797362864273,-0.210419747981216,"Frozen-source hash and interval checks passed; retained in primary",431
2026-06-01,0.00041292511418619,0.00150659133709981,FALSE,0.0134992741031193,0.601755084457689,0.480130068381168,-0.269685634931793,"Frozen-source hash and interval checks passed; retained in primary",432
2022-08-23,0.000411324202931413,0.00150659133709981,FALSE,0.00467727552793675,1.02486872006116,-0.414007782906323,0.883443120320226,"Frozen-source hash and interval checks passed; retained in primary",433
2025-01-15,0.000408091784112429,0.00150659133709981,FALSE,0.00461683180959921,-1.02752564134677,-1.01170801475763,0.858374369139181,"Frozen-source hash and interval checks passed; retained in primary",434
2015-10-05,0.000407794397277633,0.00150659133709981,FALSE,0.00374883450421854,-1.14037460474186,0.321538547739575,-0.784056064299854,"Frozen-source hash and interval checks passed; retained in primary",435
2022-10-28,0.000406541240350085,0.00150659133709981,FALSE,0.00413141070612223,-1.08441310890015,0.734214633709529,-1.13041721266027,"Frozen-source hash and interval checks passed; retained in primary",436
2021-12-07,0.000405708847470329,0.00150659133709981,FALSE,0.0066975751959545,-0.849727768732623,0.110717239612557,-0.264410518933733,"Frozen-source hash and interval checks passed; retained in primary",437
2018-03-19,0.000404619909502849,0.00150659133709981,FALSE,0.00381641236724474,1.12578716044032,0.0368358341212627,0.254801251430425,"Frozen-source hash and interval checks passed; retained in primary",438
2016-05-19,0.000402717088638372,0.00150659133709981,FALSE,0.00247170302090045,-1.39654559799963,-0.347057935203932,-0.145812474572526,"Frozen-source hash and interval checks passed; retained in primary",439
2023-11-22,0.000401993472673051,0.00150659133709981,FALSE,0.0050829947081378,-0.971703399008405,0.805931304327601,-1.20317364726237,"Frozen-source hash and interval checks passed; retained in primary",440
2014-09-04,0.000401321065410901,0.00150659133709981,FALSE,0.00179352430520653,1.63716766891851,0.805900200392573,-0.323655684721658,"Frozen-source hash and interval checks passed; retained in primary",441
2017-01-25,0.00040048065726391,0.00150659133709981,FALSE,0.00278774883944449,-1.31113791508618,-0.473200848725197,0.0264049642866304,"Frozen-source hash and interval checks passed; retained in primary",442
2022-09-07,0.000400302910111466,0.00150659133709981,FALSE,0.0042639169387456,-1.05913849077402,0.624062280680437,-1.00230532148071,"Frozen-source hash and interval checks passed; retained in primary",443
2019-05-29,0.000399325489115931,0.00150659133709981,FALSE,0.00174311854205874,1.65657778915757,0.368965126369813,0.228592427982921,"Frozen-source hash and interval checks passed; retained in primary",444
2019-05-30,0.000396564637244275,0.00150659133709981,FALSE,0.00280116116469849,-1.30157575117579,-0.0809568022277052,-0.39285601666128,"Frozen-source hash and interval checks passed; retained in primary",445
2020-05-11,0.000393783057906009,0.00150659133709981,FALSE,0.0175019123042382,-0.515041520858177,0.844881697904931,-1.12045990128626,"Frozen-source hash and interval checks passed; retained in primary",446
2015-01-07,0.000393360609662064,0.00150659133709981,FALSE,0.00531503443000722,-0.939887325233775,0.635590756949167,-1.05981309918235,"Frozen-source hash and interval checks passed; retained in primary",447
2023-03-02,0.000393202920530997,0.00150659133709981,FALSE,0.00390458013800643,-1.0971406129903,0.388709880844917,-0.748188042375819,"Frozen-source hash and interval checks passed; retained in primary",448
2017-06-12,0.000392332619455877,0.00150659133709981,FALSE,0.0037644329911111,1.11621811877538,-0.347990257536424,0.80788348447598,"Frozen-source hash and interval checks passed; retained in primary",449
2017-05-24,0.000390415052214537,0.00150659133709981,FALSE,0.0019439256932744,-1.55092765749282,-0.193876796127368,-0.339801811356466,"Frozen-source hash and interval checks passed; retained in primary",450
2025-10-23,0.000388303656999798,0.00150659133709981,FALSE,0.00475766081023451,-0.987288428253934,0.296821038685069,-0.610819277872476,"Frozen-source hash and interval checks passed; retained in primary",451
2016-09-30,0.000387155151810786,0.00150659133709981,FALSE,0.00227147577934875,1.42851657382295,0.320909294967953,0.266416853027174,"Frozen-source hash and interval checks passed; retained in primary",452
2026-02-13,0.000384868105050405,0.00150659133709981,FALSE,0.00550431731818719,-0.913474237513504,-0.228784298605866,-0.0851314677654536,"Frozen-source hash and interval checks passed; retained in primary",453
2018-02-23,0.000384599323967412,0.00150659133709981,FALSE,0.00318123901488642,1.20255468016005,0.246562210190104,0.299625692323424,"Frozen-source hash and interval checks passed; retained in primary",454
2014-03-04,0.000383680798056556,0.00150659133709981,FALSE,0.00333301415198605,-1.17336225307748,0.367513099897021,-0.805742788976804,"Frozen-source hash and interval checks passed; retained in primary",455
2026-02-10,0.000380612948608952,0.00150659133709981,FALSE,0.00834263402237138,0.736820376357449,-0.827108894727413,1.15995629748289,"Frozen-source hash and interval checks passed; retained in primary",456
2014-02-25,0.000376264798857844,0.00150659133709981,FALSE,0.00190145676772342,1.5395042819438,0.344245107392727,0.234558356172077,"Frozen-source hash and interval checks passed; retained in primary",457
2017-04-18,0.000374910338020626,0.00150659133709981,FALSE,0.00176822926045407,-1.59367859147341,-0.571321577929274,0.0553352407368202,"Frozen-source hash and interval checks passed; retained in primary",458
2024-06-07,0.000371290190631953,0.00150659133709981,FALSE,0.00276853373711082,1.26683612002984,0.833596124790326,-0.383926757741637,"Frozen-source hash and interval checks passed; retained in primary",459
2016-09-29,0.00037030570560626,0.00150659133709981,FALSE,0.00545065738893854,-0.900449891160983,0.35088388605149,-0.900773227469287,"Frozen-source hash and interval checks passed; retained in primary",460
2021-01-28,0.000368653603996035,0.00150659133709981,FALSE,0.00880909354615851,-0.705525814127134,0.121497831108108,-0.211132516050316,"Frozen-source hash and interval checks passed; retained in primary",461
2025-03-18,0.000366909155005477,0.00150659133709981,FALSE,0.00267333610888673,-1.28162753688799,0.0962721511191589,-0.624058391697258,"Frozen-source hash and interval checks passed; retained in primary",462
2019-08-26,0.000366018748888713,0.00150659133709981,FALSE,0.00591789867288662,0.8589535003907,0.89757709243754,-0.66256749721374,"Frozen-source hash and interval checks passed; retained in primary",463
2022-01-13,0.000364752455837492,0.00150659133709981,FALSE,0.0089727579737658,0.695295718371382,-0.40259675519585,0.594407344533199,"Frozen-source hash and interval checks passed; retained in primary",464
2018-02-08,0.00036294635954308,0.00150659133709981,FALSE,0.00488028766055433,-0.94238160281319,-0.848453221531686,0.485060210651156,"Frozen-source hash and interval checks passed; retained in primary",465
2022-10-26,0.000362192569519112,0.00150659133709981,FALSE,0.0045320669856841,-0.977070426395055,-1.12030873280062,0.917281784136392,"Frozen-source hash and interval checks passed; retained in primary",466
2017-03-03,0.000362177876374893,0.00150659133709981,FALSE,0.00134146362759036,-1.79874931039364,-0.442840463649397,-0.130975788206378,"Frozen-source hash and interval checks passed; retained in primary",467
2018-06-25,0.000362131849791185,0.00150659133709981,FALSE,0.00670307907956743,0.802465477055168,-0.180957651122071,0.327869146169757,"Frozen-source hash and interval checks passed; retained in primary",468
2014-08-20,0.000361761003576751,0.00150659133709981,FALSE,0.00226214552521778,1.38372393384027,0.900886596047146,-0.484919968752173,"Frozen-source hash and interval checks passed; retained in primary",469
2022-08-29,0.00036159621420255,0.00150659133709981,FALSE,0.00953360178411434,-0.671419468583771,0.886988112943587,-1.21099337138659,"Frozen-source hash and interval checks passed; retained in primary",470
2016-02-17,0.000361259450265487,0.00150659133709981,FALSE,0.00349709342113174,-1.1114396838828,-0.128902919066087,-0.21048946554254,"Frozen-source hash and interval checks passed; retained in primary",471
2020-04-14,0.000360766519986718,0.00150659133709981,FALSE,0.00673196717465908,-0.799219314810405,-0.670221985870034,0.475148795366565,"Frozen-source hash and interval checks passed; retained in primary",472
2026-01-30,0.000360741685167642,0.00150659133709981,FALSE,0.00682442588096162,0.793722592569274,1.15587868055567,-0.950466109743964,"Frozen-source hash and interval checks passed; retained in primary",473
2020-06-08,0.000357012226280424,0.00150659133709981,FALSE,0.0106032100440746,-0.632264406580643,-1.27477962210021,1.11855938411445,"Frozen-source hash and interval checks passed; retained in primary",474
2014-10-31,0.000356572389179577,0.00150659133709981,FALSE,0.0312818540086481,0.364013050039954,2.55226245370275,-2.85048480774757,"Frozen-source hash and interval checks passed; retained in primary",475
2019-06-07,0.000356382225523446,0.00150659133709981,FALSE,0.00210442236198319,-1.4240483527577,-0.43159835411064,-0.0647458747124574,"Frozen-source hash and interval checks passed; retained in primary",476
2016-10-04,0.000353348513006317,0.00150659133709981,FALSE,0.00453049920788388,0.965235323714161,1.24609567125069,-1.09697476129087,"Frozen-source hash and interval checks passed; retained in primary",477
2017-02-07,0.000352201339986614,0.00150659133709981,FALSE,0.00128577750583072,1.81185663401392,0.489591337991557,0.16038495819739,"Frozen-source hash and interval checks passed; retained in primary",478
2021-02-26,0.000351442904361331,0.00150659133709981,FALSE,0.00702930342793845,-0.771844979394525,0.16274292278422,-0.394626087620065,"Frozen-source hash and interval checks passed; retained in primary",479
2017-10-16,0.000351132668397778,0.00150659133709981,FALSE,0.00207888132706116,1.42219615143276,0.273574988382785,0.196727238623762,"Frozen-source hash and interval checks passed; retained in primary",480
2015-01-09,0.000350767338470003,0.00150659133709981,FALSE,0.00365459634537986,-1.07123671684254,-1.01723964001725,0.713778904829265,"Frozen-source hash and interval checks passed; retained in primary",481
2026-07-24,0.000350314383987561,0.00150659133709981,FALSE,0.0103935850132231,0.632656788709336,0.195582741824296,0.0549601552719103,"Frozen-source hash and interval checks passed; retained in primary",482
2024-09-05,0.000350012643788933,0.00150659133709981,FALSE,0.00354204195528526,1.08701397850651,-0.100198353956005,0.611665214186452,"Frozen-source hash and interval checks passed; retained in primary",483
2020-04-06,0.000349148295533041,0.00150659133709981,FALSE,0.0077227460240324,0.733713023515288,0.728628414701005,-0.532991520908332,"Frozen-source hash and interval checks passed; retained in primary",484
2024-11-15,0.000346437725622971,0.00150659133709981,FALSE,0.0044339908940117,-0.96614173761183,-1.21802977820766,0.882311310615425,"Frozen-source hash and interval checks passed; retained in primary",485
2017-07-21,0.000345831428227085,0.00150659133709981,FALSE,0.0027028459116034,-1.23744099130416,-0.756059602337844,0.448712948873897,"Frozen-source hash and interval checks passed; retained in primary",486
2022-09-08,0.000343706484818567,0.00150659133709981,FALSE,0.00285363686923379,1.20050669719457,0.221414197465863,0.235751045259036,"Frozen-source hash and interval checks passed; retained in primary",487
2025-09-05,0.000341765872564506,0.00150659133709981,FALSE,0.00454960696161378,0.947278850532424,-0.77651312783007,1.21164375321694,"Frozen-source hash and interval checks passed; retained in primary",488
2020-04-15,0.000339531696824488,0.00150659133709981,FALSE,0.0141061983568785,0.533630765186568,0.43141737916419,-0.31701658251615,"Frozen-source hash and interval checks passed; retained in primary",489
2017-08-01,0.000339520856185085,0.00150659133709981,FALSE,0.006376290944872,0.796802635574102,0.191116180008066,0.0453083239140284,"Frozen-source hash and interval checks passed; retained in primary",490
2017-04-07,0.00033948484944269,0.00150659133709981,FALSE,0.00133446411707333,1.74605292183852,0.362153115249209,0.234466695925484,"Frozen-source hash and interval checks passed; retained in primary",491
2016-09-02,0.000338284345289442,0.00150659133709981,FALSE,0.00568456269233104,-0.842645942868965,0.593790398353056,-0.925753959646425,"Frozen-source hash and interval checks passed; retained in primary",492
2021-08-19,0.000336441504492068,0.00150659133709981,FALSE,0.0058843970094895,0.825872239714296,0.134912453457181,0.154777651875815,"Frozen-source hash and interval checks passed; retained in primary",493
2014-10-15,0.000331834582616581,0.00150659133709981,FALSE,0.00585340940313874,0.822379372741465,-0.676965358727921,1.02247502106021,"Frozen-source hash and interval checks passed; retained in primary",494
2015-10-14,0.000331006186861105,0.00150659133709981,FALSE,0.00251541392146309,-1.25503849035171,-0.828776482193705,0.493704195143874,"Frozen-source hash and interval checks passed; retained in primary",495
2016-04-04,0.000330497037249126,0.00150659133709981,FALSE,0.00623004570191812,0.795374609667071,-0.409823473727666,0.788393261181497,"Frozen-source hash and interval checks passed; retained in primary",496
2019-06-05,0.000330002153650789,0.00150659133709981,FALSE,0.0028997986650015,1.16690228237235,0.34976520961969,0.092378759456313,"Frozen-source hash and interval checks passed; retained in primary",497
2016-01-20,0.000328772468014367,0.00150659133709981,FALSE,0.00625707978739325,0.791570355234299,-0.677551497825091,1.09384102077863,"Frozen-source hash and interval checks passed; retained in primary",498
2025-09-08,0.00032743924937995,0.00150659133709981,FALSE,0.00191883549730349,-1.42961813590283,-0.0144701878093567,-0.502684300158673,"Frozen-source hash and interval checks passed; retained in primary",499
2025-03-28,0.000323844538597166,0.00150659133709981,FALSE,0.00466766307769837,-0.910318185156288,-0.799861204298313,0.471401463863064,"Frozen-source hash and interval checks passed; retained in primary",500
2024-09-20,0.000322207369550182,0.00150659133709981,FALSE,0.00301508052888509,1.13071510607532,1.04803606525627,-0.71134967651334,"Frozen-source hash and interval checks passed; retained in primary",501
2024-08-14,0.000321289139572003,0.00150659133709981,FALSE,0.00327134696328796,1.08383660138223,0.383910490852823,0.0748732295129173,"Frozen-source hash and interval checks passed; retained in primary",502
2024-04-05,0.000320350089189047,0.00150659133709981,FALSE,0.0053157475520231,0.848132088781199,0.320932553835052,0.046166530086289,"Frozen-source hash and interval checks passed; retained in primary",503
2025-01-07,0.00031977157084218,0.00150659133709981,FALSE,0.00553627501328411,0.830225739082444,0.354037881170477,-0.177574881771125,"Frozen-source hash and interval checks passed; retained in primary",504
2023-10-03,0.000319432304953204,0.00150659133709981,FALSE,0.00648752179298944,-0.766173785906678,-0.685264058098989,0.428151577250002,"Frozen-source hash and interval checks passed; retained in primary",505
2021-10-05,0.000316312819968595,0.00150659133709981,FALSE,0.00660183578916522,0.755750316454288,0.675623229943589,-0.404804223000976,"Frozen-source hash and interval checks passed; retained in primary",506
2024-04-26,0.000315801209162865,0.00150659133709981,FALSE,0.00796699758946754,0.686931187859585,1.48882816680502,-1.3412732213375,"Frozen-source hash and interval checks passed; retained in primary",507
2020-03-30,0.000313840057848061,0.00150659133709981,FALSE,0.00809020337163343,0.67951833715413,0.260464279734407,0.0924983878734409,"Frozen-source hash and interval checks passed; retained in primary",508
2015-08-31,0.000313460854837729,0.00150659133709981,FALSE,0.00549902408134395,-0.824787510386831,-0.328110418231686,0.0494682176795713,"Frozen-source hash and interval checks passed; retained in primary",509
2016-02-18,0.000313382185693273,0.00150659133709981,FALSE,0.0120465200233045,-0.555348009880832,-0.577564807317543,0.456621797958157,"Frozen-source hash and interval checks passed; retained in primary",510
2017-11-30,0.00031336977661332,0.00150659133709981,FALSE,0.00388627884406026,0.981762996264384,0.684843371385302,-0.49096282507195,"Frozen-source hash and interval checks passed; retained in primary",511
2015-02-02,0.000312897856529638,0.00150659133709981,FALSE,0.0028063410319416,1.15507836132416,0.350952473067645,0.0937087430673778,"Frozen-source hash and interval checks passed; retained in primary",512
2018-06-07,0.000312500693164892,0.00150659133709981,FALSE,0.00284808552625871,-1.1458302035127,-0.451988663956815,0.0727537318377713,"Frozen-source hash and interval checks passed; retained in primary",513
2023-03-29,0.000310828346246998,0.00150659133709981,FALSE,0.00555228170349105,0.817346417529864,1.50190112117281,-1.3047291207033,"Frozen-source hash and interval checks passed; retained in primary",514
2023-08-18,0.00031007394547109,0.00150659133709981,FALSE,0.00348523529765142,1.03145213151024,-0.253188263375126,0.693422159911261,"Frozen-source hash and interval checks passed; retained in primary",515
2017-01-06,0.000309777141957702,0.00150659133709981,FALSE,0.0072398395927761,0.713958561090924,1.31202202913201,-1.19669113520793,"Frozen-source hash and interval checks passed; retained in primary",516
2023-12-15,0.000308953879940384,0.00150659133709981,FALSE,0.00899246312728583,0.639199748862573,0.376641763433216,-0.190590535227919,"Frozen-source hash and interval checks passed; retained in primary",517
2015-06-02,0.00030713504634815,0.00150659133709981,FALSE,0.00198783376660831,-1.36029529763995,-0.778388448684053,0.361693116249651,"Frozen-source hash and interval checks passed; retained in primary",518
2015-12-15,0.000305574929607122,0.00150659133709981,FALSE,0.00518959810703746,-0.838402913419899,0.552238409560646,-0.899977176333966,"Frozen-source hash and interval checks passed; retained in primary",519
2026-01-29,0.000302830681681105,0.00150659133709981,FALSE,0.00576090492874593,0.79193698192874,-0.186953050844929,0.469852078155419,"Frozen-source hash and interval checks passed; retained in primary",520
2019-06-04,0.000302524629721078,0.00150659133709981,FALSE,0.0083598362786165,0.656219543155436,0.254896859456055,0.0830679820714053,"Frozen-source hash and interval checks passed; retained in primary",521
2017-09-20,0.000302437623393539,0.00150659133709981,FALSE,0.00124968500177325,1.7030865422811,0.618264495307397,-0.00896901206930423,"Frozen-source hash and interval checks passed; retained in primary",522
2026-02-06,0.000301948740779301,0.00150659133709981,FALSE,0.00625185525803439,-0.758911165578016,-0.00939066529355159,-0.121015269059832,"Frozen-source hash and interval checks passed; retained in primary",523
2023-01-19,0.000301359521058446,0.00150659133709981,FALSE,0.00329073106969817,-1.04657687450302,-0.280591697793486,-0.0233526642558601,"Frozen-source hash and interval checks passed; retained in primary",524
2022-12-07,0.000300133798729319,0.00150659133709981,FALSE,0.0027756560379811,-1.13752693259839,-0.438692979303257,0.073195728637554,"Frozen-source hash and interval checks passed; retained in primary",525
2017-05-10,0.000299070488890286,0.00150659133709981,FALSE,0.00156445391310231,1.51340802854705,0.388871726518492,0.148985611012087,"Frozen-source hash and interval checks passed; retained in primary",526
2023-08-30,0.000298927201423629,0.00150659133709981,FALSE,0.00252072974495369,1.19141245946469,0.387805371161987,0.0479534175997998,"Frozen-source hash and interval checks passed; retained in primary",527
2022-10-03,0.000298800697729007,0.00150659133709981,FALSE,0.00454486493324891,0.886200073482233,0.173609002127506,0.145223219741464,"Frozen-source hash and interval checks passed; retained in primary",528
2016-06-30,0.000298417074707719,0.00150659133709981,FALSE,0.00171972383703264,1.44178116305148,0.609389857647624,-0.0876125634042602,"Frozen-source hash and interval checks passed; retained in primary",529
2018-12-10,0.00029827625794761,0.00150659133709981,FALSE,0.00568679879875019,0.791093174073649,0.570722167210613,-0.319205803934164,"Frozen-source hash and interval checks passed; retained in primary",530
2018-08-23,0.000298126360175763,0.00150659133709981,FALSE,0.00391206493777102,0.954413611043697,0.793347434496106,-0.541322144665823,"Frozen-source hash and interval checks passed; retained in primary",531
2024-05-16,0.000297886267006345,0.00150659133709981,FALSE,0.00681187648469612,0.721935238228319,0.374133084890094,-0.148257996022227,"Frozen-source hash and interval checks passed; retained in primary",532
2017-03-30,0.000296316450801198,0.00150659133709981,FALSE,0.00163317621349436,1.47433797518101,0.732609988166022,-0.278764624567351,"Frozen-source hash and interval checks passed; retained in primary",533
2016-05-27,0.000294288397205765,0.00150659133709981,FALSE,0.00116322038602054,1.74137960352127,0.690609083349614,-0.109289628364451,"Frozen-source hash and interval checks passed; retained in primary",534
2016-09-14,0.000292753771896062,0.00150659133709981,FALSE,0.00147852017210747,-1.54030580243943,-0.371670848558026,-0.185846387916566,"Frozen-source hash and interval checks passed; retained in primary",535
2015-07-10,0.000292392266982583,0.00150659133709981,FALSE,0.00854401772171765,0.638085995251344,1.39486383053646,-1.25426901514905,"Frozen-source hash and interval checks passed; retained in primary",536
2022-05-12,0.000291191970870051,0.00150659133709981,FALSE,0.0172245680331197,0.446512166440023,-1.30299279041428,1.62605208717794,"Frozen-source hash and interval checks passed; retained in primary",537
2023-06-14,0.000289758435847933,0.00150659133709981,FALSE,0.00453742652596159,0.873406325171274,-0.128037075429299,0.4797202483803,"Frozen-source hash and interval checks passed; retained in primary",538
2020-06-30,0.000289490875898305,0.00150659133709981,FALSE,0.00342189037273263,1.00584413732666,0.397876815278453,-0.0556896246061811,"Frozen-source hash and interval checks passed; retained in primary",539
2023-12-06,0.000289115773907714,0.00150659133709981,FALSE,0.00350838345938758,0.99268123837047,0.260557258520988,0.0679301703996771,"Frozen-source hash and interval checks passed; retained in primary",540
2023-08-29,0.000288731761394776,0.00150659133709981,FALSE,0.00342338492671435,-1.00430443873534,-0.511455493787016,0.266748901373948,"Frozen-source hash and interval checks passed; retained in primary",541
2016-01-28,0.000287015086334392,0.00150659133709981,FALSE,0.00294113283381331,1.08055298126996,0.204015684662995,0.244200365555258,"Frozen-source hash and interval checks passed; retained in primary",542
2023-12-28,0.000286893756091156,0.00150659133709981,FALSE,0.00410484987208779,0.913922439917856,-0.27947023690853,0.685200293234534,"Frozen-source hash and interval checks passed; retained in primary",543
2018-01-29,0.000286728014505811,0.00150659133709981,FALSE,0.0066798114823668,-0.715299983223814,0.190962204518819,-0.68046239571844,"Frozen-source hash and interval checks passed; retained in primary",544
2017-10-27,0.000286646458358648,0.00150659133709981,FALSE,0.0024769270114165,-1.17697918789846,-0.234302281322796,-0.0878966392178882,"Frozen-source hash and interval checks passed; retained in primary",545
2026-06-17,0.000286225070292754,0.00150659133709981,FALSE,0.00376242037468819,0.953657128780421,0.162545510396228,0.106047856231584,"Frozen-source hash and interval checks passed; retained in primary",546
2017-08-17,0.000285704308790036,0.00150659133709981,FALSE,0.00750850889848154,0.673186757567765,-0.648830680817181,0.833791308611076,"Frozen-source hash and interval checks passed; retained in primary",547
2021-05-12,0.000284627973663549,0.00150659133709981,FALSE,0.00784169333321611,0.657377707870741,0.911843441409177,-0.917185187773129,"Frozen-source hash and interval checks passed; retained in primary",548
2024-09-13,0.00028427553861752,0.00150659133709981,FALSE,0.00437394488724407,0.881194630188707,-0.674361162810788,1.11701408857225,"Frozen-source hash and interval checks passed; retained in primary",549
2025-10-03,0.000284064576724287,0.00150659133709981,FALSE,0.00443754489189775,0.874504479088898,0.30561984434252,0.0135740464440204,"Frozen-source hash and interval checks passed; retained in primary",550
2014-11-14,0.000283890544536788,0.00150659133709981,FALSE,0.0034724351059759,-0.988766345373501,0.324041253586094,-0.766749395036381,"Frozen-source hash and interval checks passed; retained in primary",551
2024-06-05,0.000282615783911112,0.00150659133709981,FALSE,0.0104261933571166,-0.567348665805012,0.688972026688051,-0.861520051483389,"Frozen-source hash and interval checks passed; retained in primary",552
2016-05-10,0.000282267946036716,0.00150659133709981,FALSE,0.00445853519787657,0.869670986171257,0.961767000955449,-0.762836289634894,"Frozen-source hash and interval checks passed; retained in primary",553
2025-02-05,0.000282113460080722,0.00150659133709981,FALSE,0.00644483007446235,0.722425030539191,-1.0034170966239,1.45331503155983,"Frozen-source hash and interval checks passed; retained in primary",554
2018-12-28,0.00028163457544764,0.00150659133709981,FALSE,0.00446835899105912,-0.867734997204659,-0.586764200533096,0.397974476067375,"Frozen-source hash and interval checks passed; retained in primary",555
2015-06-05,0.000280559238958216,0.00150659133709981,FALSE,0.00420476888974236,0.892928873321184,1.04403053326152,-0.815547816022022,"Frozen-source hash and interval checks passed; retained in primary",556
2017-04-10,0.000280096971475439,0.00150659133709981,FALSE,0.00274005278711814,-1.10603673934568,-0.306378579042477,-0.17139510758426,"Frozen-source hash and interval checks passed; retained in primary",557
2015-02-03,0.000279863168902244,0.00150659133709981,FALSE,0.00362438708631343,-0.96085477821433,-0.15502512445047,-0.127762889488725,"Frozen-source hash and interval checks passed; retained in primary",558
2022-01-26,0.000279413305890055,0.00150659133709981,FALSE,0.00317264232718659,1.02639276530599,0.701419499011546,-0.394374114404172,"Frozen-source hash and interval checks passed; retained in primary",559
2014-03-18,0.000279237811471648,0.00150659133709981,FALSE,0.00368779670852018,0.951463153767481,0.176479929093043,0.246317677127816,"Frozen-source hash and interval checks passed; retained in primary",560
2018-02-15,0.000278377375674552,0.00150659133709981,FALSE,0.00352892691910817,-0.971222213395402,-0.82401255761515,0.599926808708684,"Frozen-source hash and interval checks passed; retained in primary",561
2025-10-17,0.000278364252274562,0.00150659133709981,FALSE,0.00580937847341266,0.756079302534975,0.153380484498999,0.278995796755233,"Frozen-source hash and interval checks passed; retained in primary",562
2025-07-16,0.000278090890651647,0.00150659133709981,FALSE,0.00174432303317584,-1.38194717077424,-0.846543655617804,0.451437616049688,"Frozen-source hash and interval checks passed; retained in primary",563
2022-03-30,0.000277040933522225,0.00150659133709981,FALSE,0.00555913884822349,-0.77116678153569,-0.725686245324386,0.523347338914881,"Frozen-source hash and interval checks passed; retained in primary",564
2020-04-01,0.00027650624620335,0.00150659133709981,FALSE,0.0126206476977321,0.509500125064861,-0.254350468946063,0.447386336674338,"Frozen-source hash and interval checks passed; retained in primary",565
2024-01-17,0.000276198366628247,0.00150659133709981,FALSE,0.00568794485023672,-0.761175568041275,0.581721653626532,-0.934333134215937,"Frozen-source hash and interval checks passed; retained in primary",566
2021-10-14,0.000275065964202034,0.00150659133709981,FALSE,0.00540895378063478,0.779066783676888,0.420742370412164,-0.0880746930282506,"Frozen-source hash and interval checks passed; retained in primary",567
2025-10-07,0.000274619543727382,0.00150659133709981,FALSE,0.00346014648937684,0.974218644254196,0.98822231347202,-0.763641281912619,"Frozen-source hash and interval checks passed; retained in primary",568
2015-02-25,0.000273124325406154,0.00150659133709981,FALSE,0.0019852607760185,1.28360237042566,0.243833716056718,0.210075284182043,"Frozen-source hash and interval checks passed; retained in primary",569
2020-05-21,0.000272928756507148,0.00150659133709981,FALSE,0.00423117143263203,-0.877938761695461,-0.11981196200197,-0.21380440401142,"Frozen-source hash and interval checks passed; retained in primary",570
2025-07-03,0.00027202221811733,0.00150659133709981,FALSE,0.00384544565080179,0.919565852023496,1.07800802537898,-0.831259981936583,"Frozen-source hash and interval checks passed; retained in primary",571
2023-03-13,0.000271308384856821,0.00150659133709981,FALSE,0.00991858403114235,0.57007611698882,-1.11517378121162,1.4318985794799,"Frozen-source hash and interval checks passed; retained in primary",572
2024-11-19,0.000270592480656111,0.00150659133709981,FALSE,0.0020363606612856,1.26147455475371,0.147438656632737,0.284679281285616,"Frozen-source hash and interval checks passed; retained in primary",573
2025-02-13,0.000267849300374886,0.00150659133709981,FALSE,0.00371105809371358,-0.928922879428043,-1.12893587399787,0.935679341088136,"Frozen-source hash and interval checks passed; retained in primary",574
2019-03-26,0.000267833290002698,0.00150659133709981,FALSE,0.00370744692501012,0.929349076921189,0.700207449891543,-0.371730787549573,"Frozen-source hash and interval checks passed; retained in primary",575
2020-06-25,0.000266736798092276,0.00150659133709981,FALSE,0.00429902415117352,-0.861016776878317,0.101008882421993,-0.355074191035154,"Frozen-source hash and interval checks passed; retained in primary",576
2025-12-10,0.00026612237791082,0.00150659133709981,FALSE,0.00280561189638928,-1.06538710610339,-0.625527374936086,0.332077704745437,"Frozen-source hash and interval checks passed; retained in primary",577
2022-08-16,0.000265720151029505,0.00150659133709981,FALSE,0.00449814897181753,-0.840053580113228,0.598680889046665,-0.934551304817877,"Frozen-source hash and interval checks passed; retained in primary",578
2019-02-04,0.000265409319921419,0.00150659133709981,FALSE,0.00430126703658138,0.858646654121132,0.643228850905642,-0.373559725557016,"Frozen-source hash and interval checks passed; retained in primary",579
2021-12-21,0.000264061702250744,0.00150659133709981,FALSE,0.00396247430069277,-0.892478892040948,0.273999298834138,-0.580068422073765,"Frozen-source hash and interval checks passed; retained in primary",580
2017-04-12,0.000263723364339569,0.00150659133709981,FALSE,0.00410919839429051,-0.875774372491917,-0.471856920489921,0.182415227525468,"Frozen-source hash and interval checks passed; retained in primary",581
2019-08-07,0.000261744868306477,0.00150659133709981,FALSE,0.00390763734808847,0.894792613055424,-0.310372882422216,0.782764406070147,"Frozen-source hash and interval checks passed; retained in primary",582
2016-04-21,0.000259537341225872,0.00150659133709981,FALSE,0.00465508859703312,-0.816043619404166,-0.420416310154392,0.0913575798969113,"Frozen-source hash and interval checks passed; retained in primary",583
2019-09-10,0.000259515015752327,0.00150659133709981,FALSE,0.0104367398494948,0.543389473520697,0.306906415173236,-0.186497629586846,"Frozen-source hash and interval checks passed; retained in primary",584
2015-01-06,0.000258872625250149,0.00150659133709981,FALSE,0.00611476056239919,-0.710578527079622,-1.24095767400827,1.16016433690636,"Frozen-source hash and interval checks passed; retained in primary",585
2017-04-27,0.000258543828523479,0.00150659133709981,FALSE,0.00253190732188119,1.10556253894555,0.135178783595213,0.350325981465893,"Frozen-source hash and interval checks passed; retained in primary",586
2014-12-16,0.000257689528674957,0.00150659133709981,FALSE,0.00310037114619346,-0.997144004986482,-0.768455407138768,0.399949475818584,"Frozen-source hash and interval checks passed; retained in primary",587
2022-11-02,0.000257344050593178,0.00150659133709981,FALSE,0.0036943368386754,0.912590079605166,-0.32033008422867,0.677463467676098,"Frozen-source hash and interval checks passed; retained in primary",588
2016-07-08,0.000257046131732394,0.00150659133709981,FALSE,0.00253148989568723,-1.10244684054982,-0.383082926212186,0.0893788231703496,"Frozen-source hash and interval checks passed; retained in primary",589
2017-02-23,0.000257007524466795,0.00150659133709981,FALSE,0.00290081183035866,1.02961045671987,-0.219369333035324,0.689840889024929,"Frozen-source hash and interval checks passed; retained in primary",590
2020-12-17,0.000256838153233621,0.00150659133709981,FALSE,0.0103408326949232,0.543107077565005,-0.218594889280244,0.445047174203328,"Frozen-source hash and interval checks passed; retained in primary",591
2014-09-10,0.000256740439880398,0.00150659133709981,FALSE,0.00213031467764263,1.20130365465049,0.773571103390669,-0.412991013133368,"Frozen-source hash and interval checks passed; retained in primary",592
2017-03-09,0.000256133176545893,0.00150659133709981,FALSE,0.00144210424543786,1.45885402576739,0.560813214982803,-0.113393531274486,"Frozen-source hash and interval checks passed; retained in primary",593
2023-11-30,0.000255665762753507,0.00150659133709981,FALSE,0.00335452196525236,0.954733013598933,0.6247071306972,-0.32513745367293,"Frozen-source hash and interval checks passed; retained in primary",594
2016-03-07,0.000254917393011431,0.00150659133709981,FALSE,0.00427197730936302,-0.844396167311725,-0.51596370393745,0.272515662476991,"Frozen-source hash and interval checks passed; retained in primary",595
2015-02-19,0.00025349444071643,0.00150659133709981,FALSE,0.00163018248873739,1.36490508713456,0.220955582429294,0.294080790021045,"Frozen-source hash and interval checks passed; retained in primary",596
2018-07-11,0.00025253518345324,0.00150659133709981,FALSE,0.00238165509678613,1.12666382071679,0.548999233285752,-0.251391764644993,"Frozen-source hash and interval checks passed; retained in primary",597
2026-03-16,0.000251669389111232,0.00150659133709981,FALSE,0.00450572547857618,-0.816850990238957,-0.271019810082596,0.150545756698062,"Frozen-source hash and interval checks passed; retained in primary",598
2022-05-25,0.000251474943873907,0.00150659133709981,FALSE,0.00397625562429692,-0.869432120138858,0.269187974574869,-0.590855305421023,"Frozen-source hash and interval checks passed; retained in primary",599
2015-04-10,0.000251462198256355,0.00150659133709981,FALSE,0.00173827347952713,-1.31640685466329,-0.441886114078205,0.0249366195548717,"Frozen-source hash and interval checks passed; retained in primary",600
2023-08-31,0.000251360397475613,0.00150659133709981,FALSE,0.00193770733381869,-1.24644690272921,-0.557656783079796,0.178314291812143,"Frozen-source hash and interval checks passed; retained in primary",601
2024-10-01,0.000251197706620186,0.00150659133709981,FALSE,0.00463134396433719,-0.804890719760953,-0.115305378487962,-0.28580410518062,"Frozen-source hash and interval checks passed; retained in primary",602
2017-09-07,0.000250973234934862,0.00150659133709981,FALSE,0.00196758049910708,-1.23597702225768,-0.790769629492516,0.451592859996186,"Frozen-source hash and interval checks passed; retained in primary",603
2016-06-22,0.000250581554956822,0.00150659133709981,FALSE,0.00286383256252141,-1.02321900034043,-0.44506254276242,0,"Frozen-source hash and interval checks passed; retained in primary",604
2024-02-15,0.000250090970928669,0.00150659133709981,FALSE,0.00561028256898566,-0.729332512113899,-0.43997026296223,0.20619249714402,"Frozen-source hash and interval checks passed; retained in primary",605
2023-03-07,0.000249795339498082,0.00150659133709981,FALSE,0.00319768442153283,0.966650560783393,0.962171277373214,-0.711068494724731,"Frozen-source hash and interval checks passed; retained in primary",606
2017-09-21,0.000249781873772491,0.00150659133709981,FALSE,0.00246718859341943,-1.10086357760722,0.233372519523556,-0.714927084422445,"Frozen-source hash and interval checks passed; retained in primary",607
2014-07-30,0.000248455819714735,0.00150659133709981,FALSE,0.00306732018612927,0.98439312039115,0.979013888298086,-0.760905046672011,"Frozen-source hash and interval checks passed; retained in primary",608
2016-05-09,0.000248262812461029,0.00150659133709981,FALSE,0.0102903905701984,-0.535284197798294,1.19348120070701,-1.60896286552026,"Frozen-source hash and interval checks passed; retained in primary",609
2024-07-17,0.000248219780036311,0.00150659133709981,FALSE,0.00729310747310915,-0.636741312249087,-1.40724465165767,1.2756813113656,"Frozen-source hash and interval checks passed; retained in primary",610
2024-07-30,0.000247357316023143,0.00150659133709981,FALSE,0.00312885403765872,-0.972478176441243,-0.511774671609322,0.156006271890252,"Frozen-source hash and interval checks passed; retained in primary",611
2016-08-16,0.000246694850020006,0.00150659133709981,FALSE,0.00269621412430372,-1.04642283630286,-1.01295892425779,0.735224374981325,"Frozen-source hash and interval checks passed; retained in primary",612
2022-03-04,0.000245908302366984,0.00150659133709981,FALSE,0.00596648350055753,0.701162225604309,-0.592636807882485,0.885730000339624,"Frozen-source hash and interval checks passed; retained in primary",613
2022-10-04,0.000245747991381029,0.00150659133709981,FALSE,0.00330513926888671,-0.943022030861129,-0.420996283204023,0.124645123817313,"Frozen-source hash and interval checks passed; retained in primary",614
2021-03-17,0.000245633010197741,0.00150659133709981,FALSE,0.00318228718656954,-0.960886687320142,-0.106805022027112,-0.192457558374048,"Frozen-source hash and interval checks passed; retained in primary",615
2017-04-05,0.000245488396346965,0.00150659133709981,FALSE,0.00323500149879184,-0.952719938022055,-0.0184661702192113,-0.414527042166046,"Frozen-source hash and interval checks passed; retained in primary",616
2014-06-27,0.000245208411169777,0.00150659133709981,FALSE,0.00190702577063958,-1.24098211635312,-0.630269072525413,0.265944505426852,"Frozen-source hash and interval checks passed; retained in primary",617
2023-05-17,0.000244135909415301,0.00150659133709981,FALSE,0.0036660934499294,0.892292298087546,0.937898509526924,-0.649329243115027,"Frozen-source hash and interval checks passed; retained in primary",618
2016-06-01,0.000241825281805857,0.00150659133709981,FALSE,0.00517902652000583,-0.74660324507947,-1.17149844670106,1.08943428837698,"Frozen-source hash and interval checks passed; retained in primary",619
2017-03-13,0.000241352524506851,0.00150659133709981,FALSE,0.00307515257602806,0.968979127073405,0.0494552190873687,0.357096577700045,"Frozen-source hash and interval checks passed; retained in primary",620
2021-07-02,0.000240561836590995,0.00150659133709981,FALSE,0.00239408671003886,-1.09676493709476,-0.57389657370468,0.251301514410063,"Frozen-source hash and interval checks passed; retained in primary",621
2022-05-13,0.000239675597951186,0.00150659133709981,FALSE,0.00933901516458067,-0.552350208464664,0.681641008127132,-0.878255363441127,"Frozen-source hash and interval checks passed; retained in primary",622
2022-08-05,0.000239011873644483,0.00150659133709981,FALSE,0.00542296119497554,0.725272694502188,1.65018875810086,-1.52640616698818,"Frozen-source hash and interval checks passed; retained in primary",623
2017-03-10,0.00023809955244783,0.00150659133709981,FALSE,0.00190478172446123,-1.22358259944244,-0.165619579178955,-0.269882199243199,"Frozen-source hash and interval checks passed; retained in primary",624
2015-01-21,0.000237562843013645,0.00150659133709981,FALSE,0.00336479263550745,-0.918901245493817,-0.726147721160242,0.524669054977611,"Frozen-source hash and interval checks passed; retained in primary",625
2017-10-17,0.000237077889981774,0.00150659133709981,FALSE,0.00250711002158111,-1.06390869344383,0.0726971849795532,-0.535619920052444,"Frozen-source hash and interval checks passed; retained in primary",626
2024-10-16,0.000236909849019688,0.00150659133709981,FALSE,0.00366683269770665,-0.878898912893829,0.0686687859044355,-0.327836241837787,"Frozen-source hash and interval checks passed; retained in primary",627
2025-07-28,0.000236895652162825,0.00150659133709981,FALSE,0.00498214787344175,0.753487926199135,0.677850991164153,-0.459119029422617,"Frozen-source hash and interval checks passed; retained in primary",628
2016-07-06,0.000236716921765845,0.00150659133709981,FALSE,0.00764580403150441,-0.607193409832059,-0.507988019460281,0.45387349745516,"Frozen-source hash and interval checks passed; retained in primary",629
2023-09-11,0.000236601973826514,0.00150659133709981,FALSE,0.00776787577736879,-0.602220188639388,-0.943183845153817,0.843083590441029,"Frozen-source hash and interval checks passed; retained in primary",630
2019-02-13,0.000236598811201266,0.00150659133709981,FALSE,0.00358504390432976,0.888320698526427,0.554836449293861,-0.325262303385099,"Frozen-source hash and interval checks passed; retained in primary",631
2016-03-31,0.000235593949703837,0.00150659133709981,FALSE,0.00314368734465136,0.946824087332565,0.158370349244663,0.159985813166141,"Frozen-source hash and interval checks passed; retained in primary",632
2024-11-13,0.000234110431222704,0.00150659133709981,FALSE,0.00386796086221177,0.850586380094292,0.69138084139162,-0.354827635917321,"Frozen-source hash and interval checks passed; retained in primary",633
2017-12-08,0.000233017663670216,0.00150659133709981,FALSE,0.00293124203643419,-0.975263024289807,0.342460449796356,-0.75138475058365,"Frozen-source hash and interval checks passed; retained in primary",634
2023-12-18,0.000233008120926218,0.00150659133709981,FALSE,0.00359795464744047,-0.879965437436987,0.507620730778413,-0.870669732717744,"Frozen-source hash and interval checks passed; retained in primary",635
2019-09-20,0.00023263457010531,0.00150659133709981,FALSE,0.0020515256599053,-1.16531498686533,-0.476424773729756,0.0463070163403856,"Frozen-source hash and interval checks passed; retained in primary",636
2014-03-12,0.000232286598528487,0.00150659133709981,FALSE,0.00307091211112007,0.951264173282397,-0.0000717309452280546,0.427351077738258,"Frozen-source hash and interval checks passed; retained in primary",637
2022-08-25,0.000230918932269706,0.00150659133709981,FALSE,0.00133101643957674,-1.44191435191769,-0.501682385225433,0.0657534270265714,"Frozen-source hash and interval checks passed; retained in primary",638
2024-08-09,0.000230584202779641,0.00150659133709981,FALSE,0.00731423391769455,-0.612811452440889,-0.437437292535714,0.401948969139276,"Frozen-source hash and interval checks passed; retained in primary",639
2024-11-26,0.000230546223458385,0.00150659133709981,FALSE,0.00289912530204286,-0.975451508695721,-0.745028407117809,0.519853012961757,"Frozen-source hash and interval checks passed; retained in primary",640
2020-06-01,0.000229807559667286,0.00150659133709981,FALSE,0.00805990028177808,0.5825734223926,-0.0134813838589931,0.195049520807622,"Frozen-source hash and interval checks passed; retained in primary",641
2025-11-19,0.000228943320277154,0.00150659133709981,FALSE,0.00257638351517751,1.03130988194293,1.09520635303046,-0.762653102138611,"Frozen-source hash and interval checks passed; retained in primary",642
2017-08-03,0.000228818394678479,0.00150659133709981,FALSE,0.0014031610941144,-1.39790422184434,-0.723151542254685,0.281115578463265,"Frozen-source hash and interval checks passed; retained in primary",643
2018-12-11,0.000227684699709984,0.00150659133709981,FALSE,0.00532806242863305,-0.714188457508174,0.10834277898355,-0.397579708230733,"Frozen-source hash and interval checks passed; retained in primary",644
2017-03-28,0.000226515230470806,0.00150659133709981,FALSE,0.00209825534915737,1.13698320296003,0.500917296697434,-0.0723850918323166,"Frozen-source hash and interval checks passed; retained in primary",645
2021-09-28,0.00022480472765669,0.00150659133709981,FALSE,0.00761275312460582,0.593011420511286,0.356282538833375,-0.323886922814332,"Frozen-source hash and interval checks passed; retained in primary",646
2020-07-13,0.000224777077824096,0.00150659133709981,FALSE,0.0108917407108933,-0.494925579981239,0.0955855777286629,-0.420581020918043,"Frozen-source hash and interval checks passed; retained in primary",647
2021-12-16,0.000224305520689497,0.00150659133709981,FALSE,0.00492364780029802,-0.737556538562168,-0.415180297781115,0.14065936385057,"Frozen-source hash and interval checks passed; retained in primary",648
2015-09-25,0.00022425623565536,0.00150659133709981,FALSE,0.00515352891664945,-0.720756487608585,0.596944549173051,-0.998842997217242,"Frozen-source hash and interval checks passed; retained in primary",649
2022-06-30,0.000224124914472318,0.00150659133709981,FALSE,0.00282210842658991,-0.974844092622138,-0.85960937278382,0.595174246715313,"Frozen-source hash and interval checks passed; retained in primary",650
2018-12-19,0.000223789185854468,0.00150659133709981,FALSE,0.00256223074313288,1.02245442057357,0.065821372763164,0.347145303891505,"Frozen-source hash and interval checks passed; retained in primary",651
2026-05-18,0.00022345200941469,0.00150659133709981,FALSE,0.0151196617659543,0.417929907695453,0.328866615296786,-0.0881834272313142,"Frozen-source hash and interval checks passed; retained in primary",652
2024-04-24,0.000221746968239554,0.00150659133709981,FALSE,0.00772695412869345,0.584562428492647,0.328370285484691,-0.193598408428564,"Frozen-source hash and interval checks passed; retained in primary",653
2023-11-08,0.000221660397665293,0.00150659133709981,FALSE,0.0114034988265291,0.480203311318441,0.393735040555709,-0.199176802004075,"Frozen-source hash and interval checks passed; retained in primary",654
2021-07-28,0.000221631517017993,0.00150659133709981,FALSE,0.00438887235648161,-0.776738404132853,0.123344185113616,-0.382340019702809,"Frozen-source hash and interval checks passed; retained in primary",655
2014-03-13,0.000221369839535984,0.00150659133709981,FALSE,0.00295227465515175,-0.94717328999645,-0.91533182819008,0.605293266583828,"Frozen-source hash and interval checks passed; retained in primary",656
2019-06-03,0.000221140137985774,0.00150659133709981,FALSE,0.00571080183447857,-0.679723408651932,-0.448785005042485,0.248790729571802,"Frozen-source hash and interval checks passed; retained in primary",657
2021-02-02,0.000221132909450793,0.00150659133709981,FALSE,0.00702663148316283,-0.612368051868798,0.0233243003494366,-0.114253082979854,"Frozen-source hash and interval checks passed; retained in primary",658
2024-08-29,0.000220935169530031,0.00150659133709981,FALSE,0.00297116029927308,-0.943221885147544,0.0750728810164691,-0.352392833144144,"Frozen-source hash and interval checks passed; retained in primary",659
2026-06-09,0.000219893740466016,0.00150659133709981,FALSE,0.00579575486490298,0.672790512943728,0.253698960291437,-0.0686748895415867,"Frozen-source hash and interval checks passed; retained in primary",660
2018-01-25,0.000218211039805627,0.00150659133709981,FALSE,0.00166378497078186,1.25348400558506,0.0791484114765595,0.413128886878944,"Frozen-source hash and interval checks passed; retained in primary",661
2025-01-27,0.000218145868678645,0.00150659133709981,FALSE,0.00576305300914002,0.672020870982157,-0.688005475133213,0.877991437381365,"Frozen-source hash and interval checks passed; retained in primary",662
2023-05-10,0.000217457415695769,0.00150659133709981,FALSE,0.00337291291745245,-0.878095018232814,-0.695897571509096,0.467238585038743,"Frozen-source hash and interval checks passed; retained in primary",663
2015-04-14,0.000217384340489445,0.00150659133709981,FALSE,0.0044247949989951,0.766117194578151,-0.472670792170327,0.884887650656996,"Frozen-source hash and interval checks passed; retained in primary",664
2022-11-18,0.000216706927519817,0.00150659133709981,FALSE,0.00230252373340976,1.06151075696844,0.136956511545794,0.299486818256689,"Frozen-source hash and interval checks passed; retained in primary",665
2022-09-28,0.000216187434937631,0.00150659133709981,FALSE,0.00247185027655753,-1.02319249670602,-0.630362380689009,0.387731566549032,"Frozen-source hash and interval checks passed; retained in primary",666
2016-12-08,0.00021617333887372,0.00150659133709981,FALSE,0.00640029007213231,-0.634596375892992,0.210369302129987,-0.579813624712333,"Frozen-source hash and interval checks passed; retained in primary",667
2015-08-11,0.000216107670369983,0.00150659133709981,FALSE,0.00291993387228718,0.941031633319032,0.480494011664057,-0.280617542334216,"Frozen-source hash and interval checks passed; retained in primary",668
2016-02-26,0.000215593882400888,0.00150659133709981,FALSE,0.00501222628038328,0.716642198069261,1.02292856713175,-0.953733827677095,"Frozen-source hash and interval checks passed; retained in primary",669
2022-10-27,0.000215275385217203,0.00150659133709981,FALSE,0.00234750364045077,1.04779017094755,0.0848185871311635,0.328182982918257,"Frozen-source hash and interval checks passed; retained in primary",670
2014-02-26,0.000214228394011653,0.00150659133709981,FALSE,0.00201076964316121,-1.12956416578816,-0.269255400633828,-0.156433352198437,"Frozen-source hash and interval checks passed; retained in primary",671
2016-07-14,0.000212921430095068,0.00150659133709981,FALSE,0.00644098900557423,-0.627799354158075,0.863631396770126,-1.24106604863385,"Frozen-source hash and interval checks passed; retained in primary",672
2024-08-05,0.000211100335837153,0.00150659133709981,FALSE,0.0740174050880398,0.178020316654101,-2.06387240785078,2.08305060425404,"Frozen-source hash and interval checks passed; retained in primary",673
2018-05-15,0.000211065515994161,0.00150659133709981,FALSE,0.0037888837061385,0.816054791214834,0.759151027845117,-0.664333334676215,"Frozen-source hash and interval checks passed; retained in primary",674
2016-12-06,0.000210852146020023,0.00150659133709981,FALSE,0.00253734105476786,0.997329202663394,0.248129537360819,0.105226246117596,"Frozen-source hash and interval checks passed; retained in primary",675
2025-07-17,0.000210411957250259,0.00150659133709981,FALSE,0.00232711449678724,1.04042562472113,0.690083564322874,-0.316893364337467,"Frozen-source hash and interval checks passed; retained in primary",676
2024-03-07,0.00021000205183231,0.00150659133709981,FALSE,0.00710204943087403,-0.593557577725894,-0.807551695761122,0.733392690059631,"Frozen-source hash and interval checks passed; retained in primary",677
2017-02-22,0.000209766125228852,0.00150659133709981,FALSE,0.000989217765256336,-1.5944005489579,-0.571085106466285,0.0176258042229094,"Frozen-source hash and interval checks passed; retained in primary",678
2025-07-23,0.000209711549218744,0.00150659133709981,FALSE,0.0158359721198414,-0.39546966556108,-0.046492779623053,-0.129732700589535,"Frozen-source hash and interval checks passed; retained in primary",679
2023-09-20,0.000208150988332435,0.00150659133709981,FALSE,0.00288921615531542,0.928456478599229,0.24621021105351,0.0406036413510336,"Frozen-source hash and interval checks passed; retained in primary",680
2018-03-12,0.00020779290446888,0.00150659133709981,FALSE,0.00584111667974532,-0.651457274137926,-0.442212154779797,0.206320996006681,"Frozen-source hash and interval checks passed; retained in primary",681
2017-02-28,0.000207777065189054,0.00150659133709981,FALSE,0.00194465852769843,-1.13121475778674,-0.385309476216378,-0.0446289113489762,"Frozen-source hash and interval checks passed; retained in primary",682
2026-07-09,0.000207664727540736,0.00150659133709981,FALSE,0.00475944451265832,0.721868165534056,0.0881830005512008,0.233875045057097,"Frozen-source hash and interval checks passed; retained in primary",683
2018-05-24,0.000206955049118168,0.00150659133709981,FALSE,0.00655275185537864,-0.613605411035404,-0.782574974449002,0.683841278997743,"Frozen-source hash and interval checks passed; retained in primary",684
2017-04-24,0.000206616437328857,0.00150659133709981,FALSE,0.00663607889517261,-0.609216248977879,0.497458421416663,-0.603237365344178,"Frozen-source hash and interval checks passed; retained in primary",685
2022-07-21,0.0002063635400046,0.00150659133709981,FALSE,0.00306294075470975,-0.897783624382636,-0.402670060553056,0.159362583527756,"Frozen-source hash and interval checks passed; retained in primary",686
2019-10-01,0.000206036656063467,0.00150659133709981,FALSE,0.00508108479506669,0.695790495374256,-0.202357211310122,0.379964314233749,"Frozen-source hash and interval checks passed; retained in primary",687
2018-01-22,0.000205179182638097,0.00150659133709981,FALSE,0.00279721865603934,-0.936883959156204,0.1764514160699,-0.532228039084526,"Frozen-source hash and interval checks passed; retained in primary",688
2023-08-25,0.000204118319627026,0.00150659133709981,FALSE,0.00480214896760145,-0.712473172288552,0.2686345826175,-0.431315494247997,"Frozen-source hash and interval checks passed; retained in primary",689
2022-04-12,0.000203690720943053,0.00150659133709981,FALSE,0.0050810104941012,0.691823101215466,0.0195221826420955,0.239234563862034,"Frozen-source hash and interval checks passed; retained in primary",690
2015-01-30,0.000202775036183347,0.00150659133709981,FALSE,0.00374365545081173,-0.804702742036908,-0.963420556378924,0.738073339936562,"Frozen-source hash and interval checks passed; retained in primary",691
2021-06-10,0.000202747195636177,0.00150659133709981,FALSE,0.0030843966935956,-0.886772329745681,-0.326824184308361,0.109539034229833,"Frozen-source hash and interval checks passed; retained in primary",692
2016-11-21,0.000201951808981332,0.00150659133709981,FALSE,0.00256267098411907,-0.971204933565194,0.164629254171622,-0.550468384539737,"Frozen-source hash and interval checks passed; retained in primary",693
2024-07-23,0.000201935668308928,0.00150659133709981,FALSE,0.00380455800264899,-0.796557830774299,-0.855288173684476,0.677102554964204,"Frozen-source hash and interval checks passed; retained in primary",694
2019-07-31,0.000201915806122998,0.00150659133709981,FALSE,0.00277145940175172,0.933724750209429,0.173581912433596,0.0736512646072107,"Frozen-source hash and interval checks passed; retained in primary",695
2014-10-10,0.000201728211093442,0.00150659133709981,FALSE,0.00301949395305904,0.89402609009341,0.0820335576303233,0.157531423023904,"Frozen-source hash and interval checks passed; retained in primary",696
2016-04-18,0.000200858033985536,0.00150659133709981,FALSE,0.00724813481307918,-0.574569345000628,-0.0496445990781247,-0.0827167916286342,"Frozen-source hash and interval checks passed; retained in primary",697
2017-12-04,0.000200431619038516,0.00150659133709981,FALSE,0.00333271743984153,-0.848104942704696,0.391662834851081,-0.818947073019949,"Frozen-source hash and interval checks passed; retained in primary",698
2015-04-21,0.000200105883245836,0.00150659133709981,FALSE,0.00353640513246626,0.822565071087105,0.380619788054837,-0.150804318124109,"Frozen-source hash and interval checks passed; retained in primary",699
2019-03-25,0.000199852581517116,0.00150659133709981,FALSE,0.00474180638252181,-0.709482155248043,0.0437775405889962,-0.300204910473667,"Frozen-source hash and interval checks passed; retained in primary",700
2023-10-06,0.000198652519028757,0.00150659133709981,FALSE,0.00415519789737858,0.755853512244378,0.699731548200999,-0.396545870308707,"Frozen-source hash and interval checks passed; retained in primary",701
2015-01-28,0.000198409713420087,0.00150659133709981,FALSE,0.00453911879087251,-0.722600757866161,-0.264585517427385,-0.10197145683053,"Frozen-source hash and interval checks passed; retained in primary",702
2017-06-02,0.000198239574931098,0.00150659133709981,FALSE,0.00883623389298725,-0.516564919021121,-0.792065905620909,0.676501024067999,"Frozen-source hash and interval checks passed; retained in primary",703
2020-07-01,0.000197416144835958,0.00150659133709981,FALSE,0.00414896978183754,-0.754065391639297,-0.452652044531598,0.250847904102347,"Frozen-source hash and interval checks passed; retained in primary",704
2022-04-19,0.000197115797175499,0.00150659133709981,FALSE,0.00624035459651222,0.613744174128003,1.5082476699575,-1.3943512761263,"Frozen-source hash and interval checks passed; retained in primary",705
2023-11-21,0.000197009915353617,0.00150659133709981,FALSE,0.00477736273242201,0.701779502916707,0.0508243852071821,0.256635516014203,"Frozen-source hash and interval checks passed; retained in primary",706
2024-06-04,0.000196989834886381,0.00150659133709981,FALSE,0.00999665202361244,-0.483842011847225,-0.797813057979768,0.752632931037223,"Frozen-source hash and interval checks passed; retained in primary",707
2024-05-13,0.000196461912836784,0.00150659133709981,FALSE,0.00326890023056974,0.847847958639333,0.446350266735873,-0.205115128640809,"Frozen-source hash and interval checks passed; retained in primary",708
2024-01-24,0.000196188490622569,0.00150659133709981,FALSE,0.00417416332895105,0.749435673252068,-0.518588290544919,0.838239208176983,"Frozen-source hash and interval checks passed; retained in primary",709
2015-01-08,0.000196063838783075,0.00150659133709981,FALSE,0.0025554859208091,0.958290097820166,0.385910642875631,0.00836715057177528,"Frozen-source hash and interval checks passed; retained in primary",710
2020-12-23,0.000195906816135282,0.00150659133709981,FALSE,0.00836064642532435,-0.528046714036533,-0.221946499294035,0.0965530634051248,"Frozen-source hash and interval checks passed; retained in primary",711
2014-10-28,0.00019554400085928,0.00150659133709981,FALSE,0.002019428207575,1.07686114116744,0.678705907487398,-0.268879676154121,"Frozen-source hash and interval checks passed; retained in primary",712
2017-07-27,0.000195282923268953,0.00150659133709981,FALSE,0.00204647981163074,1.06899132698892,-0.0277036376786999,0.42910847178268,"Frozen-source hash and interval checks passed; retained in primary",713
2018-06-27,0.000195268428802928,0.00150659133709981,FALSE,0.00385380759743847,-0.778257230558357,-0.0130158362240618,-0.381367937024546,"Frozen-source hash and interval checks passed; retained in primary",714
2020-04-23,0.000195066946330322,0.00150659133709981,FALSE,0.00909655563884059,0.5049631014529,0.0401937787753326,0.148519474065445,"Frozen-source hash and interval checks passed; retained in primary",715
2020-06-26,0.000194951337185347,0.00150659133709981,FALSE,0.00350940912685977,0.815029508376767,0.19232664512101,0.0186567164719875,"Frozen-source hash and interval checks passed; retained in primary",716
2023-08-10,0.000194669978569047,0.00150659133709981,FALSE,0.00481910028232244,0.694557407932167,0.773753980576775,-0.569485531038882,"Frozen-source hash and interval checks passed; retained in primary",717
2014-09-05,0.000194304204073472,0.00150659133709981,FALSE,0.00135785551638935,-1.30951321733735,-0.639267730733328,0.266463804409511,"Frozen-source hash and interval checks passed; retained in primary",718
2025-05-23,0.000194194222494091,0.00150659133709981,FALSE,0.00497538490380422,-0.682672401213042,-1.09537327620766,0.893548702665115,"Frozen-source hash and interval checks passed; retained in primary",719
2023-07-20,0.000194143605211567,0.00150659133709981,FALSE,0.003426924999713,-0.823103489619194,0.155239965647302,-0.449759815805795,"Frozen-source hash and interval checks passed; retained in primary",720
2022-08-15,0.000193995830706742,0.00150659133709981,FALSE,0.00321264794856647,0.849877853008044,-0.0234544315273144,0.329959054518802,"Frozen-source hash and interval checks passed; retained in primary",721
2025-06-26,0.00019318199933629,0.00150659133709981,FALSE,0.00509554247611152,0.67277435183021,-0.543909728230174,0.862282444110729,"Frozen-source hash and interval checks passed; retained in primary",722
2016-03-02,0.000192233574454563,0.00150659133709981,FALSE,0.0112646714883107,-0.44997253278781,-0.307518817159069,0.114160275845077,"Frozen-source hash and interval checks passed; retained in primary",723
2018-08-20,0.000191404186483936,0.00150659133709981,FALSE,0.00267407143206829,-0.925546818270592,-0.433016218521765,0.144848839376177,"Frozen-source hash and interval checks passed; retained in primary",724
2023-02-13,0.000190596599364788,0.00150659133709981,FALSE,0.00454486376325205,-0.70778052413041,0.618599940477704,-0.915944483133835,"Frozen-source hash and interval checks passed; retained in primary",725
2025-06-17,0.000190403862258537,0.00150659133709981,FALSE,0.0030766215175818,-0.86044349087536,0.212824156426095,-0.622451695029991,"Frozen-source hash and interval checks passed; retained in primary",726
2024-05-14,0.000190004579983503,0.00150659133709981,FALSE,0.00785057296461669,-0.536797548251738,0.0599778257243333,-0.21108524804534,"Frozen-source hash and interval checks passed; retained in primary",727
2016-07-26,0.000189683839727161,0.00150659133709981,FALSE,0.0068941254584633,-0.572616652110352,-1.11952926652727,1.12877650951786,"Frozen-source hash and interval checks passed; retained in primary",728
2018-03-05,0.000189384005912753,0.00150659133709981,FALSE,0.00908369380440317,0.497908472819351,0.407527614642733,-0.302429112467895,"Frozen-source hash and interval checks passed; retained in primary",729
2020-07-15,0.000189242246635648,0.00150659133709981,FALSE,0.00429977698500614,-0.725171967418896,-0.452804459245026,0.261535736598351,"Frozen-source hash and interval checks passed; retained in primary",730
2025-03-24,0.000189102470774577,0.00150659133709981,FALSE,0.0043996153770599,-0.716596028474364,0.913605165876819,-1.17444296671945,"Frozen-source hash and interval checks passed; retained in primary",731
2020-02-19,0.000188589068556777,0.00150659133709981,FALSE,0.00732442721442109,0.55381627543192,1.27541998172069,-1.24000321700937,"Frozen-source hash and interval checks passed; retained in primary",732
2016-11-08,0.00018835777211406,0.00150659133709981,FALSE,0.00178620142142899,1.12390334730876,0.670495871993326,-0.362630419333065,"Frozen-source hash and interval checks passed; retained in primary",733
2023-03-24,0.000188261031080921,0.00150659133709981,FALSE,0.00197511224502469,1.06842891892788,0.173236459252379,0.26755357473478,"Frozen-source hash and interval checks passed; retained in primary",734
2014-05-29,0.000187891759059817,0.00150659133709981,FALSE,0.0013699011544292,-1.28204184108428,-0.585059584041447,0.196695578758721,"Frozen-source hash and interval checks passed; retained in primary",735
2017-05-16,0.000187404505485892,0.00150659133709981,FALSE,0.00172388425461365,-1.1411741507101,-0.62485178177849,0.264573749888175,"Frozen-source hash and interval checks passed; retained in primary",736
2023-01-23,0.00018616172749655,0.00150659133709981,FALSE,0.0029315753454732,0.871661319771293,0.8203535281186,-0.55244520154476,"Frozen-source hash and interval checks passed; retained in primary",737
2017-03-31,0.00018613399633697,0.00150659133709981,FALSE,0.00179223396578384,-1.11536392653012,-0.383668276481908,-0.0448893485115676,"Frozen-source hash and interval checks passed; retained in primary",738
2021-01-13,0.000185454443498201,0.00150659133709981,FALSE,0.00360761150797193,0.783997293826343,0.144763368345346,0.173076966282171,"Frozen-source hash and interval checks passed; retained in primary",739
2026-02-18,0.000184409413511087,0.00150659133709981,FALSE,0.00195437436612832,1.06304949431118,0.906981789542094,-0.571393022698885,"Frozen-source hash and interval checks passed; retained in primary",740
2025-07-25,0.000183833949681119,0.00150659133709981,FALSE,0.00486772173397054,-0.671554118613029,0.363446160506831,-0.576878996407615,"Frozen-source hash and interval checks passed; retained in primary",741
2014-09-11,0.000183418600919131,0.00150659133709981,FALSE,0.001288036253959,-1.30637660360425,-0.368089917005587,-0.102981800048152,"Frozen-source hash and interval checks passed; retained in primary",742
2020-02-03,0.000183288117699568,0.00150659133709981,FALSE,0.00233892914004907,0.968591736118579,0.448980327332782,-0.0829149248295025,"Frozen-source hash and interval checks passed; retained in primary",743
2019-08-28,0.000182533148600811,0.00150659133709981,FALSE,0.00223152298669657,0.989636495500864,0.420277739168906,-0.0566947005642859,"Frozen-source hash and interval checks passed; retained in primary",744
2014-09-22,0.000182164986444238,0.00150659133709981,FALSE,0.00212333851388455,1.01356566457294,0.199271180334648,0.073448405799148,"Frozen-source hash and interval checks passed; retained in primary",745
2023-02-09,0.000181801526087088,0.00150659133709981,FALSE,0.00164081295762306,1.15213469789243,0.181955103531761,0.221163102540878,"Frozen-source hash and interval checks passed; retained in primary",746
2019-02-14,0.000181512785656435,0.00150659133709981,FALSE,0.00184148272904614,-1.0865761481355,-0.522484754668806,0.16249890729334,"Frozen-source hash and interval checks passed; retained in primary",747
2018-06-21,0.000180932550158872,0.00150659133709981,FALSE,0.00386706839740836,-0.747853787327644,-0.394539068917688,0.0817475861865091,"Frozen-source hash and interval checks passed; retained in primary",748
2021-01-29,0.000179875945929512,0.00150659133709981,FALSE,0.00379240048347175,0.753000036056174,0.491702455617737,-0.315865302100882,"Frozen-source hash and interval checks passed; retained in primary",749
2024-01-10,0.000179650075875499,0.00150659133709981,FALSE,0.0069554699777006,-0.554785941162966,0.651406083713102,-0.91715293104091,"Frozen-source hash and interval checks passed; retained in primary",750
2021-07-09,0.000178912872317194,0.00150659133709981,FALSE,0.0043198429663199,-0.703456688427639,0.181958361609569,-0.3272730193844,"Frozen-source hash and interval checks passed; retained in primary",751
2022-12-28,0.000178773421764548,0.00150659133709981,FALSE,0.00234122691802156,0.956117699799018,0.898983895223582,-0.627570233028774,"Frozen-source hash and interval checks passed; retained in primary",752
2025-06-23,0.000178755316115889,0.00150659133709981,FALSE,0.0015125954514781,-1.18995354346962,-0.0174323694012379,-0.376210300419544,"Frozen-source hash and interval checks passed; retained in primary",753
2022-07-29,0.000178265967124107,0.00150659133709981,FALSE,0.00457529602116434,0.682212152061872,-0.543956720552696,0.896531966891967,"Frozen-source hash and interval checks passed; retained in primary",754
2014-06-30,0.000178249637967769,0.00150659133709981,FALSE,0.00354632370538942,0.775254544252031,0.181385646856835,0.108550856862166,"Frozen-source hash and interval checks passed; retained in primary",755
2024-03-11,0.000177639938302942,0.00150659133709981,FALSE,0.0105481311353386,0.447167782757073,0.00472252200856005,0.210862915255738,"Frozen-source hash and interval checks passed; retained in primary",756
2026-07-01,0.000177547899073557,0.00150659133709981,FALSE,0.00584424241423798,0.60202080062319,0.127597936342916,0.123069365111927,"Frozen-source hash and interval checks passed; retained in primary",757
2014-06-18,0.000177455204650326,0.00150659133709981,FALSE,0.00283428302270675,-0.865559755350157,-0.214878122969608,0.0195752178368203,"Frozen-source hash and interval checks passed; retained in primary",758
2014-09-17,0.000177340325734288,0.00150659133709981,FALSE,0.00251654443329777,0.918427592939683,0.84961548820095,-0.624739781968842,"Frozen-source hash and interval checks passed; retained in primary",759
2019-06-19,0.000176915148320725,0.00150659133709981,FALSE,0.00349659089300311,-0.777839720707393,-0.256294284677905,0.0276816610764286,"Frozen-source hash and interval checks passed; retained in primary",760
2021-01-15,0.000176911329381966,0.00150659133709981,FALSE,0.00348118891928616,0.779556146916888,0.377919303276064,-0.134965797022701,"Frozen-source hash and interval checks passed; retained in primary",761
2016-04-26,0.000176673897060609,0.00150659133709981,FALSE,0.00378806167037353,0.746696589937231,0.375333685922374,-0.134946716533957,"Frozen-source hash and interval checks passed; retained in primary",762
2021-10-22,0.000175857427805072,0.00150659133709981,FALSE,0.00235520345070004,-0.945463435405078,-0.495488392201926,0.184786008847926,"Frozen-source hash and interval checks passed; retained in primary",763
2023-04-21,0.000175307809363862,0.00150659133709981,FALSE,0.00199849738770673,-1.02495561643031,-0.186338729397573,-0.134138182420163,"Frozen-source hash and interval checks passed; retained in primary",764
2020-08-19,0.000174890352988678,0.00150659133709981,FALSE,0.00276334313620826,0.870272497306774,0.533230165202347,-0.284198751347375,"Frozen-source hash and interval checks passed; retained in primary",765
2020-09-30,0.000174822764304315,0.00150659133709981,FALSE,0.00858961747249831,-0.492072884610514,-0.22087746047923,0.0946700818599489,"Frozen-source hash and interval checks passed; retained in primary",766
2023-05-26,0.000174424880570422,0.00150659133709981,FALSE,0.00373259642488114,-0.747441629801442,0.270963341207198,-0.51366311129204,"Frozen-source hash and interval checks passed; retained in primary",767
2025-11-10,0.00017412060802438,0.00150659133709981,FALSE,0.00445512737039026,-0.683307311993223,0.413086217180592,-0.6057663858547,"Frozen-source hash and interval checks passed; retained in primary",768
2014-04-11,0.000174037868104623,0.00150659133709981,FALSE,0.00271994780374539,0.875065942689786,0.369686599041152,-0.128085144857248,"Frozen-source hash and interval checks passed; retained in primary",769
2023-05-22,0.000173800814909941,0.00150659133709981,FALSE,0.0039838941151528,-0.722097454835799,0.414798491379331,-0.709325498693492,"Frozen-source hash and interval checks passed; retained in primary",770
2016-03-09,0.000173426631995277,0.00150659133709981,FALSE,0.00519816956956393,0.631090415675637,0.607464073855635,-0.425457121126449,"Frozen-source hash and interval checks passed; retained in primary",771
2018-12-04,0.000173380275910858,0.00150659133709981,FALSE,0.00540448428911235,-0.618780454260828,-0.802613317906431,0.538704000700108,"Frozen-source hash and interval checks passed; retained in primary",772
2021-06-07,0.000172634019391284,0.00150659133709981,FALSE,0.00282845117549,-0.854602994674019,-0.412971378580318,0.155485465998062,"Frozen-source hash and interval checks passed; retained in primary",773
2014-10-01,0.00017250516047175,0.00150659133709981,FALSE,0.00278717210985554,-0.860604679585855,-0.605105621015722,0.328827479340976,"Frozen-source hash and interval checks passed; retained in primary",774
2014-11-06,0.000172182445153761,0.00150659133709981,FALSE,0.00327812165962474,0.792609950937856,0.479073255352436,-0.217874503372162,"Frozen-source hash and interval checks passed; retained in primary",775
2020-03-31,0.000171693493513801,0.00150659133709981,FALSE,0.0110348993693025,-0.429708392969179,-0.531279202328783,0.491675001348479,"Frozen-source hash and interval checks passed; retained in primary",776
2016-08-04,0.000170659507199074,0.00150659133709981,FALSE,0.0161147958104214,0.35360278587953,-0.144628347580777,0.256891752776944,"Frozen-source hash and interval checks passed; retained in primary",777
2020-10-26,0.00017034247767791,0.00150659133709981,FALSE,0.00763010771864228,0.515612643400106,0.146159458969963,-0.0763213164312937,"Frozen-source hash and interval checks passed; retained in primary",778
2023-06-01,0.000170282916499642,0.00150659133709981,FALSE,0.00580698044438757,0.591474922443448,-0.397541083407971,0.746808009182764,"Frozen-source hash and interval checks passed; retained in primary",779
2017-01-30,0.000169971678343082,0.00150659133709981,FALSE,0.005165516731738,-0.626754460380397,-1.24124219387212,1.13528422210392,"Frozen-source hash and interval checks passed; retained in primary",780
2022-02-08,0.000169705616802118,0.00150659133709981,FALSE,0.00362322200538686,-0.748347060656321,0.210603430935707,-0.459452067393062,"Frozen-source hash and interval checks passed; retained in primary",781
2015-04-15,0.000169625571147754,0.00150659133709981,FALSE,0.00151267872995696,-1.15913551290994,-0.366230036594839,0.025158287691962,"Frozen-source hash and interval checks passed; retained in primary",782
2015-11-09,0.000169523215436155,0.00150659133709981,FALSE,0.0046203754153159,0.662004520052697,-0.0212722563591505,0.129954534208565,"Frozen-source hash and interval checks passed; retained in primary",783
2015-06-12,0.00016944217676493,0.00150659133709981,FALSE,0.00188207940867031,1.03842070521375,0.0421123784348332,0.315981628109618,"Frozen-source hash and interval checks passed; retained in primary",784
2021-03-18,0.000169057342238046,0.00150659133709981,FALSE,0.00386607625012492,0.7229883497863,-0.041284720080137,0.229158173521249,"Frozen-source hash and interval checks passed; retained in primary",785
2015-05-14,0.000168987975942575,0.00150659133709981,FALSE,0.00240550150933712,-0.917049399842881,-0.18510640147249,-0.0923244851344762,"Frozen-source hash and interval checks passed; retained in primary",786
2021-09-03,0.000168816232331015,0.00150659133709981,FALSE,0.00396545795861564,0.713326321578784,-0.0677795543662985,0.336899931675916,"Frozen-source hash and interval checks passed; retained in primary",787
2023-11-07,0.000167897586579054,0.00150659133709981,FALSE,0.0034791606612395,-0.759659197290902,0.205233921791503,-0.466294476648255,"Frozen-source hash and interval checks passed; retained in primary",788
2017-06-28,0.000167844370585239,0.00150659133709981,FALSE,0.00427510543737128,0.68492068197511,0.0908634988083801,0.213713349373812,"Frozen-source hash and interval checks passed; retained in primary",789
2017-08-24,0.000167588265922246,0.00150659133709981,FALSE,0.00167994228271866,1.0932013127119,0.549772195895271,-0.183083170876763,"Frozen-source hash and interval checks passed; retained in primary",790
2018-10-12,0.000167508050685468,0.00150659133709981,FALSE,0.00709860030420749,0.530243270158885,0.116114198522199,0.214018273236771,"Frozen-source hash and interval checks passed; retained in primary",791
2026-03-03,0.000167126752238277,0.00150659133709981,FALSE,0.00374064493909004,-0.730847174996003,-0.149967718608668,-0.133261434195919,"Frozen-source hash and interval checks passed; retained in primary",792
2024-04-04,0.000167068821149041,0.00150659133709981,FALSE,0.00425687162095201,-0.684804664260055,-0.337622392863457,0.00659347905154206,"Frozen-source hash and interval checks passed; retained in primary",793
2021-08-03,0.000166768919043289,0.00150659133709981,FALSE,0.00254348509227872,-0.885891566458615,-0.3419377413163,0.119096711434263,"Frozen-source hash and interval checks passed; retained in primary",794
2023-06-21,0.000166476420424554,0.00150659133709981,FALSE,0.00279129447966179,-0.844806389391237,0.165011217792177,-0.444366804214003,"Frozen-source hash and interval checks passed; retained in primary",795
2022-04-05,0.00016617169050672,0.00150659133709981,FALSE,0.00724729850888296,0.522638749325713,0.698835454603097,-0.63368479170931,"Frozen-source hash and interval checks passed; retained in primary",796
2017-11-16,0.000166122579004157,0.00150659133709981,FALSE,0.00348265782020354,0.755252171993811,0.151776279477867,0.230047880609163,"Frozen-source hash and interval checks passed; retained in primary",797
2019-06-25,0.000165857743649052,0.00150659133709981,FALSE,0.00181351905797615,1.04665434180798,-0.025162861142114,0.41067819526539,"Frozen-source hash and interval checks passed; retained in primary",798
2024-03-06,0.000165823315575486,0.00150659133709981,FALSE,0.00370353501947948,0.731643446976059,-0.319098050971833,0.648159697901729,"Frozen-source hash and interval checks passed; retained in primary",799
2024-05-09,0.000165798303507589,0.00150659133709981,FALSE,0.00272929939160113,-0.852631954651619,-0.102924937048732,-0.167148865659872,"Frozen-source hash and interval checks passed; retained in primary",800
2021-04-27,0.000164623842225299,0.00150659133709981,FALSE,0.00282795379799533,0.83461441747295,0.676477440136258,-0.406129411836709,"Frozen-source hash and interval checks passed; retained in primary",801
2025-12-04,0.000164536946573504,0.00150659133709981,FALSE,0.00604351304604556,0.569850972847329,0.0384192543198214,0.174154267256998,"Frozen-source hash and interval checks passed; retained in primary",802
2022-03-17,0.000164527059297916,0.00150659133709981,FALSE,0.00995328003774218,-0.44315333678223,-0.155736268257733,0.0253239354749191,"Frozen-source hash and interval checks passed; retained in primary",803
2021-03-15,0.000163710523423535,0.00150659133709981,FALSE,0.0058876835125339,-0.575936258048256,0.0329294732575924,-0.22020377739187,"Frozen-source hash and interval checks passed; retained in primary",804
2017-05-25,0.000163558134762652,0.00150659133709981,FALSE,0.00146396226888234,1.15702735661963,0.14973543923098,0.286072070653098,"Frozen-source hash and interval checks passed; retained in primary",805
2022-06-09,0.000163361809511465,0.00150659133709981,FALSE,0.00400951062539239,0.697827053139564,0.18561559474537,0,"Frozen-source hash and interval checks passed; retained in primary",806
2025-01-31,0.000162656496042801,0.00150659133709981,FALSE,0.00298011419291857,0.808093822125356,0.551996886166561,-0.316814023760159,"Frozen-source hash and interval checks passed; retained in primary",807
2026-06-03,0.00016225890066768,0.00150659133709981,FALSE,0.0100079395351424,0.438872538904862,0.169097591817913,-0.0687865455631709,"Frozen-source hash and interval checks passed; retained in primary",808
2022-02-02,0.000162127294058756,0.00150659133709981,FALSE,0.00522314947239415,0.608716814135309,-0.124192743325979,0.357875823846587,"Frozen-source hash and interval checks passed; retained in primary",809
2024-04-18,0.000161934519745079,0.00150659133709981,FALSE,0.00321169530544684,0.77659508975123,0.298546901069052,0,"Frozen-source hash and interval checks passed; retained in primary",810
2024-07-22,0.000161831042094574,0.00150659133709981,FALSE,0.00437365082351522,-0.664886745561558,-0.301959715701861,0.190803339702761,"Frozen-source hash and interval checks passed; retained in primary",811
2018-07-19,0.000161192890303885,0.00150659133709981,FALSE,0.00190008770658856,-1.00800746636441,-0.262627698926554,-0.141718358528653,"Frozen-source hash and interval checks passed; retained in primary",812
2025-02-21,0.000161126529710847,0.00150659133709981,FALSE,0.00402862378730885,-0.691383836204549,-0.412588017713134,0.093607923390504,"Frozen-source hash and interval checks passed; retained in primary",813
2021-03-11,0.000160055780225028,0.00150659133709981,FALSE,0.00483798450888729,0.628551639033204,0.129937750467901,0.129020384683987,"Frozen-source hash and interval checks passed; retained in primary",814
2020-12-22,0.00016003244119719,0.00150659133709981,FALSE,0.00497088598518843,0.620005627164739,0.387244505172779,-0.173862692304017,"Frozen-source hash and interval checks passed; retained in primary",815
2026-05-20,0.000159531142072719,0.00150659133709981,FALSE,0.00321232174713243,0.770735160419999,0.136973641722093,0.169838065671435,"Frozen-source hash and interval checks passed; retained in primary",816
2021-11-15,0.000159444924507628,0.00150659133709981,FALSE,0.00408467948602862,0.683011769118008,0.280642428950717,-0.0526639176571031,"Frozen-source hash and interval checks passed; retained in primary",817
2020-06-18,0.000159274673290823,0.00150659133709981,FALSE,0.00378846749710039,0.708937556713121,-0.143062248386094,0.448515048273901,"Frozen-source hash and interval checks passed; retained in primary",818
2014-06-04,0.000158805490533341,0.00150659133709981,FALSE,0.00231782416635034,-0.905689313079609,-0.110438782869204,-0.263273517579954,"Frozen-source hash and interval checks passed; retained in primary",819
2023-02-08,0.000158307870626694,0.00150659133709981,FALSE,0.00215243278111805,0.938445766081314,0.247461808070648,0.076149866610109,"Frozen-source hash and interval checks passed; retained in primary",820
2025-01-30,0.000157371330243875,0.00150659133709981,FALSE,0.00298931285843968,-0.79362922598381,-0.696731870400225,0.516730254532316,"Frozen-source hash and interval checks passed; retained in primary",821
2020-04-24,0.00015691307992249,0.00150659133709981,FALSE,0.0045384366396341,-0.642657094179397,-0.270024761558885,0.195267159539014,"Frozen-source hash and interval checks passed; retained in primary",822
2026-06-05,0.000156900298240205,0.00150659133709981,FALSE,0.0138612226372351,0.365991295314589,0.122938793652505,-0.181119869642021,"Frozen-source hash and interval checks passed; retained in primary",823
2024-07-11,0.000156257471767641,0.00150659133709981,FALSE,0.0104895766218643,0.420573811647569,-1.63807949743648,1.9669080287434,"Frozen-source hash and interval checks passed; retained in primary",824
2017-06-30,0.000156100906905149,0.00150659133709981,FALSE,0.00166127765913304,1.06098973445464,0.438728499461494,-0.0711997182090585,"Frozen-source hash and interval checks passed; retained in primary",825
2025-09-17,0.000156009560624669,0.00150659133709981,FALSE,0.00243834535255041,0.87516208664811,0.221509930985242,0.136556077481398,"Frozen-source hash and interval checks passed; retained in primary",826
2026-06-15,0.000154596143562849,0.00150659133709981,FALSE,0.0184365955172983,0.314274226635013,0.107220752479531,0.024965672330346,"Frozen-source hash and interval checks passed; retained in primary",827
2017-08-04,0.000154173929822246,0.00150659133709981,FALSE,0.00293355158070943,0.792978260042759,0.793609122034189,-0.579501802835392,"Frozen-source hash and interval checks passed; retained in primary",828
2022-02-07,0.000154132482291508,0.00150659133709981,FALSE,0.00553263813276545,0.576589651727241,0.0953972350183019,0.112891332383747,"Frozen-source hash and interval checks passed; retained in primary",829
2021-12-17,0.000153746636624925,0.00150659133709981,FALSE,0.00563310146537968,0.570680426718935,0.078506180374438,0.0968182093848746,"Frozen-source hash and interval checks passed; retained in primary",830
2019-08-21,0.000152986873310151,0.00150659133709981,FALSE,0.00259051933739299,0.840738690881006,0.494094049846483,-0.159721929948553,"Frozen-source hash and interval checks passed; retained in primary",831
2021-10-15,0.000152494469608609,0.00150659133709981,FALSE,0.00421525701635532,-0.657488822182598,0.394078661770569,-0.631858179435696,"Frozen-source hash and interval checks passed; retained in primary",832
2022-04-01,0.000152177256292058,0.00150659133709981,FALSE,0.00388585908377155,-0.684189692091865,0.667223466287847,-0.950670985479096,"Frozen-source hash and interval checks passed; retained in primary",833
2023-01-20,0.000152176559800444,0.00150659133709981,FALSE,0.00470650591879054,-0.621427949102964,0.888096670663474,-1.15304043950459,"Frozen-source hash and interval checks passed; retained in primary",834
2018-04-11,0.000151926460002952,0.00150659133709981,FALSE,0.00480561260419283,0.614450514680999,-0.187690637064319,0.485800656461244,"Frozen-source hash and interval checks passed; retained in primary",835
2019-09-26,0.000151566091819255,0.00150659133709981,FALSE,0.00222959917951662,0.902180756571344,0.207469069013655,0.102111867772514,"Frozen-source hash and interval checks passed; retained in primary",836
2016-02-04,0.000151393697865246,0.00150659133709981,FALSE,0.00742082750006544,0.492947799583974,-0.701351830349006,0.997153189201949,"Frozen-source hash and interval checks passed; retained in primary",837
2021-03-09,0.000151373141515425,0.00150659133709981,FALSE,0.00496668403237897,-0.603254513676389,-0.405185695401045,0.257400399517316,"Frozen-source hash and interval checks passed; retained in primary",838
2016-03-24,0.000151257690159062,0.00150659133709981,FALSE,0.00734585490766152,0.495253053893126,0.218174915383251,-0.00887823501267704,"Frozen-source hash and interval checks passed; retained in primary",839
2025-05-12,0.0001502675362111,0.00150659133709981,FALSE,0.0134047175846797,0.364303957319044,2.08010375942367,-2.00525065787733,"Frozen-source hash and interval checks passed; retained in primary",840
2015-04-09,0.000149518472924012,0.00150659133709981,FALSE,0.00244023473371165,0.85642967959907,0.575227435905301,-0.299650632072179,"Frozen-source hash and interval checks passed; retained in primary",841
2025-02-07,0.000148966290337201,0.00150659133709981,FALSE,0.00269104676712584,0.813933382093783,-0.177457585364094,0.487902332673773,"Frozen-source hash and interval checks passed; retained in primary",842
2015-06-30,0.000148733133163236,0.00150659133709981,FALSE,0.00246320328079982,0.850175962170996,0.0368587331516235,0.327064886812334,"Frozen-source hash and interval checks passed; retained in primary",843
2015-03-25,0.000148593028575541,0.00150659133709981,FALSE,0.00254354422064124,0.836213484955068,-0.187811846226449,0.443014892652105,"Frozen-source hash and interval checks passed; retained in primary",844
2022-11-08,0.000148242288601213,0.00150659133709981,FALSE,0.00488277215798003,0.602116559362499,-0.624314888438171,0.862959947495945,"Frozen-source hash and interval checks passed; retained in primary",845
2020-11-05,0.000147146063538126,0.00150659133709981,FALSE,0.0135462125442335,-0.358586864472321,-0.708709574494648,0.692110808518631,"Frozen-source hash and interval checks passed; retained in primary",846
2025-10-27,0.000147026653100757,0.00150659133709981,FALSE,0.00427112808878676,-0.641339384482034,-0.029075079443075,-0.176522552456948,"Frozen-source hash and interval checks passed; retained in primary",847
2024-03-18,0.000146952762688521,0.00150659133709981,FALSE,0.00509450637549731,0.586839529241411,0.181616457231559,0.00670533409579122,"Frozen-source hash and interval checks passed; retained in primary",848
2025-03-17,0.000146489077963004,0.00150659133709981,FALSE,0.00208245696317751,0.917809517716667,0.399881524207357,-0.0336621001596704,"Frozen-source hash and interval checks passed; retained in primary",849
2023-04-26,0.000146437114034899,0.00150659133709981,FALSE,0.00294241576921348,0.771657007887395,0.118501382563219,0.179318637410564,"Frozen-source hash and interval checks passed; retained in primary",850
2023-12-20,0.000145802534207526,0.00150659133709981,FALSE,0.00354714952238124,-0.701070653999298,-0.208835418831121,-0.104387775232961,"Frozen-source hash and interval checks passed; retained in primary",851
2019-07-10,0.000145775969172783,0.00150659133709981,FALSE,0.00264262563879859,-0.812533304758739,-0.469560158885507,0.313046936434969,"Frozen-source hash and interval checks passed; retained in primary",852
2024-05-31,0.000144952869575675,0.00150659133709981,FALSE,0.00348260820534458,-0.705495362904898,0.184109092703144,-0.356892864957548,"Frozen-source hash and interval checks passed; retained in primary",853
2018-07-12,0.000144780261393169,0.00150659133709981,FALSE,0.00370154881970657,-0.683830217853728,0.490468050244308,-0.794895446149191,"Frozen-source hash and interval checks passed; retained in primary",854
2014-12-19,0.000144378795198593,0.00150659133709981,FALSE,0.00441617996650403,0.624968118249167,0.691158359505017,-0.604028682133073,"Frozen-source hash and interval checks passed; retained in primary",855
2023-07-14,0.000144180393670272,0.00150659133709981,FALSE,0.00320228932705405,0.733866323091793,0.658738770041367,-0.433401429632863,"Frozen-source hash and interval checks passed; retained in primary",856
2015-10-08,0.000144036692964718,0.00150659133709981,FALSE,0.00320632680841842,-0.733037069036236,-0.193803210125498,-0.0333555706895083,"Frozen-source hash and interval checks passed; retained in primary",857
2024-11-20,0.000143916963054048,0.00150659133709981,FALSE,0.00278922405077668,-0.785775342761144,0.336551562760912,-0.671576849281763,"Frozen-source hash and interval checks passed; retained in primary",858
2019-08-09,0.000143085089230192,0.00150659133709981,FALSE,0.00366352696143317,0.683346746118507,-0.395398359986876,0.700296228089492,"Frozen-source hash and interval checks passed; retained in primary",859
2015-08-05,0.00014260739380353,0.00150659133709981,FALSE,0.00336397652567534,-0.712038467242542,0.370876176705304,-0.675135179754172,"Frozen-source hash and interval checks passed; retained in primary",860
2025-02-14,0.000142429292244254,0.00150659133709981,FALSE,0.00721604164469384,0.484917816820148,-0.321857517943291,0.608979389144082,"Frozen-source hash and interval checks passed; retained in primary",861
2017-08-23,0.000141723389387566,0.00150659133709981,FALSE,0.00148405594088315,-1.06970433103795,-0.618439764415957,0.237942822979509,"Frozen-source hash and interval checks passed; retained in primary",862
2015-07-30,0.000141699764195494,0.00150659133709981,FALSE,0.00399940064954045,-0.650740040896282,0.125569448196527,-0.418950016582809,"Frozen-source hash and interval checks passed; retained in primary",863
2026-04-28,0.000141353552600855,0.00150659133709981,FALSE,0.00741369957359569,0.476552370163598,0.306943113902225,-0.150555200635871,"Frozen-source hash and interval checks passed; retained in primary",864
2015-07-07,0.000141065259705434,0.00150659133709981,FALSE,0.00297212143692864,0.753565548840024,0.0508480521692167,0.302423705097787,"Frozen-source hash and interval checks passed; retained in primary",865
2025-10-20,0.000140827452455636,0.00150659133709981,FALSE,0.00743589880120551,-0.474948839761891,0.0875475059356479,-0.172803445898584,"Frozen-source hash and interval checks passed; retained in primary",866
2026-02-20,0.000140666862638856,0.00150659133709981,FALSE,0.0016215274107508,-1.0194642022009,-0.261877797688115,-0.0193579610218819,"Frozen-source hash and interval checks passed; retained in primary",867
2023-10-31,0.00014062157600027,0.00150659133709981,FALSE,0.01179765727662,0.375960012355715,1.73033394030528,-1.63081458983081,"Frozen-source hash and interval checks passed; retained in primary",868
2021-06-22,0.000140563702278928,0.00150659133709981,FALSE,0.00486395362723694,-0.587453820750409,0.268219407783477,-0.479704047015517,"Frozen-source hash and interval checks passed; retained in primary",869
2020-06-29,0.000140405859770247,0.00150659133709981,FALSE,0.00804486448591159,-0.455795347972824,0.370961049315799,-0.483946965925064,"Frozen-source hash and interval checks passed; retained in primary",870
2014-04-04,0.000139451376393503,0.00150659133709981,FALSE,0.00231884679978407,0.848519605275424,-0.187162085357073,0.530556398169413,"Frozen-source hash and interval checks passed; retained in primary",871
2020-12-11,0.000139344963177686,0.00150659133709981,FALSE,0.00403102528356038,0.642763792429458,-0.155667921630087,0.403497521217933,"Frozen-source hash and interval checks passed; retained in primary",872
2017-11-24,0.000139269669192214,0.00150659133709981,FALSE,0.00138215559753688,1.09885423852526,0.339230579248051,0.0716974398879522,"Frozen-source hash and interval checks passed; retained in primary",873
2016-10-14,0.000138742716305065,0.00150659133709981,FALSE,0.00264025159884421,0.793047098949498,0.680120441574372,-0.462161423428142,"Frozen-source hash and interval checks passed; retained in primary",874
2025-08-15,0.000138598337573732,0.00150659133709981,FALSE,0.00534844073941455,0.556149464499081,-0.253575068225942,0.468289565948243,"Frozen-source hash and interval checks passed; retained in primary",875
2015-03-06,0.000138511337546428,0.00150659133709981,FALSE,0.00331607937953939,0.706804899771352,0.664894767927082,-0.588846818616862,"Frozen-source hash and interval checks passed; retained in primary",876
2014-12-08,0.000138067666803179,0.00150659133709981,FALSE,0.00374771846425955,-0.663648017251511,-0.709667370629585,0.404507919380848,"Frozen-source hash and interval checks passed; retained in primary",877
2015-08-28,0.000137968514134358,0.00150659133709981,FALSE,0.0083969163787213,0.442170369798219,0.41517115974492,-0.355064160647967,"Frozen-source hash and interval checks passed; retained in primary",878
2015-08-03,0.000137830196654524,0.00150659133709981,FALSE,0.00366161845834389,0.670856600255976,0.231939078924448,-0.0322684739812118,"Frozen-source hash and interval checks passed; retained in primary",879
2018-06-18,0.000137509145383292,0.00150659133709981,FALSE,0.00274843632327605,0.773777216011325,0.127874594162192,0.126685384783265,"Frozen-source hash and interval checks passed; retained in primary",880
2021-10-29,0.000137443212400694,0.00150659133709981,FALSE,0.00373778938253537,-0.663027722139935,0.320977434290981,-0.57165627731095,"Frozen-source hash and interval checks passed; retained in primary",881
2015-04-27,0.000137420710595174,0.00150659133709981,FALSE,0.00192018485354202,0.925822720371412,0.382622980034197,-0.117597661599422,"Frozen-source hash and interval checks passed; retained in primary",882
2015-05-08,0.000137413075595526,0.00150659133709981,FALSE,0.00337291915093662,-0.69802026197087,-0.104679495823623,-0.0334001339109768,"Frozen-source hash and interval checks passed; retained in primary",883
2023-06-13,0.00013716644874024,0.00150659133709981,FALSE,0.00457823253431662,0.598231412369879,0.378414418285011,-0.200200267067263,"Frozen-source hash and interval checks passed; retained in primary",884
2018-05-09,0.000137130405891722,0.00150659133709981,FALSE,0.00502908096776121,0.57058241595892,0.644308281682315,-0.475233941392084,"Frozen-source hash and interval checks passed; retained in primary",885
2014-11-19,0.000136978376754543,0.00150659133709981,FALSE,0.00334031571065731,0.700319659524588,0.919745818842044,-0.801846828031749,"Frozen-source hash and interval checks passed; retained in primary",886
2020-03-24,0.000136750685643957,0.00150659133709981,FALSE,0.0338359198703198,-0.216467065145454,-0.111516216551211,-0.0718132885440426,"Frozen-source hash and interval checks passed; retained in primary",887
2016-04-20,0.000136750451191067,0.00150659133709981,FALSE,0.001335705753752,1.10766738931787,0.648718787581748,-0.32011734475299,"Frozen-source hash and interval checks passed; retained in primary",888
2020-09-15,0.00013588802396891,0.00150659133709981,FALSE,0.00481626347680593,-0.580467262383742,-0.331810921538089,0.170470729794836,"Frozen-source hash and interval checks passed; retained in primary",889
2017-06-26,0.000135751744743265,0.00150659133709981,FALSE,0.00188568043469108,0.928580220708777,0.513488702424114,-0.197539796659996,"Frozen-source hash and interval checks passed; retained in primary",890
2014-08-21,0.000135090497567185,0.00150659133709981,FALSE,0.00218926030735758,-0.85956437788993,0.051201426427161,-0.405523390530238,"Frozen-source hash and interval checks passed; retained in primary",891
2021-12-29,0.000134931686418172,0.00150659133709981,FALSE,0.005732397830162,-0.52994534279124,0.047829216490225,-0.191537582499457,"Frozen-source hash and interval checks passed; retained in primary",892
2018-10-03,0.000134321468882074,0.00150659133709981,FALSE,0.00196349032150153,0.905153366809004,0.734411631167209,-0.465219184458121,"Frozen-source hash and interval checks passed; retained in primary",893
2019-01-16,0.000134320021919494,0.00150659133709981,FALSE,0.00293629926363965,0.739813572751698,0.329293294341415,-0.11031440721565,"Frozen-source hash and interval checks passed; retained in primary",894
2015-08-21,0.00013387743379165,0.00150659133709981,FALSE,0.0118700983794612,0.365699337988132,-1.11606035332112,1.16427124228222,"Frozen-source hash and interval checks passed; retained in primary",895
2016-11-01,0.000133791768845014,0.00150659133709981,FALSE,0.00219337323129404,-0.854618408514341,-0.733708682333534,0.45788499345063,"Frozen-source hash and interval checks passed; retained in primary",896
2018-01-10,0.000133772872592863,0.00150659133709981,FALSE,0.00437915557584809,-0.604124505394865,-1.01359082997141,0.973004775296538,"Frozen-source hash and interval checks passed; retained in primary",897
2020-09-18,0.000132677554333133,0.00150659133709981,FALSE,0.00295518478271039,0.732916283352567,-0.00175360078831233,0.315472753394541,"Frozen-source hash and interval checks passed; retained in primary",898
2014-10-30,0.000132487870256526,0.00150659133709981,FALSE,0.00363284843014609,-0.660335648926416,0.434864193553297,-0.7740547310366,"Frozen-source hash and interval checks passed; retained in primary",899
2025-03-03,0.000132359082860327,0.00150659133709981,FALSE,0.00362857452557108,-0.660404624907644,-0.622736212633335,0.319149207064395,"Frozen-source hash and interval checks passed; retained in primary",900
2019-12-12,0.000132226230793125,0.00150659133709981,FALSE,0.00227196857928663,0.834746023141737,0.702169739452652,-0.449892876537739,"Frozen-source hash and interval checks passed; retained in primary",901
2016-04-11,0.000132157121961458,0.00150659133709981,FALSE,0.0037935105555633,0.645342019754482,-0.0905413723262694,0.369822906709061,"Frozen-source hash and interval checks passed; retained in primary",902
2014-03-07,0.00013209884111195,0.00150659133709981,FALSE,0.00162020847843776,-0.98833134091955,-0.0497535845434882,-0.339131181091634,"Frozen-source hash and interval checks passed; retained in primary",903
2026-07-28,0.000131917604032293,0.00150659133709981,FALSE,0.0286761238078114,0.231560143047953,0.0745327905010029,0.0366568919060839,"Frozen-source hash and interval checks passed; retained in primary",904
2018-08-24,0.000131740359454266,0.00150659133709981,FALSE,0.00193325310507449,-0.903411219914574,-0.222696736699435,-0.0719553907642556,"Frozen-source hash and interval checks passed; retained in primary",905
2016-12-09,0.000131447233041808,0.00150659133709981,FALSE,0.00390282085426331,0.634494546979115,1.00582132843074,-0.880832451223501,"Frozen-source hash and interval checks passed; retained in primary",906
2021-07-13,0.000130783926753172,0.00150659133709981,FALSE,0.00343236214052591,0.675032445761004,0.1923574453639,0,"Frozen-source hash and interval checks passed; retained in primary",907
2015-12-16,0.000130698356208661,0.00150659133709981,FALSE,0.0059484522846138,0.511950707557156,0.38415193218988,-0.180668522494898,"Frozen-source hash and interval checks passed; retained in primary",908
2023-08-16,0.000130294142412954,0.00150659133709981,FALSE,0.00323652362525454,0.69392052945844,0.526132807891644,-0.281583922877537,"Frozen-source hash and interval checks passed; retained in primary",909
2018-11-21,0.000130246599679781,0.00150659133709981,FALSE,0.00233716405817431,-0.81681013505755,0.0798810652366644,-0.354421778057734,"Frozen-source hash and interval checks passed; retained in primary",910
2024-06-26,0.000130217819274091,0.00150659133709981,FALSE,0.00315756041729655,0.702365639326135,0.836280848645199,-0.624299692792718,"Frozen-source hash and interval checks passed; retained in primary",911
2020-05-13,0.000129910477723515,0.00150659133709981,FALSE,0.00420711989685398,0.607441944115953,-0.165126922632597,0.382730922271524,"Frozen-source hash and interval checks passed; retained in primary",912
2014-06-13,0.000129274617045394,0.00150659133709981,FALSE,0.00161189286991838,0.980231975819766,0.552313603655286,-0.225611945225168,"Frozen-source hash and interval checks passed; retained in primary",913
2026-06-08,0.000128316918348674,0.00150659133709981,FALSE,0.0145219342448967,-0.323253943567758,-0.100627317302227,0.0873962225552027,"Frozen-source hash and interval checks passed; retained in primary",914
2022-07-20,0.000128118226849559,0.00150659133709981,FALSE,0.00462188509558927,-0.575414172611741,-0.0382766760574693,-0.159362583527756,"Frozen-source hash and interval checks passed; retained in primary",915
2018-10-15,0.000128079467046877,0.00150659133709981,FALSE,0.00201450740844413,-0.872585633856702,-0.423735283337479,0.178699118318715,"Frozen-source hash and interval checks passed; retained in primary",916
2024-08-21,0.000128050057164193,0.00150659133709981,FALSE,0.00228621921231097,0.818888103315277,-0.0416604810332899,0.35064837055625,"Frozen-source hash and interval checks passed; retained in primary",917
2023-11-02,0.000128048196204429,0.00150659133709981,FALSE,0.00676952753429207,0.474813647876939,-0.0696148973165389,0.318471606752002,"Frozen-source hash and interval checks passed; retained in primary",918
2026-04-13,0.000127963587445689,0.00150659133709981,FALSE,0.00182424001686004,-0.91663481213637,0.0215915773661202,-0.326059982881066,"Frozen-source hash and interval checks passed; retained in primary",919
2024-07-29,0.000127713885544872,0.00150659133709981,FALSE,0.00315353236256727,0.69602553537756,0.291792346680531,-0.0649730384756353,"Frozen-source hash and interval checks passed; retained in primary",920
2014-09-12,0.000127264654527513,0.00150659133709981,FALSE,0.00174493872557105,0.934706352624867,0.572164710998324,-0.345617083095284,"Frozen-source hash and interval checks passed; retained in primary",921
2015-02-24,0.000127199459332575,0.00150659133709981,FALSE,0.00133489314566982,-1.06861174249769,-0.14803383581401,-0.210075284182043,"Frozen-source hash and interval checks passed; retained in primary",922
2018-08-14,0.000126394024723793,0.00150659133709981,FALSE,0.00375893417408545,0.63402116268223,0.480874711169754,-0.24371542505186,"Frozen-source hash and interval checks passed; retained in primary",923
2021-11-10,0.000126359254847611,0.00150659133709981,FALSE,0.00405091898402163,0.610570672313339,1.00451055069946,-0.899635631872453,"Frozen-source hash and interval checks passed; retained in primary",924
2021-10-21,0.000125900435386223,0.00150659133709981,FALSE,0.00358928110449106,0.647619173572094,-0.1400716973325,0.429844076021446,"Frozen-source hash and interval checks passed; retained in primary",925
2017-11-17,0.000125775455895672,0.00150659133709981,FALSE,0.00347405725997053,-0.657982573514445,-0.887274235153424,0.809360935270753,"Frozen-source hash and interval checks passed; retained in primary",926
2017-10-23,0.000125722906417124,0.00150659133709981,FALSE,0.0036874151894576,-0.63846135763844,-0.149670962178483,-0.140869894751816,"Frozen-source hash and interval checks passed; retained in primary",927
2020-04-17,0.000125433743420633,0.00150659133709981,FALSE,0.0106514547404289,0.373910801636653,-0.0733166224788029,0.185839116855924,"Frozen-source hash and interval checks passed; retained in primary",928
2020-08-03,0.000125029221007264,0.00150659133709981,FALSE,0.00418878530314525,-0.597228936390949,0.0941658860476924,-0.311482624766501,"Frozen-source hash and interval checks passed; retained in primary",929
2024-03-05,0.000124837564379349,0.00150659133709981,FALSE,0.00426343551091252,-0.591501220298631,-0.419609958141587,0.199614145727978,"Frozen-source hash and interval checks passed; retained in primary",930
2016-11-07,0.000124815051876108,0.00150659133709981,FALSE,0.00870352588894083,0.413026837314483,1.52685275193556,-1.52204074933833,"Frozen-source hash and interval checks passed; retained in primary",931
2018-04-25,0.000124280875332726,0.00150659133709981,FALSE,0.00154726837126657,0.981010612358615,0.571218345507774,-0.274775772810365,"Frozen-source hash and interval checks passed; retained in primary",932
2016-12-22,0.000124239435913596,0.00150659133709981,FALSE,0.00132737502320105,1.05909547003682,0.126130898408361,0.263527164027355,"Frozen-source hash and interval checks passed; retained in primary",933
2015-06-24,0.000123431765676874,0.00150659133709981,FALSE,0.00220842744335412,-0.818054884133956,0.0267924318274826,-0.427506196569105,"Frozen-source hash and interval checks passed; retained in primary",934
2025-08-19,0.000123406190055571,0.00150659133709981,FALSE,0.00438970286988248,-0.579543744816111,-0.242952548019071,0.027074590662135,"Frozen-source hash and interval checks passed; retained in primary",935
2020-08-18,0.000123290498824054,0.00150659133709981,FALSE,0.00709954681589227,-0.454875942715345,-0.629181299692272,0.529852691964727,"Frozen-source hash and interval checks passed; retained in primary",936
2024-04-17,0.00012298812988644,0.00150659133709981,FALSE,0.00289755320132597,-0.712650187242873,-0.186404980958654,-0.0258748950276555,"Frozen-source hash and interval checks passed; retained in primary",937
2021-01-07,0.000122852238763156,0.00150659133709981,FALSE,0.00569176224247206,0.507480435835512,0.757745870657711,-0.56980211146378,"Frozen-source hash and interval checks passed; retained in primary",938
2016-02-01,0.000122528823408395,0.00150659133709981,FALSE,0.0129628006245865,0.334600891881758,0.13446641097512,-0.00826070794737177,"Frozen-source hash and interval checks passed; retained in primary",939
2025-12-30,0.00012243664682448,0.00150659133709981,FALSE,0.00100241823905568,1.21005211473236,0.515107659167535,-0.102445904721193,"Frozen-source hash and interval checks passed; retained in primary",940
2021-08-23,0.000122386272514653,0.00150659133709981,FALSE,0.00364508326575803,-0.633592874289846,-0.14869024073616,-0.00910954225181726,"Frozen-source hash and interval checks passed; retained in primary",941
2016-07-20,0.000122321891406683,0.00150659133709981,FALSE,0.00496554845672288,0.54234815067774,0.625831373276764,-0.488768714362831,"Frozen-source hash and interval checks passed; retained in primary",942
2026-04-20,0.00012203394641582,0.00150659133709981,FALSE,0.00400111233769385,-0.603767880045556,0.0567566207173797,-0.353580365842987,"Frozen-source hash and interval checks passed; retained in primary",943
2014-11-07,0.000121804257272203,0.00150659133709981,FALSE,0.00148025158523536,-0.992961520369683,-0.42909037110519,0.121951234626128,"Frozen-source hash and interval checks passed; retained in primary",944
2024-03-28,0.000121568416605035,0.00150659133709981,FALSE,0.00637267205230596,0.476927079578711,0.149952662801933,0,"Frozen-source hash and interval checks passed; retained in primary",945
2016-01-05,0.00012118283164359,0.00150659133709981,FALSE,0.00355280988686914,-0.638634432570233,-0.396611556661597,0.293809235490361,"Frozen-source hash and interval checks passed; retained in primary",946
2026-03-26,0.000120841588367123,0.00150659133709981,FALSE,0.00300447777683687,0.693682824333258,0.423456091832897,-0.282264575050828,"Frozen-source hash and interval checks passed; retained in primary",947
2020-09-03,0.000120304549425178,0.00150659133709981,FALSE,0.00576758672287109,0.498859837104643,0.00125787539442257,0.00942107495163214,"Frozen-source hash and interval checks passed; retained in primary",948
2015-08-18,0.000119881601966045,0.00150659133709981,FALSE,0.004045330183137,-0.595127050167642,-0.202489099739545,-0.0482470257026968,"Frozen-source hash and interval checks passed; retained in primary",949
2016-12-16,0.000119737016898346,0.00150659133709981,FALSE,0.00286305979006094,0.707403222731493,-0.166516237982162,0.491401480242892,"Frozen-source hash and interval checks passed; retained in primary",950
2015-12-10,0.000119676460071616,0.00150659133709981,FALSE,0.0024127912481088,0.770567258528698,-0.00977569906974729,0.345253117302846,"Frozen-source hash and interval checks passed; retained in primary",951
2023-04-13,0.000119650033548393,0.00150659133709981,FALSE,0.00413154513946747,0.588290414739643,-0.312363578080754,0.662603132027506,"Frozen-source hash and interval checks passed; retained in primary",952
2017-12-14,0.000119629678258029,0.00150659133709981,FALSE,0.00410034126148897,0.590483654811806,-0.255419644239474,0.558140983819477,"Frozen-source hash and interval checks passed; retained in primary",953
2019-07-12,0.000119299077223741,0.00150659133709981,FALSE,0.00243707341736178,-0.765499672557176,-0.466719279665195,0.268158651606853,"Frozen-source hash and interval checks passed; retained in primary",954
2014-07-01,0.000118942560888591,0.00150659133709981,FALSE,0.00132306326375167,-1.03796203823811,-0.144980086742352,-0.22683574004736,"Frozen-source hash and interval checks passed; retained in primary",955
2018-09-26,0.000118931720621726,0.00150659133709981,FALSE,0.00203704709667718,-0.836173016592645,-0.275100171684617,-0.0354295840729435,"Frozen-source hash and interval checks passed; retained in primary",956
2016-04-12,0.000118830838302474,0.00150659133709981,FALSE,0.00788212327499097,0.4236578224023,0.609931574261102,-0.535798048545466,"Frozen-source hash and interval checks passed; retained in primary",957
2023-06-16,0.000118703353445052,0.00150659133709981,FALSE,0.00584919961280912,0.492039568647598,1.11047755024436,-0.942233601228981,"Frozen-source hash and interval checks passed; retained in primary",958
2015-01-27,0.000117878676983436,0.00150659133709981,FALSE,0.00463650059839403,-0.551066416590598,-0.824359318044277,0.644070023076893,"Frozen-source hash and interval checks passed; retained in primary",959
2017-11-28,0.000117578936299699,0.00150659133709981,FALSE,0.00183845030719484,0.875245440262871,0.369689203432122,-0.117048588522106,"Frozen-source hash and interval checks passed; retained in primary",960
2022-03-18,0.000117169837921849,0.00150659133709981,FALSE,0.00426397947432029,-0.573011177748805,0.414118255062901,-0.606011449792021,"Frozen-source hash and interval checks passed; retained in primary",961
2019-10-07,0.000116651417428475,0.00150659133709981,FALSE,0.00164509074480567,0.921686406953149,0.409657270734654,-0.14020659398275,"Frozen-source hash and interval checks passed; retained in primary",962
2021-11-02,0.000116092364024899,0.00150659133709981,FALSE,0.00273709578173351,0.712446545722316,-0.0569745703986602,0.359696839105528,"Frozen-source hash and interval checks passed; retained in primary",963
2016-06-29,0.000115971861919721,0.00150659133709981,FALSE,0.0038197017411581,0.602450245584077,0.246896366054772,0.0292127174773782,"Frozen-source hash and interval checks passed; retained in primary",964
2023-12-27,0.00011574366547219,0.00150659133709981,FALSE,0.00292492529501667,-0.688090845041449,-0.465045144978271,0.302253068120883,"Frozen-source hash and interval checks passed; retained in primary",965
2024-11-21,0.000115662139434869,0.00150659133709981,FALSE,0.00354738702956395,-0.624396229659481,-0.591923445937237,0.464457034138555,"Frozen-source hash and interval checks passed; retained in primary",966
2015-12-02,0.000115632234869783,0.00150659133709981,FALSE,0.00281781080084782,-0.700747286137463,0.160843605224192,-0.51948168771041,"Frozen-source hash and interval checks passed; retained in primary",967
2014-03-05,0.000115265116341,0.00150659133709981,FALSE,0.00191844309591483,0.84829737643094,0.419157525305724,-0.13691933679354,"Frozen-source hash and interval checks passed; retained in primary",968
2015-10-28,0.000115120770442912,0.00150659133709981,FALSE,0.00145290980736992,0.974389093775295,0.563655043602118,-0.224206031225904,"Frozen-source hash and interval checks passed; retained in primary",969
2016-04-25,0.000114970409209197,0.00150659133709981,FALSE,0.00376628446268187,-0.604098448045393,-0.578848928356956,0.377392846157498,"Frozen-source hash and interval checks passed; retained in primary",970
2022-12-13,0.000114737942813962,0.00150659133709981,FALSE,0.00787276661371222,-0.416547132790315,-1.60919669142503,1.70944333593006,"Frozen-source hash and interval checks passed; retained in primary",971
2021-07-15,0.000114693268881052,0.00150659133709981,FALSE,0.00266794690230186,-0.717283574726253,-0.24871839747842,-0.0181752090648857,"Frozen-source hash and interval checks passed; retained in primary",972
2019-08-20,0.000113912926091785,0.00150659133709981,FALSE,0.00198969484192222,-0.828040164028545,-0.417929773954029,0.140944350323391,"Frozen-source hash and interval checks passed; retained in primary",973
2021-07-14,0.000113626622202604,0.00150659133709981,FALSE,0.00395063658534917,-0.586323851842181,-0.444280172551847,0.299469346726333,"Frozen-source hash and interval checks passed; retained in primary",974
2026-01-28,0.000113424615750855,0.00150659133709981,FALSE,0.00187492733202645,0.851225340524127,0.644929448503673,-0.371784011062726,"Frozen-source hash and interval checks passed; retained in primary",975
2020-05-14,0.00011320603760442,0.00150659133709981,FALSE,0.00921332046034725,0.382214720068849,0.346895109181,-0.158871114206605,"Frozen-source hash and interval checks passed; retained in primary",976
2014-05-15,0.000112659722412075,0.00150659133709981,FALSE,0.00175866518782402,0.875994042197054,-0.00558478633410076,0.305133363378918,"Frozen-source hash and interval checks passed; retained in primary",977
2020-06-12,0.00011243631119732,0.00150659133709981,FALSE,0.0057117948262445,-0.484633869035677,0.508536149454075,-0.644771658598042,"Frozen-source hash and interval checks passed; retained in primary",978
2021-06-30,0.000111837076037018,0.00150659133709981,FALSE,0.00293495486773426,0.675218848469879,0.675139543239167,-0.469357301757256,"Frozen-source hash and interval checks passed; retained in primary",979
2025-11-07,0.000111793404500642,0.00150659133709981,FALSE,0.0065886823263485,0.449742553732126,0.22570784654059,-0.058817764660013,"Frozen-source hash and interval checks passed; retained in primary",980
2014-04-24,0.00011168549754864,0.00150659133709981,FALSE,0.0019782871101553,0.822269817046315,0.360058471114089,-0.0782013725093123,"Frozen-source hash and interval checks passed; retained in primary",981
2016-11-17,0.000111626462010741,0.00150659133709981,FALSE,0.00257549012209591,0.720251674723082,0.659685579085156,-0.438757559444714,"Frozen-source hash and interval checks passed; retained in primary",982
2022-08-10,0.000111556900190505,0.00150659133709981,FALSE,0.0113320067622105,-0.341751686886625,-1.66210615813949,1.77181026507682,"Frozen-source hash and interval checks passed; retained in primary",983
2014-08-04,0.000111404203010348,0.00150659133709981,FALSE,0.00267663599063966,-0.705772530371379,-0.126884349893919,-0.0195198126717422,"Frozen-source hash and interval checks passed; retained in primary",984
2020-07-28,0.000111250055087223,0.00150659133709981,FALSE,0.004503794004059,-0.543214414623571,-0.427797458995993,0.247242423398397,"Frozen-source hash and interval checks passed; retained in primary",985
2017-12-18,0.000111150850909155,0.00150659133709981,FALSE,0.00262451943503695,0.711953232174562,0.00171434209503829,0.248800554858075,"Frozen-source hash and interval checks passed; retained in primary",986
2021-06-29,0.000111127648381752,0.00150659133709981,FALSE,0.00367806592944673,-0.601023946626949,-0.175939416628568,-0.0271456365055656,"Frozen-source hash and interval checks passed; retained in primary",987
2021-10-06,0.000111102300331659,0.00150659133709981,FALSE,0.00387962311260743,-0.585077358035076,-0.237144800674427,0.0538793116482417,"Frozen-source hash and interval checks passed; retained in primary",988
2021-05-26,0.000110561871623751,0.00150659133709981,FALSE,0.00319488010633305,0.643385340704187,0.40931719170203,-0.137583144839581,"Frozen-source hash and interval checks passed; retained in primary",989
2014-05-20,0.000110358947100472,0.00150659133709981,FALSE,0.00143040672961267,-0.961509973958083,-0.353400479410659,0,"Frozen-source hash and interval checks passed; retained in primary",990
2025-09-09,0.000110157276726028,0.00150659133709981,FALSE,0.00238543808947173,0.743523215942294,0.0605384258405284,0.237441175290343,"Frozen-source hash and interval checks passed; retained in primary",991
2021-09-22,0.000109972817191838,0.00150659133709981,FALSE,0.0041229967906119,0.5645854111665,0.508559630149996,-0.237529802890712,"Frozen-source hash and interval checks passed; retained in primary",992
2025-09-18,0.00010995221516154,0.00150659133709981,FALSE,0.00413158735124147,-0.563942887723896,0.853292961192231,-1.12780596183137,"Frozen-source hash and interval checks passed; retained in primary",993
2015-11-16,0.00010988065639314,0.00150659133709981,FALSE,0.00204905354525953,0.801362820018956,0.471921116985641,-0.146317698027421,"Frozen-source hash and interval checks passed; retained in primary",994
2023-10-05,0.00010983347460073,0.00150659133709981,FALSE,0.00364171279104928,-0.600499855658967,-0.40611483805022,0.228709907309721,"Frozen-source hash and interval checks passed; retained in primary",995
2019-08-27,0.000109656855858809,0.00150659133709981,FALSE,0.00277827281360866,-0.687253466700838,-0.446272780538237,0.188857468786807,"Frozen-source hash and interval checks passed; retained in primary",996
2023-02-14,0.000109574334107537,0.00150659133709981,FALSE,0.00207306256760736,0.795587976410908,0.571129721854113,-0.255870097454025,"Frozen-source hash and interval checks passed; retained in primary",997
2014-11-05,0.000109567787528939,0.00150659133709981,FALSE,0.00429130464604607,0.552336248124084,1.09347687236965,-1.03482463397739,"Frozen-source hash and interval checks passed; retained in primary",998
2017-08-09,0.000109373252301811,0.00150659133709981,FALSE,0.00226210342361743,0.760848505288579,-0.289823650785603,0.634117533844769,"Frozen-source hash and interval checks passed; retained in primary",999
2021-08-13,0.000108622978639186,0.00150659133709981,FALSE,0.00319283056753489,-0.637924257866233,-0.719416329356415,0.55426973938042,"Frozen-source hash and interval checks passed; retained in primary",1000
2024-10-07,0.000108543785937663,0.00150659133709981,FALSE,0.00580794400570096,0.472190276506293,-0.286463583233987,0.377333511517097,"Frozen-source hash and interval checks passed; retained in primary",1001
2024-12-24,0.000108388704700961,0.00150659133709981,FALSE,0.00391714140125254,-0.575103148057298,0.0601821964256288,-0.159068528434503,"Frozen-source hash and interval checks passed; retained in primary",1002
2019-03-06,0.000108297350140557,0.00150659133709981,FALSE,0.00224348362933312,0.760239397668817,-0.0280153595503485,0.286174403853323,"Frozen-source hash and interval checks passed; retained in primary",1003
2017-02-24,0.000107996370896559,0.00150659133709981,FALSE,0.00190693882727868,-0.823592420751377,-0.563864452693918,0.373433349411822,"Frozen-source hash and interval checks passed; retained in primary",1004
2021-07-16,0.000107869838683628,0.00150659133709981,FALSE,0.00341075341349048,0.614997817835166,0.23448800651269,-0.072667820438177,"Frozen-source hash and interval checks passed; retained in primary",1005
2022-02-01,0.000107680247976676,0.00150659133709981,FALSE,0.00424255576011745,-0.550708332934376,-0.453790780756336,0.391321861166016,"Frozen-source hash and interval checks passed; retained in primary",1006
2025-10-16,0.000107663458742149,0.00150659133709981,FALSE,0.00469925598477899,-0.523103227507429,-0.593565668239826,0.304676351728261,"Frozen-source hash and interval checks passed; retained in primary",1007
2023-12-05,0.000107279261507904,0.00150659133709981,FALSE,0.00658394661719239,-0.440728308934327,-0.0282523438845939,-0.0747257261088485,"Frozen-source hash and interval checks passed; retained in primary",1008
2015-03-03,0.000107255429294806,0.00150659133709981,FALSE,0.00290695371023855,0.664429721804266,-0.253425342543601,0.492632399456472,"Frozen-source hash and interval checks passed; retained in primary",1009
2014-05-30,0.000106898259530499,0.00150659133709981,FALSE,0.0012902930065414,-0.996440575738348,-0.172850684188797,-0.186869983074089,"Frozen-source hash and interval checks passed; retained in primary",1010
2018-07-23,0.000106570161517587,0.00150659133709981,FALSE,0.00390176839939391,0.571384922309136,-0.065432274883781,0.340654744489299,"Frozen-source hash and interval checks passed; retained in primary",1011
2026-03-02,0.000106320987128463,0.00150659133709981,FALSE,0.00782179678164401,0.402292281263949,0.909859272693847,-0.912199735874797,"Frozen-source hash and interval checks passed; retained in primary",1012
2021-11-05,0.000105958285761736,0.00150659133709981,FALSE,0.00531200346326381,-0.487946658833149,-0.347407626059715,0.158534470406657,"Frozen-source hash and interval checks passed; retained in primary",1013
2020-07-14,0.000105838022810233,0.00150659133709981,FALSE,0.00366514149718735,0.587582390480111,0.254674602082616,0.0186549762689836,"Frozen-source hash and interval checks passed; retained in primary",1014
2026-05-27,0.00010583610752581,0.00150659133709981,FALSE,0.0177669674572531,0.26497699261021,0.161786797685615,-0.0690022923593325,"Frozen-source hash and interval checks passed; retained in primary",1015
2017-04-06,0.000105797742503435,0.00150659133709981,FALSE,0.00303793602575728,0.645474110849411,0.111312639596761,0.16200165544662,"Frozen-source hash and interval checks passed; retained in primary",1016
2016-04-14,0.000105154135588915,0.00150659133709981,FALSE,0.00523141250275378,0.489841245005098,0.127211414566686,0.00915708988324937,"Frozen-source hash and interval checks passed; retained in primary",1017
2017-10-02,0.000104918782501473,0.00150659133709981,FALSE,0.00165449809320815,0.871614690644582,0.29169285933115,0.0355176704141869,"Frozen-source hash and interval checks passed; retained in primary",1018
2016-09-07,0.000104507532914715,0.00150659133709981,FALSE,0.00422485056396659,0.543675029359784,-0.237010768300561,0.549020986906701,"Frozen-source hash and interval checks passed; retained in primary",1019
2022-08-24,0.000104338459586158,0.00150659133709981,FALSE,0.00336617371234939,-0.608852905602745,0.214433640294809,-0.409836639228267,"Frozen-source hash and interval checks passed; retained in primary",1020
2019-08-29,0.000104205901439892,0.00150659133709981,FALSE,0.00277863401849999,-0.669910667865617,0.327162396180958,-0.602751871963836,"Frozen-source hash and interval checks passed; retained in primary",1021
2014-10-20,0.000104143064957401,0.00150659133709981,FALSE,0.00569622199759798,-0.467059157905545,0.0562663413690156,-0.14045603694921,"Frozen-source hash and interval checks passed; retained in primary",1022
2026-07-08,0.000104039878819519,0.00150659133709981,FALSE,0.00399684818962074,-0.557778887489008,0.241343322226761,-0.468298347970109,"Frozen-source hash and interval checks passed; retained in primary",1023
2020-07-07,0.000103940240769284,0.00150659133709981,FALSE,0.00640499785128844,0.439873386927719,0.148049064843958,-0.0279030834717808,"Frozen-source hash and interval checks passed; retained in primary",1024
2020-05-18,0.000103932721382331,0.00150659133709981,FALSE,0.00461683767422288,-0.518548777754454,-0.107780974015848,0.0186462801211817,"Frozen-source hash and interval checks passed; retained in primary",1025
2024-03-08,0.000103526128079377,0.00150659133709981,FALSE,0.00538543960212814,-0.478996605053501,-0.730789691392131,0.61642870892209,"Frozen-source hash and interval checks passed; retained in primary",1026
2014-06-20,0.000103423979796,0.00150659133709981,FALSE,0.00144736953472055,0.925330787756622,0.550305192296285,-0.29414669703467,"Frozen-source hash and interval checks passed; retained in primary",1027
2017-06-19,0.000103311368157472,0.00150659133709981,FALSE,0.00278335560142874,0.666461538233267,0.632556733721401,-0.450086276058403,"Frozen-source hash and interval checks passed; retained in primary",1028
2022-09-13,0.000103264970767934,0.00150659133709981,FALSE,0.00687038346485391,0.42323308900734,1.27722706593745,-1.31842445484889,"Frozen-source hash and interval checks passed; retained in primary",1029
2020-07-20,0.000103219665047937,0.00150659133709981,FALSE,0.00341534946604483,0.601189474631574,0.382583980253504,-0.140010290291226,"Frozen-source hash and interval checks passed; retained in primary",1030
2015-05-11,0.000103082528967016,0.00150659133709981,FALSE,0.0025699724428896,0.692883375546515,0.370817049702366,-0.225159583094658,"Frozen-source hash and interval checks passed; retained in primary",1031
2014-05-16,0.000103073008477502,0.00150659133709981,FALSE,0.00183598966507975,-0.820028481250349,-0.179533455687242,-0.0591307792926266,"Frozen-source hash and interval checks passed; retained in primary",1032
2018-02-27,0.000102637025575167,0.00150659133709981,FALSE,0.00495338091287999,0.497408844103715,0.459163773880222,-0.475680605937434,"Frozen-source hash and interval checks passed; retained in primary",1033
2018-04-10,0.000102548634485444,0.00150659133709981,FALSE,0.00315770048609958,0.623280193399417,0.452256813664231,-0.223922467141691,"Frozen-source hash and interval checks passed; retained in primary",1034
2025-02-04,0.000102349444574531,0.00150659133709981,FALSE,0.00238780728509587,-0.716332418094134,-0.239443844557119,0.0776096274887728,"Frozen-source hash and interval checks passed; retained in primary",1035
2023-05-11,0.00010220507662094,0.00150659133709981,FALSE,0.00199013612852476,0.784247028791291,0.24951544206977,0.0446129831177977,"Frozen-source hash and interval checks passed; retained in primary",1036
2025-08-08,0.000102073982738277,0.00150659133709981,FALSE,0.00282260239715139,0.657823695655827,0.493268086266063,-0.237248035363091,"Frozen-source hash and interval checks passed; retained in primary",1037
2019-02-05,0.00010188763081783,0.00150659133709981,FALSE,0.00215774113285425,-0.751939035257712,-0.206730127007893,-0.0272789271980045,"Frozen-source hash and interval checks passed; retained in primary",1038
2020-11-13,0.000101881030627113,0.00150659133709981,FALSE,0.00659517612674177,0.429128364149419,-0.261532912018669,0.52438505060115,"Frozen-source hash and interval checks passed; retained in primary",1039
2015-05-29,0.000101626295281191,0.00150659133709981,FALSE,0.001201685938183,1.00678579814119,0.181155575187431,0.161186366297361,"Frozen-source hash and interval checks passed; retained in primary",1040
2023-08-28,0.000101316868838712,0.00150659133709981,FALSE,0.0054208541939269,0.472299313325642,0.170570384308455,-0.0136621354130284,"Frozen-source hash and interval checks passed; retained in primary",1041
2016-12-20,0.000101161558965696,0.00150659133709981,FALSE,0.00475859646034583,-0.503875403188435,0.768218828326583,-1.07482054933756,"Frozen-source hash and interval checks passed; retained in primary",1042
2026-06-24,0.000101094136278739,0.00150659133709981,FALSE,0.00196596253601916,0.784763262100756,0.433762217158318,-0.129906300165405,"Frozen-source hash and interval checks passed; retained in primary",1043
2020-12-16,0.000100899349538471,0.00150659133709981,FALSE,0.00226654783271562,-0.730061806420702,-0.324026706250269,0.0964878500175459,"Frozen-source hash and interval checks passed; retained in primary",1044
2024-12-12,0.000100866335753824,0.00150659133709981,FALSE,0.00201042073845745,0.775145572201526,0.0929609362223083,0.177392379227381,"Frozen-source hash and interval checks passed; retained in primary",1045
2020-02-26,0.00010066031333507,0.00150659133709981,FALSE,0.00178039704609024,0.822951756618179,0.377264880656503,-0.117865737386058,"Frozen-source hash and interval checks passed; retained in primary",1046
2015-07-16,0.000100657141321698,0.00150659133709981,FALSE,0.0025008777641031,0.694101443591349,0.39013361370781,-0.121001910460095,"Frozen-source hash and interval checks passed; retained in primary",1047
2019-12-09,0.0001002028882416,0.00150659133709981,FALSE,0.0027361625774595,0.662010425789165,0.0555925178265859,0.0644418894567345,"Frozen-source hash and interval checks passed; retained in primary",1048
2019-06-06,0.000100112339371692,0.00150659133709981,FALSE,0.00229587633075411,0.722538621538949,0.157824470077284,0.110967276043805,"Frozen-source hash and interval checks passed; retained in primary",1049
2016-04-15,0.000100076300786896,0.00150659133709981,FALSE,0.00229317384789557,-0.722835088910526,-0.566607113381945,0.40374435465349,"Frozen-source hash and interval checks passed; retained in primary",1050
2020-02-27,0.0000999607698469044,0.00150659133709981,FALSE,0.0117013766108268,-0.318295893517957,-0.509573998500201,0.190467610073242,"Frozen-source hash and interval checks passed; retained in primary",1051
2022-11-22,0.0000999292653643438,0.00150659133709981,FALSE,0.00279649325070461,-0.653916026121274,-0.607924087008804,0.46603671412635,"Frozen-source hash and interval checks passed; retained in primary",1052
2017-05-22,0.0000999022095686187,0.00150659133709981,FALSE,0.00242444651628572,0.702335733152344,0.0565810831450797,0.287485599132697,"Frozen-source hash and interval checks passed; retained in primary",1053
2023-11-17,0.0000998639441642946,0.00150659133709981,FALSE,0.003587690729087,-0.576908613462462,-0.625348404324333,0.512633857899125,"Frozen-source hash and interval checks passed; retained in primary",1054
2014-10-08,0.0000997160380651335,0.00150659133709981,FALSE,0.00265774465500585,0.670098450150254,0.420391456509694,-0.101518166625603,"Frozen-source hash and interval checks passed; retained in primary",1055
2017-06-08,0.0000996241607922996,0.00150659133709981,FALSE,0.00216230641225356,-0.74275279662616,0.203970178783486,-0.509926437305896,"Frozen-source hash and interval checks passed; retained in primary",1056
2015-06-29,0.0000994590082569001,0.00150659133709981,FALSE,0.00988101963101121,0.345824292506967,-1.05879623683682,1.15251661238309,"Frozen-source hash and interval checks passed; retained in primary",1057
2025-05-16,0.0000991799721723843,0.00150659133709981,FALSE,0.00214841869985064,-0.743491704258397,0.0382534570942727,-0.281178390512604,"Frozen-source hash and interval checks passed; retained in primary",1058
2019-07-23,0.0000990629872221626,0.00150659133709981,FALSE,0.00238428008424401,0.70526014054046,0.394027935544905,-0.138908204027732,"Frozen-source hash and interval checks passed; retained in primary",1059
2019-08-05,0.0000985737211786223,0.00150659133709981,FALSE,0.0102718721030005,0.337601489196354,-0.579970996534573,0.583092031079335,"Frozen-source hash and interval checks passed; retained in primary",1060
2023-03-28,0.0000985449472764742,0.00150659133709981,FALSE,0.00332623768546854,-0.595261338630217,-0.549693987512301,0.396251375751611,"Frozen-source hash and interval checks passed; retained in primary",1061
2017-10-24,0.0000985374115244312,0.00150659133709981,FALSE,0.00134043587963725,0.938592130387913,0.500435002361854,-0.228491179468993,"Frozen-source hash and interval checks passed; retained in primary",1062
2016-12-28,0.000098441847393485,0.00150659133709981,FALSE,0.00289095707389932,-0.638309056771079,-0.152655522270084,-0.119057757068841,"Frozen-source hash and interval checks passed; retained in primary",1063
2025-02-19,0.0000984143223072646,0.00150659133709981,FALSE,0.00150697523485796,-0.88458431852668,-0.358065094634297,0.079087857546245,"Frozen-source hash and interval checks passed; retained in primary",1064
2017-04-20,0.00009827727802492,0.00150659133709981,FALSE,0.00223493269085941,0.725603060865827,0.493600435671615,-0.256410396893791,"Frozen-source hash and interval checks passed; retained in primary",1065
2023-07-26,0.0000980282682628488,0.00150659133709981,FALSE,0.00261029075166382,-0.670431308892651,-0.489159171309428,0.355467458046288,"Frozen-source hash and interval checks passed; retained in primary",1066
2023-10-12,0.0000978809373374345,0.00150659133709981,FALSE,0.00887123872299243,0.362253499203588,0.392277077856251,-0.361349429590696,"Frozen-source hash and interval checks passed; retained in primary",1067
2024-12-05,0.000097800747383683,0.00150659133709981,FALSE,0.00201398023639098,-0.762599184299663,-0.235519604449985,-0.00665845457517023,"Frozen-source hash and interval checks passed; retained in primary",1068
2016-10-26,0.0000976027453163359,0.00150659133709981,FALSE,0.00173284272010744,0.821420350600873,0.393219349061003,-0.16293673034955,"Frozen-source hash and interval checks passed; retained in primary",1069
2024-12-23,0.0000975644857753083,0.00150659133709981,FALSE,0.00299320149024279,-0.624478637597192,0.387693581323934,-0.593966299963089,"Frozen-source hash and interval checks passed; retained in primary",1070
2025-03-05,0.0000972643360084636,0.00150659133709981,FALSE,0.00184291227359609,-0.79508681666069,-0.202360650308497,-0.00671975271560044,"Frozen-source hash and interval checks passed; retained in primary",1071
2016-05-12,0.0000971212839716856,0.00150659133709981,FALSE,0.00130242757350614,0.94534000489423,0.513845575340177,-0.230192081757341,"Frozen-source hash and interval checks passed; retained in primary",1072
2022-08-22,0.0000970860799765648,0.00150659133709981,FALSE,0.00449327288191323,0.508053921958652,0.446671558886491,-0.407896260788743,"Frozen-source hash and interval checks passed; retained in primary",1073
2022-12-14,0.0000968434733145962,0.00150659133709981,FALSE,0.00188400277878948,-0.784649207078986,-0.341727027881289,0.140693866001484,"Frozen-source hash and interval checks passed; retained in primary",1074
2021-07-30,0.0000967405406867314,0.00150659133709981,FALSE,0.00273844940912595,0.650200134111823,0.359766777668025,-0.155088294552996,"Frozen-source hash and interval checks passed; retained in primary",1075
2017-08-08,0.0000964047688152432,0.00150659133709981,FALSE,0.00163534785850677,-0.840387156493405,-0.359300258566764,0.0180586907939428,"Frozen-source hash and interval checks passed; retained in primary",1076
2026-04-21,0.0000961115657532396,0.00150659133709981,FALSE,0.00229682427288525,0.707807633307452,0.654680995291912,-0.459048125710471,"Frozen-source hash and interval checks passed; retained in primary",1077
2025-04-22,0.0000960142797280049,0.00150659133709981,FALSE,0.00229899546309174,0.707114405385834,0.368779225578564,-0.0426015342995356,"Frozen-source hash and interval checks passed; retained in primary",1078
2023-04-14,0.0000953294500720603,0.00150659133709981,FALSE,0.00438643222015774,-0.50955827481405,0.81891019725191,-1.02965849001535,"Frozen-source hash and interval checks passed; retained in primary",1079
2022-01-12,0.000094403151117164,0.00150659133709981,FALSE,0.00431941637881051,-0.511012298332743,-0.645193293748036,0.556232965501824,"Frozen-source hash and interval checks passed; retained in primary",1080
2016-03-18,0.0000941213182191026,0.00150659133709981,FALSE,0.00228121444827986,0.702838659048016,0.348739983718493,-0.0718519880023472,"Frozen-source hash and interval checks passed; retained in primary",1081
2015-01-26,0.0000941077768335447,0.00150659133709981,FALSE,0.00272700466014598,0.642639579104228,0.693554760444837,-0.491151804509293,"Frozen-source hash and interval checks passed; retained in primary",1082
2024-11-25,0.0000936524267354884,0.00150659133709981,FALSE,0.00374764994819487,-0.546581981660229,-0.405889811198668,0.284771404664674,"Frozen-source hash and interval checks passed; retained in primary",1083
2021-05-14,0.0000934778622894701,0.00150659133709981,FALSE,0.00582571668969231,-0.43752370819095,-0.17195167615558,0.173571504774284,"Frozen-source hash and interval checks passed; retained in primary",1084
2024-12-30,0.00009312600240791,0.00150659133709981,FALSE,0.00296866222449988,-0.612632616122393,-0.508765642239339,0.29842239360125,"Frozen-source hash and interval checks passed; retained in primary",1085
2019-11-27,0.0000930821173582703,0.00150659133709981,FALSE,0.001622127111404,0.829141746459629,0.487480976289012,-0.247151025161951,"Frozen-source hash and interval checks passed; retained in primary",1086
2026-04-10,0.0000930330253608706,0.00150659133709981,FALSE,0.00570693467981333,-0.441026767766428,0.0851137131188118,-0.220063592850028,"Frozen-source hash and interval checks passed; retained in primary",1087
2016-05-11,0.0000930177005028233,0.00150659133709981,FALSE,0.00284709772834538,-0.625249155718346,-0.835939650698503,0.67983725319225,"Frozen-source hash and interval checks passed; retained in primary",1088
2016-12-12,0.0000927722248032506,0.00150659133709981,FALSE,0.00349357318215549,-0.563514036473128,-0.106736491963932,-0.147499050645106,"Frozen-source hash and interval checks passed; retained in primary",1089
2022-08-09,0.0000927348888322592,0.00150659133709981,FALSE,0.00275410074525353,-0.634780269044907,-0.0370586181257515,-0.163156369625739,"Frozen-source hash and interval checks passed; retained in primary",1090
2026-03-30,0.0000923806265917124,0.00150659133709981,FALSE,0.00462735563669172,0.488323344040976,-0.183582736549281,0.419209123224729,"Frozen-source hash and interval checks passed; retained in primary",1091
2018-01-26,0.0000922584269061021,0.00150659133709981,FALSE,0.00185494814641446,-0.771835212225891,-0.470435273667347,0.294822398919603,"Frozen-source hash and interval checks passed; retained in primary",1092
2022-07-01,0.0000921945900317088,0.00150659133709981,FALSE,0.00298019133496538,0.608377524484684,-0.121867425213384,0.443164917627126,"Frozen-source hash and interval checks passed; retained in primary",1093
2021-09-30,0.0000921887564127626,0.00150659133709981,FALSE,0.00368499237819518,-0.546902162281388,-0.459257911044775,0.29552701399238,"Frozen-source hash and interval checks passed; retained in primary",1094
2026-05-29,0.0000921056540692049,0.00150659133709981,FALSE,0.0034844997846642,-0.562219075447877,-0.215935729552008,0.0376742438212396,"Frozen-source hash and interval checks passed; retained in primary",1095
2025-07-11,0.0000920355691722493,0.00150659133709981,FALSE,0.00367186639442889,0.547427027979599,0.684504016569143,-0.5651078868528,"Frozen-source hash and interval checks passed; retained in primary",1096
2023-01-31,0.0000917833173266001,0.00150659133709981,FALSE,0.00422437535684125,-0.509532621146093,-0.234566629797639,0.130513242586527,"Frozen-source hash and interval checks passed; retained in primary",1097
2022-01-20,0.0000917534176691624,0.00150659133709981,FALSE,0.00528612666612904,0.455178827560467,-0.0513983187658162,0.175162069658619,"Frozen-source hash and interval checks passed; retained in primary",1098
2025-12-12,0.0000914032131026947,0.00150659133709981,FALSE,0.00404060949389309,0.519958557008237,0.519484762693079,-0.424492533487442,"Frozen-source hash and interval checks passed; retained in primary",1099
2021-05-27,0.0000912664306510942,0.00150659133709981,FALSE,0.00389804441375894,-0.529023130141896,0.448240148720869,-0.648670677059737,"Frozen-source hash and interval checks passed; retained in primary",1100
2022-12-12,0.0000910719720652485,0.00150659133709981,FALSE,0.00290665947594173,0.612285286652575,0.88079042501672,-0.781396607396712,"Frozen-source hash and interval checks passed; retained in primary",1101
2022-12-22,0.0000910085647557788,0.00150659133709981,FALSE,0.00210958188958561,0.718745250293119,0.179387281092502,0.0151114469498559,"Frozen-source hash and interval checks passed; retained in primary",1102
2019-09-27,0.0000909149510848411,0.00150659133709981,FALSE,0.00347420665952132,-0.559402915603107,0.0651789320115448,-0.352308912526933,"Frozen-source hash and interval checks passed; retained in primary",1103
2020-04-02,0.0000907363750661914,0.00150659133709981,FALSE,0.0105163178229258,0.320076509590301,0.876592627851069,-0.74453577994742,"Frozen-source hash and interval checks passed; retained in primary",1104
2024-05-01,0.0000906714093545497,0.00150659133709981,FALSE,0.00261092205248482,-0.644705176071858,-0.123606393238296,-0.0697991715892243,"Frozen-source hash and interval checks passed; retained in primary",1105
2023-02-07,0.0000899124497151203,0.00150659133709981,FALSE,0.00409484179244403,-0.512260613830385,-1.09415430287925,1.05252173703567,"Frozen-source hash and interval checks passed; retained in primary",1106
2016-10-17,0.0000897669133993838,0.00150659133709981,FALSE,0.00176630114759988,-0.780247717935617,-0.400469240048107,0.134576584763391,"Frozen-source hash and interval checks passed; retained in primary",1107
2020-10-30,0.0000892765892510198,0.00150659133709981,FALSE,0.00353620359984902,0.549441614096171,0.0718945735082688,0.143382904648703,"Frozen-source hash and interval checks passed; retained in primary",1108
2018-11-06,0.0000892497793249924,0.00150659133709981,FALSE,0.0033758152258865,0.562303226646301,0.309665086411703,-0.141218028764367,"Frozen-source hash and interval checks passed; retained in primary",1109
2019-10-30,0.0000889094295638923,0.00150659133709981,FALSE,0.003493861409293,-0.551634839710039,-0.0576239908864906,-0.0459326635239954,"Frozen-source hash and interval checks passed; retained in primary",1110
2015-11-06,0.0000885548897453221,0.00150659133709981,FALSE,0.0049489289943297,0.462236217578344,1.22589543898055,-1.21678852129543,"Frozen-source hash and interval checks passed; retained in primary",1111
2014-02-27,0.0000884884693733015,0.00150659133709981,FALSE,0.0013196385916336,-0.896436880402903,-0.497895644345148,0.234741891830481,"Frozen-source hash and interval checks passed; retained in primary",1112
2024-01-05,0.0000884778201417939,0.00150659133709981,FALSE,0.00658127077486061,0.400330908579057,0.134537208397312,0.0484244760595054,"Frozen-source hash and interval checks passed; retained in primary",1113
2019-12-16,0.000088114203999307,0.00150659133709981,FALSE,0.00172839834410212,-0.781476678080598,0.0400501266383912,-0.3288875612105,"Frozen-source hash and interval checks passed; retained in primary",1114
2023-06-30,0.0000875438206382577,0.00150659133709981,FALSE,0.00257054476550871,-0.63845733410135,-0.364201112507034,0.172896754575014,"Frozen-source hash and interval checks passed; retained in primary",1115
2015-02-23,0.0000874705110486845,0.00150659133709981,FALSE,0.00209469518788755,-0.707140486751743,-0.109818873219325,-0.168378554682747,"Frozen-source hash and interval checks passed; retained in primary",1116
2020-06-16,0.00008734852297935,0.00150659133709981,FALSE,0.0129237349562991,-0.282943511456248,-0.0929152962844348,-0.0186323831356638,"Frozen-source hash and interval checks passed; retained in primary",1117
2021-07-19,0.0000868690666107232,0.00150659133709981,FALSE,0.00591415673766681,0.418589885442669,-0.556064082316698,0.619366220798057,"Frozen-source hash and interval checks passed; retained in primary",1118
2014-06-12,0.0000868520537283692,0.00150659133709981,FALSE,0.00153677769014988,-0.822888857913968,-0.422428913452189,0.107964872832245,"Frozen-source hash and interval checks passed; retained in primary",1119
2021-11-18,0.0000867570405891995,0.00150659133709981,FALSE,0.00223355590319025,0.681960187103139,0.133149022350665,0.0962590317161727,"Frozen-source hash and interval checks passed; retained in primary",1120
2024-10-18,0.0000863164966046205,0.00150659133709981,FALSE,0.00227966550769805,-0.673296525343917,-0.505134549457109,0.360360750329924,"Frozen-source hash and interval checks passed; retained in primary",1121
2020-10-09,0.0000857814031788402,0.00150659133709981,FALSE,0.00382016306522823,-0.518101821253579,-0.355144761097392,0.245630732852842,"Frozen-source hash and interval checks passed; retained in primary",1122
2015-11-10,0.0000857647482799467,0.00150659133709981,FALSE,0.00158212305823719,-0.805899851801503,-0.100775430120237,-0.146186982909047,"Frozen-source hash and interval checks passed; retained in primary",1123
2022-01-31,0.0000855972589442792,0.00150659133709981,FALSE,0.00727293996785357,-0.37443848594675,-0.0200770444777287,-0.00867942542743805,"Frozen-source hash and interval checks passed; retained in primary",1124
2025-10-21,0.0000854876045525765,0.00150659133709981,FALSE,0.00289550905467159,0.594360678001946,0.900131462051501,-0.74758047219694,"Frozen-source hash and interval checks passed; retained in primary",1125
2025-06-30,0.0000853823860924635,0.00150659133709981,FALSE,0.00203570380755499,-0.708720466015641,-0.609138607181547,0.394587061416996,"Frozen-source hash and interval checks passed; retained in primary",1126
2023-03-20,0.000085125148757929,0.00150659133709981,FALSE,0.00362593959918848,-0.529810411556355,-0.41971227218438,0.318664913061895,"Frozen-source hash and interval checks passed; retained in primary",1127
2020-11-25,0.0000850348846722837,0.00150659133709981,FALSE,0.00392603334867026,0.508812754337028,-0.0232421896535495,0.210526393546218,"Frozen-source hash and interval checks passed; retained in primary",1128
2018-04-09,0.000084976795575518,0.00150659133709981,FALSE,0.00134586966214556,-0.869854966666967,-0.2869058808185,-0.028025596895187,"Frozen-source hash and interval checks passed; retained in primary",1129
2014-12-01,0.0000848446492409727,0.00150659133709981,FALSE,0.00233241480676866,0.659922427916059,-0.230128931481843,0.47289397365331,"Frozen-source hash and interval checks passed; retained in primary",1130
2018-06-28,0.0000846628120371839,0.00150659133709981,FALSE,0.00160175173863572,0.795776794837275,0.345455692297714,-0.0362450167070705,"Frozen-source hash and interval checks passed; retained in primary",1131
2021-12-01,0.000084500993876031,0.00150659133709981,FALSE,0.00442150494381932,0.477830896324927,-0.25240343795141,0.353920029668409,"Frozen-source hash and interval checks passed; retained in primary",1132
2019-12-03,0.0000844146187558942,0.00150659133709981,FALSE,0.002533418373151,0.631531727509423,-0.265940247998042,0.514659715174126,"Frozen-source hash and interval checks passed; retained in primary",1133
2026-03-27,0.0000843953298616085,0.00150659133709981,FALSE,0.00275578474256734,-0.605379830915159,0.0182481904432041,-0.318939640611937,"Frozen-source hash and interval checks passed; retained in primary",1134
2023-06-07,0.0000843398299350897,0.00150659133709981,FALSE,0.00408455030412769,0.496759399928808,0.422505582224231,-0.221705794371374,"Frozen-source hash and interval checks passed; retained in primary",1135
2022-04-26,0.0000840370020878905,0.00150659133709981,FALSE,0.00698449061288518,-0.378648765605857,-0.46242134980572,0.227424322624259,"Frozen-source hash and interval checks passed; retained in primary",1136
2022-06-08,0.00008400071707223,0.00150659133709981,FALSE,0.00506818142628918,0.444838843821019,1.21120732523368,-1.14784260372245,"Frozen-source hash and interval checks passed; retained in primary",1137
2021-05-28,0.0000837901471353391,0.00150659133709981,FALSE,0.00407891585743254,0.495481210164146,0.169197699717438,-0.0182116190632797,"Frozen-source hash and interval checks passed; retained in primary",1138
2016-10-12,0.0000837308748620899,0.00150659133709981,FALSE,0.00539092646733171,-0.430554310866286,0.760389413814622,-1.07776254938292,"Frozen-source hash and interval checks passed; retained in primary",1139
2014-06-19,0.0000834207960274602,0.00150659133709981,FALSE,0.0040093407292521,-0.498676540202482,-0.462169537114754,0.313725747513249,"Frozen-source hash and interval checks passed; retained in primary",1140
2025-05-30,0.0000833867127382096,0.00150659133709981,FALSE,0.00368558940754006,-0.52009631917404,-0.075801481966753,-0.0624414631589687,"Frozen-source hash and interval checks passed; retained in primary",1141
2022-09-22,0.0000831573818455378,0.00150659133709981,FALSE,0.0051015819726066,0.441141547378063,-1.07608019605978,1.3831865649899,"Frozen-source hash and interval checks passed; retained in primary",1142
2019-01-18,0.0000831101523207306,0.00150659133709981,FALSE,0.00336737993483895,-0.543299307045024,0.425165097069913,-0.712982910637372,"Frozen-source hash and interval checks passed; retained in primary",1143
2024-02-06,0.000082971330687511,0.00150659133709981,FALSE,0.00348648770856444,-0.533460389123356,-0.591334024365064,0.51209599142048,"Frozen-source hash and interval checks passed; retained in primary",1144
2023-06-08,0.0000825321035602642,0.00150659133709981,FALSE,0.00468546132933104,-0.45867606209913,-0.879916984641937,0.824939221468224,"Frozen-source hash and interval checks passed; retained in primary",1145
2018-08-29,0.0000822220866634762,0.00150659133709981,FALSE,0.0028475947138862,-0.587795899005062,0.407905614228943,-0.682106396250415,"Frozen-source hash and interval checks passed; retained in primary",1146
2023-03-16,0.0000819797125290772,0.00150659133709981,FALSE,0.00852779678739219,-0.338193821065174,0.136480614276469,-0.150477795304482,"Frozen-source hash and interval checks passed; retained in primary",1147
2021-04-08,0.0000819164972432168,0.00150659133709981,FALSE,0.00552023372802684,-0.420819205768816,-0.486975027527947,0.383702279641795,"Frozen-source hash and interval checks passed; retained in primary",1148
2022-01-14,0.000081641182730294,0.00150659133709981,FALSE,0.00455540264143796,0.462690336501571,0.0682521169495409,0.149155544213375,"Frozen-source hash and interval checks passed; retained in primary",1149
2020-11-16,0.0000815832947750697,0.00150659133709981,FALSE,0.00787578981962923,-0.351177924870697,-0.183363249273283,0.0669376070892902,"Frozen-source hash and interval checks passed; retained in primary",1150
2022-06-03,0.0000815700634809818,0.00150659133709981,FALSE,0.00435570182362693,0.473019514243983,0.784932503957236,-0.675522642529902,"Frozen-source hash and interval checks passed; retained in primary",1151
2016-08-10,0.0000815148531786332,0.00150659133709981,FALSE,0.00383830889153998,0.5038531237982,-0.408237673734968,0.679036216372086,"Frozen-source hash and interval checks passed; retained in primary",1152
2018-10-02,0.0000814637955874015,0.00150659133709981,FALSE,0.00347005853627586,-0.529846071956283,-0.406554914178026,0.263597376073221,"Frozen-source hash and interval checks passed; retained in primary",1153
2023-07-10,0.0000813017656669613,0.00150659133709981,FALSE,0.0036530990036214,-0.515840192392247,-0.556905727769319,0.458118290734255,"Frozen-source hash and interval checks passed; retained in primary",1154
2023-04-03,0.0000807813281243595,0.00150659133709981,FALSE,0.00239799565098288,0.635039264466567,-0.0443539893510092,0.301773144893769,"Frozen-source hash and interval checks passed; retained in primary",1155
2015-06-03,0.0000804812713141577,0.00150659133709981,FALSE,0.00176259464671178,0.739569058833742,0.19975819862319,0.104733141496993,"Frozen-source hash and interval checks passed; retained in primary",1156
2018-04-24,0.0000804570817123671,0.00150659133709981,FALSE,0.00246086056713565,-0.625596383998326,0.0268990333774255,-0.376752111159107,"Frozen-source hash and interval checks passed; retained in primary",1157
2024-05-23,0.000080395165211754,0.00150659133709981,FALSE,0.0030856557500152,-0.558291190815197,0.107009471975639,-0.357211580957539,"Frozen-source hash and interval checks passed; retained in primary",1158
2016-03-08,0.0000800992501566234,0.00150659133709981,FALSE,0.00324060246301042,0.54373481169113,-0.618416423590018,0.901942625117069,"Frozen-source hash and interval checks passed; retained in primary",1159
2025-12-19,0.0000799657842714542,0.00150659133709981,FALSE,0.00553938105645549,0.415055236587778,1.34311779497822,-1.21422759700689,"Frozen-source hash and interval checks passed; retained in primary",1160
2020-08-05,0.0000799189147984918,0.00150659133709981,FALSE,0.00390227418024198,0.494774713679845,-0.15938314006263,0.406985560109163,"Frozen-source hash and interval checks passed; retained in primary",1161
2024-06-11,0.0000798196551700813,0.00150659133709981,FALSE,0.00247601400256258,-0.621198891538297,0.0238064298019758,-0.24821015129799,"Frozen-source hash and interval checks passed; retained in primary",1162
2016-01-06,0.0000796875878548055,0.00150659133709981,FALSE,0.00310039800228616,-0.554501787643035,-0.500829987814422,0.345278038927432,"Frozen-source hash and interval checks passed; retained in primary",1163
2015-08-06,0.0000794360852835005,0.00150659133709981,FALSE,0.0028531237198293,0.577190007842141,-0.060856230244033,0.192431104922619,"Frozen-source hash and interval checks passed; retained in primary",1164
2024-10-10,0.0000792790217336276,0.00150659133709981,FALSE,0.00364980458987792,-0.509613545423604,-0.559054384574997,0.429877072521023,"Frozen-source hash and interval checks passed; retained in primary",1165
2022-06-22,0.0000792288463657347,0.00150659133709981,FALSE,0.00225381828727594,-0.648758225446689,-0.333232388531224,0.146896831409737,"Frozen-source hash and interval checks passed; retained in primary",1166
2015-05-15,0.0000791315788225091,0.00150659133709981,FALSE,0.00231974419066741,0.639059329360299,0.336621898911549,-0.134138182420163,"Frozen-source hash and interval checks passed; retained in primary",1167
2025-06-05,0.0000790952015121585,0.00150659133709981,FALSE,0.00418285597004092,-0.475356060821351,0.451740276102663,-0.669505255523895,"Frozen-source hash and interval checks passed; retained in primary",1168
2015-12-09,0.0000787735841210512,0.00150659133709981,FALSE,0.00369992337191922,-0.504521459059418,-1.03981309182646,0.931151055206847,"Frozen-source hash and interval checks passed; retained in primary",1169
2020-09-17,0.0000787169596640634,0.00150659133709981,FALSE,0.00371806369631353,-0.503103680118535,-0.305478710229368,0.162128689369201,"Frozen-source hash and interval checks passed; retained in primary",1170
2023-07-31,0.0000787030635327437,0.00150659133709981,FALSE,0.00602056733130895,0.394872084239644,1.05989766172829,-1.03217600720349,"Frozen-source hash and interval checks passed; retained in primary",1171
2018-10-26,0.0000786653505171976,0.00150659133709981,FALSE,0.00716743924331451,-0.361608274669693,-0.807000468632246,0.793973571896611,"Frozen-source hash and interval checks passed; retained in primary",1172
2015-05-18,0.0000784277508134389,0.00150659133709981,FALSE,0.00270744525714453,0.588785287657735,0.48668292093712,-0.384648020032774,"Frozen-source hash and interval checks passed; retained in primary",1173
2016-10-21,0.000078239793015106,0.00150659133709981,FALSE,0.00194136616072747,-0.69475034281833,-0.196287425130626,-0.0384837410945416,"Frozen-source hash and interval checks passed; retained in primary",1174
2021-06-28,0.0000781677044734286,0.00150659133709981,FALSE,0.0027703118839431,0.581082196223432,-0.0247714516406372,0.253073164715012,"Frozen-source hash and interval checks passed; retained in primary",1175
2018-02-07,0.0000778033984309852,0.00150659133709981,FALSE,0.00156431747098643,-0.771947038834575,0.0701616064232358,-0.320058798204315,"Frozen-source hash and interval checks passed; retained in primary",1176
2020-11-06,0.0000771761593783577,0.00150659133709981,FALSE,0.0049668427138565,-0.43073560954571,-0.387749774243007,0.338180910738117,"Frozen-source hash and interval checks passed; retained in primary",1177
2014-08-14,0.0000763038235010155,0.00150659133709981,FALSE,0.00132553055190565,-0.830578865301918,-0.287779384995313,0.0390396257154535,"Frozen-source hash and interval checks passed; retained in primary",1178
2020-08-14,0.0000762053884648532,0.00150659133709981,FALSE,0.00466113010923105,0.441899319685236,-0.172343537859687,0.374918425856219,"Frozen-source hash and interval checks passed; retained in primary",1179
2025-03-12,0.0000760031879547799,0.00150659133709981,FALSE,0.00323321694590297,-0.530256355851651,0.437211596377551,-0.567952845160136,"Frozen-source hash and interval checks passed; retained in primary",1180
2019-01-28,0.0000757207309670112,0.00150659133709981,FALSE,0.00189233084323091,0.692290200582428,-0.11541141807121,0.365631120311072,"Frozen-source hash and interval checks passed; retained in primary",1181
2025-05-15,0.0000756238190051713,0.00150659133709981,FALSE,0.00248560038306269,-0.603481358063672,-0.718275343604802,0.63666140090044,"Frozen-source hash and interval checks passed; retained in primary",1182
2024-07-26,0.0000755175894833173,0.00150659133709981,FALSE,0.00397116099603512,-0.476751306523986,-0.10724688061603,0.0714680211038043,"Frozen-source hash and interval checks passed; retained in primary",1183
2017-06-29,0.0000755148129826525,0.00150659133709981,FALSE,0.0028958528577535,-0.558584286469618,-0.171816948526748,-0.124721619731005,"Frozen-source hash and interval checks passed; retained in primary",1184
2017-06-13,0.0000754989072359489,0.00150659133709981,FALSE,0.0016562605247517,-0.738986798026319,0.130742204832623,-0.363901420500401,"Frozen-source hash and interval checks passed; retained in primary",1185
2026-01-21,0.0000751550762664498,0.00150659133709981,FALSE,0.00403306466824961,-0.471926810281612,0.1256231077849,-0.170859082856456,"Frozen-source hash and interval checks passed; retained in primary",1186
2024-10-30,0.0000751074170448086,0.00150659133709981,FALSE,0.00241723611642327,0.609883617432419,-0.0164017858292009,0.208727490821925,"Frozen-source hash and interval checks passed; retained in primary",1187
2021-10-13,0.0000747359382363301,0.00150659133709981,FALSE,0.00247158028470696,-0.6016316100111,-0.321070399257151,0.17607188279678,"Frozen-source hash and interval checks passed; retained in primary",1188
2018-08-07,0.0000746419186032287,0.00150659133709981,FALSE,0.00230571735551355,0.622555002879609,0.0232307577179736,0.215614134380537,"Frozen-source hash and interval checks passed; retained in primary",1189
2025-12-08,0.0000746335468403057,0.00150659133709981,FALSE,0.00362386129539263,0.49623059787474,0.462777745733822,-0.379190016994801,"Frozen-source hash and interval checks passed; retained in primary",1190
2023-10-23,0.0000745243575271685,0.00150659133709981,FALSE,0.00449982773741168,-0.444797634474465,-0.120651920522441,0.0467242941451396,"Frozen-source hash and interval checks passed; retained in primary",1191
2016-02-23,0.000074520876806623,0.00150659133709981,FALSE,0.00533608603442771,-0.408278368466019,-0.925432192344378,0.843362449113094,"Frozen-source hash and interval checks passed; retained in primary",1192
2020-12-15,0.0000743456700339525,0.00150659133709981,FALSE,0.00327165811770926,-0.521342235118149,-0.42808260989986,0.356197729197127,"Frozen-source hash and interval checks passed; retained in primary",1193
2018-07-06,0.0000740837244171992,0.00150659133709981,FALSE,0.00501486284849111,-0.41998211229646,-0.139846127807086,0.0995159986231897,"Frozen-source hash and interval checks passed; retained in primary",1194
2018-02-05,0.0000739840926553379,0.00150659133709981,FALSE,0.0373161382379783,-0.151339849624543,-0.81112197402966,0.281192076068315,"Frozen-source hash and interval checks passed; retained in primary",1195
2016-11-28,0.0000737262221220682,0.00150659133709981,FALSE,0.00284141481401483,-0.55720680203764,-0.828365729888025,0.718311074180722,"Frozen-source hash and interval checks passed; retained in primary",1196
2017-03-24,0.0000735058742494682,0.00150659133709981,FALSE,0.0011246813936223,0.885100390952207,0.235862947533549,0.0810263379913856,"Frozen-source hash and interval checks passed; retained in primary",1197
2017-11-07,0.0000733283354999879,0.00150659133709981,FALSE,0.00282473423588313,0.557344203167058,0.140060142504606,0,"Frozen-source hash and interval checks passed; retained in primary",1198
2025-07-08,0.0000729858753992965,0.00150659133709981,FALSE,0.00290236398278457,-0.548533226030524,0.471910270252263,-0.649197619528241,"Frozen-source hash and interval checks passed; retained in primary",1199
2022-05-10,0.0000729729581403688,0.00150659133709981,FALSE,0.00429815925913675,0.450396495120025,0.0976858805943337,0.122802993405013,"Frozen-source hash and interval checks passed; retained in primary",1200
2019-01-24,0.0000728456391901574,0.00150659133709981,FALSE,0.0020835790602139,-0.647045013594564,0.0281142653064226,-0.255521219516286,"Frozen-source hash and interval checks passed; retained in primary",1201
2025-10-10,0.000072792215426365,0.00150659133709981,FALSE,0.00946517714915652,0.302345557984933,-0.725065366147204,0.727895931634581,"Frozen-source hash and interval checks passed; retained in primary",1202
2018-06-20,0.000072294223476951,0.00150659133709981,FALSE,0.00176724061951665,0.700020064366704,0.365281149989904,-0.109011638702317,"Frozen-source hash and interval checks passed; retained in primary",1203
2022-01-06,0.0000720473479916797,0.00150659133709981,FALSE,0.00774587883983785,-0.332794184612005,-0.203354599259242,0.112218924979501,"Frozen-source hash and interval checks passed; retained in primary",1204
2021-03-01,0.0000718180638839888,0.00150659133709981,FALSE,0.00603298215952731,0.376814352109778,0.268078142135986,-0.0375023443360156,"Frozen-source hash and interval checks passed; retained in primary",1205
2026-01-22,0.000071118124767207,0.00150659133709981,FALSE,0.00370024822101872,-0.479358412230324,0.0127084644699238,-0.1263743375568,"Frozen-source hash and interval checks passed; retained in primary",1206
2018-10-11,0.0000710500015973534,0.00150659133709981,FALSE,0.00534497754779137,0.398323533953451,-0.234729403636402,0.400053873993311,"Frozen-source hash and interval checks passed; retained in primary",1207
2020-06-17,0.0000709761446177926,0.00150659133709981,FALSE,0.00563303509797936,-0.387747441400426,-0.187919627205702,0.0838730770010621,"Frozen-source hash and interval checks passed; retained in primary",1208
2020-04-28,0.000070779798804047,0.00150659133709981,FALSE,0.00325907521277515,-0.509670196367857,-0.498411563371759,0.364401244159485,"Frozen-source hash and interval checks passed; retained in primary",1209
2016-05-24,0.0000706138946335825,0.00150659133709981,FALSE,0.00359243997078543,0.484796474236685,0.665132916035516,-0.482982667595078,"Frozen-source hash and interval checks passed; retained in primary",1210
2017-12-20,0.0000705130072754172,0.00150659133709981,FALSE,0.00239785567180741,0.593324673599143,0.462881841929397,-0.27400909882811,"Frozen-source hash and interval checks passed; retained in primary",1211
2020-07-08,0.0000704204671284924,0.00150659133709981,FALSE,0.00303009812280662,-0.527293904958506,-0.255935495237658,0.130281053230963,"Frozen-source hash and interval checks passed; retained in primary",1212
2023-09-28,0.0000700961102498215,0.00150659133709981,FALSE,0.00474712407351259,-0.419941709346879,-0.283018439456484,0.200897409026624,"Frozen-source hash and interval checks passed; retained in primary",1213
2024-09-09,0.0000698783991407272,0.00150659133709981,FALSE,0.00391346249198859,-0.461987307380851,0.477117696976315,-0.554290140428826,"Frozen-source hash and interval checks passed; retained in primary",1214
2025-12-22,0.000069861993664485,0.00150659133709981,FALSE,0.00244148468331821,-0.585266004465854,-0.455194658742819,0.31810689759082,"Frozen-source hash and interval checks passed; retained in primary",1215
2019-01-08,0.0000698323975890044,0.00150659133709981,FALSE,0.00262519404966279,0.564244833015017,0.18296546742973,0.0460426362938193,"Frozen-source hash and interval checks passed; retained in primary",1216
2020-01-31,0.0000697763894785337,0.00150659133709981,FALSE,0.00395742762408435,-0.45906832684477,-0.478722839104018,0.230149698827908,"Frozen-source hash and interval checks passed; retained in primary",1217
2018-08-28,0.0000696610904912647,0.00150659133709981,FALSE,0.00131735713977065,0.796063558369076,0.215868645569017,0.0450186835136535,"Frozen-source hash and interval checks passed; retained in primary",1218
2024-10-08,0.0000694314980102084,0.00150659133709981,FALSE,0.0031405423283816,-0.514260931229846,-0.0482648858159074,-0.0607389929252022,"Frozen-source hash and interval checks passed; retained in primary",1219
2025-07-30,0.0000691088050461482,0.00150659133709981,FALSE,0.00220659236925175,0.612373761328105,0.569731286053221,-0.335976663307758,"Frozen-source hash and interval checks passed; retained in primary",1220
2021-05-10,0.000069084036178417,0.00150659133709981,FALSE,0.0052691456161989,0.3956053613408,0.150976764318367,-0.165730633643246,"Frozen-source hash and interval checks passed; retained in primary",1221
2024-11-01,0.0000690523603536423,0.00150659133709981,FALSE,0.0065455706076608,0.354633784250407,0.541580804247843,-0.386518218436116,"Frozen-source hash and interval checks passed; retained in primary",1222
2021-08-20,0.0000688629789683027,0.00150659133709981,FALSE,0.00878049833659433,-0.305428010000337,0.00474450728709108,-0.018221574394417,"Frozen-source hash and interval checks passed; retained in primary",1223
2015-10-01,0.0000688485514291142,0.00150659133709981,FALSE,0.00451409899653846,0.426844847915087,-0.00842150656406027,0.192155119904935,"Frozen-source hash and interval checks passed; retained in primary",1224
2023-05-31,0.000068742290718624,0.00150659133709981,FALSE,0.00363914569528253,-0.475238076790326,-0.190143360064754,0.0357641003776443,"Frozen-source hash and interval checks passed; retained in primary",1225
2022-12-08,0.0000686025962561468,0.00150659133709981,FALSE,0.00136896899510062,0.774937400076018,0.217738160990599,0.0879056535985967,"Frozen-source hash and interval checks passed; retained in primary",1226
2020-08-31,0.0000685331136782488,0.00150659133709981,FALSE,0.00703997684735915,-0.340581552972491,0.264942870217988,-0.51151006667709,"Frozen-source hash and interval checks passed; retained in primary",1227
2020-01-16,0.0000680414115295661,0.00150659133709981,FALSE,0.0019529479449626,0.645962720097008,0.408448014166662,-0.199909198788539,"Frozen-source hash and interval checks passed; retained in primary",1228
2017-05-15,0.0000680021845051263,0.00150659133709981,FALSE,0.00325223077325695,0.500096728914586,0.36589424331761,-0.211602970861957,"Frozen-source hash and interval checks passed; retained in primary",1229
2017-02-16,0.0000678815961906295,0.00150659133709981,FALSE,0.00242841153424421,-0.578465600977295,-0.786070941678352,0.711997030581113,"Frozen-source hash and interval checks passed; retained in primary",1230
2020-06-09,0.0000677715695702804,0.00150659133709981,FALSE,0.00382603370664646,0.460158652917867,-0.54271375404884,0.74033282801027,"Frozen-source hash and interval checks passed; retained in primary",1231
2014-12-02,0.0000676588464115498,0.00150659133709981,FALSE,0.00330036839386555,-0.495169465939495,0.595016065789578,-0.809311448216476,"Frozen-source hash and interval checks passed; retained in primary",1232
2015-02-06,0.000067619864500522,0.00150659133709981,FALSE,0.00873056083983115,-0.303530654309093,1.1418767800139,-1.48802204510856,"Frozen-source hash and interval checks passed; retained in primary",1233
2017-12-21,0.0000676070905652478,0.00150659133709981,FALSE,0.00193738738839228,-0.646483441706938,-0.0967510017633622,-0.114683970048457,"Frozen-source hash and interval checks passed; retained in primary",1234
2020-04-22,0.0000673969607682096,0.00150659133709981,FALSE,0.00637548061802421,-0.355030336792563,0.0505658294234657,-0.111368921023747,"Frozen-source hash and interval checks passed; retained in primary",1235
2016-06-27,0.0000671029959983118,0.00150659133709981,FALSE,0.0219789948851383,-0.189291780223218,-0.440375912455515,0.58846776330963,"Frozen-source hash and interval checks passed; retained in primary",1236
2022-09-12,0.0000670858479348175,0.00150659133709981,FALSE,0.00335215404349054,0.489232119591957,0.139927558006336,0.021063717824088,"Frozen-source hash and interval checks passed; retained in primary",1237
2021-12-22,0.0000669855619772519,0.00150659133709981,FALSE,0.00448649352138392,-0.422329367006024,0.0367206642607254,-0.0963517790128599,"Frozen-source hash and interval checks passed; retained in primary",1238
2020-06-19,0.0000667701389469955,0.00150659133709981,FALSE,0.0034332253109879,-0.482262854168665,-0.098792670922343,-0.1029625213814,"Frozen-source hash and interval checks passed; retained in primary",1239
2014-08-26,0.0000661396532269416,0.00150659133709981,FALSE,0.00182630473595976,-0.65862470571324,-0.0900644014437013,-0.153787035307484,"Frozen-source hash and interval checks passed; retained in primary",1240
2019-07-26,0.000066128342798179,0.00150659133709981,FALSE,0.00232978433739221,-0.582934938190012,-0.0570231329782622,-0.101256509779102,"Frozen-source hash and interval checks passed; retained in primary",1241
2021-12-20,0.0000661000785065461,0.00150659133709981,FALSE,0.00475651636476477,0.407391332042618,0.0192990068667243,0.0969120378919719,"Frozen-source hash and interval checks passed; retained in primary",1242
2016-08-22,0.0000660783467430574,0.00150659133709981,FALSE,0.00205529402044342,0.620492401083329,0.182207621789354,-0.00997555988657695,"Frozen-source hash and interval checks passed; retained in primary",1243
2025-04-28,0.0000659516039867585,0.00150659133709981,FALSE,0.00263602541838739,-0.547211663977873,-0.856683585982276,0.733115519466931,"Frozen-source hash and interval checks passed; retained in primary",1244
2024-05-30,0.0000659344814872414,0.00150659133709981,FALSE,0.00554735676088896,0.376613536199491,-0.393322306278421,0.630073683493304,"Frozen-source hash and interval checks passed; retained in primary",1245
2024-01-29,0.0000657515383016959,0.00150659133709981,FALSE,0.00317464535354624,-0.497743401925297,-0.359230217164308,0.196217796978981,"Frozen-source hash and interval checks passed; retained in primary",1246
2022-03-10,0.0000655669154741627,0.00150659133709981,FALSE,0.0062048067806153,0.354990977044708,0.306872529577662,-0.155225971147477,"Frozen-source hash and interval checks passed; retained in primary",1247
2014-07-29,0.0000655469041241356,0.00150659133709981,FALSE,0.00158068430338005,-0.704856374910202,-0.0300077430312573,-0.294204389909325,"Frozen-source hash and interval checks passed; retained in primary",1248
2019-05-17,0.0000653195746022601,0.00150659133709981,FALSE,0.00192233501314722,0.63794013696108,0.205818801270441,-0.00909959507433555,"Frozen-source hash and interval checks passed; retained in primary",1249
2021-04-06,0.0000652868871911245,0.00150659133709981,FALSE,0.00252501156684349,-0.556317761157814,-0.385808922023401,0.227365838477844,"Frozen-source hash and interval checks passed; retained in primary",1250
2026-04-24,0.0000652026765589113,0.00150659133709981,FALSE,0.00229526139377445,-0.583187593528324,-0.218408406471848,0.056463504119364,"Frozen-source hash and interval checks passed; retained in primary",1251
2024-02-16,0.0000651172718484318,0.00150659133709981,FALSE,0.00471151330340694,0.406287069636664,0.24377687081083,-0.0998236531833285,"Frozen-source hash and interval checks passed; retained in primary",1252
2023-06-12,0.000065105966651994,0.00150659133709981,FALSE,0.00427980422719858,-0.426341613992456,0.0760274495088531,-0.265166601067435,"Frozen-source hash and interval checks passed; retained in primary",1253
2021-12-06,0.0000649759098133704,0.00150659133709981,FALSE,0.0064037158443917,0.347820969096959,0.553199704157192,-0.380211784791662,"Frozen-source hash and interval checks passed; retained in primary",1254
2025-06-06,0.0000648579510259076,0.00150659133709981,FALSE,0.00335065219424679,0.481148076579643,0.86095113966822,-0.692667450461837,"Frozen-source hash and interval checks passed; retained in primary",1255
2020-09-04,0.0000647077556367643,0.00150659133709981,FALSE,0.00550120119206405,-0.374664166671628,0.113617643845654,-0.188253067644339,"Frozen-source hash and interval checks passed; retained in primary",1256
2019-11-01,0.0000646351988400029,0.00150659133709981,FALSE,0.00275145575414102,0.530207182249393,0.278235843194885,-0.0647398866542304,"Frozen-source hash and interval checks passed; retained in primary",1257
2024-03-12,0.0000644682570775468,0.00150659133709981,FALSE,0.0063136912527669,-0.348936636373265,0.507081293897471,-0.563573041475429,"Frozen-source hash and interval checks passed; retained in primary",1258
2017-06-20,0.000064453602170086,0.00150659133709981,FALSE,0.00271396973724648,-0.533115841272344,-0.134177050134054,-0.107719938602902,"Frozen-source hash and interval checks passed; retained in primary",1259
2018-03-16,0.000064352295453359,0.00150659133709981,FALSE,0.00167868607407939,-0.677677508856242,-0.180910057321038,-0.0282792102558105,"Frozen-source hash and interval checks passed; retained in primary",1260
2024-11-08,0.0000641774444575321,0.00150659133709981,FALSE,0.00501051462167543,0.391065867008419,-0.146831928588886,0.359818516503285,"Frozen-source hash and interval checks passed; retained in primary",1261
2024-04-12,0.0000640610643566983,0.00150659133709981,FALSE,0.00323224963122408,0.486891552781664,0.0386223391625862,0.0457053319960821,"Frozen-source hash and interval checks passed; retained in primary",1262
2025-05-02,0.0000640100065641243,0.00150659133709981,FALSE,0.00403382127256584,0.435490342355779,-0.396537898131699,0.662071383934837,"Frozen-source hash and interval checks passed; retained in primary",1263
2019-03-18,0.0000639765762203429,0.00150659133709981,FALSE,0.00337755703062331,0.475954137253331,0.0492806221656039,0.143510653386336,"Frozen-source hash and interval checks passed; retained in primary",1264
2022-09-30,0.0000638978455608814,0.00150659133709981,FALSE,0.00313888344819989,-0.493473077603095,0.0529929919745875,-0.179831283765708,"Frozen-source hash and interval checks passed; retained in primary",1265
2014-05-08,0.0000638935846157976,0.00150659133709981,FALSE,0.00186677510442804,-0.640276416927408,-0.292690004288065,0.0590028535162546,"Frozen-source hash and interval checks passed; retained in primary",1266
2025-06-12,0.0000638661561305179,0.00150659133709981,FALSE,0.00263176965165717,-0.538926873413139,-0.707503336631632,0.583092031079335,"Frozen-source hash and interval checks passed; retained in primary",1267
2025-09-30,0.0000637966278781943,0.00150659133709981,FALSE,0.00418065385581608,-0.42702928473483,-0.495639570585249,0.404667713481821,"Frozen-source hash and interval checks passed; retained in primary",1268
2017-02-10,0.000063737129982063,0.00150659133709981,FALSE,0.00324984430465474,0.484338233488565,0.10917876380101,0.0176631635184776,"Frozen-source hash and interval checks passed; retained in primary",1269
2015-02-05,0.0000635016653596316,0.00150659133709981,FALSE,0.00217549961687039,0.591195005761981,0.120550586130941,0.153204558011222,"Frozen-source hash and interval checks passed; retained in primary",1270
2019-07-11,0.000063477509453505,0.00150659133709981,FALSE,0.00226704136829809,0.578999247462295,0.0828853709227584,0.138421099017627,"Frozen-source hash and interval checks passed; retained in primary",1271
2017-07-25,0.0000632863298948867,0.00150659133709981,FALSE,0.00131467157476224,0.759541095827295,0.620812626669354,-0.422149995950427,"Frozen-source hash and interval checks passed; retained in primary",1272
2014-08-05,0.0000632206142259525,0.00150659133709981,FALSE,0.00273086417097666,-0.526351806639254,-0.0098213927492985,-0.29234088253558,"Frozen-source hash and interval checks passed; retained in primary",1273
2026-04-07,0.0000632120509386172,0.00150659133709981,FALSE,0.00186970964559026,-0.63635153661873,-0.121755210398433,-0.118894917169055,"Frozen-source hash and interval checks passed; retained in primary",1274
2020-11-17,0.0000631021169963693,0.00150659133709981,FALSE,0.00931809662299487,0.283737081938989,-0.221743009212272,0.325764396550987,"Frozen-source hash and interval checks passed; retained in primary",1275
2015-10-09,0.0000630686873863634,0.00150659133709981,FALSE,0.0038527014287477,0.442360787966091,0.371188342715234,-0.299700524027013,"Frozen-source hash and interval checks passed; retained in primary",1276
2017-06-07,0.0000628796159258425,0.00150659133709981,FALSE,0.00188949567268123,0.631337993232383,0.376680531245421,-0.182748588872172,"Frozen-source hash and interval checks passed; retained in primary",1277
2018-10-10,0.0000628171449140307,0.00150659133709981,FALSE,0.00912377415117496,0.286122598718787,-0.461816567876694,0.371945168438881,"Frozen-source hash and interval checks passed; retained in primary",1278
2023-08-08,0.0000625936063383462,0.00150659133709981,FALSE,0.00398691599564387,0.433181189281242,0.617560977394938,-0.504167442831882,"Frozen-source hash and interval checks passed; retained in primary",1279
2025-06-04,0.0000625935119237738,0.00150659133709981,FALSE,0.00236770753394684,-0.562569915557599,-0.825283021917045,0.71120087808767,"Frozen-source hash and interval checks passed; retained in primary",1280
2014-07-02,0.000062570802840227,0.00150659133709981,FALSE,0.00127842210078476,0.765881480850752,0.482288578927248,-0.245978379547207,"Frozen-source hash and interval checks passed; retained in primary",1281
2018-06-11,0.0000623577602404268,0.00150659133709981,FALSE,0.00219073542427644,0.583800788902328,0.559721988944162,-0.446693846364266,"Frozen-source hash and interval checks passed; retained in primary",1282
2016-12-21,0.0000622886148588067,0.00150659133709981,FALSE,0.00108565710397565,-0.82930206146971,-0.331813130720571,0.0594101439074457,"Frozen-source hash and interval checks passed; retained in primary",1283
2018-09-27,0.0000622367663272803,0.00150659133709981,FALSE,0.00202084535291093,0.607307057219735,0.586499775518501,-0.406540551086909,"Frozen-source hash and interval checks passed; retained in primary",1284
2017-08-02,0.0000621991355977239,0.00150659133709981,FALSE,0.00220448102259497,0.581233168903489,0.288736604260897,-0.0905961286824741,"Frozen-source hash and interval checks passed; retained in primary",1285
2026-04-14,0.0000621796407675569,0.00150659133709981,FALSE,0.00575799799315367,0.358942617768044,-0.300450730278801,0.520948926469789,"Frozen-source hash and interval checks passed; retained in primary",1286
2022-02-17,0.0000621470955569861,0.00150659133709981,FALSE,0.00495826611536844,-0.386862624213212,-0.518321706957492,0.329804152439461,"Frozen-source hash and interval checks passed; retained in primary",1287
2021-02-08,0.0000620564498525053,0.00150659133709981,FALSE,0.00516492509959828,-0.378728176496136,-0.372446561875606,0.237383200301444,"Frozen-source hash and interval checks passed; retained in primary",1288
2026-04-22,0.0000619517575908808,0.00150659133709981,FALSE,0.0029742086157851,-0.499211891330034,-0.0791414752070452,-0.0627195203701802,"Frozen-source hash and interval checks passed; retained in primary",1289
2015-08-04,0.0000618772583502973,0.00150659133709981,FALSE,0.00269909584130813,0.523793503644873,0.18651366633704,-0.0161303331263518,"Frozen-source hash and interval checks passed; retained in primary",1290
2022-01-24,0.0000616163228164746,0.00150659133709981,FALSE,0.00363014979106179,0.450491423449905,0.221508262191072,-0.0878966392178882,"Frozen-source hash and interval checks passed; retained in primary",1291
2023-03-08,0.0000615948796136361,0.00150659133709981,FALSE,0.00188295405435914,-0.625941582000595,0.0171625224192784,-0.204319977677159,"Frozen-source hash and interval checks passed; retained in primary",1292
2019-02-06,0.0000614695215423859,0.00150659133709981,FALSE,0.00158847572903753,0.680902674904247,0.0674487479948915,0.218440061374459,"Frozen-source hash and interval checks passed; retained in primary",1293
2024-01-23,0.0000612184759588578,0.00150659133709981,FALSE,0.00285406064743895,-0.506616865575492,0.255857999701981,-0.404722306239869,"Frozen-source hash and interval checks passed; retained in primary",1294
2023-05-16,0.0000610727746006929,0.00150659133709981,FALSE,0.00245403334003095,-0.545808981196302,0.165796592052114,-0.40338901009358,"Frozen-source hash and interval checks passed; retained in primary",1295
2023-03-01,0.0000609919602964478,0.00150659133709981,FALSE,0.00262829570202525,0.527009359321556,0.0169046307761267,0.198595188658057,"Frozen-source hash and interval checks passed; retained in primary",1296
2025-03-25,0.0000608679885641203,0.00150659133709981,FALSE,0.00229333774764433,0.563705827611067,-0.371293913254478,0.645571441102,"Frozen-source hash and interval checks passed; retained in primary",1297
2021-03-04,0.0000606193070389602,0.00150659133709981,FALSE,0.00597998726413318,0.347731105567765,0.663479717986792,-0.615386557437869,"Frozen-source hash and interval checks passed; retained in primary",1298
2024-10-09,0.0000605559462550802,0.00150659133709981,FALSE,0.00424266473421421,0.412977528210181,0.780838088712921,-0.659003124644819,"Frozen-source hash and interval checks passed; retained in primary",1299
2016-08-17,0.0000604426681149982,0.00150659133709981,FALSE,0.0082369387542092,0.295517689470113,0.0219185433178115,0.0398962702280237,"Frozen-source hash and interval checks passed; retained in primary",1300
2016-05-23,0.000060295215158177,0.00150659133709981,FALSE,0.00475022960479386,0.389350547458837,-0.690599742476605,0.954596093875004,"Frozen-source hash and interval checks passed; retained in primary",1301
2022-10-25,0.0000602133523122332,0.00150659133709981,FALSE,0.00217863015123149,-0.575269927796063,-0.72822168991582,0.613602275838332,"Frozen-source hash and interval checks passed; retained in primary",1302
2015-03-27,0.0000599713214260026,0.00150659133709981,FALSE,0.00288469751989784,-0.498752381320205,-0.0325709227277038,-0.117568035040261,"Frozen-source hash and interval checks passed; retained in primary",1303
2016-12-07,0.000059971251487059,0.00150659133709981,FALSE,0.00485074977761852,0.384239362238625,-0.286632104887685,0.422015748539639,"Frozen-source hash and interval checks passed; retained in primary",1304
2021-05-11,0.0000598366758664137,0.00150659133709981,FALSE,0.00690059464289472,0.321460380991986,-0.070735668640598,0.156516166924003,"Frozen-source hash and interval checks passed; retained in primary",1305
2015-07-15,0.0000596158261073774,0.00150659133709981,FALSE,0.00171489617035649,-0.64532692616114,0.139925017616305,-0.404400421720474,"Frozen-source hash and interval checks passed; retained in primary",1306
2018-09-12,0.0000596042832439109,0.00150659133709981,FALSE,0.00341875766508937,-0.456616450303597,-0.350365538556963,0.224386397607379,"Frozen-source hash and interval checks passed; retained in primary",1307
2015-11-13,0.000059087852916312,0.00150659133709981,FALSE,0.00185534259894981,0.617624354263585,0.221505513608156,-0.0732392106627344,"Frozen-source hash and interval checks passed; retained in primary",1308
2018-11-16,0.0000590626503867016,0.00150659133709981,FALSE,0.00458371284337232,-0.392320280344222,-0.587617009324903,0.618868565250974,"Frozen-source hash and interval checks passed; retained in primary",1309
2022-10-31,0.0000590454304636689,0.00150659133709981,FALSE,0.0029229791470797,0.491626477657664,0.732895742564388,-0.641222540626085,"Frozen-source hash and interval checks passed; retained in primary",1310
2019-12-06,0.0000590123329628741,0.00150659133709981,FALSE,0.00167567774989185,-0.649535047436931,-0.188473015037616,0.0276052451718911,"Frozen-source hash and interval checks passed; retained in primary",1311
2022-06-02,0.0000589506009685633,0.00150659133709981,FALSE,0.0032811505352062,-0.463562182951959,-0.298593262962266,0.200061624130576,"Frozen-source hash and interval checks passed; retained in primary",1312
2018-11-15,0.0000588115015891959,0.00150659133709981,FALSE,0.00243837944262843,0.537329864342749,0.0563585114826015,0.211304885806918,"Frozen-source hash and interval checks passed; retained in primary",1313
2026-04-23,0.0000586742840132472,0.00150659133709981,FALSE,0.00338215333856961,0.45549352275343,0.125344591968535,0.0313548430123767,"Frozen-source hash and interval checks passed; retained in primary",1314
2015-02-27,0.0000585271427392161,0.00150659133709981,FALSE,0.00178247639607093,-0.627147918752834,0.0679367233493267,-0.301154652904678,"Frozen-source hash and interval checks passed; retained in primary",1315
2023-06-05,0.0000584852338846698,0.00150659133709981,FALSE,0.00313594906807979,-0.47233182165722,-0.232490461135271,0.0858983588965856,"Frozen-source hash and interval checks passed; retained in primary",1316
2024-01-19,0.0000584448798856703,0.00150659133709981,FALSE,0.00834785650375323,-0.28863968915628,-0.0454108354785543,-0.0404912949249159,"Frozen-source hash and interval checks passed; retained in primary",1317
2019-02-15,0.0000584298195896305,0.00150659133709981,FALSE,0.00304036412256624,0.479494780245991,0.145451615694281,0.126570851360874,"Frozen-source hash and interval checks passed; retained in primary",1318
2019-04-01,0.0000583998620981861,0.00150659133709981,FALSE,0.00523608041769908,0.364882800317338,0.613141004844397,-0.549625206660842,"Frozen-source hash and interval checks passed; retained in primary",1319
2017-02-13,0.0000583606165766671,0.00150659133709981,FALSE,0.0019402689932193,-0.600202574232397,0.207658293795099,-0.502181576040339,"Frozen-source hash and interval checks passed; retained in primary",1320
2014-09-30,0.0000583032532418198,0.00150659133709981,FALSE,0.00199586970213168,0.591475954567472,0.440812386142575,-0.292237650904958,"Frozen-source hash and interval checks passed; retained in primary",1321
2022-12-19,0.000058295372936823,0.00150659133709981,FALSE,0.00234884316688743,0.545092254411025,0.4245286668489,-0.234072230346083,"Frozen-source hash and interval checks passed; retained in primary",1322
2023-05-19,0.0000582913447832814,0.00150659133709981,FALSE,0.00431462600644109,0.401774293180167,-0.41876732533539,0.601080855254121,"Frozen-source hash and interval checks passed; retained in primary",1323
2017-09-22,0.0000582905219555052,0.00150659133709981,FALSE,0.0019603883987631,-0.596749992865853,-0.43543039581686,0.258570872074948,"Frozen-source hash and interval checks passed; retained in primary",1324
2017-08-31,0.0000581942795560191,0.00150659133709981,FALSE,0.00138580967567196,-0.709378208129183,-0.314305394500192,0.127122508720134,"Frozen-source hash and interval checks passed; retained in primary",1325
2024-05-22,0.0000581324097586736,0.00150659133709981,FALSE,0.00380456586081336,0.42738522698065,0.407724278300448,-0.262341386022413,"Frozen-source hash and interval checks passed; retained in primary",1326
2015-11-20,0.0000581282167836804,0.00150659133709981,FALSE,0.00171979126526058,-0.636315473516933,-0.0894766992827645,-0.0733167724585648,"Frozen-source hash and interval checks passed; retained in primary",1327
2016-09-09,0.0000581153752929589,0.00150659133709981,FALSE,0.0105771775108586,-0.255412537514334,0.158000672882075,-0.565468992378371,"Frozen-source hash and interval checks passed; retained in primary",1328
2022-06-07,0.0000580952057767146,0.00150659133709981,FALSE,0.00451096461589708,-0.392233154222764,0.580102192108534,-0.742202740628528,"Frozen-source hash and interval checks passed; retained in primary",1329
2022-02-04,0.0000580854724422258,0.00150659133709981,FALSE,0.00228299672204405,-0.551919106551055,0.116699801959275,-0.295523900432304,"Frozen-source hash and interval checks passed; retained in primary",1330
2025-11-20,0.0000580250192058187,0.00150659133709981,FALSE,0.00490857186960402,0.375709507279413,0.514603747331277,-0.496753027615959,"Frozen-source hash and interval checks passed; retained in primary",1331
2023-07-25,0.0000579966032724675,0.00150659133709981,FALSE,0.00299434047960965,-0.481382306461726,-0.338755242301758,0.198511231442033,"Frozen-source hash and interval checks passed; retained in primary",1332
2014-11-20,0.0000578551465736523,0.00150659133709981,FALSE,0.00157858469579774,-0.66265064028029,0.101384457556186,-0.373134761285776,"Frozen-source hash and interval checks passed; retained in primary",1333
2017-10-05,0.000057825860947495,0.00150659133709981,FALSE,0.00190770530228743,0.602533759091245,0.150059249261414,0.0886603480367398,"Frozen-source hash and interval checks passed; retained in primary",1334
2022-09-14,0.0000575335312403786,0.00150659133709981,FALSE,0.00665798579891771,-0.320943887215887,-0.914798248449955,0.95394658588015,"Frozen-source hash and interval checks passed; retained in primary",1335
2019-10-04,0.0000574781180350454,0.00150659133709981,FALSE,0.00259493485034981,-0.514889989445781,0.0208139497165138,-0.140403448908444,"Frozen-source hash and interval checks passed; retained in primary",1336
2015-04-23,0.000057461903558996,0.00150659133709981,FALSE,0.00166985967531775,-0.642063128146704,-0.36279981983669,0.175299514818938,"Frozen-source hash and interval checks passed; retained in primary",1337
2018-10-17,0.000057442704021226,0.00150659133709981,FALSE,0.00257185872290042,0.517041395611607,0.223585491548262,-0.0445692390495189,"Frozen-source hash and interval checks passed; retained in primary",1338
2022-10-06,0.0000572538645035533,0.00150659133709981,FALSE,0.00184814717829944,0.609148329858076,0.309080641304194,-0.144992603162208,"Frozen-source hash and interval checks passed; retained in primary",1339
2018-01-31,0.0000570500235461734,0.00150659133709981,FALSE,0.00226577686273677,-0.54905696205738,0.217802098570319,-0.37578523668298,"Frozen-source hash and interval checks passed; retained in primary",1340
2015-06-04,0.000057001039172849,0.00150659133709981,FALSE,0.00250833688228649,-0.521547316224436,0.106534483017251,-0.402220798077124,"Frozen-source hash and interval checks passed; retained in primary",1341
2015-11-17,0.0000568513002220844,0.00150659133709981,FALSE,0.00204115548164627,-0.577536046786178,0.0190825654418525,-0.300093497443488,"Frozen-source hash and interval checks passed; retained in primary",1342
2025-06-18,0.0000566323003546014,0.00150659133709981,FALSE,0.00231446054953153,0.541245965195965,-0.0532787358792586,0.317657887444422,"Frozen-source hash and interval checks passed; retained in primary",1343
2014-03-06,0.0000565796326674968,0.00150659133709981,FALSE,0.00310902142968733,-0.466587027500887,0.408693988427755,-0.691505068638953,"Frozen-source hash and interval checks passed; retained in primary",1344
2018-10-16,0.000056459620075433,0.00150659133709981,FALSE,0.00488786848273086,0.371394829424958,0.501885718580564,-0.303598768778102,"Frozen-source hash and interval checks passed; retained in primary",1345
2026-02-04,0.0000564113237833518,0.00150659133709981,FALSE,0.0134489072024634,0.222838415210551,0.582654117829051,-0.582755963838988,"Frozen-source hash and interval checks passed; retained in primary",1346
2025-02-03,0.0000562999358581436,0.00150659133709981,FALSE,0.00488110556674007,-0.371127348602049,-0.285881223218798,0.148583637917543,"Frozen-source hash and interval checks passed; retained in primary",1347
2021-06-14,0.0000562357329835018,0.00150659133709981,FALSE,0.00267046844531033,0.502021615892507,0.335776313052305,-0.209347912438762,"Frozen-source hash and interval checks passed; retained in primary",1348
2023-11-27,0.0000561230751475817,0.00150659133709981,FALSE,0.00279762932295726,-0.489956945111637,-0.561926153475767,0.455673240377585,"Frozen-source hash and interval checks passed; retained in primary",1349
2020-05-22,0.0000555919253773704,0.00150659133709981,FALSE,0.00377249743495517,0.41972154979739,0.0390060477670762,0.176588177307213,"Frozen-source hash and interval checks passed; retained in primary",1350
2022-11-17,0.0000555688700069545,0.00150659133709981,FALSE,0.0035476903951021,-0.432774644938255,0.459897884889493,-0.614199902558621,"Frozen-source hash and interval checks passed; retained in primary",1351
2024-08-27,0.000055337108450442,0.00150659133709981,FALSE,0.00290162297840152,-0.477691339694543,-0.272414035324298,0.173148223471209,"Frozen-source hash and interval checks passed; retained in primary",1352
2023-08-15,0.0000549920647065019,0.00150659133709981,FALSE,0.00353557546004545,0.431262284999175,0.141728931210094,-0.0687994523181246,"Frozen-source hash and interval checks passed; retained in primary",1353
2019-08-19,0.0000548935511270882,0.00150659133709981,FALSE,0.00223202588095397,0.542645809230108,0.365003927427843,-0.150347707328802,"Frozen-source hash and interval checks passed; retained in primary",1354
2022-02-03,0.0000548411890984877,0.00150659133709981,FALSE,0.00850312638579968,0.277013166638829,0.453715276425548,-0.4536737845803,"Frozen-source hash and interval checks passed; retained in primary",1355
2025-06-03,0.0000546344739442627,0.00150659133709981,FALSE,0.00239137845417389,0.522973817693727,0.969717427038175,-0.816217165262056,"Frozen-source hash and interval checks passed; retained in primary",1356
2017-09-01,0.0000545625237955671,0.00150659133709981,FALSE,0.00129893978186002,0.709514204985552,0.301392950767942,-0.0272541450699215,"Frozen-source hash and interval checks passed; retained in primary",1357
2025-05-28,0.000054464733339096,0.00150659133709981,FALSE,0.00237970286707828,-0.523443227588263,0.26238389069202,-0.463011780487221,"Frozen-source hash and interval checks passed; retained in primary",1358
2018-09-13,0.0000543775637783797,0.00150659133709981,FALSE,0.00291066962107319,0.472793039472327,0.669409378495223,-0.564492337189204,"Frozen-source hash and interval checks passed; retained in primary",1359
2021-03-25,0.0000543270111512505,0.00150659133709981,FALSE,0.00440350232651824,-0.383920315959044,0.190753092916385,-0.293659016207748,"Frozen-source hash and interval checks passed; retained in primary",1360
2022-07-26,0.0000541853749524635,0.00150659133709981,FALSE,0.00286767999465616,0.47549145622216,0.0655073558372798,0.0731689503632005,"Frozen-source hash and interval checks passed; retained in primary",1361
2017-11-09,0.0000540904866838518,0.00150659133709981,FALSE,0.00197907431109011,-0.572123570642806,-0.420597614556728,0.193815583532864,"Frozen-source hash and interval checks passed; retained in primary",1362
2020-04-07,0.0000540018116205435,0.00150659133709981,FALSE,0.0099620624315997,-0.253773387333744,-0.239916492433956,0.128393267821192,"Frozen-source hash and interval checks passed; retained in primary",1363
2016-06-09,0.0000538914441478044,0.00150659133709981,FALSE,0.00290376039972831,0.471236242016885,0.0562582720400329,0.131319782496053,"Frozen-source hash and interval checks passed; retained in primary",1364
2022-08-31,0.0000537100201173885,0.00150659133709981,FALSE,0.00215673015778114,0.546074052893418,0.18899320482415,0.0288371424390199,"Frozen-source hash and interval checks passed; retained in primary",1365
2023-04-04,0.0000534375014472713,0.00150659133709981,FALSE,0.00284743980727189,-0.473878737960644,-0.692819614771656,0.568290978189356,"Frozen-source hash and interval checks passed; retained in primary",1366
2024-12-09,0.0000530941716998662,0.00150659133709981,FALSE,0.00438598379162241,0.380299748117963,0.969207425172813,-0.970042820151118,"Frozen-source hash and interval checks passed; retained in primary",1367
2017-06-09,0.0000529538017938463,0.00150659133709981,FALSE,0.00271452531076558,-0.483172262645893,0.185933107875424,-0.462145718552875,"Frozen-source hash and interval checks passed; retained in primary",1368
2020-10-02,0.0000528108512669096,0.00150659133709981,FALSE,0.00432310416633056,0.382044165674804,-0.041415614747331,0.161221524797295,"Frozen-source hash and interval checks passed; retained in primary",1369
2019-04-25,0.0000527798499504657,0.00150659133709981,FALSE,0.00158569209270842,-0.631496090751544,-0.378890738175208,0.196956196166642,"Frozen-source hash and interval checks passed; retained in primary",1370
2019-09-19,0.000052490246837235,0.00150659133709981,FALSE,0.00234770951541566,-0.517365366095223,-0.290845309006516,0.15728365179779,"Frozen-source hash and interval checks passed; retained in primary",1371
2021-03-10,0.0000523495585669556,0.00150659133709981,FALSE,0.00255428152729729,-0.495287524482377,-0.167506860177369,0.0552435333081469,"Frozen-source hash and interval checks passed; retained in primary",1372
2018-05-25,0.0000522921798829596,0.00150659133709981,FALSE,0.0017035419169378,0.606404407636148,0.209915865637633,-0.0457351940283957,"Frozen-source hash and interval checks passed; retained in primary",1373
2023-08-02,0.0000522546121229461,0.00150659133709981,FALSE,0.00439219506044686,0.377012955100284,-0.00740830950620719,0.0907346075162074,"Frozen-source hash and interval checks passed; retained in primary",1374
2025-03-26,0.0000521802057237835,0.00150659133709981,FALSE,0.00308347180944901,-0.449938259060293,0.389319525370979,-0.612396242575919,"Frozen-source hash and interval checks passed; retained in primary",1375
2017-02-15,0.0000520077704005231,0.00150659133709981,FALSE,0.0032048932112472,0.440576073416399,-0.077623138613303,0.148790014758937,"Frozen-source hash and interval checks passed; retained in primary",1376
2023-03-10,0.0000519739108696009,0.00150659133709981,FALSE,0.00669204148406663,-0.304260774887409,-1.02840950401712,1.00199762664044,"Frozen-source hash and interval checks passed; retained in primary",1377
2015-07-24,0.000051910883947063,0.00150659133709981,FALSE,0.00173235918881154,0.59913454354449,0.0581535259641885,0.113076500215925,"Frozen-source hash and interval checks passed; retained in primary",1378
2018-05-23,0.0000518874841067328,0.00150659133709981,FALSE,0.00448892917362262,-0.371598198744999,-0.77218363388587,0.805470665461794,"Frozen-source hash and interval checks passed; retained in primary",1379
2014-08-08,0.0000518410165971775,0.00150659133709981,FALSE,0.00396616798190007,-0.39525636356548,-0.211572963063889,0.147080479522277,"Frozen-source hash and interval checks passed; retained in primary",1380
2017-12-01,0.0000517990254371435,0.00150659133709981,FALSE,0.00182290695851969,-0.583408786575334,-0.515417659016437,0.374699341063867,"Frozen-source hash and interval checks passed; retained in primary",1381
2018-04-03,0.0000515963648865886,0.00150659133709981,FALSE,0.00328824891165796,0.433214139037804,0.583788569822552,-0.433064130032523,"Frozen-source hash and interval checks passed; retained in primary",1382
2023-12-22,0.0000514663658242936,0.00150659133709981,FALSE,0.00337706345077003,-0.426921673376047,0.194204814807808,-0.309032413379917,"Frozen-source hash and interval checks passed; retained in primary",1383
2018-11-28,0.000051410333520692,0.00150659133709981,FALSE,0.00336419369835807,-0.427507344509187,-0.0363745342565114,-0.105355584811129,"Frozen-source hash and interval checks passed; retained in primary",1384
2021-10-18,0.0000513807300033258,0.00150659133709981,FALSE,0.00466311982522988,0.362775140197388,0.0731005861156042,0.0787642800969657,"Frozen-source hash and interval checks passed; retained in primary",1385
2024-06-14,0.0000513193468732471,0.00150659133709981,FALSE,0.00659293943694887,-0.304617788850593,0.196909055606076,-0.324789331841657,"Frozen-source hash and interval checks passed; retained in primary",1386
2023-04-11,0.000051066515878102,0.00150659133709981,FALSE,0.00186138474436969,0.573239476637581,0.124694485146959,0.0897598983145897,"Frozen-source hash and interval checks passed; retained in primary",1387
2026-05-15,0.0000510565536444157,0.00150659133709981,FALSE,0.00478130439571677,-0.35711034999798,0.198693079971424,-0.385137957519266,"Frozen-source hash and interval checks passed; retained in primary",1388
2014-08-18,0.0000509844791383191,0.00150659133709981,FALSE,0.00272042589935642,0.473586842565267,0.505887157973728,-0.341914073143634,"Frozen-source hash and interval checks passed; retained in primary",1389
2024-05-20,0.0000507317497859616,0.00150659133709981,FALSE,0.00507389316445595,0.345505764877378,0.402699086217284,-0.333697287129109,"Frozen-source hash and interval checks passed; retained in primary",1390
2025-08-06,0.0000507290385417944,0.00150659133709981,FALSE,0.00280140194365801,-0.465502540478673,-0.25724382319825,0.162855433971565,"Frozen-source hash and interval checks passed; retained in primary",1391
2020-08-27,0.000050709141347519,0.00150659133709981,FALSE,0.00256550131696859,0.486395807719587,0.392540681334452,-0.272877139449257,"Frozen-source hash and interval checks passed; retained in primary",1392
2014-07-09,0.0000506908868165861,0.00150659133709981,FALSE,0.00233648502856659,-0.509643056168081,-0.0227457518363838,-0.167298174138253,"Frozen-source hash and interval checks passed; retained in primary",1393
2023-08-21,0.0000505288451433561,0.00150659133709981,FALSE,0.00448730523210484,-0.366767550311947,0.618573923564414,-0.761816937216597,"Frozen-source hash and interval checks passed; retained in primary",1394
2016-04-06,0.0000505241970079823,0.00150659133709981,FALSE,0.00304884053208157,-0.445256142708734,-0.584308104271036,0.573015347508932,"Frozen-source hash and interval checks passed; retained in primary",1395
2025-11-06,0.0000504513930552831,0.00150659133709981,FALSE,0.00630016797210137,0.309014421509151,-0.627455509142161,0.742480941211188,"Frozen-source hash and interval checks passed; retained in primary",1396
2017-09-28,0.0000503043295891532,0.00150659133709981,FALSE,0.00137473573488648,-0.662193585262608,-0.266532179925205,0.0887232779343883,"Frozen-source hash and interval checks passed; retained in primary",1397
2021-09-13,0.0000503013866635894,0.00150659133709981,FALSE,0.00277546250457998,0.465703388099451,0.22977543472491,-0.00909628417415931,"Frozen-source hash and interval checks passed; retained in primary",1398
2022-01-21,0.0000502294759598559,0.00150659133709981,FALSE,0.00401882435656319,-0.386496885756883,-0.482640185331284,0.316066988318653,"Frozen-source hash and interval checks passed; retained in primary",1399
2017-11-21,0.0000498951985913193,0.00150659133709981,FALSE,0.00173650822577159,-0.586683903091802,-0.149783848995666,0.0266725940678114,"Frozen-source hash and interval checks passed; retained in primary",1400
2026-02-05,0.0000498610681866975,0.00150659133709981,FALSE,0.00386263815642373,0.39281585957088,0.230416459286609,-0.191375409263461,"Frozen-source hash and interval checks passed; retained in primary",1401
2022-09-15,0.0000498200572092451,0.00150659133709981,FALSE,0.00139200799615375,-0.654891551345455,0.196408654514579,-0.446772121857908,"Frozen-source hash and interval checks passed; retained in primary",1402
2023-09-14,0.0000497700873576859,0.00150659133709981,FALSE,0.0061941308032721,0.309553284939006,-0.0629953399647221,0.190075408526358,"Frozen-source hash and interval checks passed; retained in primary",1403
2024-04-02,0.0000495968078962695,0.00150659133709981,FALSE,0.0085409344762361,0.262846491821149,-0.0906880000851373,0.112111331688602,"Frozen-source hash and interval checks passed; retained in primary",1404
2021-06-24,0.000049542113260629,0.00150659133709981,FALSE,0.00218519252696111,-0.521024332529627,-0.124239159052797,-0.0450917624990943,"Frozen-source hash and interval checks passed; retained in primary",1405
2019-07-02,0.0000494428520419451,0.00150659133709981,FALSE,0.0025960943627983,-0.477438762116887,-0.438186343615854,0.406654904205173,"Frozen-source hash and interval checks passed; retained in primary",1406
2026-05-22,0.0000493980987558497,0.00150659133709981,FALSE,0.00845154462674173,0.263714899024121,0.144678715454738,-0.0251287851554594,"Frozen-source hash and interval checks passed; retained in primary",1407
2015-12-14,0.0000493358998342161,0.00150659133709981,FALSE,0.00381860260475744,0.392996906107634,-0.0392253607087945,0.306405771584739,"Frozen-source hash and interval checks passed; retained in primary",1408
2024-10-03,0.0000492968840214077,0.00150659133709981,FALSE,0.00371151992265581,-0.398489620574067,0.297813339658148,-0.525831784888453,"Frozen-source hash and interval checks passed; retained in primary",1409
2017-09-08,0.0000491581069640982,0.00150659133709981,FALSE,0.00161857727183308,-0.603211656046638,-0.652571471419927,0.500047342543297,"Frozen-source hash and interval checks passed; retained in primary",1410
2018-08-31,0.0000491534711799145,0.00150659133709981,FALSE,0.00159794165879483,0.607071708369233,0.103175030853997,0.171055634776884,"Frozen-source hash and interval checks passed; retained in primary",1411
2018-08-02,0.0000489117414023254,0.00150659133709981,FALSE,0.00182748455329424,0.566204259219781,0.0730656738697544,0.215053846322899,"Frozen-source hash and interval checks passed; retained in primary",1412
2017-03-27,0.0000487283553137518,0.00150659133709981,FALSE,0.00243018394794134,-0.489929483534583,-0.555488771354318,0.496592596513779,"Frozen-source hash and interval checks passed; retained in primary",1413
2017-07-11,0.0000486791452978561,0.00150659133709981,FALSE,0.000897309195473105,-0.806484639877292,-0.172635478330196,-0.105134055592426,"Frozen-source hash and interval checks passed; retained in primary",1414
2020-09-28,0.0000486620574636862,0.00150659133709981,FALSE,0.00592553600425357,-0.312990744281967,-0.168038840863893,0.0852716902302042,"Frozen-source hash and interval checks passed; retained in primary",1415
2018-04-05,0.0000485918531756922,0.00150659133709981,FALSE,0.00453991535396661,-0.357569446075226,0.623588117623708,-0.859657695521143,"Frozen-source hash and interval checks passed; retained in primary",1416
2024-07-09,0.0000484515619431757,0.00150659133709981,FALSE,0.00797676137818527,-0.268900826276184,0.287947351667128,-0.391098366097964,"Frozen-source hash and interval checks passed; retained in primary",1417
2014-08-27,0.0000482982553367855,0.00150659133709981,FALSE,0.00139559569546646,0.643981323873014,0.103310995833494,0.134550717079485,"Frozen-source hash and interval checks passed; retained in primary",1418
2026-05-28,0.0000482461946131505,0.00150659133709981,FALSE,0.00158907664651873,-0.603120922431402,-0.250586173431344,0.1129376453334,"Frozen-source hash and interval checks passed; retained in primary",1419
2021-03-24,0.000048016407198095,0.00150659133709981,FALSE,0.00514460143835346,0.33380248590385,0.271729832093071,-0.183975767097611,"Frozen-source hash and interval checks passed; retained in primary",1420
2024-07-02,0.0000480106153023105,0.00150659133709981,FALSE,0.00380049710503237,0.388608428988172,0.131984466915114,0.012380834484027,"Frozen-source hash and interval checks passed; retained in primary",1421
2021-07-08,0.0000480043045936344,0.00150659133709981,FALSE,0.00500271245571852,0.338484582622288,-0.646687671322388,0.725824271580588,"Frozen-source hash and interval checks passed; retained in primary",1422
2024-08-15,0.000047785020883525,0.00150659133709981,FALSE,0.00656596591648038,-0.294548434137132,1.20600629710035,-1.38623445786497,"Frozen-source hash and interval checks passed; retained in primary",1423
2017-10-31,0.000047696181848164,0.00150659133709981,FALSE,0.0023972022957608,0.488043931535141,0.491698439305699,-0.326149524425823,"Frozen-source hash and interval checks passed; retained in primary",1424
2022-09-27,0.0000476917920691697,0.00150659133709981,FALSE,0.00123554349473833,0.680166070870589,0.404453330903776,-0.179831283765708,"Frozen-source hash and interval checks passed; retained in primary",1425
2015-08-14,0.0000475714428712125,0.00150659133709981,FALSE,0.00157821749011366,-0.600948676092222,-0.185823986646882,0.0402268801433792,"Frozen-source hash and interval checks passed; retained in primary",1426
2016-12-01,0.0000474640839720278,0.00150659133709981,FALSE,0.0042496174310714,-0.365320041622037,-0.207801871903746,0,"Frozen-source hash and interval checks passed; retained in primary",1427
2014-06-09,0.000047308161508763,0.00150659133709981,FALSE,0.00136371481135545,0.6447636582454,0.206335259688473,-0.0195102917407652,"Frozen-source hash and interval checks passed; retained in primary",1428
2023-03-30,0.0000472305864585797,0.00150659133709981,FALSE,0.00182198489569336,-0.557229251063884,-0.150363172872758,-0.0150715900812948,"Frozen-source hash and interval checks passed; retained in primary",1429
2015-05-27,0.0000471404313080578,0.00150659133709981,FALSE,0.00202704905514004,-0.527733489060601,0.326722697109272,-0.550965581096907,"Frozen-source hash and interval checks passed; retained in primary",1430
2021-03-12,0.0000471218176676624,0.00150659133709981,FALSE,0.0064909752644364,0.29419316019091,0.489180960225966,-0.395748526262363,"Frozen-source hash and interval checks passed; retained in primary",1431
2022-11-28,0.0000470823575133487,0.00150659133709981,FALSE,0.00163087051293527,0.588105925283016,-0.185092112849183,0.388657463470299,"Frozen-source hash and interval checks passed; retained in primary",1432
2026-07-22,0.0000469758313600199,0.00150659133709981,FALSE,0.00645274098092895,-0.29461171279965,-0.0153698684537851,-0.0429329332853889,"Frozen-source hash and interval checks passed; retained in primary",1433
2015-09-11,0.0000468880407878243,0.00150659133709981,FALSE,0.00430169996516105,-0.360882224369838,-0.0852010952810733,0.0414301700420339,"Frozen-source hash and interval checks passed; retained in primary",1434
2021-08-30,0.0000467753564279657,0.00150659133709981,FALSE,0.00346551523813198,-0.401755134038661,-0.0500366204353231,-0.0637087621093713,"Frozen-source hash and interval checks passed; retained in primary",1435
2014-10-03,0.0000466546515560364,0.00150659133709981,FALSE,0.00896549562820013,-0.248768469499411,1.2570355661992,-1.46926426360228,"Frozen-source hash and interval checks passed; retained in primary",1436
2023-04-20,0.0000466257450768967,0.00150659133709981,FALSE,0.00256378977990501,0.466557177215552,-0.324312167520402,0.513222146254577,"Frozen-source hash and interval checks passed; retained in primary",1437
2018-04-12,0.0000463972250436566,0.00150659133709981,FALSE,0.00270008023421577,-0.453483180232567,0.321827414575138,-0.485800656461244,"Frozen-source hash and interval checks passed; retained in primary",1438
2019-08-22,0.0000462886259467713,0.00150659133709981,FALSE,0.00167542019520592,-0.57530980611251,-0.299712140337194,0.0751314836243466,"Frozen-source hash and interval checks passed; retained in primary",1439
2025-10-28,0.000046232296396124,0.00150659133709981,FALSE,0.0055102981032588,0.316428763224405,-0.477729322092202,0.622483417483455,"Frozen-source hash and interval checks passed; retained in primary",1440
2015-11-30,0.0000461403393169874,0.00150659133709981,FALSE,0.00582823424758958,-0.307321701001629,0.118786508650892,-0.308868001380258,"Frozen-source hash and interval checks passed; retained in primary",1441
2017-01-27,0.0000461174958045779,0.00150659133709981,FALSE,0.00157179644485529,0.592903140378656,0.543198093306119,-0.400244160864993,"Frozen-source hash and interval checks passed; retained in primary",1442
2021-01-25,0.0000458003180155731,0.00150659133709981,FALSE,0.00313103760453468,-0.418311462480487,-0.145834651670329,-0.019273393140562,"Frozen-source hash and interval checks passed; retained in primary",1443
2020-04-16,0.0000457604880178023,0.00150659133709981,FALSE,0.0188011758358775,-0.169286353693993,0.27868605247936,-0.278888346608497,"Frozen-source hash and interval checks passed; retained in primary",1444
2017-05-11,0.0000456563939708012,0.00150659133709981,FALSE,0.00161881431818877,-0.581287658182127,-0.417535659891444,0.219500505181092,"Frozen-source hash and interval checks passed; retained in primary",1445
2025-10-24,0.0000456115857324645,0.00150659133709981,FALSE,0.00256208041966505,0.46160953102059,0.252269905750291,-0.0654578801928096,"Frozen-source hash and interval checks passed; retained in primary",1446
2017-03-17,0.0000452555193741023,0.00150659133709981,FALSE,0.00138486940473106,-0.625779108742676,-0.468725877362752,0.310160202562315,"Frozen-source hash and interval checks passed; retained in primary",1447
2016-12-05,0.0000449742468276205,0.00150659133709981,FALSE,0.00306337981558481,-0.419088673815291,0.23052972133164,-0.298429081309948,"Frozen-source hash and interval checks passed; retained in primary",1448
2019-02-27,0.0000448820830266913,0.00150659133709981,FALSE,0.00143820158016443,0.611511626169754,0.364957934641685,-0.144352244481638,"Frozen-source hash and interval checks passed; retained in primary",1449
2019-02-01,0.0000447003098525141,0.00150659133709981,FALSE,0.00494967462181143,-0.32838256254561,0.472960947587442,-0.65021521264299,"Frozen-source hash and interval checks passed; retained in primary",1450
2022-04-06,0.0000446855668819456,0.00150659133709981,FALSE,0.00523384632469753,0.319245126093842,0.23246670552477,-0.178007976448402,"Frozen-source hash and interval checks passed; retained in primary",1451
2017-11-15,0.0000446827733388391,0.00150659133709981,FALSE,0.00520997101116088,-0.319969617233864,-0.463286935186469,0.308846484191072,"Frozen-source hash and interval checks passed; retained in primary",1452
2015-03-13,0.0000446555602506362,0.00150659133709981,FALSE,0.00245571742988616,0.466557623100076,0.0511693111494793,0.0907403650630023,"Frozen-source hash and interval checks passed; retained in primary",1453
2025-08-04,0.0000445862675454291,0.00150659133709981,FALSE,0.00433153953462341,0.350693257182339,-0.335097334888701,0.657295268370017,"Frozen-source hash and interval checks passed; retained in primary",1454
2022-11-07,0.0000444572916980227,0.00150659133709981,FALSE,0.00223657437658232,0.487847677471876,-0.185633771360427,0.394746309911032,"Frozen-source hash and interval checks passed; retained in primary",1455
2025-02-27,0.0000444234648507041,0.00150659133709981,FALSE,0.00274919152924574,0.439740572391909,0.498474045270525,-0.448266230842886,"Frozen-source hash and interval checks passed; retained in primary",1456
2015-03-26,0.0000443158411420438,0.00150659133709981,FALSE,0.00195951826291232,0.520438650774909,-0.0914866829991645,0.302038991259845,"Frozen-source hash and interval checks passed; retained in primary",1457
2020-12-04,0.0000442255724669977,0.00150659133709981,FALSE,0.00414834892428633,-0.356933277025792,0.255765893278692,-0.375126684307237,"Frozen-source hash and interval checks passed; retained in primary",1458
2020-06-23,0.0000441473449281842,0.00150659133709981,FALSE,0.0031947993928775,0.406561517621087,-0.201470425431216,0.37509421322719,"Frozen-source hash and interval checks passed; retained in primary",1459
2026-03-13,0.0000439627841171544,0.00150659133709981,FALSE,0.00253749768602896,-0.455384955416965,0.0804474789105392,-0.207058897507029,"Frozen-source hash and interval checks passed; retained in primary",1460
2022-04-14,0.0000439026601998809,0.00150659133709981,FALSE,0.00465420807201615,-0.335660421815666,0.168026594691906,-0.326134799673827,"Frozen-source hash and interval checks passed; retained in primary",1461
2016-11-16,0.0000438783783391383,0.00150659133709981,FALSE,0.00197069780183066,-0.516389659836375,-0.0468507751198999,-0.201742388460957,"Frozen-source hash and interval checks passed; retained in primary",1462
2018-02-26,0.0000438647389321948,0.00150659133709981,FALSE,0.00201731351199384,-0.510297219854657,0.111233965534607,-0.299625692323424,"Frozen-source hash and interval checks passed; retained in primary",1463
2024-09-11,0.0000436062602298379,0.00150659133709981,FALSE,0.00387427075570447,0.366798151902022,-0.147500243216037,0.39436670829831,"Frozen-source hash and interval checks passed; retained in primary",1464
2018-08-03,0.0000434300387494416,0.00150659133709981,FALSE,0.0034462323415863,-0.388207411275172,-0.381762722917101,0.323450416765869,"Frozen-source hash and interval checks passed; retained in primary",1465
2016-07-07,0.0000430919868441075,0.00150659133709981,FALSE,0.0019474708988227,-0.51478999021323,-0.486469322733329,0.376499008104325,"Frozen-source hash and interval checks passed; retained in primary",1466
2017-04-11,0.0000430164979455315,0.00150659133709981,FALSE,0.00551575102265747,-0.305073704568427,-1.08998272830716,1.09657177477738,"Frozen-source hash and interval checks passed; retained in primary",1467
2019-02-26,0.0000429912631104471,0.00150659133709981,FALSE,0.00148837503972345,-0.588303048976155,-0.441951076670577,0.27949348762677,"Frozen-source hash and interval checks passed; retained in primary",1468
2017-02-02,0.0000428476434781972,0.00150659133709981,FALSE,0.00285986797411498,0.423408136586924,-0.460315973488434,0.717547482304237,"Frozen-source hash and interval checks passed; retained in primary",1469
2023-09-01,0.000042750752955271,0.00150659133709981,FALSE,0.00308639980037769,0.407066325047283,0.496374965362723,-0.356311189632574,"Frozen-source hash and interval checks passed; retained in primary",1470
2014-06-26,0.0000427116804043984,0.00150659133709981,FALSE,0.00119233719072792,0.65524745029712,0.133479307329187,0.0884912303948049,"Frozen-source hash and interval checks passed; retained in primary",1471
2020-08-21,0.0000426129204291991,0.00150659133709981,FALSE,0.00270201949323572,-0.43443969834123,-0.0741372374522431,-0.0661344442830725,"Frozen-source hash and interval checks passed; retained in primary",1472
2016-04-07,0.0000423004485248124,0.00150659133709981,FALSE,0.00944178010374427,0.230768311021734,-1.27820016202467,1.51650348963077,"Frozen-source hash and interval checks passed; retained in primary",1473
2017-12-11,0.0000422862505411351,0.00150659133709981,FALSE,0.00159079230822619,0.56433600562835,0.0542809827291268,0.185111781009439,"Frozen-source hash and interval checks passed; retained in primary",1474
2022-03-07,0.0000420182803984836,0.00150659133709981,FALSE,0.0101725712966982,-0.22150020442759,0.42847594155746,-0.660699612839988,"Frozen-source hash and interval checks passed; retained in primary",1475
2020-09-10,0.0000419989748642649,0.00150659133709981,FALSE,0.00285810296053444,-0.419323802456931,-0.210976257842788,0.0376612376167706,"Frozen-source hash and interval checks passed; retained in primary",1476
2015-10-22,0.0000418985167011239,0.00150659133709981,FALSE,0.00302263877833269,0.407229724640747,0.668864423090954,-0.490829153936723,"Frozen-source hash and interval checks passed; retained in primary",1477
2024-09-06,0.0000418037594418293,0.00150659133709981,FALSE,0.00428379034319413,-0.341469546572788,-0.995489114894221,0.910497955520118,"Frozen-source hash and interval checks passed; retained in primary",1478
2021-11-19,0.0000417499582534997,0.00150659133709981,FALSE,0.00273676307853545,0.427272507578088,-0.200448822336163,0.359602194291853,"Frozen-source hash and interval checks passed; retained in primary",1479
2016-09-15,0.0000416362475224409,0.00150659133709981,FALSE,0.0026368154114954,-0.434723598745093,-0.121746837940329,0.0879894469439257,"Frozen-source hash and interval checks passed; retained in primary",1480
2021-09-15,0.0000415789688002421,0.00150659133709981,FALSE,0.00277443503196326,-0.423483898207943,-0.301780574600663,0.237377998802213,"Frozen-source hash and interval checks passed; retained in primary",1481
2015-02-04,0.000041389664560318,0.00150659133709981,FALSE,0.00413419390745367,-0.345892834625129,-0.116300319429907,-0.0850846643689174,"Frozen-source hash and interval checks passed; retained in primary",1482
2014-03-14,0.0000413618462574493,0.00150659133709981,FALSE,0.00457992737364942,0.328446382130757,-0.485139367700071,0.648396023473996,"Frozen-source hash and interval checks passed; retained in primary",1483
2022-05-16,0.0000412759300370163,0.00150659133709981,FALSE,0.0057759600294493,-0.291990752451855,-0.107080034824225,0.0619242995250957,"Frozen-source hash and interval checks passed; retained in primary",1484
2014-07-24,0.0000411762810470021,0.00150659133709981,FALSE,0.00188683922025166,0.511253891006299,0.415408696834163,-0.314774999234846,"Frozen-source hash and interval checks passed; retained in primary",1485
2016-10-06,0.0000411587980460526,0.00150659133709981,FALSE,0.0019648789385029,0.500872258478609,0.559975490528553,-0.472176256690471,"Frozen-source hash and interval checks passed; retained in primary",1486
2025-07-14,0.0000411491655369728,0.00150659133709981,FALSE,0.00179819593837013,0.523554393433831,0.408262209133614,-0.271204993676655,"Frozen-source hash and interval checks passed; retained in primary",1487
2025-12-11,0.0000411450442036345,0.00150659133709981,FALSE,0.00475814237192546,0.321362346518415,-0.553051171133978,0.757676669484386,"Frozen-source hash and interval checks passed; retained in primary",1488
2015-04-22,0.0000411212349693173,0.00150659133709981,FALSE,0.00550280294928655,-0.298630044231873,0.247969530753167,-0.376018826164959,"Frozen-source hash and interval checks passed; retained in primary",1489
2026-02-09,0.0000411098842950208,0.00150659133709981,FALSE,0.010717557313862,-0.213390948429195,-0.653422250498537,0.651384894671914,"Frozen-source hash and interval checks passed; retained in primary",1490
2017-03-08,0.0000410992146051966,0.00150659133709981,FALSE,0.00231065335049197,-0.461463816486031,0.278232330375339,-0.516254373174441,"Frozen-source hash and interval checks passed; retained in primary",1491
2024-06-24,0.0000410375424913804,0.00150659133709981,FALSE,0.0021627585276859,-0.476658271242277,0.00620161037883094,-0.162927721215134,"Frozen-source hash and interval checks passed; retained in primary",1492
2017-02-09,0.0000408600419432989,0.00150659133709981,FALSE,0.00932747279373778,-0.228203915307714,1.13496510673889,-1.33347162126958,"Frozen-source hash and interval checks passed; retained in primary",1493
2024-06-28,0.000040756817533786,0.00150659133709981,FALSE,0.00333652341062596,-0.38222398770458,-0.0399868941177939,-0.111947272093005,"Frozen-source hash and interval checks passed; retained in primary",1494
2021-04-12,0.0000406751038106204,0.00150659133709981,FALSE,0.00351849238039507,-0.371801615441633,-0.302797001334509,0.191719600423301,"Frozen-source hash and interval checks passed; retained in primary",1495
2018-08-30,0.0000406645499238402,0.00150659133709981,FALSE,0.0044427544212399,-0.330678206005403,-0.651521111872233,0.565099947547498,"Frozen-source hash and interval checks passed; retained in primary",1496
2024-12-16,0.0000406263507724935,0.00150659133709981,FALSE,0.0019863138248176,0.4949243778639,0.402803427068399,-0.28578871101308,"Frozen-source hash and interval checks passed; retained in primary",1497
2023-06-23,0.0000405228446324572,0.00150659133709981,FALSE,0.00391391783111517,-0.351789740224105,0.4584342813581,-0.620925007484718,"Frozen-source hash and interval checks passed; retained in primary",1498
2024-10-22,0.0000400606682716601,0.00150659133709981,FALSE,0.00269410447563469,-0.421848679867296,0.26668480154175,-0.424431965488203,"Frozen-source hash and interval checks passed; retained in primary",1499
2020-01-27,0.0000397792587330656,0.00150659133709981,FALSE,0.00654844779826668,0.269105842930427,-0.306895787224182,0.329882091511546,"Frozen-source hash and interval checks passed; retained in primary",1500
2017-08-22,0.0000396856731901376,0.00150659133709981,FALSE,0.00272840973561336,0.417214532285294,0.654378814346179,-0.467269162991091,"Frozen-source hash and interval checks passed; retained in primary",1501
2021-04-20,0.0000396558586033064,0.00150659133709981,FALSE,0.00328082685379266,-0.380223585113057,-0.178681841115669,0.0185048113037212,"Frozen-source hash and interval checks passed; retained in primary",1502
2016-09-08,0.0000395417949772547,0.00150659133709981,FALSE,0.00258746607921666,0.427679950562932,0.59779879532238,-0.549020986906701,"Frozen-source hash and interval checks passed; retained in primary",1503
2014-10-21,0.0000394329473839871,0.00150659133709981,FALSE,0.00356488515689049,0.363682147472816,0.0966111884412868,0.159198422909768,"Frozen-source hash and interval checks passed; retained in primary",1504
2022-05-18,0.0000394154761289472,0.00150659133709981,FALSE,0.0057141672539872,-0.286881909698829,-0.994829380201079,0.846508374864907,"Frozen-source hash and interval checks passed; retained in primary",1505
2015-12-21,0.0000393687686080414,0.00150659133709981,FALSE,0.00353162956078823,-0.365099069294061,-0.211840649779527,0.173417608182724,"Frozen-source hash and interval checks passed; retained in primary",1506
2015-06-01,0.000039357841242357,0.00150659133709981,FALSE,0.00222849284043096,0.459849994015698,0.610169230317492,-0.530931984866445,"Frozen-source hash and interval checks passed; retained in primary",1507
2023-02-27,0.0000392968328257391,0.00150659133709981,FALSE,0.00316891388347139,-0.385145622011452,-0.201997647298136,0.132090721488165,"Frozen-source hash and interval checks passed; retained in primary",1508
2026-06-02,0.0000387013836179288,0.00150659133709981,FALSE,0.00305048863269075,-0.389588156524548,0.0185736054310937,-0.125187798021997,"Frozen-source hash and interval checks passed; retained in primary",1509
2016-07-13,0.0000386759448185742,0.00150659133709981,FALSE,0.0122256580992722,-0.193643906931234,-0.61697787432875,0.593814598072129,"Frozen-source hash and interval checks passed; retained in primary",1510
2023-10-17,0.0000385696064894296,0.00150659133709981,FALSE,0.00276906555837168,0.408267189418406,0.209884652499115,-0.093557879051076,"Frozen-source hash and interval checks passed; retained in primary",1511
2026-07-13,0.0000384374717567381,0.00150659133709981,FALSE,0.00996041902900733,-0.214119146811787,0.412011857816097,-0.624171602786294,"Frozen-source hash and interval checks passed; retained in primary",1512
2021-06-02,0.0000381277713020736,0.00150659133709981,FALSE,0.00347501238483806,-0.36222402421707,0.0144346937568152,-0.14610540449489,"Frozen-source hash and interval checks passed; retained in primary",1513
2016-01-27,0.0000380221188619341,0.00150659133709981,FALSE,0.00363369363236104,-0.35370739771172,0.1024536435418,-0.336984312155053,"Frozen-source hash and interval checks passed; retained in primary",1514
2019-09-25,0.0000379772426573109,0.00150659133709981,FALSE,0.00354293364503454,0.358014094186142,0.558947328144566,-0.427708694792805,"Frozen-source hash and interval checks passed; retained in primary",1515
2015-12-29,0.0000379154012103133,0.00150659133709981,FALSE,0.00187130641914731,-0.492628198467425,-0.0212204631895307,-0.116308063289949,"Frozen-source hash and interval checks passed; retained in primary",1516
2018-06-13,0.0000377611284125704,0.00150659133709981,FALSE,0.00213292310478316,-0.460428133627875,-0.0523773957263884,-0.172234099595592,"Frozen-source hash and interval checks passed; retained in primary",1517
2016-09-26,0.0000376249244325616,0.00150659133709981,FALSE,0.00420290606556286,-0.327068731522253,-0.78826718846372,0.695205898612894,"Frozen-source hash and interval checks passed; retained in primary",1518
2019-04-02,0.0000376223559732806,0.00150659133709981,FALSE,0.00495505822904788,-0.301099881176616,-0.0798670957235625,-0.026952967235605,"Frozen-source hash and interval checks passed; retained in primary",1519
2021-06-04,0.0000376219820794163,0.00150659133709981,FALSE,0.00567004479632046,0.281373683285931,-0.546367619563171,0.782889751991611,"Frozen-source hash and interval checks passed; retained in primary",1520
2023-07-24,0.0000375949436441832,0.00150659133709981,FALSE,0.00289863571151418,0.393938274313057,-0.234308878507328,0.395844158642777,"Frozen-source hash and interval checks passed; retained in primary",1521
2022-05-27,0.0000374701170422636,0.00150659133709981,FALSE,0.00290399744633594,0.392919443577367,0.131848678347701,0.0707630646346047,"Frozen-source hash and interval checks passed; retained in primary",1522
2018-05-10,0.0000372053121467425,0.00150659133709981,FALSE,0.00133220284482851,-0.578520088409371,-0.304709570299666,0.13685509184036,"Frozen-source hash and interval checks passed; retained in primary",1523
2018-04-20,0.0000371757086008594,0.00150659133709981,FALSE,0.00155853875545671,0.534592364131936,0.289982126736765,-0.167426325037034,"Frozen-source hash and interval checks passed; retained in primary",1524
2025-12-01,0.0000370991718583724,0.00150659133709981,FALSE,0.00554822007793129,0.282480033157045,-0.423616497995516,0.571521863899971,"Frozen-source hash and interval checks passed; retained in primary",1525
2020-05-19,0.0000370726878432319,0.00150659133709981,FALSE,0.00505043326506058,0.296042372090137,0.592814084943871,-0.59496317551222,"Frozen-source hash and interval checks passed; retained in primary",1526
2016-03-10,0.0000368032283075787,0.00150659133709981,FALSE,0.00274227818140624,-0.400757381833026,-0.114600364471285,-0.0353731874930041,"Frozen-source hash and interval checks passed; retained in primary",1527
2021-12-08,0.0000367178514307598,0.00150659133709981,FALSE,0.00416456860378805,-0.32459216297024,0.140915444078393,-0.193457675531228,"Frozen-source hash and interval checks passed; retained in primary",1528
2025-05-19,0.0000366849218454291,0.00150659133709981,FALSE,0.00307155561509533,-0.377996017501915,-0.782319404176102,0.707882410283744,"Frozen-source hash and interval checks passed; retained in primary",1529
2023-02-16,0.0000366444239833442,0.00150659133709981,FALSE,0.00257014549388436,0.413101621562466,-0.0926947524245492,0.201364873947618,"Frozen-source hash and interval checks passed; retained in primary",1530
2018-08-21,0.0000366114481865585,0.00150659133709981,FALSE,0.00243157489301831,0.42454780419938,0.207055955034896,-0.0905551089681822,"Frozen-source hash and interval checks passed; retained in primary",1531
2025-05-22,0.0000366079963498495,0.00150659133709981,FALSE,0.00201197651862522,-0.466798888836494,0.0341950972576388,-0.146051422143678,"Frozen-source hash and interval checks passed; retained in primary",1532
2019-03-14,0.0000365403990781914,0.00150659133709981,FALSE,0.0022164289639473,0.444292039690049,0.51740164401477,-0.430609797881853,"Frozen-source hash and interval checks passed; retained in primary",1533
2018-08-13,0.000036351789627254,0.00150659133709981,FALSE,0.00330996986095739,-0.362427846542433,-0.19523124712606,0.00903709729049851,"Frozen-source hash and interval checks passed; retained in primary",1534
2015-05-01,0.0000363486849840719,0.00150659133709981,FALSE,0.00270980916975802,0.400660376257258,0.461984052179076,-0.291581828612308,"Frozen-source hash and interval checks passed; retained in primary",1535
2018-10-23,0.0000362670256480082,0.00150659133709981,FALSE,0.0033721739302242,0.358639494515119,-0.390177447066931,0.586929208244857,"Frozen-source hash and interval checks passed; retained in primary",1536
2019-07-25,0.0000362181880415644,0.00150659133709981,FALSE,0.00325202036807023,0.364980814600249,0.47834965468998,-0.461553482536115,"Frozen-source hash and interval checks passed; retained in primary",1537
2025-06-24,0.0000361610678807153,0.00150659133709981,FALSE,0.00539167730890934,-0.282927619309984,-0.971855992472026,1.07767800035798,"Frozen-source hash and interval checks passed; retained in primary",1538
2015-04-20,0.0000361333107623616,0.00150659133709981,FALSE,0.00181409206757946,0.48845049734458,0.36867429508578,-0.209828437387127,"Frozen-source hash and interval checks passed; retained in primary",1539
2016-07-27,0.000036129349526044,0.00150659133709981,FALSE,0.00745164565140435,-0.240309219996473,0.536006522491039,-0.779175359758444,"Frozen-source hash and interval checks passed; retained in primary",1540
2020-11-09,0.0000359951196983463,0.00150659133709981,FALSE,0.013896510078862,0.175073659047419,1.98223249079366,-2.16379911678306,"Frozen-source hash and interval checks passed; retained in primary",1541
2016-08-03,0.0000357498051752528,0.00150659133709981,FALSE,0.00425550090566177,-0.316829839259948,0.375148343957799,-0.514445139327879,"Frozen-source hash and interval checks passed; retained in primary",1542
2019-03-12,0.0000357478070681922,0.00150659133709981,FALSE,0.00266047669478154,-0.401011762166365,0.021641744527523,-0.152747233077211,"Frozen-source hash and interval checks passed; retained in primary",1543
2014-04-02,0.000035670100700704,0.00150659133709981,FALSE,0.00155115504711127,0.524901839858775,0.416054329604032,-0.289379964649239,"Frozen-source hash and interval checks passed; retained in primary",1544
2024-06-21,0.0000356651447075409,0.00150659133709981,FALSE,0.00313918165974211,0.368656297658904,0.542569581290842,-0.42737793666463,"Frozen-source hash and interval checks passed; retained in primary",1545
2015-02-13,0.000035642094563025,0.00150659133709981,FALSE,0.00145642769797913,0.541515980496319,0.194000221195312,0.0168477803447864,"Frozen-source hash and interval checks passed; retained in primary",1546
2018-09-06,0.0000355169567508442,0.00150659133709981,FALSE,0.00221146344475585,-0.438518448439145,-0.638423956644107,0.539715261727203,"Frozen-source hash and interval checks passed; retained in primary",1547
2016-05-26,0.00003548542954258,0.00150659133709981,FALSE,0.00188219326583438,-0.47519783191572,-0.506848028277718,0.436443682426013,"Frozen-source hash and interval checks passed; retained in primary",1548
2022-10-17,0.0000354620046740751,0.00150659133709981,FALSE,0.00222061700215839,0.437273035158684,0.338706429194957,-0.168253901119098,"Frozen-source hash and interval checks passed; retained in primary",1549
2017-08-25,0.0000353236481233819,0.00150659133709981,FALSE,0.00156421686494131,-0.520157643504699,-0.194542512187335,0.0914996861348882,"Frozen-source hash and interval checks passed; retained in primary",1550
2014-07-25,0.0000352498119937348,0.00150659133709981,FALSE,0.00186368583912961,0.475967830760057,0.106989894333642,0.00982173550854171,"Frozen-source hash and interval checks passed; retained in primary",1551
2019-11-21,0.0000351838019089391,0.00150659133709981,FALSE,0.00136791328744677,0.55518213214114,0.0811678479323064,0.128913461683666,"Frozen-source hash and interval checks passed; retained in primary",1552
2021-06-11,0.0000351766944101906,0.00150659133709981,FALSE,0.00314377402052408,0.365854784104682,0.368056792726801,-0.237183106994721,"Frozen-source hash and interval checks passed; retained in primary",1553
2018-09-28,0.0000350184372110055,0.00150659133709981,FALSE,0.00210527729458582,0.446299821343595,0.228278444669261,-0.0881601044492974,"Frozen-source hash and interval checks passed; retained in primary",1554
2026-05-01,0.0000349650709512687,0.00150659133709981,FALSE,0.00116886216896733,0.598786795933895,0.253996242611354,-0.063812139233832,"Frozen-source hash and interval checks passed; retained in primary",1555
2019-04-26,0.000034907435515215,0.00150659133709981,FALSE,0.00205300600945158,-0.451240656175828,-0.108775214293821,-0.00896097496001502,"Frozen-source hash and interval checks passed; retained in primary",1556
2020-08-17,0.000034890894950788,0.00150659133709981,FALSE,0.00280807996257458,-0.38559493254208,-0.540653434998806,0.489504884054703,"Frozen-source hash and interval checks passed; retained in primary",1557
2015-04-08,0.0000347612681852077,0.00150659133709981,FALSE,0.00202456012007038,0.453453770029932,-0.0907617360245805,0.332889788103685,"Frozen-source hash and interval checks passed; retained in primary",1558
2014-10-23,0.0000347448974946832,0.00150659133709981,FALSE,0.00312135785610848,0.364909781556413,0.845976229151146,-0.779658673723116,"Frozen-source hash and interval checks passed; retained in primary",1559
2018-04-23,0.0000346793000142594,0.00150659133709981,FALSE,0.00412253321671732,0.317063796561257,0.929693110083685,-0.943490487901499,"Frozen-source hash and interval checks passed; retained in primary",1560
2014-03-17,0.0000346441839343144,0.00150659133709981,FALSE,0.003543206793975,-0.34192966201618,0.0982077051283614,-0.157573402704259,"Frozen-source hash and interval checks passed; retained in primary",1561
2017-10-26,0.0000346314480144863,0.00150659133709981,FALSE,0.00126782842254191,0.572163601441395,0.205117980781067,-0.0175886026308802,"Frozen-source hash and interval checks passed; retained in primary",1562
2023-09-21,0.0000346196800295215,0.00150659133709981,FALSE,0.00590172386379441,-0.26453148228251,-0.361215017145611,0.216831633944903,"Frozen-source hash and interval checks passed; retained in primary",1563
2023-03-06,0.0000346128658848592,0.00150659133709981,FALSE,0.00214388326388813,0.43968616223029,0.0347077394244888,0.11763842250696,"Frozen-source hash and interval checks passed; retained in primary",1564
2017-06-21,0.0000345510785867091,0.00150659133709981,FALSE,0.00119511887712638,-0.588648718152295,-0.0877094894667252,-0.107604027599173,"Frozen-source hash and interval checks passed; retained in primary",1565
2024-05-17,0.0000344734721716534,0.00150659133709981,FALSE,0.0039223993372109,-0.324118500103987,0.117458986213137,-0.205907028544239,"Frozen-source hash and interval checks passed; retained in primary",1566
2022-09-29,0.0000344689306027632,0.00150659133709981,FALSE,0.00211262785747941,0.442011725397047,0.326438459999689,-0.207900282783324,"Frozen-source hash and interval checks passed; retained in primary",1567
2024-04-16,0.0000343536197685072,0.00150659133709981,FALSE,0.0096471652774264,0.205717856395179,0.336554011270396,-0.207240537872977,"Frozen-source hash and interval checks passed; retained in primary",1568
2026-06-29,0.0000342917923693207,0.00150659133709981,FALSE,0.00950329421500884,0.207097638177477,0.247423888301057,-0.160692247186489,"Frozen-source hash and interval checks passed; retained in primary",1569
2023-07-19,0.0000342870710231842,0.00150659133709981,FALSE,0.00295876046812795,0.372355243349255,0.648265362888667,-0.58844805610665,"Frozen-source hash and interval checks passed; retained in primary",1570
2020-05-15,0.0000342621912201045,0.00150659133709981,FALSE,0.0025131483613951,-0.403964048882738,0.0364068874580514,-0.167941819655404,"Frozen-source hash and interval checks passed; retained in primary",1571
2025-11-14,0.0000342509366924673,0.00150659133709981,FALSE,0.00511315582586927,0.282793341406105,0.233739997189009,-0.15531973093994,"Frozen-source hash and interval checks passed; retained in primary",1572
2024-01-26,0.0000339032032055155,0.00150659133709981,FALSE,0.00439589820684207,-0.303550193723811,0.113540510085341,-0.169130372150317,"Frozen-source hash and interval checks passed; retained in primary",1573
2024-05-21,0.0000338954534008464,0.00150659133709981,FALSE,0.00376105582362403,-0.32823751382243,-0.0820952864345248,0.00640676554652941,"Frozen-source hash and interval checks passed; retained in primary",1574
2025-08-20,0.0000338165499958922,0.00150659133709981,FALSE,0.00264440012789862,0.391216084983516,-0.181616790856598,0.359432077986721,"Frozen-source hash and interval checks passed; retained in primary",1575
2017-06-16,0.0000338044624142354,0.00150659133709981,FALSE,0.00113845134001364,-0.596585991230715,-0.0326063078941008,-0.162528252481398,"Frozen-source hash and interval checks passed; retained in primary",1576
2016-02-22,0.0000337958618243482,0.00150659133709981,FALSE,0.00510756752736148,-0.281062814635017,0.50579157295334,-0.620734457433425,"Frozen-source hash and interval checks passed; retained in primary",1577
2023-03-09,0.0000337550145635555,0.00150659133709981,FALSE,0.00448905211067335,-0.299712923289906,-0.72053351909549,0.562887556614644,"Frozen-source hash and interval checks passed; retained in primary",1578
2022-10-19,0.0000335597546631943,0.00150659133709981,FALSE,0.00137267115441105,0.541275639048937,0.511682564485616,-0.361204406092774,"Frozen-source hash and interval checks passed; retained in primary",1579
2025-01-24,0.0000334873074717026,0.00150659133709981,FALSE,0.00254133045611859,0.397143649140525,-0.0617966387816082,0.26959384709091,"Frozen-source hash and interval checks passed; retained in primary",1580
2014-12-04,0.0000333646794317286,0.00150659133709981,FALSE,0.00228263626023158,0.418330481650731,0.0104943902368593,0.125266207035413,"Frozen-source hash and interval checks passed; retained in primary",1581
2021-08-17,0.0000332538416746946,0.00150659133709981,FALSE,0.00356314945992628,0.33405609937889,0.315287583779833,-0.301576650772883,"Frozen-source hash and interval checks passed; retained in primary",1582
2023-04-25,0.0000332229003248715,0.00150659133709981,FALSE,0.00248252739244437,-0.400241968446472,-0.497162664246664,0.335358215705295,"Frozen-source hash and interval checks passed; retained in primary",1583
2015-05-21,0.0000329498443801918,0.00150659133709981,FALSE,0.00178702885950032,-0.469962416578455,-0.28380056881292,0.181563143051999,"Frozen-source hash and interval checks passed; retained in primary",1584
2022-07-07,0.0000329394478261108,0.00150659133709981,FALSE,0.00499169829923108,-0.280697127442427,0.112007838797323,-0.242959810293453,"Frozen-source hash and interval checks passed; retained in primary",1585
2019-05-24,0.0000329109189846845,0.00150659133709981,FALSE,0.00206114295222167,-0.437278915767284,-0.259158373951163,0.182681819164277,"Frozen-source hash and interval checks passed; retained in primary",1586
2019-05-09,0.0000325947943125226,0.00150659133709981,FALSE,0.00304405496068425,0.357912185344465,-0.312714986528162,0.518961423293174,"Frozen-source hash and interval checks passed; retained in primary",1587
2019-05-23,0.0000323473936275051,0.00150659133709981,FALSE,0.00378050576499009,-0.319825314268934,-0.725618405999029,0.636771004532655,"Frozen-source hash and interval checks passed; retained in primary",1588
2024-04-22,0.0000321312220347182,0.00150659133709981,FALSE,0.00613562087712266,-0.249912828059671,0.145717053413641,-0.142247534654238,"Frozen-source hash and interval checks passed; retained in primary",1589
2017-05-26,0.0000320017372582036,0.00150659133709981,FALSE,0.00185168137168096,-0.454979481729534,-0.435395683715001,0.358744779365594,"Frozen-source hash and interval checks passed; retained in primary",1590
2016-08-09,0.0000319362201577482,0.00150659133709981,FALSE,0.00267595967852714,-0.377929454878925,-0.612324641752249,0.557485917408584,"Frozen-source hash and interval checks passed; retained in primary",1591
2015-07-01,0.0000318265996157635,0.00150659133709981,FALSE,0.00471049246630041,-0.284071261206581,0.648097756292021,-0.750656266356309,"Frozen-source hash and interval checks passed; retained in primary",1592
2020-10-23,0.0000317794249210637,0.00150659133709981,FALSE,0.00441723368491563,-0.293175137483793,-0.176106359241324,0.0953925475370987,"Frozen-source hash and interval checks passed; retained in primary",1593
2020-08-20,0.0000317517214260041,0.00150659133709981,FALSE,0.00213492701582526,-0.422006028738545,-0.0509605692155191,-0.0945537135498498,"Frozen-source hash and interval checks passed; retained in primary",1594
2025-06-11,0.0000317461850500498,0.00150659133709981,FALSE,0.00306296071014408,0.352127179113931,-0.148201317832308,0.297177038915741,"Frozen-source hash and interval checks passed; retained in primary",1595
2018-08-06,0.0000316794413065724,0.00150659133709981,FALSE,0.00179541105360784,-0.459734624696015,0.106415003470506,-0.278589261287454,"Frozen-source hash and interval checks passed; retained in primary",1596
2016-09-28,0.0000315939670142662,0.00150659133709981,FALSE,0.00298372557572042,0.355929831044799,0.359566171452252,-0.209028095816688,"Frozen-source hash and interval checks passed; retained in primary",1597
2022-01-19,0.0000315707610166692,0.00150659133709981,FALSE,0.00640635262750929,-0.24239972982917,-0.35512603472343,0.279622691806747,"Frozen-source hash and interval checks passed; retained in primary",1598
2021-05-07,0.0000314927730269708,0.00150659133709981,FALSE,0.00598563665338151,0.250517015658183,-0.389587640897426,0.597181250144718,"Frozen-source hash and interval checks passed; retained in primary",1599
2017-02-14,0.000031461467956474,0.00150659133709981,FALSE,0.0042434543979625,0.297643860989242,0.544972034869495,-0.482182146690846,"Frozen-source hash and interval checks passed; retained in primary",1600
2016-02-09,0.0000313728430262186,0.00150659133709981,FALSE,0.011373213575999,0.180901492746139,-0.545380072538348,0.780915031416463,"Frozen-source hash and interval checks passed; retained in primary",1601
2021-10-28,0.0000311920441126162,0.00150659133709981,FALSE,0.00444903354405312,0.28940861192798,-0.164337902388345,0.325804893490211,"Frozen-source hash and interval checks passed; retained in primary",1602
2020-02-20,0.0000311664986779331,0.00150659133709981,FALSE,0.00379587855859055,0.313294407796792,0.554454241413094,-0.618752814791801,"Frozen-source hash and interval checks passed; retained in primary",1603
2019-04-18,0.0000311275911535946,0.00150659133709981,FALSE,0.003014336351732,-0.351489196541271,-0.144641959218372,0.0535857831880371,"Frozen-source hash and interval checks passed; retained in primary",1604
2016-08-18,0.0000311037974586382,0.00150659133709981,FALSE,0.00217242579527648,-0.414049825309479,-0.221558025904223,0.169736948544852,"Frozen-source hash and interval checks passed; retained in primary",1605
2019-03-15,0.000031093657229725,0.00150659133709981,FALSE,0.00204056884081726,-0.427176491425779,-0.23225322270477,0.125403097766785,"Frozen-source hash and interval checks passed; retained in primary",1606
2017-07-12,0.0000310697929283535,0.00150659133709981,FALSE,0.00377070576428387,0.313854336782298,-0.59217073808524,0.888347457758165,"Frozen-source hash and interval checks passed; retained in primary",1607
2023-04-06,0.0000309888898808288,0.00150659133709981,FALSE,0.00288168329379163,-0.358710306539717,0.325453954489063,-0.426212685694161,"Frozen-source hash and interval checks passed; retained in primary",1608
2016-11-15,0.000030952297875507,0.00150659133709981,FALSE,0.00239549570143938,0.393295134640789,0.675219597364718,-0.589211794858358,"Frozen-source hash and interval checks passed; retained in primary",1609
2019-09-18,0.0000308187427952263,0.00150659133709981,FALSE,0.00255749433673743,0.379782262699539,0.211560011122236,-0.0462342233951141,"Frozen-source hash and interval checks passed; retained in primary",1610
2017-03-22,0.0000307779463543035,0.00150659133709981,FALSE,0.00594717504148086,0.248461906623091,-0.528468782987934,0.753501950441926,"Frozen-source hash and interval checks passed; retained in primary",1611
2014-03-11,0.0000306503960509113,0.00150659133709981,FALSE,0.00169414836312185,-0.465548312184128,-0.2437140292888,0.0484472660994051,"Frozen-source hash and interval checks passed; retained in primary",1612
2018-06-14,0.0000304341629549321,0.00150659133709981,FALSE,0.00189605426380945,0.438463866101452,0.21889339246397,-0.0271677610908405,"Frozen-source hash and interval checks passed; retained in primary",1613
2018-11-29,0.000030351415219774,0.00150659133709981,FALSE,0.00306094173029936,0.344418816884841,-0.289867902954111,0.474976704382613,"Frozen-source hash and interval checks passed; retained in primary",1614
2017-12-12,0.0000303498738168826,0.00150659133709981,FALSE,0.00235641571029254,-0.39267280084284,0.0251881868600812,-0.246739638750793,"Frozen-source hash and interval checks passed; retained in primary",1615
2018-12-21,0.0000302353776928295,0.00150659133709981,FALSE,0.0040637959231019,0.298193475580615,-0.10083551652218,0.17979149035865,"Frozen-source hash and interval checks passed; retained in primary",1616
2020-08-07,0.0000302077455566915,0.00150659133709981,FALSE,0.00341135783922603,-0.325419900598075,0.260753898282218,-0.378358377963917,"Frozen-source hash and interval checks passed; retained in primary",1617
2017-06-05,0.0000301545106295637,0.00150659133709981,FALSE,0.00447740629004253,0.283647573944567,0.113531006375345,0,"Frozen-source hash and interval checks passed; retained in primary",1618
2023-02-17,0.0000301523771690386,0.00150659133709981,FALSE,0.00342810932390904,0.32432347636181,0.31875610747103,-0.193914141909701,"Frozen-source hash and interval checks passed; retained in primary",1619
2018-04-13,0.0000299544467214972,0.00150659133709981,FALSE,0.00379164256346363,-0.307314229428501,0.124562591060684,-0.204822713818675,"Frozen-source hash and interval checks passed; retained in primary",1620
2016-01-26,0.0000297165834367099,0.00150659133709981,FALSE,0.0040911547533773,0.29462995691491,0.159490929741057,0.0421851936228457,"Frozen-source hash and interval checks passed; retained in primary",1621
2021-02-01,0.00002956949453739,0.00150659133709981,FALSE,0.00301411327066814,-0.342592060521758,0.227691239556727,-0.314870733881811,"Frozen-source hash and interval checks passed; retained in primary",1622
2021-05-25,0.0000295232728689286,0.00150659133709981,FALSE,0.00414970429496933,-0.291582413542431,-0.001719510792908,-0.128581942770811,"Frozen-source hash and interval checks passed; retained in primary",1623
2019-12-04,0.0000295105325669112,0.00150659133709981,FALSE,0.00229250684376264,-0.39257753445861,0.203130624854131,-0.312787743516463,"Frozen-source hash and interval checks passed; retained in primary",1624
2023-11-09,0.0000294104522643086,0.00150659133709981,FALSE,0.00382474037637485,0.303185460191534,0.21826319588385,-0.178920560636264,"Frozen-source hash and interval checks passed; retained in primary",1625
2014-07-16,0.0000293492691759905,0.00150659133709981,FALSE,0.00149242321797209,0.485421438197179,0.272370420613255,-0.0688603637460261,"Frozen-source hash and interval checks passed; retained in primary",1626
2020-05-28,0.0000292024580983737,0.00150659133709981,FALSE,0.00565524511093848,0.248223619974644,-0.0602317116361828,0.111389596591138,"Frozen-source hash and interval checks passed; retained in primary",1627
2025-07-18,0.000029153159888509,0.00150659133709981,FALSE,0.00190372808365446,0.428269551519223,0.170955039321807,0,"Frozen-source hash and interval checks passed; retained in primary",1628
2021-12-14,0.0000291446865230184,0.00150659133709981,FALSE,0.00360253735714728,0.311015746225238,0.220815631061244,-0.184981334403567,"Frozen-source hash and interval checks passed; retained in primary",1629
2017-07-20,0.000029090500866333,0.00150659133709981,FALSE,0.00114040710095995,0.552953343499748,0.135221229497118,0.080554938345756,"Frozen-source hash and interval checks passed; retained in primary",1630
2017-09-26,0.0000290732539535021,0.00150659133709981,FALSE,0.0022194665843141,0.396032340015984,0.52335348127488,-0.464701461815853,"Frozen-source hash and interval checks passed; retained in primary",1631
2026-01-16,0.0000290382156226587,0.00150659133709981,FALSE,0.0036508646102708,0.308378077179759,-0.141133430892193,0.303298602274804,"Frozen-source hash and interval checks passed; retained in primary",1632
2014-09-29,0.0000290165265512077,0.00150659133709981,FALSE,0.00204756513411557,-0.411954634454202,-0.167826606414057,-0.0182932406985969,"Frozen-source hash and interval checks passed; retained in primary",1633
2024-10-04,0.0000290033581344036,0.00150659133709981,FALSE,0.00475570626790347,0.2698808705066,1.30638872704698,-1.26562550264966,"Frozen-source hash and interval checks passed; retained in primary",1634
2015-07-27,0.0000290033227893322,0.00150659133709981,FALSE,0.00297978341836841,-0.341251158008048,-0.557004997286414,0.404891637437554,"Frozen-source hash and interval checks passed; retained in primary",1635
2025-10-01,0.0000288562492124795,0.00150659133709981,FALSE,0.0068419604625081,-0.224196828219629,-0.590323851988428,0.54891202778693,"Frozen-source hash and interval checks passed; retained in primary",1636
2022-10-20,0.0000287827563740187,0.00150659133709981,FALSE,0.00164727514306876,0.457525964411263,0.2140306222711,-0.0333789515432947,"Frozen-source hash and interval checks passed; retained in primary",1637
2024-02-22,0.00002877905848376,0.00150659133709981,FALSE,0.00646600319229577,-0.23035748204212,0.135139615681235,-0.21933477272027,"Frozen-source hash and interval checks passed; retained in primary",1638
2019-12-02,0.0000286976273374695,0.00150659133709981,FALSE,0.00340529457449123,0.317464789028735,-0.311432543481294,0.347730950680081,"Frozen-source hash and interval checks passed; retained in primary",1639
2025-03-06,0.0000286768859209167,0.00150659133709981,FALSE,0.00629915048847482,-0.232993312559993,-0.697853008289728,0.620115225236084,"Frozen-source hash and interval checks passed; retained in primary",1640
2020-05-12,0.0000285743916579211,0.00150659133709981,FALSE,0.00683583997007919,-0.223199745713598,-0.481211526611958,0.344138366890956,"Frozen-source hash and interval checks passed; retained in primary",1641
2020-09-09,0.0000284656816740848,0.00150659133709981,FALSE,0.00294747824408392,-0.339926585027875,0.195008968420574,-0.245051960517717,"Frozen-source hash and interval checks passed; retained in primary",1642
2018-07-27,0.0000284367752979095,0.00150659133709981,FALSE,0.00151071455671824,0.474909977258808,-0.0907927643504003,0.234086718939341,"Frozen-source hash and interval checks passed; retained in primary",1643
2015-08-19,0.0000284146817056971,0.00150659133709981,FALSE,0.0024386213908469,-0.373473373598387,-0.381308019471982,0.233409901131232,"Frozen-source hash and interval checks passed; retained in primary",1644
2014-12-30,0.0000283992550187122,0.00150659133709981,FALSE,0.00532277690601811,-0.252357404176846,-0.984931788555699,1.02539350352835,"Frozen-source hash and interval checks passed; retained in primary",1645
2019-04-17,0.0000281938845739014,0.00150659133709981,FALSE,0.00184072272103689,0.428325390005159,0.15874688908557,-0.044652825032987,"Frozen-source hash and interval checks passed; retained in primary",1646
2015-04-28,0.0000280671567994825,0.00150659133709981,FALSE,0.00295616078624859,-0.337041155269155,-0.332067298934025,0.2689981447209,"Frozen-source hash and interval checks passed; retained in primary",1647
2019-09-04,0.0000278903474993063,0.00150659133709981,FALSE,0.00295305530146419,-0.33615501844882,0.300287161385038,-0.377074353271212,"Frozen-source hash and interval checks passed; retained in primary",1648
2015-12-03,0.0000277654772232517,0.00150659133709981,FALSE,0.00245959529441292,-0.367600941660899,-0.536303302460972,0.373104496412235,"Frozen-source hash and interval checks passed; retained in primary",1649
2015-10-02,0.0000277277145620274,0.00150659133709981,FALSE,0.00244937010849873,0.368118740273966,0.0479852688662685,0.133891233391203,"Frozen-source hash and interval checks passed; retained in primary",1650
2014-06-05,0.0000277112313484009,0.00150659133709981,FALSE,0.00125584302279105,0.514254359810669,-0.0106590135435791,0.243747987887932,"Frozen-source hash and interval checks passed; retained in primary",1651
2019-02-08,0.0000276045307467122,0.00150659133709981,FALSE,0.00536307492487394,-0.247859839609156,0.00391795754506319,-0.0546796696390572,"Frozen-source hash and interval checks passed; retained in primary",1652
2019-06-11,0.0000274442303308831,0.00150659133709981,FALSE,0.00238565451961451,0.371102361514851,0.100708223663748,0.0368527735882473,"Frozen-source hash and interval checks passed; retained in primary",1653
2015-12-30,0.0000273753106337271,0.00150659133709981,FALSE,0.00257464767167502,0.35673970532143,0.192057742472951,-0.13275806795523,"Frozen-source hash and interval checks passed; retained in primary",1654
2015-02-10,0.000027273542910308,0.00150659133709981,FALSE,0.00263339756724565,0.352071278680836,0.613353679454898,-0.520965803092555,"Frozen-source hash and interval checks passed; retained in primary",1655
2016-06-07,0.0000271921951199139,0.00150659133709981,FALSE,0.0018639041335479,-0.418018836323742,-0.194542521374341,0.0279550856780553,"Frozen-source hash and interval checks passed; retained in primary",1656
2021-12-23,0.0000271507300483036,0.00150659133709981,FALSE,0.00307027976598432,0.325255519582716,0.289189045504212,-0.174947560366601,"Frozen-source hash and interval checks passed; retained in primary",1657
2023-04-05,0.0000270694502673548,0.00150659133709981,FALSE,0.00312758575851636,0.321769974984056,-0.212346070926817,0.373035337990579,"Frozen-source hash and interval checks passed; retained in primary",1658
2025-06-02,0.0000269241923791788,0.00150659133709981,FALSE,0.00620981792603104,0.227389225867246,-0.755055212730138,0.989762035447317,"Frozen-source hash and interval checks passed; retained in primary",1659
2019-04-11,0.0000269013721748011,0.00150659133709981,FALSE,0.00256912062903288,0.354019346430285,0.567770881019092,-0.503598186617005,"Frozen-source hash and interval checks passed; retained in primary",1660
2016-02-19,0.0000266237290961277,0.00150659133709981,FALSE,0.00696541670117981,0.213419304895216,-0.7464584464421,1.0617689555052,"Frozen-source hash and interval checks passed; retained in primary",1661
2016-08-24,0.0000265660292372325,0.00150659133709981,FALSE,0.00180768706190168,0.419565173455569,0.329433186372308,-0.298953884836628,"Frozen-source hash and interval checks passed; retained in primary",1662
2023-05-01,0.0000265171479742252,0.00150659133709981,FALSE,0.00446953876002772,-0.266225684121336,0.820074078725774,-0.995105892041526,"Frozen-source hash and interval checks passed; retained in primary",1663
2017-08-10,0.000026515375409968,0.00150659133709981,FALSE,0.00916423892044595,-0.185477890533655,-0.8310048902612,0.610730670923942,"Frozen-source hash and interval checks passed; retained in primary",1664
2022-06-29,0.0000264745972180517,0.00150659133709981,FALSE,0.00269795235640028,0.342690070676748,0.346767805401038,-0.227364504414851,"Frozen-source hash and interval checks passed; retained in primary",1665
2025-09-12,0.0000264682116013565,0.00150659133709981,FALSE,0.00180611288598915,-0.418974826116249,0.287144708289278,-0.460986512246464,"Frozen-source hash and interval checks passed; retained in primary",1666
2015-03-10,0.0000264665243013671,0.00150659133709981,FALSE,0.00261354981040518,0.34814119845279,0.062715976695138,-0.0247555391782228,"Frozen-source hash and interval checks passed; retained in primary",1667
2021-11-29,0.0000264110299803691,0.00150659133709981,FALSE,0.00940554536414251,0.182700294390904,0.433302380835565,-0.255270593263823,"Frozen-source hash and interval checks passed; retained in primary",1668
2017-10-11,0.0000263612520661221,0.00150659133709981,FALSE,0.00139817224247646,-0.475323712258585,-0.000829085750453373,-0.178173766512035,"Frozen-source hash and interval checks passed; retained in primary",1669
2014-08-01,0.0000263262484609411,0.00150659133709981,FALSE,0.00176394606335212,-0.422823469889621,-0.39321188330903,0.292397869143546,"Frozen-source hash and interval checks passed; retained in primary",1670
2018-04-04,0.0000262479099647086,0.00150659133709981,FALSE,0.00377867279498107,0.288168337430516,0.21375625082376,-0.103281545259026,"Frozen-source hash and interval checks passed; retained in primary",1671
2014-11-26,0.0000261863548417353,0.00150659133709981,FALSE,0.00219352566493471,0.378076728195741,-0.136264995892788,0.331083964730183,"Frozen-source hash and interval checks passed; retained in primary",1672
2020-06-05,0.0000260522666712041,0.00150659133709981,FALSE,0.006703902308344,-0.215223111957568,0.519397182611625,-0.621915302491516,"Frozen-source hash and interval checks passed; retained in primary",1673
2016-10-18,0.0000259709365198489,0.00150659133709981,FALSE,0.00163226869285434,0.436600140072712,0.0727491630557076,0.154023904150158,"Frozen-source hash and interval checks passed; retained in primary",1674
2015-03-20,0.0000259089912687466,0.00150659133709981,FALSE,0.00308782404284702,-0.316823985801281,-0.501981448458677,0.514139950041859,"Frozen-source hash and interval checks passed; retained in primary",1675
2015-12-22,0.0000258757608311376,0.00150659133709981,FALSE,0.0022844893387248,-0.368252735251695,-0.0879291448488306,0.0413342708319497,"Frozen-source hash and interval checks passed; retained in primary",1676
2021-07-27,0.000025808344892734,0.00150659133709981,FALSE,0.00360165149714012,0.292709188571753,-0.526846065874675,0.609231254670561,"Frozen-source hash and interval checks passed; retained in primary",1677
2025-10-31,0.000025805526472219,0.00150659133709981,FALSE,0.0073386563583329,0.204662966117992,0.0115693306307119,0.0778664629570436,"Frozen-source hash and interval checks passed; retained in primary",1678
2019-10-25,0.0000257968344660572,0.00150659133709981,FALSE,0.00161452519712135,-0.43752265404211,0.0205859926144303,-0.119611736209446,"Frozen-source hash and interval checks passed; retained in primary",1679
2015-03-24,0.000025725094188545,0.00150659133709981,FALSE,0.00124772087270995,-0.497094870072769,-0.0575699669483232,-0.133533653626206,"Frozen-source hash and interval checks passed; retained in primary",1680
2016-01-13,0.00002560908903421,0.00150659133709981,FALSE,0.00420679150517359,-0.269709829132747,0.00479087271649803,-0.237449229611819,"Frozen-source hash and interval checks passed; retained in primary",1681
2023-01-30,0.000025593350946964,0.00150659133709981,FALSE,0.00196000810413437,0.395456972739749,0.38311424207591,-0.307361545184914,"Frozen-source hash and interval checks passed; retained in primary",1682
2015-06-22,0.0000255862340121612,0.00150659133709981,FALSE,0.00210265038764803,0.381727288678218,0.577310133217601,-0.471583929499531,"Frozen-source hash and interval checks passed; retained in primary",1683
2020-04-21,0.0000254864272649629,0.00150659133709981,FALSE,0.00629107723263854,0.219792155975372,0.0725494215194189,0,"Frozen-source hash and interval checks passed; retained in primary",1684
2021-10-27,0.000025422232950706,0.00150659133709981,FALSE,0.00251173723141638,0.348068134396042,-0.268480483948563,0.386066988249745,"Frozen-source hash and interval checks passed; retained in primary",1685
2025-12-05,0.0000252712683184537,0.00150659133709981,FALSE,0.00519462723896766,-0.24098832843783,0.220008708582853,-0.257898273181922,"Frozen-source hash and interval checks passed; retained in primary",1686
2024-12-06,0.0000252509679671491,0.00150659133709981,FALSE,0.00210381694207827,0.379112710411818,-0.0611630084775605,0.273360839626857,"Frozen-source hash and interval checks passed; retained in primary",1687
2020-07-21,0.0000252224757601938,0.00150659133709981,FALSE,0.00763352531283084,-0.198361757107371,-0.377314635313386,0.364435295652399,"Frozen-source hash and interval checks passed; retained in primary",1688
2020-08-04,0.0000252177597622161,0.00150659133709981,FALSE,0.0113666007107402,0.162235619534589,-0.152657223530461,0.226436553020992,"Frozen-source hash and interval checks passed; retained in primary",1689
2020-01-23,0.0000250783209980191,0.00150659133709981,FALSE,0.00192281171261619,0.395233307584808,-0.266097350715011,0.492432145907351,"Frozen-source hash and interval checks passed; retained in primary",1690
2024-11-22,0.0000250596437456475,0.00150659133709981,FALSE,0.00250057080678984,0.346349702513207,0.241669682981982,-0.045250332069191,"Frozen-source hash and interval checks passed; retained in primary",1691
2017-11-01,0.0000246781312356783,0.00150659133709981,FALSE,0.00303656269779269,0.311813739038453,0.409765112993998,-0.360170811455429,"Frozen-source hash and interval checks passed; retained in primary",1692
2021-07-12,0.0000245829860535338,0.00150659133709981,FALSE,0.00322064468109651,0.302159359213134,0.249787205906271,-0.163235730451472,"Frozen-source hash and interval checks passed; retained in primary",1693
2018-06-08,0.0000245379338422994,0.00150659133709981,FALSE,0.00250094852462805,0.342699513426952,-0.235912027860952,0.428500450516722,"Frozen-source hash and interval checks passed; retained in primary",1694
2025-02-10,0.0000244307819213862,0.00150659133709981,FALSE,0.00192933522385844,0.389436008603378,0.436190115555046,-0.277209602638795,"Frozen-source hash and interval checks passed; retained in primary",1695
2016-01-14,0.00002440251093695,0.00150659133709981,FALSE,0.00334824707241257,0.295237044855257,0.136175808935679,0.0254140371565903,"Frozen-source hash and interval checks passed; retained in primary",1696
2015-10-19,0.0000242103198213026,0.00150659133709981,FALSE,0.00229360971336108,0.355494187056557,0.0813397626943768,0.0836470144966128,"Frozen-source hash and interval checks passed; retained in primary",1697
2018-07-31,0.0000241358815049161,0.00150659133709981,FALSE,0.00403633257223237,-0.267331713519128,0.674105624754473,-0.807686343600444,"Frozen-source hash and interval checks passed; retained in primary",1698
2019-10-29,0.0000240787817072269,0.00150659133709981,FALSE,0.00171572381665253,0.41002591189999,-0.0267816119404518,0.174431992816437,"Frozen-source hash and interval checks passed; retained in primary",1699
2015-08-07,0.0000240704807281469,0.00150659133709981,FALSE,0.00291193572849223,-0.3144914705107,-0.340542257069298,0.265198853544923,"Frozen-source hash and interval checks passed; retained in primary",1700
2023-03-03,0.0000240681624782474,0.00150659133709981,FALSE,0.00405876850188707,-0.266214560790424,-0.523077887208379,0.549592853717762,"Frozen-source hash and interval checks passed; retained in primary",1701
2018-06-04,0.0000240156509405307,0.00150659133709981,FALSE,0.00307601243147264,0.305615083009298,0.253322696458058,-0.155144909056926,"Frozen-source hash and interval checks passed; retained in primary",1702
2023-12-04,0.0000240044587272885,0.00150659133709981,FALSE,0.00473933624063104,0.245949668078364,0.204375188590467,-0.101988790074614,"Frozen-source hash and interval checks passed; retained in primary",1703
2024-04-11,0.0000239839739585798,0.00150659133709981,FALSE,0.00421855989676241,0.26064602064492,0.302666957293152,-0.189486808958872,"Frozen-source hash and interval checks passed; retained in primary",1704
2021-02-03,0.0000239460245463181,0.00150659133709981,FALSE,0.00607806364401924,-0.216770835217173,-0.0429565225108508,0.0380698586496031,"Frozen-source hash and interval checks passed; retained in primary",1705
2017-09-15,0.0000239309117736384,0.00150659133709981,FALSE,0.00277013053590151,0.321527236366474,0.287774322794476,-0.162528252481398,"Frozen-source hash and interval checks passed; retained in primary",1706
2019-10-08,0.0000239013119004426,0.00150659133709981,FALSE,0.00276118635155403,-0.321849782764592,-0.195315501460724,0,"Frozen-source hash and interval checks passed; retained in primary",1707
2019-09-30,0.0000238428787003929,0.00150659133709981,FALSE,0.00164592187411083,-0.416588864836433,-0.0411968099934601,-0.0555144351785053,"Frozen-source hash and interval checks passed; retained in primary",1708
2021-03-19,0.0000238006467514467,0.00150659133709981,FALSE,0.00600279661819024,0.217470708306478,0.0127980106706893,0.110182730823905,"Frozen-source hash and interval checks passed; retained in primary",1709
2016-12-02,0.0000237695711592234,0.00150659133709981,FALSE,0.00646564041823308,0.209356749969854,-0.375806944905266,0.508549978089512,"Frozen-source hash and interval checks passed; retained in primary",1710
2021-03-05,0.0000237025355876847,0.00150659133709981,FALSE,0.00468547078403879,-0.245805491672397,0.568790666476682,-0.611622701743553,"Frozen-source hash and interval checks passed; retained in primary",1711
2018-06-06,0.0000236017384217507,0.00150659133709981,FALSE,0.0030112673053275,0.306219674206329,0.415866066320536,-0.336930610596831,"Frozen-source hash and interval checks passed; retained in primary",1712
2024-01-30,0.0000234545426930519,0.00150659133709981,FALSE,0.00248897129769649,0.335855926819948,0.177331383941448,-0.0406283862576906,"Frozen-source hash and interval checks passed; retained in primary",1713
2021-12-10,0.0000233107983408136,0.00150659133709981,FALSE,0.00573999228052673,-0.220122039518147,-0.0960817871296094,0.149852379401683,"Frozen-source hash and interval checks passed; retained in primary",1714
2014-12-05,0.000023288615014007,0.00150659133709981,FALSE,0.00685993813631446,0.201144241940674,1.30523869855454,-1.41881658222847,"Frozen-source hash and interval checks passed; retained in primary",1715
2022-01-07,0.0000232118009080713,0.00150659133709981,FALSE,0.003260001227591,-0.291828096910502,-0.210933374307753,0.146938096362792,"Frozen-source hash and interval checks passed; retained in primary",1716
2015-03-30,0.0000230750379867489,0.00150659133709981,FALSE,0.00286873628930413,0.310236354377391,0.812654394726309,-0.802478602164758,"Frozen-source hash and interval checks passed; retained in primary",1717
2018-05-30,0.000023052031569845,0.00150659133709981,FALSE,0.00363834052069658,-0.275233984835122,0.347369629936534,-0.385923478157846,"Frozen-source hash and interval checks passed; retained in primary",1718
2022-05-09,0.0000229961237484181,0.00150659133709981,FALSE,0.00626560785419638,-0.209204728687601,-0.143781458316727,-0.0153421295176592,"Frozen-source hash and interval checks passed; retained in primary",1719
2014-02-13,0.0000229912280502553,0.00150659133709981,FALSE,0.00232272579801719,-0.344245106720442,-0.338040950731822,0.27359798188753,"Frozen-source hash and interval checks passed; retained in primary",1720
2018-09-10,0.0000229729691732458,0.00150659133709981,FALSE,0.0015775719692699,0.41769738996945,0.119569129461405,0.080982593169221,"Frozen-source hash and interval checks passed; retained in primary",1721
2016-03-11,0.0000229676887262459,0.00150659133709981,FALSE,0.00290290580451789,0.307681598560154,0.593519298415268,-0.493915274690071,"Frozen-source hash and interval checks passed; retained in primary",1722
2017-12-29,0.000022879572985944,0.00150659133709981,FALSE,0.00177270773023584,0.393197484664943,-0.033650878580227,0.141881729928706,"Frozen-source hash and interval checks passed; retained in primary",1723
2022-07-25,0.0000228593232980746,0.00150659133709981,FALSE,0.00318937056590258,0.2928034214617,0.509857019008786,-0.439818917462986,"Frozen-source hash and interval checks passed; retained in primary",1724
2021-03-23,0.0000228322417358798,0.00150659133709981,FALSE,0.00399506797325061,-0.261356651898431,-0.190104567626781,0.0552282782815716,"Frozen-source hash and interval checks passed; retained in primary",1725
2015-04-02,0.0000228071154435998,0.00150659133709981,FALSE,0.00177511319630885,-0.392307827724926,-0.0497150694179105,-0.100267388079534,"Frozen-source hash and interval checks passed; retained in primary",1726
2019-11-25,0.0000228062297311473,0.00150659133709981,FALSE,0.0018169485130819,0.387749418988599,0.368176891647165,-0.25732943158685,"Frozen-source hash and interval checks passed; retained in primary",1727
2021-01-22,0.0000227820154283888,0.00150659133709981,FALSE,0.00292478376742608,0.305283809667166,0.267573914229269,-0.183282740740065,"Frozen-source hash and interval checks passed; retained in primary",1728
2018-06-19,0.0000226457050034478,0.00150659133709981,FALSE,0.00235496441855357,-0.33929651106352,-0.491605808823525,0.381021961464167,"Frozen-source hash and interval checks passed; retained in primary",1729
2021-10-04,0.0000226439778094864,0.00150659133709981,FALSE,0.00438248921699264,-0.248457904694299,-0.165798389746907,0.0270379885384031,"Frozen-source hash and interval checks passed; retained in primary",1730
2021-10-25,0.0000224724241664724,0.00150659133709981,FALSE,0.00355777575110715,0.274822547269675,0.231456545034892,-0.14082030139102,"Frozen-source hash and interval checks passed; retained in primary",1731
2015-07-29,0.000022416515668831,0.00150659133709981,FALSE,0.00419572854335297,0.252672500686855,0.363637566555308,-0.274880923344867,"Frozen-source hash and interval checks passed; retained in primary",1732
2016-06-08,0.0000222654680132618,0.00150659133709981,FALSE,0.00224356234891889,0.344706708020579,-0.386459226725444,0.579495032283894,"Frozen-source hash and interval checks passed; retained in primary",1733
2023-01-27,0.0000222461468467104,0.00150659133709981,FALSE,0.00254907375217469,0.323200922211693,-0.201214149463347,0.353384404016754,"Frozen-source hash and interval checks passed; retained in primary",1734
2024-06-06,0.0000222313757103931,0.00150659133709981,FALSE,0.00426741735305367,-0.249495428214688,-0.224908639455368,0.147346194056563,"Frozen-source hash and interval checks passed; retained in primary",1735
2021-12-15,0.0000221893179455481,0.00150659133709981,FALSE,0.00328489813907638,0.284241289880058,0.344440387364298,-0.17585514072076,"Frozen-source hash and interval checks passed; retained in primary",1736
2020-01-10,0.0000219390234566348,0.00150659133709981,FALSE,0.00180461430068057,-0.381605698104617,-0.102459704614466,-0.0274010140089764,"Frozen-source hash and interval checks passed; retained in primary",1737
2018-03-13,0.0000219286607080655,0.00150659133709981,FALSE,0.00206245323042022,0.356825845899987,0.196170553628372,-0.11259149247218,"Frozen-source hash and interval checks passed; retained in primary",1738
2018-05-21,0.0000218015959383147,0.00150659133709981,FALSE,0.00258525120471112,-0.317702977132996,0.212265333777939,-0.333649256722346,"Frozen-source hash and interval checks passed; retained in primary",1739
2018-05-02,0.0000217811635846729,0.00150659133709981,FALSE,0.00189238865376656,-0.371291218187382,0.0199263633318125,-0.182166003559026,"Frozen-source hash and interval checks passed; retained in primary",1740
2025-04-01,0.0000217797522889496,0.00150659133709981,FALSE,0.00204499446358124,0.357130139291826,-0.167388761539744,0.334113240983491,"Frozen-source hash and interval checks passed; retained in primary",1741
2015-04-17,0.0000217653491655036,0.00150659133709981,FALSE,0.00311617170403001,-0.289058022918773,-0.292241498617685,0.134340910212671,"Frozen-source hash and interval checks passed; retained in primary",1742
2020-01-28,0.0000217426513023167,0.00150659133709981,FALSE,0.00210530851703505,-0.351666788953514,0.150085231556885,-0.201723890154959,"Frozen-source hash and interval checks passed; retained in primary",1743
2026-02-27,0.0000216801709443666,0.00150659133709981,FALSE,0.00426157620632324,0.246552538112535,0.0197399918938856,0.0512524836640438,"Frozen-source hash and interval checks passed; retained in primary",1744
2018-08-08,0.0000216265278917355,0.00150659133709981,FALSE,0.00253103737672064,-0.319804403253285,-0.266376841548421,0.207067370858116,"Frozen-source hash and interval checks passed; retained in primary",1745
2021-07-20,0.000021624763587108,0.00150659133709981,FALSE,0.00409322481086335,-0.251271279729967,0.413548784808704,-0.428500450516722,"Frozen-source hash and interval checks passed; retained in primary",1746
2019-09-05,0.0000215812266485898,0.00150659133709981,FALSE,0.00432007076459151,0.244311062194522,0.636444693271709,-0.637781190207498,"Frozen-source hash and interval checks passed; retained in primary",1747
2021-11-01,0.0000215707212349083,0.00150659133709981,FALSE,0.0035308123254585,-0.270282281556186,0.0166326662448313,-0.140215604429006,"Frozen-source hash and interval checks passed; retained in primary",1748
2023-06-09,0.0000215695414913479,0.00150659133709981,FALSE,0.00297743980763953,0.294402895578906,0.440509699343972,-0.373859088124551,"Frozen-source hash and interval checks passed; retained in primary",1749
2018-09-14,0.0000215414805608777,0.00150659133709981,FALSE,0.00184924428532334,-0.373533300306375,0.0171158315727116,-0.151778967577787,"Frozen-source hash and interval checks passed; retained in primary",1750
2019-09-13,0.0000215372156447531,0.00150659133709981,FALSE,0.00157834977703465,-0.404334472380989,-0.0101270673165565,-0.138831064919742,"Frozen-source hash and interval checks passed; retained in primary",1751
2019-03-01,0.0000215111852124411,0.00150659133709981,FALSE,0.002851596790538,0.300440608740719,0.549677795636416,-0.456846765810681,"Frozen-source hash and interval checks passed; retained in primary",1752
2024-10-17,0.0000214521577894599,0.00150659133709981,FALSE,0.00275387604078349,0.305319891283386,0.385932842420322,-0.273488480507478,"Frozen-source hash and interval checks passed; retained in primary",1753
2016-11-18,0.0000214261057292206,0.00150659133709981,FALSE,0.00521805614236442,0.221397043987422,0.75916250558663,-0.79037431661062,"Frozen-source hash and interval checks passed; retained in primary",1754
2015-02-09,0.0000213946030379471,0.00150659133709981,FALSE,0.00223701689849302,0.338393335229197,-0.277440318246835,0.386782622945958,"Frozen-source hash and interval checks passed; retained in primary",1755
2018-03-06,0.0000213871200689429,0.00150659133709981,FALSE,0.00463282394356017,0.234820244605528,0.174450339136634,-0.0566037750961534,"Frozen-source hash and interval checks passed; retained in primary",1756
2015-07-22,0.0000212683413023522,0.00150659133709981,FALSE,0.0017832987523426,-0.377970405492381,-0.00161098120901038,-0.120962879150088,"Frozen-source hash and interval checks passed; retained in primary",1757
2021-06-21,0.0000212380992425498,0.00150659133709981,FALSE,0.006992340369694,0.190245093491812,0.194602467192517,-0.00907317516389838,"Frozen-source hash and interval checks passed; retained in primary",1758
2025-08-27,0.0000212280234849919,0.00150659133709981,FALSE,0.00168607699727871,-0.388365162092056,0.139383220214651,-0.305033281762324,"Frozen-source hash and interval checks passed; retained in primary",1759
2020-01-15,0.0000211815565141522,0.00150659133709981,FALSE,0.00162221763711435,-0.395514539211496,-0.196319098838238,0.100004553995614,"Frozen-source hash and interval checks passed; retained in primary",1760
2021-03-08,0.0000211348944798178,0.00150659133709981,FALSE,0.00636561866786263,-0.19896819531193,0.487186164171538,-0.626268394302709,"Frozen-source hash and interval checks passed; retained in primary",1761
2025-09-26,0.000020880439383184,0.00150659133709981,FALSE,0.00353952600277474,-0.265593794860955,-0.155277235763895,0.173738767391374,"Frozen-source hash and interval checks passed; retained in primary",1762
2023-07-13,0.0000208631471507759,0.00150659133709981,FALSE,0.00663896204746235,-0.193545911487135,-0.129467733893662,0.0506603955108709,"Frozen-source hash and interval checks passed; retained in primary",1763
2024-12-27,0.0000208597012813396,0.00150659133709981,FALSE,0.00294940639542344,0.290894797938944,-0.104514854731486,0.177361166402523,"Frozen-source hash and interval checks passed; retained in primary",1764
2025-06-25,0.0000208207370505844,0.00150659133709981,FALSE,0.00238859673388604,-0.323033793884395,0.367456723376147,-0.475060275859818,"Frozen-source hash and interval checks passed; retained in primary",1765
2019-03-28,0.000020709071658336,0.00150659133709981,FALSE,0.0033648077924345,-0.271305699361183,0.0753878565235677,-0.144848839376177,"Frozen-source hash and interval checks passed; retained in primary",1766
2019-05-10,0.0000206635482140094,0.00150659133709981,FALSE,0.00387375093035153,0.252513392934463,0.242694375194086,-0.00912783534019468,"Frozen-source hash and interval checks passed; retained in primary",1767
2022-12-06,0.0000206561757445478,0.00150659133709981,FALSE,0.00320633438425461,0.277596388416634,0.12864964192425,-0.0878413056994987,"Frozen-source hash and interval checks passed; retained in primary",1768
2015-09-30,0.0000206065610961291,0.00150659133709981,FALSE,0.00336468583677553,0.270638301589236,0.159909103408395,-0.0417414540434535,"Frozen-source hash and interval checks passed; retained in primary",1769
2022-07-06,0.0000205405461658029,0.00150659133709981,FALSE,0.0107800812800404,0.150394524603023,0.0728894479267161,0.0442184398095513,"Frozen-source hash and interval checks passed; retained in primary",1770
2019-07-09,0.0000205389360684494,0.00150659133709981,FALSE,0.00201506945945104,0.349378821771141,0.165743128140416,-0.0551724151925725,"Frozen-source hash and interval checks passed; retained in primary",1771
2021-10-07,0.0000204964211897925,0.00150659133709981,FALSE,0.00363741094004429,0.259562628485861,0.274458233083807,-0.152582715955774,"Frozen-source hash and interval checks passed; retained in primary",1772
2025-10-15,0.0000204477828011502,0.00150659133709981,FALSE,0.00397791735288939,-0.247867930301601,-0.388790948683315,0.369661784737652,"Frozen-source hash and interval checks passed; retained in primary",1773
2024-12-11,0.0000204090991075014,0.00150659133709981,FALSE,0.00223947014736626,0.330326230498304,0.329170535233159,-0.190545082126814,"Frozen-source hash and interval checks passed; retained in primary",1774
2021-03-02,0.0000204030226288851,0.00150659133709981,FALSE,0.00335433221019078,-0.269715083177325,-0.0451613041703158,-0.0655952794920367,"Frozen-source hash and interval checks passed; retained in primary",1775
2014-06-06,0.0000203931311301839,0.00150659133709981,FALSE,0.00218440762216214,-0.334341957147676,0,-0.058553724713839,"Frozen-source hash and interval checks passed; retained in primary",1776
2022-02-18,0.0000203046505120319,0.00150659133709981,FALSE,0.00231952055953603,0.323731535130009,0.157042927346396,-0.0434574775428409,"Frozen-source hash and interval checks passed; retained in primary",1777
2025-09-10,0.0000202836028889658,0.00150659133709981,FALSE,0.00466731725621212,-0.227831434065869,0.0339649082718108,-0.0950441347854714,"Frozen-source hash and interval checks passed; retained in primary",1778
2015-07-02,0.0000202315129387959,0.00150659133709981,FALSE,0.00152488627087936,-0.39870776961641,-0.0908078151867109,-0.0974975702842329,"Frozen-source hash and interval checks passed; retained in primary",1779
2019-05-20,0.00002008732356595,0.00150659133709981,FALSE,0.0021695825890972,-0.332959903090476,-0.0918614799252815,-0.0545801887469111,"Frozen-source hash and interval checks passed; retained in primary",1780
2023-06-02,0.0000198869342802071,0.00150659133709981,FALSE,0.00328220393754834,0.269201742991601,0.815914350952074,-0.73249878686461,"Frozen-source hash and interval checks passed; retained in primary",1781
2020-06-04,0.0000197816393883846,0.00150659133709981,FALSE,0.00231359744382349,0.319944679178408,0.214935812797767,-0.11015238859331,"Frozen-source hash and interval checks passed; retained in primary",1782
2026-04-27,0.0000197470300548448,0.00150659133709981,FALSE,0.00342340512602913,-0.262644136670196,-0.0706036657629028,0.0376600556798223,"Frozen-source hash and interval checks passed; retained in primary",1783
2023-09-26,0.0000196735316472643,0.00150659133709981,FALSE,0.00393956058591862,0.244315342718555,0.135584450942172,-0.107512441480928,"Frozen-source hash and interval checks passed; retained in primary",1784
2020-06-15,0.0000196720523690758,0.00150659133709981,FALSE,0.00748247683320917,-0.176954601344363,-0.00704524295236375,0.0279472729938668,"Frozen-source hash and interval checks passed; retained in primary",1785
2020-02-06,0.0000196385676474948,0.00150659133709981,FALSE,0.00266537545726279,-0.296952358330652,-0.0113685805035235,-0.136593382800321,"Frozen-source hash and interval checks passed; retained in primary",1786
2021-04-01,0.0000196107041672549,0.00150659133709981,FALSE,0.00663092190844125,-0.187761081886367,0.019703038225849,0,"Frozen-source hash and interval checks passed; retained in primary",1787
2021-08-26,0.0000195604553120632,0.00150659133709981,FALSE,0.0034764994000645,0.259389741270017,0.072261900300763,-0.0545157200490642,"Frozen-source hash and interval checks passed; retained in primary",1788
2020-12-09,0.0000195102098212906,0.00150659133709981,FALSE,0.00523687248079389,0.210884875283149,0.126313918095278,-0.134344133054842,"Frozen-source hash and interval checks passed; retained in primary",1789
2020-02-21,0.0000195006550712236,0.00150659133709981,FALSE,0.00163362604877848,-0.378167211277692,-0.28940520919809,0.107334536243897,"Frozen-source hash and interval checks passed; retained in primary",1790
2014-11-13,0.000019479970585063,0.00150659133709981,FALSE,0.00211140291981526,-0.3323841014367,-0.020399683329364,-0.181778885804995,"Frozen-source hash and interval checks passed; retained in primary",1791
2024-10-24,0.0000193892038420206,0.00150659133709981,FALSE,0.00231986290638737,0.316326163284136,-0.430192141322383,0.617042787498789,"Frozen-source hash and interval checks passed; retained in primary",1792
2018-09-20,0.0000193136998233206,0.00150659133709981,FALSE,0.00220896407123756,-0.323555535704244,0.178026614770488,-0.329196435910539,"Frozen-source hash and interval checks passed; retained in primary",1793
2025-12-18,0.000019280566661816,0.00150659133709981,FALSE,0.00309897384642887,0.272814585878409,0.10424030411369,0.0449972687822431,"Frozen-source hash and interval checks passed; retained in primary",1794
2025-01-29,0.0000192493427593146,0.00150659133709981,FALSE,0.00228991960209308,0.317241970375284,-0.134335742201142,0.276643146162403,"Frozen-source hash and interval checks passed; retained in primary",1795
2021-12-13,0.0000192059637031679,0.00150659133709981,FALSE,0.00277381063784934,0.287850579405407,0.088498340786547,-0.0529147203456759,"Frozen-source hash and interval checks passed; retained in primary",1796
2020-10-28,0.0000190793429930049,0.00150659133709981,FALSE,0.0115800466983101,0.139793805450224,-0.165509457758128,0.105379135105022,"Frozen-source hash and interval checks passed; retained in primary",1797
2018-07-13,0.0000190532726542809,0.00150659133709981,FALSE,0.00274843332065949,-0.288028309377121,-0.115579510116692,0.0266915789653766,"Frozen-source hash and interval checks passed; retained in primary",1798
2023-10-02,0.0000190178497261813,0.00150659133709981,FALSE,0.00375242539426772,0.246149486489849,0.309132292514391,-0.247301532981758,"Frozen-source hash and interval checks passed; retained in primary",1799
2018-11-19,0.0000189192780492631,0.00150659133709981,FALSE,0.00446220252240032,-0.225059391871711,-0.304507059607895,0.195295224077885,"Frozen-source hash and interval checks passed; retained in primary",1800
2015-06-11,0.0000188766733214777,0.00150659133709981,FALSE,0.00312168591399667,0.268955125410166,0.721882867269574,-0.730700661218187,"Frozen-source hash and interval checks passed; retained in primary",1801
2024-05-10,0.0000188477582567802,0.00150659133709981,FALSE,0.00205848674520473,0.331130344987537,0.23529220774825,-0.109138777565132,"Frozen-source hash and interval checks passed; retained in primary",1802
2018-01-30,0.0000187786227143942,0.00150659133709981,FALSE,0.00156586432155135,0.3790575378091,-0.0817475066257067,0.201816415623757,"Frozen-source hash and interval checks passed; retained in primary",1803
2023-10-25,0.0000187200089266722,0.00150659133709981,FALSE,0.00275622682830545,0.285093186106649,0.124900455200416,-0.0667155939082953,"Frozen-source hash and interval checks passed; retained in primary",1804
2025-02-20,0.0000186844205721263,0.00150659133709981,FALSE,0.00508245229792145,0.209501593187512,-1.1618417859907,1.35415278679769,"Frozen-source hash and interval checks passed; retained in primary",1805
2021-01-06,0.0000186313712175895,0.00150659133709981,FALSE,0.00694937965121053,-0.178741627042681,0.438457805612336,-0.534111490662958,"Frozen-source hash and interval checks passed; retained in primary",1806
2025-12-15,0.0000186098680443498,0.00150659133709981,FALSE,0.00263752969135313,-0.290596314681286,-0.40676246426985,0.33429796481661,"Frozen-source hash and interval checks passed; retained in primary",1807
2019-04-05,0.0000185889579417052,0.00150659133709981,FALSE,0.00199667558390588,-0.333910738254155,0.0552004206727741,-0.143330670421538,"Frozen-source hash and interval checks passed; retained in primary",1808
2020-08-25,0.0000184754986230301,0.00150659133709981,FALSE,0.00901100862226891,0.156147997656388,0.484734734599579,-0.471032430018337,"Frozen-source hash and interval checks passed; retained in primary",1809
2023-12-11,0.0000183166801985342,0.00150659133709981,FALSE,0.00481273857488689,-0.213191690229277,0.873605833418623,-1.05050916302334,"Frozen-source hash and interval checks passed; retained in primary",1810
2020-11-18,0.000018262106066142,0.00150659133709981,FALSE,0.00433568052337466,0.224333374250269,-0.353634689452376,0.461716864880302,"Frozen-source hash and interval checks passed; retained in primary",1811
2023-10-27,0.0000181768973358946,0.00150659133709981,FALSE,0.00483303920429272,-0.211927988337936,-0.590999254187619,0.55992680617587,"Frozen-source hash and interval checks passed; retained in primary",1812
2015-03-16,0.0000181530906552679,0.00150659133709981,FALSE,0.00279397594453604,-0.278834833183474,0.0259086240613993,-0.107229770657291,"Frozen-source hash and interval checks passed; retained in primary",1813
2024-07-19,0.0000181063285047788,0.00150659133709981,FALSE,0.00244266914591852,-0.297880743864595,0.124913272862459,-0.260855881972155,"Frozen-source hash and interval checks passed; retained in primary",1814
2015-09-04,0.0000180873859934871,0.00150659133709981,FALSE,0.00526816204404573,0.20244263110383,-0.787577145105178,0.961344916823492,"Frozen-source hash and interval checks passed; retained in primary",1815
2014-06-24,0.0000180403339112463,0.00150659133709981,FALSE,0.00256694791089651,-0.290032227856716,0.0397787723715126,-0.225457136132867,"Frozen-source hash and interval checks passed; retained in primary",1816
2019-02-28,0.0000180035872862486,0.00150659133709981,FALSE,0.0030965632564951,0.263728288177184,0.450299808337329,-0.413855741394542,"Frozen-source hash and interval checks passed; retained in primary",1817
2019-09-06,0.000017989400002435,0.00150659133709981,FALSE,0.00279635287583742,-0.277456500333172,-0.179319223494812,0.149700626759319,"Frozen-source hash and interval checks passed; retained in primary",1818
2017-12-15,0.0000179100140604309,0.00150659133709981,FALSE,0.00317352243289892,0.259822993854807,0.281478475791186,-0.106553020203837,"Frozen-source hash and interval checks passed; retained in primary",1819
2015-11-05,0.0000178793801464852,0.00150659133709981,FALSE,0.00267783909693216,0.282678219935379,0.234049623823429,-0.156230759894793,"Frozen-source hash and interval checks passed; retained in primary",1820
2022-12-09,0.0000178522491428592,0.00150659133709981,FALSE,0.00274143762456818,0.279159103564538,0.0535720338588064,0.0366501744985648,"Frozen-source hash and interval checks passed; retained in primary",1821
2017-03-23,0.0000178344612239204,0.00150659133709981,FALSE,0.0011618699513284,-0.428932956979137,-0.113393279606555,-0.0540102632627715,"Frozen-source hash and interval checks passed; retained in primary",1822
2024-03-04,0.0000178157842662661,0.00150659133709981,FALSE,0.00315423642860315,0.259932125314622,0.217962508448988,-0.15965942721019,"Frozen-source hash and interval checks passed; retained in primary",1823
2020-11-20,0.0000178014851869069,0.00150659133709981,FALSE,0.00320320774803111,0.257827658405159,0.0491862183785052,0.0385245116967248,"Frozen-source hash and interval checks passed; retained in primary",1824
2022-03-01,0.000017729330214261,0.00150659133709981,FALSE,0.00943979652239988,0.149415588229313,-0.194772040019675,0.208713876965749,"Frozen-source hash and interval checks passed; retained in primary",1825
2017-06-06,0.0000177143175519231,0.00150659133709981,FALSE,0.00396771889052881,-0.23100378468858,-0.988837372580509,1.04627256582308,"Frozen-source hash and interval checks passed; retained in primary",1826
2016-08-23,0.0000177112082993022,0.00150659133709981,FALSE,0.00478512631123177,-0.210245371808461,-0.08081202889616,0.0498877535914488,"Frozen-source hash and interval checks passed; retained in primary",1827
2016-01-08,0.0000176479415599549,0.00150659133709981,FALSE,0.00162834008693373,0.360338956426088,-0.125976373699732,0.220582086554977,"Frozen-source hash and interval checks passed; retained in primary",1828
2026-05-12,0.000017626344386077,0.00150659133709981,FALSE,0.00837373464851478,-0.158265466438113,0.347652058364911,-0.425735353126022,"Frozen-source hash and interval checks passed; retained in primary",1829
2023-09-08,0.000017596708303072,0.00150659133709981,FALSE,0.00289968496234656,0.269463756005008,0.509892771785925,-0.386663982747848,"Frozen-source hash and interval checks passed; retained in primary",1830
2018-11-27,0.000017561435265785,0.00150659133709981,FALSE,0.00152592368200245,-0.371340755626607,0.0593145762416647,-0.228651933231028,"Frozen-source hash and interval checks passed; retained in primary",1831
2026-04-16,0.0000175197682800884,0.00150659133709981,FALSE,0.00353057340182339,0.243592643559361,0.139008661925555,-0.0314376436931774,"Frozen-source hash and interval checks passed; retained in primary",1832
2022-09-21,0.0000174940741858532,0.00150659133709981,FALSE,0.002114666408298,-0.314742573498092,0.215239380345,-0.347488013841346,"Frozen-source hash and interval checks passed; retained in primary",1833
2024-07-01,0.0000174780022083689,0.00150659133709981,FALSE,0.00489376761426507,-0.206514033817207,0.340302856315411,-0.415594680611076,"Frozen-source hash and interval checks passed; retained in primary",1834
2022-10-13,0.0000174698173187142,0.00150659133709981,FALSE,0.00284885347040088,0.270882061107448,0.289069512220097,-0.190463291371135,"Frozen-source hash and interval checks passed; retained in primary",1835
2017-07-10,0.0000174682426586548,0.00150659133709981,FALSE,0.00160006066885081,0.361659001693608,0.129357203487857,0.0175300202044149,"Frozen-source hash and interval checks passed; retained in primary",1836
2016-07-22,0.0000173937134256701,0.00150659133709981,FALSE,0.00208435970858336,0.316116640731614,0.364840599777549,-0.226201792963643,"Frozen-source hash and interval checks passed; retained in primary",1837
2018-08-15,0.0000173666979454987,0.00150659133709981,FALSE,0.00282644787155311,-0.271152825308756,-0.385928505417166,0.270831618104506,"Frozen-source hash and interval checks passed; retained in primary",1838
2015-11-18,0.0000172789593993255,0.00150659133709981,FALSE,0.00214366555222627,0.310674000544815,0.198930662700869,-0.0242924815964329,"Frozen-source hash and interval checks passed; retained in primary",1839
2019-11-08,0.0000172158101598875,0.00150659133709981,FALSE,0.00272648383882591,0.274890692043484,-0.0995953537782146,0.256222687759422,"Frozen-source hash and interval checks passed; retained in primary",1840
2019-06-17,0.0000171956948933981,0.00150659133709981,FALSE,0.00164434180856067,-0.353954208654906,-0.0255786144140568,-0.110599089614904,"Frozen-source hash and interval checks passed; retained in primary",1841
2016-09-12,0.0000171862835168109,0.00150659133709981,FALSE,0.00587779436987622,-0.186764488206187,-0.686018933102162,0.878826083885542,"Frozen-source hash and interval checks passed; retained in primary",1842
2023-08-07,0.0000171432355301219,0.00150659133709981,FALSE,0.0047799639489577,-0.206958974532335,0.454491139314417,-0.464397119445081,"Frozen-source hash and interval checks passed; retained in primary",1843
2018-03-15,0.000017128245480921,0.00150659133709981,FALSE,0.00194341609326328,0.32489404177808,0.052425994005123,0.0942329508102802,"Frozen-source hash and interval checks passed; retained in primary",1844
2019-11-07,0.0000170570106485058,0.00150659133709981,FALSE,0.00241808724480823,-0.290589811593214,0.345913415998611,-0.513103562962591,"Frozen-source hash and interval checks passed; retained in primary",1845
2019-03-05,0.0000170457578042916,0.00150659133709981,FALSE,0.00198708121806918,-0.320522891592485,0.135269089084167,-0.268264490668546,"Frozen-source hash and interval checks passed; retained in primary",1846
2024-05-15,0.0000170088087480457,0.00150659133709981,FALSE,0.00802710493730344,-0.158817371681069,-0.89316723089472,0.950186912684181,"Frozen-source hash and interval checks passed; retained in primary",1847
2024-03-01,0.0000169924033427047,0.00150659133709981,FALSE,0.00771082456645015,0.161989454474994,0.211175475249048,-0.199933422148213,"Frozen-source hash and interval checks passed; retained in primary",1848
2021-03-26,0.0000169398904152211,0.00150659133709981,FALSE,0.00320414213016932,0.2514740333448,0.468983175824267,-0.384123391647684,"Frozen-source hash and interval checks passed; retained in primary",1849
2025-11-26,0.0000168703316097872,0.00150659133709981,FALSE,0.00270804813786693,0.273045736646698,0.179676762014713,-0.0511705268936957,"Frozen-source hash and interval checks passed; retained in primary",1850
2015-07-13,0.0000168529211367901,0.00150659133709981,FALSE,0.00408766317143851,-0.221973547221905,0.473109118842796,-0.487607630073583,"Frozen-source hash and interval checks passed; retained in primary",1851
2022-05-17,0.0000168383500505635,0.00150659133709981,FALSE,0.00267088002512145,0.274683422336985,0.257559110553451,-0.123810276591119,"Frozen-source hash and interval checks passed; retained in primary",1852
2021-06-23,0.000016808429736189,0.00150659133709981,FALSE,0.00234127154486862,0.293169849696129,0.226581379134849,-0.0992735066414063,"Frozen-source hash and interval checks passed; retained in primary",1853
2024-04-23,0.000016646983307325,0.00150659133709981,FALSE,0.00235273019711298,-0.291045467888548,-0.00183562551798744,-0.0258414627706038,"Frozen-source hash and interval checks passed; retained in primary",1854
2015-03-05,0.0000166230810917297,0.00150659133709981,FALSE,0.00165061467824606,-0.347348006575393,0.206282151428949,-0.383365749964248,"Frozen-source hash and interval checks passed; retained in primary",1855
2023-03-31,0.0000166180681524488,0.00150659133709981,FALSE,0.00220998480937379,0.300058423707916,0.142487584239648,-0.0301363672890353,"Frozen-source hash and interval checks passed; retained in primary",1856
2019-09-12,0.0000166085093054352,0.00150659133709981,FALSE,0.00155739437683851,0.357452386917368,0.314266045989609,-0.222531385294822,"Frozen-source hash and interval checks passed; retained in primary",1857
2022-04-07,0.0000165783538834809,0.00150659133709981,FALSE,0.00486055009753025,0.201818319545122,0.167696557505082,-0.0808080852053195,"Frozen-source hash and interval checks passed; retained in primary",1858
2017-09-13,0.0000164702543757475,0.00150659133709981,FALSE,0.00195546585248248,-0.317607404271249,0.332678204696712,-0.516797015844261,"Frozen-source hash and interval checks passed; retained in primary",1859
2018-02-21,0.0000164529712733965,0.00150659133709981,FALSE,0.00366401073014317,0.23170602848582,0.447340745273417,-0.381626562665094,"Frozen-source hash and interval checks passed; retained in primary",1860
2024-05-24,0.0000163285900286623,0.00150659133709981,FALSE,0.00293810166221995,0.25786512883848,0.0808459234454162,0.0955566245668393,"Frozen-source hash and interval checks passed; retained in primary",1861
2022-03-25,0.0000163169672938025,0.00150659133709981,FALSE,0.00220561364743793,-0.297622768699418,-0.136463625880845,0.0819470667836164,"Frozen-source hash and interval checks passed; retained in primary",1862
2015-10-30,0.0000162626583784758,0.00150659133709981,FALSE,0.00330186460776961,0.242710511154646,-0.250433514299209,0.363877344931574,"Frozen-source hash and interval checks passed; retained in primary",1863
2016-03-14,0.0000162524290822643,0.00150659133709981,FALSE,0.00393980446277591,-0.222052272205442,-0.161750273673222,0.061606162564587,"Frozen-source hash and interval checks passed; retained in primary",1864
2018-05-31,0.0000161791312325913,0.00150659133709981,FALSE,0.00198639751040461,0.312322570981605,-0.147439446565389,0.284704237861888,"Frozen-source hash and interval checks passed; retained in primary",1865
2019-11-22,0.0000161624441562507,0.00150659133709981,FALSE,0.0013792171723753,-0.374738327237936,0.0236594383950184,-0.128913461683666,"Frozen-source hash and interval checks passed; retained in primary",1866
2025-08-28,0.0000161414433564456,0.00150659133709981,FALSE,0.00228116332724945,0.291063469266096,-0.358156473803906,0.522513318548246,"Frozen-source hash and interval checks passed; retained in primary",1867
2019-11-26,0.0000161280835159056,0.00150659133709981,FALSE,0.00146101436037458,-0.363694953776404,0.0169589441511242,-0.146748627637816,"Frozen-source hash and interval checks passed; retained in primary",1868
2025-06-09,0.0000160797074319355,0.00150659133709981,FALSE,0.00290463877372119,0.257366476592507,-0.217242766048864,0.345733991183739,"Frozen-source hash and interval checks passed; retained in primary",1869
2020-09-29,0.0000159902285314438,0.00150659133709981,FALSE,0.00545216424824629,0.187088171906487,0.239038085576171,-0.170470729794836,"Frozen-source hash and interval checks passed; retained in primary",1870
2015-12-18,0.0000159287041869584,0.00150659133709981,FALSE,0.00634943922462556,-0.172953757712488,-1.16697593532065,1.27076930394159,"Frozen-source hash and interval checks passed; retained in primary",1871
2021-11-16,0.0000159094217223232,0.00150659133709981,FALSE,0.00405275515807028,0.216601172775348,0.613193798135736,-0.577479949388326,"Frozen-source hash and interval checks passed; retained in primary",1872
2023-10-20,0.000015866665170904,0.00150659133709981,FALSE,0.00288550198560483,0.256504671096597,0.068599287732285,0.0467024727439203,"Frozen-source hash and interval checks passed; retained in primary",1873
2017-07-07,0.0000158382221272179,0.00150659133709981,FALSE,0.00347667209143806,-0.233402609341198,0.632768312832566,-0.721262692262048,"Frozen-source hash and interval checks passed; retained in primary",1874
2021-09-09,0.0000158137307567633,0.00150659133709981,FALSE,0.00353235312177605,-0.231370155365094,-0.565033289526529,0.508906950747079,"Frozen-source hash and interval checks passed; retained in primary",1875
2026-03-17,0.000015810693321604,0.00150659133709981,FALSE,0.00235728494797757,0.283365880575428,-0.0293665302849355,0.169635324817818,"Frozen-source hash and interval checks passed; retained in primary",1876
2023-01-06,0.0000157367393815716,0.00150659133709981,FALSE,0.00410085644271431,-0.21415015620978,-0.957224864321216,1.02341174670082,"Frozen-source hash and interval checks passed; retained in primary",1877
2017-09-12,0.0000156988877239155,0.00150659133709981,FALSE,0.00344661883983154,-0.233388105903867,0.698501812235364,-0.894819703305405,"Frozen-source hash and interval checks passed; retained in primary",1878
2019-10-02,0.0000156461373729663,0.00150659133709981,FALSE,0.00493015258914375,-0.194666309369839,-0.479794133666234,0.456005629419476,"Frozen-source hash and interval checks passed; retained in primary",1879
2023-02-06,0.0000156229791695757,0.00150659133709981,FALSE,0.00649283498745654,-0.169371708669008,1.09520123169897,-1.28114552203193,"Frozen-source hash and interval checks passed; retained in primary",1880
2019-01-23,0.0000155378664876068,0.00150659133709981,FALSE,0.00138610747476343,0.366510705636007,0.248437931470491,-0.0914160407386788,"Frozen-source hash and interval checks passed; retained in primary",1881
2020-05-20,0.0000155030811334231,0.00150659133709981,FALSE,0.00419327329014566,0.210189286942798,-0.230449278072786,0.399350426257339,"Frozen-source hash and interval checks passed; retained in primary",1882
2022-03-24,0.0000154528149662639,0.00150659133709981,FALSE,0.0046628435402103,-0.198954658262515,0.806472890912824,-0.872074634197162,"Frozen-source hash and interval checks passed; retained in primary",1883
2020-10-27,0.0000154462127691143,0.00150659133709981,FALSE,0.00529036704851283,-0.186683910266495,-0.420248122848577,0.401338331345791,"Frozen-source hash and interval checks passed; retained in primary",1884
2017-07-13,0.0000154376192472912,0.00150659133709981,FALSE,0.00152898530291454,-0.347813841625976,0.0634837816722023,-0.176538133942028,"Frozen-source hash and interval checks passed; retained in primary",1885
2020-06-03,0.0000152885469795403,0.00150659133709981,FALSE,0.00391560169583005,-0.216034217414826,0.165077380301693,-0.257495084337567,"Frozen-source hash and interval checks passed; retained in primary",1886
2014-08-25,0.0000152593827459687,0.00150659133709981,FALSE,0.00215660119588626,-0.291075317390303,-0.0982145736527773,0.00961862165889116,"Frozen-source hash and interval checks passed; retained in primary",1887
2020-01-08,0.0000152455369768206,0.00150659133709981,FALSE,0.00344953095247319,0.229896104135816,0.495345172848172,-0.459644126036629,"Frozen-source hash and interval checks passed; retained in primary",1888
2018-11-08,0.0000152127096590088,0.00150659133709981,FALSE,0.00266588560242173,-0.261332542700069,0.299952690615513,-0.484177186019785,"Frozen-source hash and interval checks passed; retained in primary",1889
2024-01-22,0.0000150690157476536,0.00150659133709981,FALSE,0.0032697414974654,0.234782205596656,-0.0664348748631305,0.175580812260545,"Frozen-source hash and interval checks passed; retained in primary",1890
2020-08-28,0.0000150614033507668,0.00150659133709981,FALSE,0.0126899462583692,0.118582398667359,-0.884349431890286,1.05801100282941,"Frozen-source hash and interval checks passed; retained in primary",1891
2016-09-27,0.0000148914277745197,0.00150659133709981,FALSE,0.00186671876964332,0.309110397756077,0.188658681594944,-0.019930244211519,"Frozen-source hash and interval checks passed; retained in primary",1892
2026-07-23,0.0000148787838408425,0.00150659133709981,FALSE,0.00488578525477519,-0.190696893334892,0.274987304047691,-0.440529346791685,"Frozen-source hash and interval checks passed; retained in primary",1893
2015-10-26,0.0000147622900476768,0.00150659133709981,FALSE,0.00189793862663646,-0.305220629701942,-0.38174769556214,0.272648576384782,"Frozen-source hash and interval checks passed; retained in primary",1894
2025-12-03,0.0000147074479535183,0.00150659133709981,FALSE,0.00380162249704629,0.215054088542236,-0.357721646299591,0.482176510391241,"Frozen-source hash and interval checks passed; retained in primary",1895
2016-07-15,0.0000146095808658687,0.00150659133709981,FALSE,0.0114679162168384,-0.122931344158573,0.089487854598902,-0.22744513216697,"Frozen-source hash and interval checks passed; retained in primary",1896
2023-05-09,0.0000145738881458687,0.00150659133709981,FALSE,0.00257622301695113,-0.260211489948591,0.091708237057242,-0.2370547076473,"Frozen-source hash and interval checks passed; retained in primary",1897
2019-10-11,0.0000145567497557128,0.00150659133709981,FALSE,0.00393518810212629,-0.210273179602962,0.461712880637455,-0.563694141508897,"Frozen-source hash and interval checks passed; retained in primary",1898
2014-07-11,0.0000145366375101553,0.00150659133709981,FALSE,0.00189090669171275,0.303442606508676,0.197566543659722,-0.0691050918462999,"Frozen-source hash and interval checks passed; retained in primary",1899
2021-04-07,0.0000144888362239222,0.00150659133709981,FALSE,0.00389471540684541,0.210873561246905,-0.00702393472375995,0.145785902813778,"Frozen-source hash and interval checks passed; retained in primary",1900
2022-04-28,0.00001446189919341,0.00150659133709981,FALSE,0.013690182873733,-0.11181635762702,1.74238199568513,-1.92773337916323,"Frozen-source hash and interval checks passed; retained in primary",1901
2018-07-09,0.0000144503335373959,0.00150659133709981,FALSE,0.0022408792965136,0.277864573618973,0.358727724723185,-0.271174350392123,"Frozen-source hash and interval checks passed; retained in primary",1902
2022-09-16,0.0000144247985458385,0.00150659133709981,FALSE,0.00294469700288281,-0.242094441430559,-0.415861739180423,0.369840971439839,"Frozen-source hash and interval checks passed; retained in primary",1903
2018-02-28,0.0000143872857659957,0.00150659133709981,FALSE,0.00546092379988901,0.177320082804059,-0.625746579189457,0.794062745844748,"Frozen-source hash and interval checks passed; retained in primary",1904
2016-05-17,0.0000141754604823473,0.00150659133709981,FALSE,0.00411908286619444,0.202797525551367,0.125116139549108,-0.119315327816505,"Frozen-source hash and interval checks passed; retained in primary",1905
2018-11-05,0.0000140828703934871,0.00150659133709981,FALSE,0.00246892004773109,-0.261303916471882,0.0116802636227042,-0.114886672527792,"Frozen-source hash and interval checks passed; retained in primary",1906
2019-03-08,0.000014069145342122,0.00150659133709981,FALSE,0.00518867689994822,-0.179914649487291,-0.395166921426693,0.44003483512931,"Frozen-source hash and interval checks passed; retained in primary",1907
2020-03-04,0.0000140297215019841,0.00150659133709981,FALSE,0.00327472707203687,0.226368153453201,0.225587879164157,-0.0559127775259682,"Frozen-source hash and interval checks passed; retained in primary",1908
2025-06-27,0.0000140281430205403,0.00150659133709981,FALSE,0.0043720010250957,0.195793891645686,0.321175698721898,-0.27674017938546,"Frozen-source hash and interval checks passed; retained in primary",1909
2024-04-09,0.0000139614365453259,0.00150659133709981,FALSE,0.00428844203380729,0.197229865479223,0.0388217592017792,0.0329478438617414,"Frozen-source hash and interval checks passed; retained in primary",1910
2023-11-16,0.0000138878369787821,0.00150659133709981,FALSE,0.00363731138453297,-0.213661569842162,-0.37085791113487,0.318239345690507,"Frozen-source hash and interval checks passed; retained in primary",1911
2014-11-18,0.0000138132537597455,0.00150659133709981,FALSE,0.00262985778734821,0.2507267478148,0.324842323292351,-0.274442710849154,"Frozen-source hash and interval checks passed; retained in primary",1912
2026-05-11,0.000013728176910318,0.00150659133709981,FALSE,0.0034094850686411,-0.219437595034236,0.136533310377907,-0.255037118600576,"Frozen-source hash and interval checks passed; retained in primary",1913
2018-06-05,0.000013722476082097,0.00150659133709981,FALSE,0.00152663662476835,-0.328176340199688,-0.120808149921237,0.0273610289454496,"Frozen-source hash and interval checks passed; retained in primary",1914
2019-07-08,0.0000136233698587152,0.00150659133709981,FALSE,0.00165377946292845,0.314148281680038,0.217242033018161,-0.156487351858825,"Frozen-source hash and interval checks passed; retained in primary",1915
2016-12-13,0.0000136099817417616,0.00150659133709981,FALSE,0.00211701767135495,0.277457814373008,0.0512062267304714,0.0693842178746351,"Frozen-source hash and interval checks passed; retained in primary",1916
2015-04-16,0.000013600024921726,0.00150659133709981,FALSE,0.00515995912525335,0.177383807538652,0.0260737972505698,0.0419445499207249,"Frozen-source hash and interval checks passed; retained in primary",1917
2020-07-22,0.00001359705759292,0.00150659133709981,FALSE,0.0027085474088129,-0.245107115569055,0.234672844679285,-0.336448915508036,"Frozen-source hash and interval checks passed; retained in primary",1918
2014-05-02,0.0000135481429971511,0.00150659133709981,FALSE,0.00138117460299334,0.342851529634295,0.178444527091592,-0.0390930419364999,"Frozen-source hash and interval checks passed; retained in primary",1919
2024-06-27,0.0000134794611455984,0.00150659133709981,FALSE,0.0035840945585111,-0.212059378771831,0.00574996588031951,-0.0124463252385354,"Frozen-source hash and interval checks passed; retained in primary",1920
2024-02-21,0.0000134645388675458,0.00150659133709981,FALSE,0.0024465045203693,-0.256673747402564,0.180940306789301,-0.279850928909831,"Frozen-source hash and interval checks passed; retained in primary",1921
2024-12-17,0.0000133927428706911,0.00150659133709981,FALSE,0.00440357986823335,0.190618089659892,-0.399893061563672,0.500667517443443,"Frozen-source hash and interval checks passed; retained in primary",1922
2021-03-30,0.0000133569363674216,0.00150659133709981,FALSE,0.00511526941103477,0.176561568467583,0.479613651586375,-0.418334549697796,"Frozen-source hash and interval checks passed; retained in primary",1923
2019-07-30,0.0000132992059160337,0.00150659133709981,FALSE,0.00231715576448348,0.262133252309862,-0.122801395709704,0.183891188267715,"Frozen-source hash and interval checks passed; retained in primary",1924
2017-10-20,0.0000132308665206774,0.00150659133709981,FALSE,0.00318584495062102,0.222884335762537,0.807051557896488,-0.84941229163249,"Frozen-source hash and interval checks passed; retained in primary",1925
2022-05-19,0.0000131540780334171,0.00150659133709981,FALSE,0.00446169505531985,-0.187672169864705,-0.423076554592594,0.469044011891029,"Frozen-source hash and interval checks passed; retained in primary",1926
2015-10-20,0.0000131335226083846,0.00150659133709981,FALSE,0.00238922255715447,0.256527246165317,0.233802344786271,-0.24238383716737,"Frozen-source hash and interval checks passed; retained in primary",1927
2019-07-22,0.0000131318814934461,0.00150659133709981,FALSE,0.00317241267915535,-0.222520120419157,0.0542293969490792,-0.120543387029137,"Frozen-source hash and interval checks passed; retained in primary",1928
2020-09-11,0.0000130757985154724,0.00150659133709981,FALSE,0.00362219276160663,0.207754756991732,0.133268506524864,0.018835939027273,"Frozen-source hash and interval checks passed; retained in primary",1929
2017-10-04,0.0000130039909140771,0.00150659133709981,FALSE,0.000970961544358009,-0.400697832144756,-0.114362987594552,-0.0354547069837174,"Frozen-source hash and interval checks passed; retained in primary",1930
2022-03-08,0.0000129823481443554,0.00150659133709981,FALSE,0.00710082708022611,0.147592862146787,0.27241378549494,-0.199091171583188,"Frozen-source hash and interval checks passed; retained in primary",1931
2018-09-05,0.0000129607377821342,0.00150659133709981,FALSE,0.00182772715737883,0.291442278541896,0.0952176853239894,-0.0269166929982134,"Frozen-source hash and interval checks passed; retained in primary",1932
2017-12-05,0.0000129531158550299,0.00150659133709981,FALSE,0.00248861575953866,0.249607571482147,0.051387628104349,0.0354672818047241,"Frozen-source hash and interval checks passed; retained in primary",1933
2024-06-25,0.0000129400988948824,0.00150659133709981,FALSE,0.00301592832613944,-0.226565105434366,-0.061887656071935,0.0187858105063832,"Frozen-source hash and interval checks passed; retained in primary",1934
2022-04-11,0.0000128971505061926,0.00150659133709981,FALSE,0.011222249602479,0.11677419650255,0.838843487688745,-0.99256397999703,"Frozen-source hash and interval checks passed; retained in primary",1935
2015-08-12,0.0000128766331437236,0.00150659133709981,FALSE,0.00444828877018854,-0.185963285170881,-0.744012513080161,0.82807885654228,"Frozen-source hash and interval checks passed; retained in primary",1936
2020-10-05,0.0000128328586003265,0.00150659133709981,FALSE,0.00539010620441931,-0.168569909562661,0.219874989776914,-0.322183544116594,"Frozen-source hash and interval checks passed; retained in primary",1937
2026-02-26,0.0000127766380855614,0.00150659133709981,FALSE,0.0048282045333546,-0.177768627474151,-0.158960442702849,0.108824387400208,"Frozen-source hash and interval checks passed; retained in primary",1938
2020-08-26,0.0000127656750476625,0.00150659133709981,FALSE,0.00273369033358522,-0.236397800200782,-0.337760713385515,0.254081913381299,"Frozen-source hash and interval checks passed; retained in primary",1939
2021-08-12,0.0000127253423354829,0.00150659133709981,FALSE,0.00226223940032569,0.259516086684818,0.026915181625542,0.0996241535099252,"Frozen-source hash and interval checks passed; retained in primary",1940
2018-07-03,0.0000127093417407238,0.00150659133709981,FALSE,0.00296603506885041,-0.226422190504059,-0.262049339894777,0.17173593048998,"Frozen-source hash and interval checks passed; retained in primary",1941
2024-02-14,0.0000126346394891709,0.00150659133709981,FALSE,0.00299829796713616,-0.22453425422762,-0.106802220276636,0.146072663912289,"Frozen-source hash and interval checks passed; retained in primary",1942
2022-04-08,0.0000126198695473172,0.00150659133709981,FALSE,0.00325399401259953,-0.215378294251194,0.314740948931913,-0.411108555312811,"Frozen-source hash and interval checks passed; retained in primary",1943
2018-04-26,0.0000126062834909597,0.00150659133709981,FALSE,0.00144319512455976,-0.323525128945351,-0.0632823040061403,0.0274436263900668,"Frozen-source hash and interval checks passed; retained in primary",1944
2022-11-09,0.0000125346755174785,0.00150659133709981,FALSE,0.00334792899418795,0.211607393870361,0.541087930786022,-0.528248750076532,"Frozen-source hash and interval checks passed; retained in primary",1945
2023-10-13,0.000012426423809243,0.00150659133709981,FALSE,0.00381109462894652,-0.19742842814699,-0.212349488496288,0.0601343017486933,"Frozen-source hash and interval checks passed; retained in primary",1946
2020-10-15,0.0000124057404737764,0.00150659133709981,FALSE,0.00312661569238179,0.217863621023785,0.312095071170582,-0.285089996380083,"Frozen-source hash and interval checks passed; retained in primary",1947
2019-03-07,0.0000123678384434201,0.00150659133709981,FALSE,0.00248225189039325,-0.244216450895354,-0.156231204382573,0.0537489935004132,"Frozen-source hash and interval checks passed; retained in primary",1948
2026-05-14,0.0000122739293787613,0.00150659133709981,FALSE,0.01214937174069,0.109433720115974,0.173349284797908,-0.151937228519827,"Frozen-source hash and interval checks passed; retained in primary",1949
2019-04-15,0.0000122685111622004,0.00150659133709981,FALSE,0.00502991833122817,0.17065188835147,0.0500674059423112,0,"Frozen-source hash and interval checks passed; retained in primary",1950
2025-08-22,0.0000122388981415735,0.00150659133709981,FALSE,0.00570434433167029,-0.159998786083558,-0.879525502106171,1.03670000541962,"Frozen-source hash and interval checks passed; retained in primary",1951
2018-08-27,0.0000122169477121691,0.00150659133709981,FALSE,0.0018971431806507,0.277721546756971,-0.0100033060941751,0.116953816578658,"Frozen-source hash and interval checks passed; retained in primary",1952
2022-04-13,0.0000121998816109229,0.00150659133709981,FALSE,0.005949700875692,-0.15639578539359,0.221463898359442,-0.207369670738089,"Frozen-source hash and interval checks passed; retained in primary",1953
2019-08-14,0.0000121405454071825,0.00150659133709981,FALSE,0.0071608107323479,-0.142124215328342,-0.870073359284484,0.762751473306089,"Frozen-source hash and interval checks passed; retained in primary",1954
2024-03-15,0.0000121233581788252,0.00150659133709981,FALSE,0.00386802117371881,-0.19356022178877,0.537797925239625,-0.639022791356147,"Frozen-source hash and interval checks passed; retained in primary",1955
2023-05-02,0.000012110633369807,0.00150659133709981,FALSE,0.0032894911753498,0.209842865062052,-0.569794426440939,0.650088115400571,"Frozen-source hash and interval checks passed; retained in primary",1956
2025-10-09,0.0000120834258145931,0.00150659133709981,FALSE,0.00333262488563119,0.208241636330002,0.283499302916512,-0.21584859739292,"Frozen-source hash and interval checks passed; retained in primary",1957
2014-07-15,0.000012073628848309,0.00150659133709981,FALSE,0.00127030307576045,-0.337504712102468,-0.0912301916501157,-0.0393700792487017,"Frozen-source hash and interval checks passed; retained in primary",1958
2021-12-09,0.0000120202098872617,0.00150659133709981,FALSE,0.00259330820784281,0.235535145660289,-0.207140815736029,0.26389881606832,"Frozen-source hash and interval checks passed; retained in primary",1959
2020-06-02,0.0000120098026897039,0.00150659133709981,FALSE,0.00489237188794603,0.171211864161293,0.962297378678922,-0.962257609917039,"Frozen-source hash and interval checks passed; retained in primary",1960
2020-08-24,0.0000120093753639876,0.00150659133709981,FALSE,0.0031581763507083,0.213277857642021,0.104245508510514,-0.0188875248460008,"Frozen-source hash and interval checks passed; retained in primary",1961
2017-10-03,0.0000119662876184893,0.00150659133709981,FALSE,0.00127900542362819,-0.334854576072619,0.0224065597929979,-0.177462335836864,"Frozen-source hash and interval checks passed; retained in primary",1962
2018-04-27,0.0000119615794719651,0.00150659133709981,FALSE,0.00232475657850017,-0.248193694155296,-0.205529762285339,0.164820108734087,"Frozen-source hash and interval checks passed; retained in primary",1963
2018-05-16,0.0000119307025425762,0.00150659133709981,FALSE,0.00160683220615559,-0.298255985700893,-0.0559787175288484,0.0272145871865526,"Frozen-source hash and interval checks passed; retained in primary",1964
2016-03-15,0.000011797869099189,0.00150659133709981,FALSE,0.00346657176575692,-0.201738249285329,-0.569046831861852,0.627016669877101,"Frozen-source hash and interval checks passed; retained in primary",1965
2020-07-02,0.0000117740408729964,0.00150659133709981,FALSE,0.00785941079915655,-0.133550342641276,-0.00475117396305791,-0.0465008146021795,"Frozen-source hash and interval checks passed; retained in primary",1966
2015-12-11,0.0000117183015627956,0.00150659133709981,FALSE,0.00528903625567624,-0.162623438091784,-0.580292817177952,0.412575880225319,"Frozen-source hash and interval checks passed; retained in primary",1967
2017-04-03,0.0000116648272440364,0.00150659133709981,FALSE,0.00218156893846454,-0.253029448433764,-0.432269436064647,0.404731406464887,"Frozen-source hash and interval checks passed; retained in primary",1968
2021-09-14,0.0000116446217630067,0.00150659133709981,FALSE,0.00287193796450367,-0.220262852025296,-0.309212485087684,0.255009245661153,"Frozen-source hash and interval checks passed; retained in primary",1969
2015-11-02,0.000011628346980926,0.00150659133709981,FALSE,0.00354970358867785,0.197916220878804,0.141714391275638,0,"Frozen-source hash and interval checks passed; retained in primary",1970
2014-10-27,0.0000115945848800534,0.00150659133709981,FALSE,0.00180459004456358,-0.277419337853403,-0.380041542399567,0.324419805324094,"Frozen-source hash and interval checks passed; retained in primary",1971
2015-11-19,0.00001157909888706,0.00150659133709981,FALSE,0.00285517793352492,0.220287845016604,-0.483647117429564,0.649827646146672,"Frozen-source hash and interval checks passed; retained in primary",1972
2022-03-23,0.0000115731077414834,0.00150659133709981,FALSE,0.0073153568344024,0.13727881295182,0.284394178498504,-0.297914818155931,"Frozen-source hash and interval checks passed; retained in primary",1973
2022-07-11,0.0000114826833423109,0.00150659133709981,FALSE,0.00439800231994044,0.176614952914808,0.786203733703061,-0.826481208444907,"Frozen-source hash and interval checks passed; retained in primary",1974
2026-04-15,0.0000114494580786942,0.00150659133709981,FALSE,0.0050907682459831,-0.163863850502262,0.0284430075051745,-0.0691976248792692,"Frozen-source hash and interval checks passed; retained in primary",1975
2017-10-12,0.0000114115668334648,0.00150659133709981,FALSE,0.00150511514887476,-0.301405602592785,-0.0680815838878246,-0.0266987052714107,"Frozen-source hash and interval checks passed; retained in primary",1976
2015-08-10,0.0000113736637897321,0.00150659133709981,FALSE,0.00185060954054161,-0.271319614086356,0.168886992376516,-0.225062389028619,"Frozen-source hash and interval checks passed; retained in primary",1977
2025-10-22,0.0000113375812417058,0.00150659133709981,FALSE,0.00311019855735143,0.208823969912192,0.0896321183787574,-0.0461269818069709,"Frozen-source hash and interval checks passed; retained in primary",1978
2017-05-12,0.0000113213100688498,0.00150659133709981,FALSE,0.00314138790287896,-0.20763232383903,-0.386160917936973,0.413969851766449,"Frozen-source hash and interval checks passed; retained in primary",1979
2023-07-06,0.0000112988687340002,0.00150659133709981,FALSE,0.00432092029394074,-0.176758239823402,-0.36727613850247,0.325654193913039,"Frozen-source hash and interval checks passed; retained in primary",1980
2021-12-28,0.0000112888868746355,0.00150659133709981,FALSE,0.00234650255812383,0.23999131877118,0.00695551635403469,0.0871080194452922,"Frozen-source hash and interval checks passed; retained in primary",1981
2022-04-21,0.0000112791493188708,0.00150659133709981,FALSE,0.0046883205792098,-0.169511706520177,0.487253710041102,-0.670881679995983,"Frozen-source hash and interval checks passed; retained in primary",1982
2016-06-15,0.0000112777690929949,0.00150659133709981,FALSE,0.0023277323671932,-0.240840571776683,-0.204508061594177,0.141582920437155,"Frozen-source hash and interval checks passed; retained in primary",1983
2019-06-14,0.0000112753710918915,0.00150659133709981,FALSE,0.00172302525131775,0.279985635786504,0.125129172863048,0,"Frozen-source hash and interval checks passed; retained in primary",1984
2016-11-29,0.0000112660611491606,0.00150659133709981,FALSE,0.00136035136687175,-0.315032622692273,0.230015071742073,-0.373101614299287,"Frozen-source hash and interval checks passed; retained in primary",1985
2015-06-15,0.0000112504045448853,0.00150659133709981,FALSE,0.00197895757356774,-0.260931373241107,-0.0595750181092036,-0.121649583146066,"Frozen-source hash and interval checks passed; retained in primary",1986
2024-06-10,0.0000111638169294051,0.00150659133709981,FALSE,0.00419205607630363,-0.178390296591343,0.12471171487185,-0.223278457086096,"Frozen-source hash and interval checks passed; retained in primary",1987
2025-07-15,0.0000111492901571654,0.00150659133709981,FALSE,0.00312328109122505,0.20664715134314,0.726830041760662,-0.715156198752087,"Frozen-source hash and interval checks passed; retained in primary",1988
2023-10-26,0.000011144179432815,0.00150659133709981,FALSE,0.00453708665316938,-0.171292629595846,0.281052758770439,-0.332911952722004,"Frozen-source hash and interval checks passed; retained in primary",1989
2019-06-24,0.0000111179203744263,0.00150659133709981,FALSE,0.00133386164825873,0.316051002414105,-0.0332854349125888,0.176818249036703,"Frozen-source hash and interval checks passed; retained in primary",1990
2025-09-19,0.0000110542980149658,0.00150659133709981,FALSE,0.00513330666753623,-0.160339323932419,-0.121333766424936,0.128443485632168,"Frozen-source hash and interval checks passed; retained in primary",1991
2019-12-30,0.0000110486267040923,0.00150659133709981,FALSE,0.00239161004998731,0.235168763051949,-0.464562968609705,0.567975143590971,"Frozen-source hash and interval checks passed; retained in primary",1992
2024-01-18,0.0000110409484683835,0.00150659133709981,FALSE,0.00509695051473804,0.160815900493037,-0.0494198974702709,0.161866899845986,"Frozen-source hash and interval checks passed; retained in primary",1993
2019-12-17,0.0000110314621616948,0.00150659133709981,FALSE,0.00198771529496479,0.257808965780421,0.0107567475934989,0.109509045439182,"Frozen-source hash and interval checks passed; retained in primary",1994
2017-07-24,0.0000110167543618521,0.00150659133709981,FALSE,0.00233362475435227,0.237735814419764,0.0337324493849156,0.0719812879738768,"Frozen-source hash and interval checks passed; retained in primary",1995
2019-06-28,0.0000110116781683566,0.00150659133709981,FALSE,0.00145401956154947,-0.301242530624305,0.0255136771614595,-0.102055025789571,"Frozen-source hash and interval checks passed; retained in primary",1996
2016-06-02,0.0000108482050109029,0.00150659133709981,FALSE,0.00473678472891795,-0.165385228451125,-0.620148586609703,0.732939607268168,"Frozen-source hash and interval checks passed; retained in primary",1997
2017-08-15,0.0000108308207034107,0.00150659133709981,FALSE,0.00283763985232567,0.21371037543767,0.808155554841283,-0.854939268342036,"Frozen-source hash and interval checks passed; retained in primary",1998
2025-01-16,0.0000107716575854413,0.00150659133709981,FALSE,0.00246202051904385,-0.228849927139841,-0.757135551013866,0.743497848751762,"Frozen-source hash and interval checks passed; retained in primary",1999
2015-05-22,0.0000107417541217393,0.00150659133709981,FALSE,0.00143278428088053,0.299727419222334,0.379794355809704,-0.321636498463995,"Frozen-source hash and interval checks passed; retained in primary",2000
2019-07-24,0.0000106963833647098,0.00150659133709981,FALSE,0.00175698625331959,-0.270049303128484,-0.060810205661399,-0.0185065236023796,"Frozen-source hash and interval checks passed; retained in primary",2001
2019-06-20,0.0000106382802019791,0.00150659133709981,FALSE,0.00380588007024728,-0.182797719391986,-0.737605540989161,0.778214044205505,"Frozen-source hash and interval checks passed; retained in primary",2002
2019-10-21,0.0000106333043167725,0.00150659133709981,FALSE,0.00120836984551613,0.324759790269497,0.229811717920914,-0.119810161329603,"Frozen-source hash and interval checks passed; retained in primary",2003
2025-12-29,0.0000106131092096479,0.00150659133709981,FALSE,0.00326013247729555,0.197326417039044,-0.243061388941523,0.338950856918441,"Frozen-source hash and interval checks passed; retained in primary",2004
2017-08-21,0.0000105983626578588,0.00150659133709981,FALSE,0.0022366150608161,0.238192547846872,-0.191472354343958,0.394116270189748,"Frozen-source hash and interval checks passed; retained in primary",2005
2016-03-01,0.000010586678482554,0.00150659133709981,FALSE,0.00537724211066712,-0.153292139392698,0.851272453059382,-0.916952289663264,"Frozen-source hash and interval checks passed; retained in primary",2006
2014-08-22,0.000010572804729669,0.00150659133709981,FALSE,0.00126576984990393,0.316397703593996,0.279215823343337,-0.18291220502844,"Frozen-source hash and interval checks passed; retained in primary",2007
2017-06-23,0.0000105663919769721,0.00150659133709981,FALSE,0.001648793472746,0.277084687186453,0.0402442313136575,0.0898391938962462,"Frozen-source hash and interval checks passed; retained in primary",2008
2022-06-06,0.0000105260820612321,0.00150659133709981,FALSE,0.00248942571802722,0.224974433496352,0.670491109146942,-0.640587868884079,"Frozen-source hash and interval checks passed; retained in primary",2009
2014-08-06,0.0000104327580616204,0.00150659133709981,FALSE,0.00214274393666972,-0.241456701493164,-0.425514268319915,0.4192878260036,"Frozen-source hash and interval checks passed; retained in primary",2010
2026-01-08,0.0000104190705420243,0.00150659133709981,FALSE,0.00293837120885207,0.2059741805671,0.183149962791651,-0.108408007301097,"Frozen-source hash and interval checks passed; retained in primary",2011
2020-12-21,0.0000102489253871167,0.00150659133709981,FALSE,0.00352654358480353,0.186418078951766,0.0376475634775275,-0.0870448335824392,"Frozen-source hash and interval checks passed; retained in primary",2012
2023-01-25,0.0000102314931533788,0.00150659133709981,FALSE,0.00147251786708905,-0.288542544059892,-0.372914029964688,0.331138880230242,"Frozen-source hash and interval checks passed; retained in primary",2013
2018-08-10,0.0000101664330826424,0.00150659133709981,FALSE,0.00271379974617047,0.211736598653952,-0.2005408350366,0.216645688635797,"Frozen-source hash and interval checks passed; retained in primary",2014
2015-03-17,0.0000100997100546104,0.00150659133709981,FALSE,0.00183273339588665,-0.25691951360548,-0.108483067852116,0.0164894055942888,"Frozen-source hash and interval checks passed; retained in primary",2015
2025-11-13,0.0000100847668357464,0.00150659133709981,FALSE,0.00295425065617957,0.202095864516977,-0.156454622862823,0.15531973093994,"Frozen-source hash and interval checks passed; retained in primary",2016
2018-02-01,0.0000100707950229202,0.00150659133709981,FALSE,0.00287923035353465,0.204577645766543,0.21248558795901,-0.173666695081121,"Frozen-source hash and interval checks passed; retained in primary",2017
2019-11-19,0.0000100674670767781,0.00150659133709981,FALSE,0.00292889594012,-0.202797140084386,-0.0748199955310724,0.0184162063135318,"Frozen-source hash and interval checks passed; retained in primary",2018
2018-07-24,0.00001000074167461,0.00150659133709981,FALSE,0.0019620444103685,-0.247073313727332,-0.133026975566919,0.0808516416500815,"Frozen-source hash and interval checks passed; retained in primary",2019
2015-08-13,0.00000990881851153502,0.00150659133709981,FALSE,0.00283521513848726,-0.204499390011114,0.249303316460736,-0.362625805322825,"Frozen-source hash and interval checks passed; retained in primary",2020
2024-02-09,0.0000098609906282128,0.00150659133709981,FALSE,0.0029022257996982,-0.20162954504949,0.0293361320747199,-0.0870642656209064,"Frozen-source hash and interval checks passed; retained in primary",2021
2022-11-29,0.00000983163890087904,0.00150659133709981,FALSE,0.00172522785695396,0.261279538118298,-0.127874306303744,0.281639471234918,"Frozen-source hash and interval checks passed; retained in primary",2022
2019-11-15,0.00000981825014606625,0.00150659133709981,FALSE,0.00346542714063923,-0.184066802612794,0.381406561479514,-0.432921046436618,"Frozen-source hash and interval checks passed; retained in primary",2023
2021-05-24,0.00000979353308100136,0.00150659133709981,FALSE,0.00416915955251568,-0.167543987952689,-0.0988801447435517,0.119402999260743,"Frozen-source hash and interval checks passed; retained in primary",2024
2021-03-16,0.00000966094883048489,0.00150659133709981,FALSE,0.00336468915816749,-0.185308855875499,-0.12545761317857,0.0916926526739914,"Frozen-source hash and interval checks passed; retained in primary",2025
2022-02-09,0.00000963638837688882,0.00150659133709981,FALSE,0.00377595181481159,0.174667884112976,-0.0218856361464237,0.15580371887145,"Frozen-source hash and interval checks passed; retained in primary",2026
2026-01-09,0.00000957846566501173,0.00150659133709981,FALSE,0.00305773192492331,-0.193585978208892,0.640424482501967,-0.742931315031647,"Frozen-source hash and interval checks passed; retained in primary",2027
2025-03-27,0.00000952554709832577,0.00150659133709981,FALSE,0.00174549630465409,0.255680001172686,0.279486811815532,-0.185639514958158,"Frozen-source hash and interval checks passed; retained in primary",2028
2018-03-07,0.0000095044300208364,0.00150659133709981,FALSE,0.00255983991258802,-0.210809745407744,-0.131531314756961,0.0849176821326125,"Frozen-source hash and interval checks passed; retained in primary",2029
2020-04-20,0.00000945961392563637,0.00150659133709981,FALSE,0.00680886398071314,-0.12867862667358,0.0402061261810083,-0.157985256594984,"Frozen-source hash and interval checks passed; retained in primary",2030
2018-01-18,0.00000945214593727048,0.00150659133709981,FALSE,0.00167904441325696,-0.259692755110746,-0.0378628333953746,-0.0631512493359132,"Frozen-source hash and interval checks passed; retained in primary",2031
2022-06-28,0.00000945114259480139,0.00150659133709981,FALSE,0.00347137767913527,0.180437472923555,0.654051573015879,-0.685211743407166,"Frozen-source hash and interval checks passed; retained in primary",2032
2021-02-18,0.00000943612506088549,0.00150659133709981,FALSE,0.00415456006987606,-0.164748289888417,-0.213862366469719,0.132375208437718,"Frozen-source hash and interval checks passed; retained in primary",2033
2019-12-13,0.00000941230634946605,0.00150659133709981,FALSE,0.00431365862136728,0.16146449499611,0.178477711934066,-0.109869998234213,"Frozen-source hash and interval checks passed; retained in primary",2034
2016-05-25,0.00000941227946672,0.00150659133709981,FALSE,0.00315870853473781,0.188797510127734,0.225559620193971,-0.199800266267314,"Frozen-source hash and interval checks passed; retained in primary",2035
2026-06-30,0.00000937933716520102,0.00150659133709981,FALSE,0.00238008587726246,0.217201559043454,0.510756517413125,-0.419055275225144,"Frozen-source hash and interval checks passed; retained in primary",2036
2018-09-11,0.00000934830334545774,0.00150659133709981,FALSE,0.00246954783431252,0.212868490830399,0.451307839635051,-0.404258736777674,"Frozen-source hash and interval checks passed; retained in primary",2037
2024-08-07,0.00000932445386056237,0.00150659133709981,FALSE,0.012676398876769,0.0933542590518886,1.4912354839232,-1.57935802581406,"Frozen-source hash and interval checks passed; retained in primary",2038
2021-01-26,0.00000931574667358867,0.00150659133709981,FALSE,0.00313000153646357,-0.188688940370461,-0.122460412568426,0.0867595369407503,"Frozen-source hash and interval checks passed; retained in primary",2039
2022-10-12,0.00000931299928076026,0.00150659133709981,FALSE,0.00323631021825807,-0.185526708659932,0.789267599258414,-0.902817157413871,"Frozen-source hash and interval checks passed; retained in primary",2040
2014-04-25,0.00000928749521207473,0.00150659133709981,FALSE,0.00161379808072939,-0.262581794671877,-0.320481471130352,0.215201100366258,"Frozen-source hash and interval checks passed; retained in primary",2041
2021-05-18,0.0000092770214803456,0.00150659133709981,FALSE,0.00468533189257383,-0.153781795122351,-0.24068176350136,0.146667915191134,"Frozen-source hash and interval checks passed; retained in primary",2042
2025-08-29,0.00000924578247402569,0.00150659133709981,FALSE,0.00223100622734505,0.22275479914551,0.00994079170744122,0.0544439920893147,"Frozen-source hash and interval checks passed; retained in primary",2043
2018-08-09,0.00000922815628284418,0.00150659133709981,FALSE,0.00132262002979856,0.289163286687661,0.0371260100800797,0.054088165025501,"Frozen-source hash and interval checks passed; retained in primary",2044
2024-03-27,0.00000919864584733963,0.00150659133709981,FALSE,0.00240470748017584,-0.213992543483182,-0.172471664914919,0.151850291615574,"Frozen-source hash and interval checks passed; retained in primary",2045
2015-12-07,0.0000091767557452077,0.00150659133709981,FALSE,0.00184022246774248,-0.244399367399857,0.00865100883786774,-0.170447669203089,"Frozen-source hash and interval checks passed; retained in primary",2046
2025-08-14,0.00000916265916368697,0.00150659133709981,FALSE,0.00344424042057518,-0.178363284475339,0.241792818618647,-0.298365990652272,"Frozen-source hash and interval checks passed; retained in primary",2047
2019-03-13,0.00000906404856434986,0.00150659133709981,FALSE,0.00210696919609462,-0.226968003036481,-0.158703899703516,0.134764855758451,"Frozen-source hash and interval checks passed; retained in primary",2048
2021-03-31,0.000009057384008361,0.00150659133709981,FALSE,0.00812649863350131,-0.115177705934145,0.3185066299491,-0.380435241447685,"Frozen-source hash and interval checks passed; retained in primary",2049
2017-09-14,0.0000090202073747187,0.00150659133709981,FALSE,0.000989155195380018,-0.330637240182606,-0.0514603161377192,-0.0723196560176831,"Frozen-source hash and interval checks passed; retained in primary",2050
2019-12-11,0.00000895771026242782,0.00150659133709981,FALSE,0.00115432540254665,-0.30498199339025,-0.125880262974798,0.055197793489814,"Frozen-source hash and interval checks passed; retained in primary",2051
2023-07-12,0.0000089059892713945,0.00150659133709981,FALSE,0.0110477084975449,-0.0978100034279175,-1.43366305873656,1.65043930023137,"Frozen-source hash and interval checks passed; retained in primary",2052
2014-07-10,0.00000889137626988301,0.00150659133709981,FALSE,0.00184345174903846,0.240357988268303,-0.345391746805834,0.433583651275082,"Frozen-source hash and interval checks passed; retained in primary",2053
2015-09-29,0.00000886754970002046,0.00150659133709981,FALSE,0.00644509387997984,-0.128077768097165,-0.0144906280508117,0.0500876544405671,"Frozen-source hash and interval checks passed; retained in primary",2054
2019-03-04,0.00000886031397383686,0.00150659133709981,FALSE,0.00339107553697215,-0.176770110305312,-0.270964082254554,0.187860680556717,"Frozen-source hash and interval checks passed; retained in primary",2055
2018-12-03,0.00000884257716176215,0.00150659133709981,FALSE,0.00197462715247164,0.231583861446685,0.130712250817533,0,"Frozen-source hash and interval checks passed; retained in primary",2056
2018-10-18,0.00000880352658707921,0.00150659133709981,FALSE,0.00244126850506226,-0.207768845279465,-0.231177431226381,0.0891583511273275,"Frozen-source hash and interval checks passed; retained in primary",2057
2021-04-13,0.0000087896023772645,0.00150659133709981,FALSE,0.00307784386545728,-0.184834300852163,-0.24828678993023,0.219559140437742,"Frozen-source hash and interval checks passed; retained in primary",2058
2026-01-07,0.00000875851739206514,0.00150659133709981,FALSE,0.00340008274957129,0.175517975674362,0.0884119611146872,-0.0191430304001372,"Frozen-source hash and interval checks passed; retained in primary",2059
2014-02-14,0.00000874620758439551,0.00150659133709981,FALSE,0.00245825358486814,-0.206372921685299,-0.361724617480341,0.372512929541369,"Frozen-source hash and interval checks passed; retained in primary",2060
2016-08-15,0.00000870163739842326,0.00150659133709981,FALSE,0.00204356090692793,-0.225815169685882,-0.0729323584018005,-0.00989951988135118,"Frozen-source hash and interval checks passed; retained in primary",2061
2018-01-11,0.00000857260591643198,0.00150659133709981,FALSE,0.0015444218681903,-0.257886409409115,-0.176027744173712,0.116680891037024,"Frozen-source hash and interval checks passed; retained in primary",2062
2025-12-16,0.00000854372360273414,0.00150659133709981,FALSE,0.00292123112737827,0.187066487909325,-0.201698364435909,0.316037542547054,"Frozen-source hash and interval checks passed; retained in primary",2063
2024-06-18,0.00000845781136054246,0.00150659133709981,FALSE,0.00206272359662132,0.221590289365032,0.116417564018345,-0.00633693482674502,"Frozen-source hash and interval checks passed; retained in primary",2064
2025-08-26,0.00000844900439742168,0.00150659133709981,FALSE,0.00191785967189044,-0.229703768245886,-0.229319133699013,0.210233708032082,"Frozen-source hash and interval checks passed; retained in primary",2065
2019-04-08,0.00000841732982173711,0.00150659133709981,FALSE,0.00201982353988072,0.223399418369231,-0.115866747114168,0.215073118122433,"Frozen-source hash and interval checks passed; retained in primary",2066
2022-05-24,0.00000838768510063006,0.00150659133709981,FALSE,0.00698826563636352,0.119592561932387,-0.860836202080995,0.959353115485317,"Frozen-source hash and interval checks passed; retained in primary",2067
2019-06-13,0.00000834658365081133,0.00150659133709981,FALSE,0.00178309717444772,-0.23679359554216,-0.0561978912506422,-0.0184450798272451,"Frozen-source hash and interval checks passed; retained in primary",2068
2015-03-04,0.00000834517740293864,0.00150659133709981,FALSE,0.00169596026166206,-0.242790666871646,0.116487785695174,-0.242444628224092,"Frozen-source hash and interval checks passed; retained in primary",2069
2020-07-29,0.00000834512073502672,0.00150659133709981,FALSE,0.00639504947619933,-0.124736011778306,0.0125574938605322,-0.0285591891131531,"Frozen-source hash and interval checks passed; retained in primary",2070
2021-12-03,0.00000830767240975848,0.00150659133709981,FALSE,0.00529075622041464,-0.136905061862405,-0.272963074769628,0.194707557751617,"Frozen-source hash and interval checks passed; retained in primary",2071
2026-06-16,0.00000829033787854392,0.00150659133709981,FALSE,0.0015138922878073,-0.256153481861859,0.0296954548623773,-0.118531471502781,"Frozen-source hash and interval checks passed; retained in primary",2072
2021-03-29,0.00000828929884534002,0.00150659133709981,FALSE,0.00326161813130483,0.17435064417208,0.143646080078019,-0.164173696123271,"Frozen-source hash and interval checks passed; retained in primary",2073
2022-01-25,0.00000826995102938871,0.00150659133709981,FALSE,0.00463439699399392,0.145994598947999,0.0655380170118125,-0.0527009234859044,"Frozen-source hash and interval checks passed; retained in primary",2074
2019-07-17,0.00000826752743728451,0.00150659133709981,FALSE,0.00227805182765511,0.208449764242171,-0.175400458194686,0.231000333720566,"Frozen-source hash and interval checks passed; retained in primary",2075
2021-10-20,0.00000821600926239994,0.00150659133709981,FALSE,0.00380411928843291,-0.160681689844027,-0.0712482104902712,0.0262570567348241,"Frozen-source hash and interval checks passed; retained in primary",2076
2025-09-29,0.00000819381445703887,0.00150659133709981,FALSE,0.00244777215245355,0.200177846286288,-0.528654259755346,0.63739354980461,"Frozen-source hash and interval checks passed; retained in primary",2077
2018-06-12,0.0000081049709529689,0.00150659133709981,FALSE,0.00185512070855131,0.228758404690796,0.294890062009534,-0.254360602257542,"Frozen-source hash and interval checks passed; retained in primary",2078
2018-09-07,0.00000805424146730386,0.00150659133709981,FALSE,0.00215869776590602,-0.211367282047888,0.172106930929994,-0.2792165741063,"Frozen-source hash and interval checks passed; retained in primary",2079
2014-04-22,0.00000805053732629779,0.00150659133709981,FALSE,0.00152317181680839,0.251650388151697,0.115961809885601,-0.0389939564309216,"Frozen-source hash and interval checks passed; retained in primary",2080
2022-06-10,0.00000803601818285418,0.00150659133709981,FALSE,0.00309342471613009,-0.176286287989494,-0.00639260732970826,-0.0969245183054745,"Frozen-source hash and interval checks passed; retained in primary",2081
2017-12-19,0.00000800554504249193,0.00150659133709981,FALSE,0.0021675986038679,-0.210293304509554,0.333508594556475,-0.514687443752493,"Frozen-source hash and interval checks passed; retained in primary",2082
2015-06-16,0.00000794986612817273,0.00150659133709981,FALSE,0.00186725928693087,-0.22581998147684,-0.0352138246911604,-0.00810471289502956,"Frozen-source hash and interval checks passed; retained in primary",2083
2024-12-10,0.00000792645847914744,0.00150659133709981,FALSE,0.00237129213725715,-0.200042445849034,0.424357863830993,-0.534143510064133,"Frozen-source hash and interval checks passed; retained in primary",2084
2014-09-03,0.00000792548337199088,0.00150659133709981,FALSE,0.00118213805947383,-0.283473556716871,-0.279981161455112,0.209543842746118,"Frozen-source hash and interval checks passed; retained in primary",2085
2025-03-11,0.00000791919245004701,0.00150659133709981,FALSE,0.00188072821617063,-0.224573895308726,0.175460614029266,-0.224009868646124,"Frozen-source hash and interval checks passed; retained in primary",2086
2016-07-25,0.00000788092319382279,0.00150659133709981,FALSE,0.00320378856957591,-0.171534087292508,-0.278089764945566,0.188465943459271,"Frozen-source hash and interval checks passed; retained in primary",2087
2021-11-08,0.0000078603454064545,0.00150659133709981,FALSE,0.00348390587839853,0.164255677588811,-0.202270801600068,0.264783914630407,"Frozen-source hash and interval checks passed; retained in primary",2088
2019-06-18,0.00000775232883989125,0.00150659133709981,FALSE,0.00295290694999215,0.177230993112476,-0.0618527622117782,0.156718169895509,"Frozen-source hash and interval checks passed; retained in primary",2089
2018-01-19,0.00000772848653710072,0.00150659133709981,FALSE,0.00201013410106745,-0.214579584686623,-0.256297304061581,0.289017542223302,"Frozen-source hash and interval checks passed; retained in primary",2090
2018-08-17,0.00000771953450983277,0.00150659133709981,FALSE,0.00367100902944014,-0.158560438044266,-0.269484628876526,0.316127256000787,"Frozen-source hash and interval checks passed; retained in primary",2091
2023-05-18,0.00000769483530462636,0.00150659133709981,FALSE,0.00459111519088053,0.141492020791652,0.717338889063468,-0.717368389253981,"Frozen-source hash and interval checks passed; retained in primary",2092
2025-09-11,0.00000768813778905339,0.00150659133709981,FALSE,0.00153835292878255,-0.244702780698046,-0.174766160488105,0.135805004915035,"Frozen-source hash and interval checks passed; retained in primary",2093
2018-05-14,0.00000767437250807626,0.00150659133709981,FALSE,0.00185578612686045,0.222558787058267,0.254464326974935,-0.237681801262113,"Frozen-source hash and interval checks passed; retained in primary",2094
2020-01-07,0.00000766641523906317,0.00150659133709981,FALSE,0.00208935381320592,-0.209617059854886,0.0737361701517614,-0.156761524102933,"Frozen-source hash and interval checks passed; retained in primary",2095
2023-04-27,0.00000763140161545979,0.00150659133709981,FALSE,0.00243823373629085,-0.193564186905948,0.227076354829325,-0.23902013172119,"Frozen-source hash and interval checks passed; retained in primary",2096
2020-10-06,0.00000762952446202486,0.00150659133709981,FALSE,0.00233258548509187,0.197885269793893,-0.0298711301634835,0.0567805447260206,"Frozen-source hash and interval checks passed; retained in primary",2097
2019-10-31,0.00000762907662884058,0.00150659133709981,FALSE,0.003735599406438,-0.156254944411541,-0.726797955867209,0.72821449150986,"Frozen-source hash and interval checks passed; retained in primary",2098
2019-07-01,0.00000757842996613265,0.00150659133709981,FALSE,0.00374311252498968,0.155578460868806,0.539287463852212,-0.536392666819552,"Frozen-source hash and interval checks passed; retained in primary",2099
2026-07-14,0.00000757295954563382,0.00150659133709981,FALSE,0.00242232453514618,-0.193455302606503,-0.129825097891167,0.110953595799845,"Frozen-source hash and interval checks passed; retained in primary",2100
2023-08-03,0.00000756245942107718,0.00150659133709981,FALSE,0.00386399641260477,-0.152954800888521,-0.509256020612447,0.553164593663258,"Frozen-source hash and interval checks passed; retained in primary",2101
2025-01-22,0.00000754296648483446,0.00150659133709981,FALSE,0.00310671249064269,0.170425868611746,0.730960335577269,-0.724106845306682,"Frozen-source hash and interval checks passed; retained in primary",2102
2024-09-26,0.00000750630081209546,0.00150659133709981,FALSE,0.00394368362571382,-0.15083235733805,0.11975351582949,-0.186793094542281,"Frozen-source hash and interval checks passed; retained in primary",2103
2014-11-21,0.00000747442170727161,0.00150659133709981,FALSE,0.00257619911860929,-0.186350074870462,-0.309036728937651,0.339155827897386,"Frozen-source hash and interval checks passed; retained in primary",2104
2020-09-14,0.00000746423255792243,0.00150659133709981,FALSE,0.00407838586924776,0.147894364721903,-0.3388363545759,0.462592281141205,"Frozen-source hash and interval checks passed; retained in primary",2105
2019-01-07,0.00000745118945526324,0.00150659133709981,FALSE,0.00602969523203238,-0.121406642875941,0.204643070541355,-0.30427389664105,"Frozen-source hash and interval checks passed; retained in primary",2106
2015-04-01,0.00000743455021547554,0.00150659133709981,FALSE,0.00133248206433621,0.258581677700913,-0.134129755528134,0.283830226439719,"Frozen-source hash and interval checks passed; retained in primary",2107
2021-01-05,0.00000741024809281804,0.00150659133709981,FALSE,0.00360400046863644,-0.156794406431804,-0.416664443078529,0.475983219310994,"Frozen-source hash and interval checks passed; retained in primary",2108
2021-09-27,0.00000739406274990982,0.00150659133709981,FALSE,0.00339400249619888,0.161412758101032,0.203568598563342,-0.225540264311341,"Frozen-source hash and interval checks passed; retained in primary",2109
2019-04-04,0.00000736901003334418,0.00150659133709981,FALSE,0.00131743395499457,0.258907424701591,0.149932887555071,-0.0627718264794019,"Frozen-source hash and interval checks passed; retained in primary",2110
2022-10-07,0.00000731359461562472,0.00150659133709981,FALSE,0.00133777372332681,0.255961146122731,0.25581974995581,-0.172336581446064,"Frozen-source hash and interval checks passed; retained in primary",2111
2014-04-03,0.00000728422712754668,0.00150659133709981,FALSE,0.00164167121834424,-0.230559219390665,-0.0150204310175539,-0.115517918121277,"Frozen-source hash and interval checks passed; retained in primary",2112
2023-10-19,0.00000727341656466696,0.00150659133709981,FALSE,0.00703016127249382,-0.111031252325851,-0.0129295291807274,-0.0400293553947328,"Frozen-source hash and interval checks passed; retained in primary",2113
2021-04-23,0.0000072636158544904,0.00150659133709981,FALSE,0.00278739893096861,0.176588074580067,-0.0737895596162552,0.212854645170069,"Frozen-source hash and interval checks passed; retained in primary",2114
2024-09-18,0.00000726358451502672,0.00150659133709981,FALSE,0.00342689332746481,-0.159210024335402,0.0292023732312519,-0.112795218162631,"Frozen-source hash and interval checks passed; retained in primary",2115
2023-05-23,0.00000724105796115124,0.00150659133709981,FALSE,0.00202581364612257,-0.206895737223768,-0.0484999321955559,-0.0648905895368479,"Frozen-source hash and interval checks passed; retained in primary",2116
2018-05-22,0.00000722838564338806,0.00150659133709981,FALSE,0.00114210854540211,0.275428858626549,-0.00821171358462713,0.12611478115101,"Frozen-source hash and interval checks passed; retained in primary",2117
2017-05-01,0.00000722643383993311,0.00150659133709981,FALSE,0.00150611068485293,0.239771135169864,0.390557711553807,-0.30463243700023,"Frozen-source hash and interval checks passed; retained in primary",2118
2023-10-24,0.0000071898368998525,0.00150659133709981,FALSE,0.004512740937442,0.137958287246964,0.176150245915796,-0.0400507314611609,"Frozen-source hash and interval checks passed; retained in primary",2119
2023-04-24,0.00000717586819553707,0.00150659133709981,FALSE,0.00220932655942419,0.197204859664357,0.18666318343481,-0.0967657971222557,"Frozen-source hash and interval checks passed; retained in primary",2120
2023-03-27,0.00000712218800523361,0.00150659133709981,FALSE,0.00245908082145519,0.186198551534818,0.714052380185359,-0.648535443661835,"Frozen-source hash and interval checks passed; retained in primary",2121
2016-10-24,0.00000710927143219688,0.00150659133709981,FALSE,0.00107176908283584,0.281980906302282,0.311448592881991,-0.230591954597692,"Frozen-source hash and interval checks passed; retained in primary",2122
2020-05-27,0.00000704882356772211,0.00150659133709981,FALSE,0.00649785436108283,0.113723014009418,0.174022781950134,-0.139256393483222,"Frozen-source hash and interval checks passed; retained in primary",2123
2018-06-26,0.00000698590910270738,0.00150659133709981,FALSE,0.00246905912238815,0.184034621041161,0.348595928709061,-0.27329888560681,"Frozen-source hash and interval checks passed; retained in primary",2124
2021-06-08,0.0000069655148832758,0.00150659133709981,FALSE,0.00343127461176801,0.155809209357613,0.232314018725521,-0.201170514076665,"Frozen-source hash and interval checks passed; retained in primary",2125
2023-12-12,0.00000695274465550891,0.00150659133709981,FALSE,0.00372744822857592,0.149331709071026,-0.506616458048992,0.657852026418038,"Frozen-source hash and interval checks passed; retained in primary",2126
2018-10-05,0.00000694161911569777,0.00150659133709981,FALSE,0.00240049733394547,0.186058069810611,-0.135529801160228,0.202331276414647,"Frozen-source hash and interval checks passed; retained in primary",2127
2019-01-25,0.00000694030673069121,0.00150659133709981,FALSE,0.0032495562637839,-0.159831046787605,-0.10490907511711,0.109429155548746,"Frozen-source hash and interval checks passed; retained in primary",2128
2021-06-15,0.00000687401632766643,0.00150659133709981,FALSE,0.00306411454319297,-0.163823808942576,0.0310828258480722,-0.12721491947385,"Frozen-source hash and interval checks passed; retained in primary",2129
2017-01-24,0.00000685546185574715,0.00150659133709981,FALSE,0.003311765036482,-0.157347153212458,0.564888822517728,-0.644508477430072,"Frozen-source hash and interval checks passed; retained in primary",2130
2019-11-06,0.00000681168918346615,0.00150659133709981,FALSE,0.00286371424073433,0.168705971518479,-0.14367529873982,0.247717911894441,"Frozen-source hash and interval checks passed; retained in primary",2131
2021-11-22,0.00000680368682952857,0.00150659133709981,FALSE,0.00334173975512832,0.156044908594654,0.711427198914816,-0.770244508263218,"Frozen-source hash and interval checks passed; retained in primary",2132
2015-09-16,0.00000678789283485398,0.00150659133709981,FALSE,0.00465117399307692,-0.132027522207734,0.16922992355104,-0.265648504220728,"Frozen-source hash and interval checks passed; retained in primary",2133
2017-02-03,0.00000671388181276166,0.00150659133709981,FALSE,0.00393559948592619,-0.142795897595798,-0.0231233342942616,0.0533570488426172,"Frozen-source hash and interval checks passed; retained in primary",2134
2016-11-22,0.00000671140092675124,0.00150659133709981,FALSE,0.00163703074768766,0.221622080973616,-0.0179378292895827,0.126069354833369,"Frozen-source hash and interval checks passed; retained in primary",2135
2015-08-17,0.00000670115746677824,0.00150659133709981,FALSE,0.00188149080952994,0.20654064962818,0.108443336308417,-0.0482703146943209,"Frozen-source hash and interval checks passed; retained in primary",2136
2025-08-21,0.0000067005564010715,0.00150659133709981,FALSE,0.00362832930546261,0.148594725427257,0.75341164414735,-0.785007753233558,"Frozen-source hash and interval checks passed; retained in primary",2137
2022-07-22,0.00000666480198998729,0.00150659133709981,FALSE,0.00532307439171551,0.122248630457593,-1.16347219859221,1.328195837044,"Frozen-source hash and interval checks passed; retained in primary",2138
2020-10-14,0.00000664054563520122,0.00150659133709981,FALSE,0.0057205063216468,0.11768727637587,-0.369336942652954,0.446280947699051,"Frozen-source hash and interval checks passed; retained in primary",2139
2025-08-07,0.00000663946785500846,0.00150659133709981,FALSE,0.00204493358435557,-0.197184670583007,0.024993570098486,-0.0678886652007549,"Frozen-source hash and interval checks passed; retained in primary",2140
2017-11-02,0.00000656302231425888,0.00150659133709981,FALSE,0.00197317332936035,0.199586449622336,-0.0884155144869059,0.175531026287512,"Frozen-source hash and interval checks passed; retained in primary",2141
2016-10-05,0.0000065574817155553,0.00150659133709981,FALSE,0.00446004633062112,-0.132531413267374,0.67396666838917,-0.843886864586452,"Frozen-source hash and interval checks passed; retained in primary",2142
2024-10-28,0.0000065317496928453,0.00150659133709981,FALSE,0.00396544071574266,-0.14031266155497,0.649812125526061,-0.740283114748852,"Frozen-source hash and interval checks passed; retained in primary",2143
2022-03-15,0.00000649471940313251,0.00150659133709981,FALSE,0.00414880743112662,-0.136774899574096,0.153410281833644,-0.160887455848435,"Frozen-source hash and interval checks passed; retained in primary",2144
2022-07-15,0.00000645850947115544,0.00150659133709981,FALSE,0.0031133734683161,0.157530281220979,-0.120409286648604,0.266657215411126,"Frozen-source hash and interval checks passed; retained in primary",2145
2016-10-25,0.00000641380485787246,0.00150659133709981,FALSE,0.00172457870835386,-0.211072752373828,-0.0793912352039072,-0.0479731359644298,"Frozen-source hash and interval checks passed; retained in primary",2146
2021-07-01,0.00000638602421197104,0.00150659133709981,FALSE,0.00257600450534921,-0.172255263123753,0.382372386197627,-0.458201241885181,"Frozen-source hash and interval checks passed; retained in primary",2147
2024-03-14,0.00000638184762539497,0.00150659133709981,FALSE,0.00310413781012582,0.156826062346054,0.322300681644183,-0.310895086857066,"Frozen-source hash and interval checks passed; retained in primary",2148
2017-07-31,0.0000063593786035692,0.00150659133709981,FALSE,0.00238113157147242,0.178808678819684,-0.329266994225907,0.442938577290519,"Frozen-source hash and interval checks passed; retained in primary",2149
2022-02-28,0.00000633639843779171,0.00150659133709981,FALSE,0.00525036922962982,-0.120025585290512,-0.475882355104673,0.44207587273597,"Frozen-source hash and interval checks passed; retained in primary",2150
2023-09-15,0.00000627243716956,0.00150659133709981,FALSE,0.00419962937858827,-0.133594765532403,0.299304003920087,-0.447458373697707,"Frozen-source hash and interval checks passed; retained in primary",2151
2025-04-02,0.00000625287143499229,0.00150659133709981,FALSE,0.00257058366220089,-0.170630077228077,0.306245833746743,-0.387467917452611,"Frozen-source hash and interval checks passed; retained in primary",2152
2017-07-14,0.00000624371284281147,0.00150659133709981,FALSE,0.00249238178615567,-0.173166113441216,-0.57983439981486,0.645877051718102,"Frozen-source hash and interval checks passed; retained in primary",2153
2021-06-18,0.00000623043873225511,0.00150659133709981,FALSE,0.00533616095978494,-0.118052079609873,-0.192090439516557,0.063494945214515,"Frozen-source hash and interval checks passed; retained in primary",2154
2025-07-01,0.00000621486198316151,0.00150659133709981,FALSE,0.00267949723734425,0.166608473036076,-0.295980618239167,0.410078767547439,"Frozen-source hash and interval checks passed; retained in primary",2155
2019-04-03,0.00000619665997082826,0.00150659133709981,FALSE,0.00254803874640269,-0.170613124460334,0.0425181731371183,-0.143626595605717,"Frozen-source hash and interval checks passed; retained in primary",2156
2026-03-25,0.00000617539506523895,0.00150659133709981,FALSE,0.00779652926843397,-0.0971119579521735,0.191376631071005,-0.188619986761207,"Frozen-source hash and interval checks passed; retained in primary",2157
2014-05-23,0.00000615852274894045,0.00150659133709981,FALSE,0.00131898163889438,-0.23654998279015,0.0490958022249632,-0.117855051944371,"Frozen-source hash and interval checks passed; retained in primary",2158
2022-12-15,0.00000613266761492774,0.00150659133709981,FALSE,0.0125669155438223,-0.0760422266862313,1.92272738535273,-2.17694674513691,"Frozen-source hash and interval checks passed; retained in primary",2159
2024-07-10,0.00000609921292447115,0.00150659133709981,FALSE,0.00312903208908491,0.152701036885359,0.227944046109041,-0.204252229583801,"Frozen-source hash and interval checks passed; retained in primary",2160
2015-11-25,0.00000606282728368423,0.00150659133709981,FALSE,0.00139111409036344,0.228530705069643,0.280117591965956,-0.187624968366951,"Frozen-source hash and interval checks passed; retained in primary",2161
2014-06-23,0.00000605706273895043,0.00150659133709981,FALSE,0.00151611248020429,0.218789501233947,-0.126398407177319,0.235248099081886,"Frozen-source hash and interval checks passed; retained in primary",2162
2020-12-14,0.0000060490118612757,0.00150659133709981,FALSE,0.0026985852774541,-0.163786455816938,0.0655141730601994,-0.173126906761034,"Frozen-source hash and interval checks passed; retained in primary",2163
2025-10-02,0.00000600875391048585,0.00150659133709981,FALSE,0.00385188366828546,0.136555189649889,0.156445884092671,-0.129027894712941,"Frozen-source hash and interval checks passed; retained in primary",2164
2023-05-12,0.0000059985554324308,0.00150659133709981,FALSE,0.00373814293912574,0.138507331100758,0.839008868191993,-0.866383293373207,"Frozen-source hash and interval checks passed; retained in primary",2165
2018-07-10,0.00000594304243967285,0.00150659133709981,FALSE,0.00177676630873919,0.200167571648178,0.411286964895163,-0.414377676080591,"Frozen-source hash and interval checks passed; retained in primary",2166
2022-01-28,0.00000591448094490374,0.00150659133709981,FALSE,0.00360612286253747,-0.140037454189878,-0.194671259391477,0.225420591380221,"Frozen-source hash and interval checks passed; retained in primary",2167
2016-12-30,0.00000591175535384193,0.00150659133709981,FALSE,0.00205047597410937,-0.185812871531291,0.256968493834364,-0.394680907018241,"Frozen-source hash and interval checks passed; retained in primary",2168
2019-12-23,0.00000590951648669901,0.00150659133709981,FALSE,0.00152617032531814,-0.215393918952837,-0.123012969925229,0.0548345837172448,"Frozen-source hash and interval checks passed; retained in primary",2169
2015-03-02,0.00000588271409085828,0.00150659133709981,FALSE,0.00175440313920799,0.200416511083133,0.328153952382504,-0.283593483919908,"Frozen-source hash and interval checks passed; retained in primary",2170
2019-02-07,0.00000581724968291624,0.00150659133709981,FALSE,0.00253852259978246,-0.165617804907731,-0.144243996046489,0.0455684674095735,"Frozen-source hash and interval checks passed; retained in primary",2171
2023-06-28,0.00000581320129109716,0.00150659133709981,FALSE,0.00307885264885417,0.150291443519888,0.210928776370967,-0.159594801941765,"Frozen-source hash and interval checks passed; retained in primary",2172
2026-07-16,0.00000580848549536367,0.00150659133709981,FALSE,0.0126589382910316,-0.0737321733835922,0.0970249315327187,-0.178709029228674,"Frozen-source hash and interval checks passed; retained in primary",2173
2018-12-18,0.00000579053700573329,0.00150659133709981,FALSE,0.00492055819424545,0.118541859211085,-0.311275474524786,0.372505973979909,"Frozen-source hash and interval checks passed; retained in primary",2174
2018-07-30,0.00000577243601931615,0.00150659133709981,FALSE,0.00463663922328229,-0.121943697645029,-0.0622132924374963,-0.0360490270666425,"Frozen-source hash and interval checks passed; retained in primary",2175
2016-02-05,0.0000057311971111288,0.00150659133709981,FALSE,0.00212198988452616,-0.179837545781666,0.0686401941830894,-0.205356451050331,"Frozen-source hash and interval checks passed; retained in primary",2176
2022-03-14,0.00000572366176031952,0.00150659133709981,FALSE,0.00438739408802427,0.124844517196153,0.736073817839111,-0.782716264197969,"Frozen-source hash and interval checks passed; retained in primary",2177
2016-12-19,0.00000571964790131423,0.00150659133709981,FALSE,0.00426459800409896,0.126592563601522,-0.749774030107009,0.972952968372365,"Frozen-source hash and interval checks passed; retained in primary",2178
2025-01-08,0.00000567343069315253,0.00150659133709981,FALSE,0.0021762275422169,-0.176680358578768,0.229733563597456,-0.309999299279706,"Frozen-source hash and interval checks passed; retained in primary",2179
2021-10-26,0.00000561555314102453,0.00150659133709981,FALSE,0.00408145856912681,-0.128230432332141,0.309805038739119,-0.43003269570665,"Frozen-source hash and interval checks passed; retained in primary",2180
2021-01-14,0.00000560451668037555,0.00150659133709981,FALSE,0.00427326477163688,-0.125184306805564,-0.306643842739796,0.240882710299406,"Frozen-source hash and interval checks passed; retained in primary",2181
2020-01-22,0.00000559480723709121,0.00150659133709981,FALSE,0.00128749427847469,-0.22820795392652,-0.0956073368319377,0.018191740999729,"Frozen-source hash and interval checks passed; retained in primary",2182
2021-08-06,0.00000558795970095807,0.00150659133709981,FALSE,0.00241776451983944,-0.166335370190166,0.388876729061316,-0.4273316499809,"Frozen-source hash and interval checks passed; retained in primary",2183
2021-08-04,0.00000557711341687569,0.00150659133709981,FALSE,0.00281914597913453,0.153859226423669,0.348192017525228,-0.320322426457498,"Frozen-source hash and interval checks passed; retained in primary",2184
2019-11-20,0.00000555239643718275,0.00150659133709981,FALSE,0.00254158037259421,-0.161706073848826,0.0293673780463521,-0.0736444845951034,"Frozen-source hash and interval checks passed; retained in primary",2185
2017-11-08,0.00000547016518776568,0.00150659133709981,FALSE,0.00134533106606959,0.220741468095953,-0.11145143520066,0.246132332415616,"Frozen-source hash and interval checks passed; retained in primary",2186
2020-02-05,0.00000545192676753257,0.00150659133709981,FALSE,0.00144154261586233,0.212881849201198,0.363909785212391,-0.301163814213101,"Frozen-source hash and interval checks passed; retained in primary",2187
2019-08-23,0.00000542608535823507,0.00150659133709981,FALSE,0.00613192625465017,-0.102730604126869,-1.07695633543772,1.07680269695587,"Frozen-source hash and interval checks passed; retained in primary",2188
2014-07-28,0.00000538091362347119,0.00150659133709981,FALSE,0.000996803026182845,0.254388455459515,0.0966549924960258,-0.00982173550854171,"Frozen-source hash and interval checks passed; retained in primary",2189
2021-09-16,0.00000537130084471087,0.00150659133709981,FALSE,0.00343221014502644,0.136803386938453,0.253640620684026,-0.246496678423647,"Frozen-source hash and interval checks passed; retained in primary",2190
2014-06-25,0.00000536824048591176,0.00150659133709981,FALSE,0.00171916797131007,-0.193407724327268,-0.34914218668809,0.37276872673031,"Frozen-source hash and interval checks passed; retained in primary",2191
2019-02-25,0.00000536133123632667,0.00150659133709981,FALSE,0.00276527487691883,0.15231984368772,0.278850855617208,-0.333679346443727,"Frozen-source hash and interval checks passed; retained in primary",2192
2020-12-08,0.00000531363783054192,0.00150659133709981,FALSE,0.00445412146056429,-0.119381274113702,0.114851011132489,-0.124909936971118,"Frozen-source hash and interval checks passed; retained in primary",2193
2024-02-28,0.00000523964269446882,0.00150659133709981,FALSE,0.00304232077458429,0.143541446732352,0.192675905383854,-0.146111469176535,"Frozen-source hash and interval checks passed; retained in primary",2194
2018-05-17,0.0000052128977738862,0.00150659133709981,FALSE,0.00216540553258675,-0.16978131169147,0.373384970252699,-0.488732984767104,"Frozen-source hash and interval checks passed; retained in primary",2195
2018-03-14,0.00000519789008996808,0.00150659133709981,FALSE,0.00190655295434096,0.180702988490021,-0.334551552114259,0.441709284497183,"Frozen-source hash and interval checks passed; retained in primary",2196
2024-11-18,0.00000518568471767365,0.00150659133709981,FALSE,0.00294223993561761,0.145216108176367,0.20923850724035,-0.122830283407094,"Frozen-source hash and interval checks passed; retained in primary",2197
2018-09-21,0.00000518359580554097,0.00150659133709981,FALSE,0.00277101964410955,-0.149617995196896,-0.00957652559701039,-0.035523979059171,"Frozen-source hash and interval checks passed; retained in primary",2198
2020-01-29,0.00000516129488603278,0.00150659133709981,FALSE,0.00193395362933854,0.17878314459346,0.019172628969466,0.018321729622528,"Frozen-source hash and interval checks passed; retained in primary",2199
2018-11-30,0.00000510607992775008,0.00150659133709981,FALSE,0.00127291269506942,0.219259557308026,0.194884507422888,-0.105745515669842,"Frozen-source hash and interval checks passed; retained in primary",2200
2015-04-13,0.00000508097786821492,0.00150659133709981,FALSE,0.00202573596324607,-0.173313553319874,-0.104238417077962,-0.0249366195548717,"Frozen-source hash and interval checks passed; retained in primary",2201
2017-06-22,0.0000050321195465553,0.00150659133709981,FALSE,0.00134794298670384,0.211513180988488,-0.0687381447542101,0.197362583127259,"Frozen-source hash and interval checks passed; retained in primary",2202
2021-08-02,0.00000499408958143041,0.00150659133709981,FALSE,0.00530376434009778,0.106016122210993,-0.410758011104839,0.438517055717735,"Frozen-source hash and interval checks passed; retained in primary",2203
2019-05-21,0.00000497474999405278,0.00150659133709981,FALSE,0.00252508344116165,0.153563986498057,0.60541137338026,-0.58034257911892,"Frozen-source hash and interval checks passed; retained in primary",2204
2014-08-07,0.00000494675006670399,0.00150659133709981,FALSE,0.00166114028102052,-0.188880202825045,-0.314482644070191,0.273972774112075,"Frozen-source hash and interval checks passed; retained in primary",2205
2019-06-27,0.00000494615541743699,0.00150659133709981,FALSE,0.00275579822907587,0.146555308468638,0.125519381038641,-0.0835771047396072,"Frozen-source hash and interval checks passed; retained in primary",2206
2018-03-09,0.00000492978516412463,0.00150659133709981,FALSE,0.00258480063792949,-0.151087691195018,0.565525355747543,-0.620244446824625,"Frozen-source hash and interval checks passed; retained in primary",2207
2018-10-31,0.0000049127195871153,0.00150659133709981,FALSE,0.00508435351090423,-0.107405586703956,0.0949046116717422,-0.0886446295082166,"Frozen-source hash and interval checks passed; retained in primary",2208
2020-09-25,0.00000488090559855423,0.00150659133709981,FALSE,0.0038992829768085,0.122320733464605,0.255943067032227,-0.161129839136276,"Frozen-source hash and interval checks passed; retained in primary",2209
2024-03-13,0.00000486377228875071,0.00150659133709981,FALSE,0.00268299609973517,0.147293584505466,0.100419545332908,-0.0270800895298073,"Frozen-source hash and interval checks passed; retained in primary",2210
2024-07-03,0.00000485828034136658,0.00150659133709981,FALSE,0.00303569646420116,-0.138370191107104,-0.0723810803943792,0.0309587940926725,"Frozen-source hash and interval checks passed; retained in primary",2211
2018-06-15,0.00000482799581435981,0.00150659133709981,FALSE,0.0019911649487285,-0.170407081756741,0.0483305988908445,-0.126685384783265,"Frozen-source hash and interval checks passed; retained in primary",2212
2022-08-30,0.00000479820228306351,0.00150659133709981,FALSE,0.0013172860944863,-0.208931350872385,-0.0687108479748844,0.00720798645215126,"Frozen-source hash and interval checks passed; retained in primary",2213
2023-12-29,0.00000478714856483605,0.00150659133709981,FALSE,0.00211301878041331,-0.164709282622721,-0.127373637226613,0.113475189481438,"Frozen-source hash and interval checks passed; retained in primary",2214
2022-05-23,0.00000477532807324021,0.00150659133709981,FALSE,0.00317772957901164,0.134073401488834,0.0186421326852759,0.0625880164383474,"Frozen-source hash and interval checks passed; retained in primary",2215
2017-10-30,0.00000474797066539834,0.00150659133709981,FALSE,0.00331764896925285,-0.130830139418439,-0.487473040422026,0.493219248931887,"Frozen-source hash and interval checks passed; retained in primary",2216
2022-04-04,0.00000471967531604827,0.00150659133709981,FALSE,0.00447542954658031,0.112241978583889,0.164522097088238,-0.0815328214754274,"Frozen-source hash and interval checks passed; retained in primary",2217
2019-09-11,0.00000469199631619585,0.00150659133709981,FALSE,0.00643742614701642,-0.0932203944706749,0.300892224412852,-0.362673015741866,"Frozen-source hash and interval checks passed; retained in primary",2218
2024-02-29,0.00000469189512637026,0.00150659133709981,FALSE,0.0042810700640387,0.11443450231854,-0.404071158231023,0.518997771528884,"Frozen-source hash and interval checks passed; retained in primary",2219
2023-04-12,0.00000467280191545381,0.00150659133709981,FALSE,0.00197646170603312,-0.168269536554562,-0.292920229941052,0.284772374701525,"Frozen-source hash and interval checks passed; retained in primary",2220
2020-12-01,0.00000466606058403552,0.00150659133709981,FALSE,0.00442498585043936,0.112239793981046,0.0651869639905378,-0.0191589233271117,"Frozen-source hash and interval checks passed; retained in primary",2221
2018-12-12,0.00000464762966430636,0.00150659133709981,FALSE,0.00286487602596386,-0.139325455379393,-0.147045038904414,0.114694088182965,"Frozen-source hash and interval checks passed; retained in primary",2222
2025-07-02,0.00000461056032673858,0.00150659133709981,FALSE,0.00291923939822925,-0.137466789451555,0.0805615618745925,-0.125287132696617,"Frozen-source hash and interval checks passed; retained in primary",2223
2015-03-09,0.0000045740038247529,0.00150659133709981,FALSE,0.00228358852829851,0.154857953784498,0.225173672053325,-0.198265244624718,"Frozen-source hash and interval checks passed; retained in primary",2224
2022-02-15,0.00000452366036870767,0.00150659133709981,FALSE,0.00378103765455383,0.119593484390369,0.0726623075677058,0.0691562959788783,"Frozen-source hash and interval checks passed; retained in primary",2225
2015-04-24,0.00000443604010531418,0.00150659133709981,FALSE,0.00231202070870591,-0.151561838540942,-0.533363548548582,0.594965512551937,"Frozen-source hash and interval checks passed; retained in primary",2226
2019-04-10,0.00000443388935760736,0.00150659133709981,FALSE,0.00197519516305121,-0.163964077454135,-0.114985020837111,0.144144169102134,"Frozen-source hash and interval checks passed; retained in primary",2227
2026-07-10,0.00000441675175225473,0.00150659133709981,FALSE,0.00420033717499977,-0.112094945057169,-0.521660886919939,0.60568788380948,"Frozen-source hash and interval checks passed; retained in primary",2228
2018-08-01,0.00000437733479292208,0.00150659133709981,FALSE,0.00500494077989799,-0.10218955210133,-0.189084078730017,0.143112725678307,"Frozen-source hash and interval checks passed; retained in primary",2229
2021-02-05,0.00000437320309224542,0.00150659133709981,FALSE,0.00382674792828781,0.116880741096259,0.0466208302953408,-0.00948451653384197,"Frozen-source hash and interval checks passed; retained in primary",2230
2018-05-11,0.00000434404262540042,0.00150659133709981,FALSE,0.00168081388540312,0.175959434388947,-0.120654218607852,0.246812136808305,"Frozen-source hash and interval checks passed; retained in primary",2231
2020-04-27,0.00000433591151637192,0.00150659133709981,FALSE,0.00610626402487789,-0.0920265235010706,-0.199018866422085,0.20497538155908,"Frozen-source hash and interval checks passed; retained in primary",2232
2022-05-20,0.00000432929792590434,0.00150659133709981,FALSE,0.00266767974340705,0.139364596211805,0.228589660159395,-0.187881689837965,"Frozen-source hash and interval checks passed; retained in primary",2233
2015-07-31,0.00000429656505880042,0.00150659133709981,FALSE,0.00295948111366521,0.131795304181412,-0.27784902364556,0.354381814178151,"Frozen-source hash and interval checks passed; retained in primary",2234
2025-08-25,0.00000428942376780629,0.00150659133709981,FALSE,0.00289977201140105,0.133038573913361,0.518574787693415,-0.536631386627029,"Frozen-source hash and interval checks passed; retained in primary",2235
2019-04-12,0.00000428930976958513,0.00150659133709981,FALSE,0.00406843755507858,-0.112249715662099,0.387573812275477,-0.465366868134698,"Frozen-source hash and interval checks passed; retained in primary",2236
2014-07-23,0.00000428041126126187,0.00150659133709981,FALSE,0.00158146214058471,-0.180077847256418,-0.042512528545835,0.039401103740655,"Frozen-source hash and interval checks passed; retained in primary",2237
2021-02-17,0.00000427062711283644,0.00150659133709981,FALSE,0.00510306318630609,-0.0999562658466838,-0.065563677540803,0.047234425326792,"Frozen-source hash and interval checks passed; retained in primary",2238
2021-06-09,0.00000425750548973606,0.00150659133709981,FALSE,0.00394561091922422,0.113567124508684,0.142606078602459,-0.127807211116604,"Frozen-source hash and interval checks passed; retained in primary",2239
2021-03-22,0.00000422823843929836,0.00150659133709981,FALSE,0.00535991650289526,0.0970340871290477,-0.0187963993222073,0.16550206057957,"Frozen-source hash and interval checks passed; retained in primary",2240
2024-02-02,0.00000421786685289266,0.00150659133709981,FALSE,0.00789490768680184,-0.0797521440314257,1.45664611121745,-1.6015543188904,"Frozen-source hash and interval checks passed; retained in primary",2241
2018-07-26,0.00000420171257688148,0.00150659133709981,FALSE,0.00233521957051886,0.146768296338378,0.20348076090726,-0.16200165544662,"Frozen-source hash and interval checks passed; retained in primary",2242
2017-06-15,0.00000417338507642759,0.00150659133709981,FALSE,0.00979385558377925,-0.0711575215391413,1.14710964380622,-1.36477416298257,"Frozen-source hash and interval checks passed; retained in primary",2243
2019-08-16,0.00000412993073662632,0.00150659133709981,FALSE,0.00236885510359211,-0.144470028364789,0.221455896339773,-0.20709788066533,"Frozen-source hash and interval checks passed; retained in primary",2244
2018-01-24,0.00000412532022231581,0.00150659133709981,FALSE,0.00586648295144571,-0.0915910225263357,-1.05870284082501,1.19303814770886,"Frozen-source hash and interval checks passed; retained in primary",2245
2019-10-24,0.0000041041841171836,0.00150659133709981,FALSE,0.00190818420429819,-0.160501516310627,-0.0516331059143393,0.018411120368711,"Frozen-source hash and interval checks passed; retained in primary",2246
2024-06-03,0.00000410144209533293,0.00150659133709981,FALSE,0.00379727965976226,0.113630910200313,-0.64496425645757,0.73428801016906,"Frozen-source hash and interval checks passed; retained in primary",2247
2014-02-28,0.0000040701573921447,0.00150659133709981,FALSE,0.00101306104293176,-0.219461489490567,-0.103028622202617,0.0391772776803911,"Frozen-source hash and interval checks passed; retained in primary",2248
2015-06-23,0.00000405656724799057,0.00150659133709981,FALSE,0.00237526079897654,0.142987448800381,0.358654874111863,-0.348192586287954,"Frozen-source hash and interval checks passed; retained in primary",2249
2019-01-17,0.0000040442328725558,0.00150659133709981,FALSE,0.00185218369363365,0.161720137817283,0.239506957455449,-0.156070722522195,"Frozen-source hash and interval checks passed; retained in primary",2250
2017-03-14,0.00000401521589417641,0.00150659133709981,FALSE,0.00145954202351049,-0.181559762090207,-0.0980686234344663,-0.017448961831068,"Frozen-source hash and interval checks passed; retained in primary",2251
2021-09-02,0.00000401299614104057,0.00150659133709981,FALSE,0.00224009666661635,-0.146455146547044,-0.0779656793362893,0.0181785130477508,"Frozen-source hash and interval checks passed; retained in primary",2252
2018-12-13,0.00000397802643556823,0.00150659133709981,FALSE,0.00326865563664763,0.120650445261695,0.363578478677873,-0.334890592356629,"Frozen-source hash and interval checks passed; retained in primary",2253
2019-06-21,0.00000391330386098559,0.00150659133709981,FALSE,0.00235657693763694,-0.140996804162309,-0.0389581431220698,-0.0278978938899499,"Frozen-source hash and interval checks passed; retained in primary",2254
2023-10-18,0.00000390942042051196,0.00150659133709981,FALSE,0.00338618211282014,0.117504664844858,0.108326810605153,-0.100143547441878,"Frozen-source hash and interval checks passed; retained in primary",2255
2014-03-10,0.00000388720412680891,0.00150659133709981,FALSE,0.00232778020893935,0.141394413428118,-0.0623312433348122,0.145201129039485,"Frozen-source hash and interval checks passed; retained in primary",2256
2015-03-31,0.00000388439566878613,0.00150659133709981,FALSE,0.00429487094713228,-0.103954349812339,-0.150455917398995,0.124963568559089,"Frozen-source hash and interval checks passed; retained in primary",2257
2021-10-08,0.00000386486300448947,0.00150659133709981,FALSE,0.00330660585319643,0.118235325153915,0.609252164257157,-0.581267006604413,"Frozen-source hash and interval checks passed; retained in primary",2258
2015-05-19,0.00000380425563971711,0.00150659133709981,FALSE,0.00350602070374852,-0.113908352607259,0.516188906982196,-0.632281640548094,"Frozen-source hash and interval checks passed; retained in primary",2259
2020-11-02,0.00000378561536061935,0.00150659133709981,FALSE,0.0065143979358496,0.0832343346543382,0.228712313251744,-0.248399860216519,"Frozen-source hash and interval checks passed; retained in primary",2260
2018-06-01,0.0000037694462668571,0.00150659133709981,FALSE,0.00309195205880562,0.120764858468026,0.728399383925282,-0.696547587567498,"Frozen-source hash and interval checks passed; retained in primary",2261
2022-11-16,0.00000376853669129349,0.00150659133709981,FALSE,0.00137379708552833,0.181308088959436,0.248545878402195,-0.164904142047373,"Frozen-source hash and interval checks passed; retained in primary",2262
2022-10-05,0.00000374591269350236,0.00150659133709981,FALSE,0.00165540002084444,0.164648662431001,0.331103566019841,-0.283688133519977,"Frozen-source hash and interval checks passed; retained in primary",2263
2021-04-22,0.00000373005564182925,0.00150659133709981,FALSE,0.00441623948980576,-0.100452528232497,-0.0172362635116219,-0.0739850214086069,"Frozen-source hash and interval checks passed; retained in primary",2264
2014-12-03,0.0000037086755615162,0.00150659133709981,FALSE,0.00199084777846529,-0.149364805898535,0.469704867224019,-0.602714029452489,"Frozen-source hash and interval checks passed; retained in primary",2265
2019-12-10,0.00000370470501759197,0.00150659133709981,FALSE,0.00151113543882798,-0.171390741374704,0.079629405437931,-0.128842278084917,"Frozen-source hash and interval checks passed; retained in primary",2266
2022-06-01,0.00000354670863239686,0.00150659133709981,FALSE,0.00611265823761907,0.0831872756041251,1.14212766791484,-1.20641784914275,"Frozen-source hash and interval checks passed; retained in primary",2267
2023-08-04,0.0000035458150151424,0.00150659133709981,FALSE,0.00290660112144448,-0.120815835764188,-0.474290189687743,0.443334880451207,"Frozen-source hash and interval checks passed; retained in primary",2268
2014-07-03,0.00000353179407267769,0.00150659133709981,FALSE,0.00206673457116688,0.14305291355959,0.446217858708042,-0.421672603230583,"Frozen-source hash and interval checks passed; retained in primary",2269
2016-10-03,0.0000035211735024389,0.00150659133709981,FALSE,0.00132643063352864,-0.178362619519588,0.198363053199468,-0.325524331843852,"Frozen-source hash and interval checks passed; retained in primary",2270
2017-10-19,0.00000351981776967623,0.00150659133709981,FALSE,0.00161190577510955,0.161744895557542,-0.244735383393335,0.35479902395581,"Frozen-source hash and interval checks passed; retained in primary",2271
2024-10-11,0.00000351503240686736,0.00150659133709981,FALSE,0.00185885675995365,0.150497160472518,0.428081036476025,-0.376243389283015,"Frozen-source hash and interval checks passed; retained in primary",2272
2017-05-23,0.00000350905818283021,0.00150659133709981,FALSE,0.0016689120258109,0.15871080088766,0.454741655175894,-0.439876825791607,"Frozen-source hash and interval checks passed; retained in primary",2273
2020-08-12,0.00000350470762932594,0.00150659133709981,FALSE,0.00666265836442646,0.0791846731603015,0.33347876962817,-0.271777497307735,"Frozen-source hash and interval checks passed; retained in primary",2274
2017-07-28,0.00000349415272431725,0.00150659133709981,FALSE,0.00320617397133993,0.114174913801512,-0.563377417510669,0.674190157602705,"Frozen-source hash and interval checks passed; retained in primary",2275
2023-11-20,0.00000349007144444866,0.00150659133709981,FALSE,0.00764454932195965,0.0737336049818259,-0.857772466544482,1.04670842911636,"Frozen-source hash and interval checks passed; retained in primary",2276
2023-10-16,0.00000346649287454023,0.00150659133709981,FALSE,0.00538613097434519,-0.0876444821588552,0.034765613398946,0.0334235773023828,"Frozen-source hash and interval checks passed; retained in primary",2277
2014-06-16,0.00000346376214485409,0.00150659133709981,FALSE,0.00252066886464359,-0.128250394000562,-0.243795744328024,0.235432716163508,"Frozen-source hash and interval checks passed; retained in primary",2278
2026-06-10,0.00000342609412949458,0.00150659133709981,FALSE,0.0178945158777153,0.0475017226695955,0.0749839928949392,-0.149672619147978,"Frozen-source hash and interval checks passed; retained in primary",2279
2024-04-25,0.00000341883081013657,0.00150659133709981,FALSE,0.00511578012025761,-0.0893222725347743,0.290072773455963,-0.26397980754691,"Frozen-source hash and interval checks passed; retained in primary",2280
2016-08-19,0.00000339645732758181,0.00150659133709981,FALSE,0.00514146826271636,-0.088805689185703,0.0764980215409938,-0.169736948544852,"Frozen-source hash and interval checks passed; retained in primary",2281
2025-03-14,0.00000336050327657373,0.00150659133709981,FALSE,0.00257005693693055,0.125101527665807,0.62384525462913,-0.540140399034517,"Frozen-source hash and interval checks passed; retained in primary",2282
2014-05-19,0.00000335933090305364,0.00150659133709981,FALSE,0.00301875361928888,0.115384288330884,-0.179211710623939,0.236733194007854,"Frozen-source hash and interval checks passed; retained in primary",2283
2025-02-26,0.00000331143978544606,0.00150659133709981,FALSE,0.00124333774042676,0.178662884189354,0.10894547447915,-0.0268258334383376,"Frozen-source hash and interval checks passed; retained in primary",2284
2023-12-21,0.00000328338488172597,0.00150659133709981,FALSE,0.00520967488867221,0.0867385156047737,-0.95336639588206,1.12616165881052,"Frozen-source hash and interval checks passed; retained in primary",2285
2025-09-04,0.0000032833455058875,0.00150659133709981,FALSE,0.00253836674651881,-0.124428490063065,0.412757095676364,-0.44504456463601,"Frozen-source hash and interval checks passed; retained in primary",2286
2018-04-17,0.00000328268238456622,0.00150659133709981,FALSE,0.00248940015707037,-0.125636682094666,-0.131619924417148,0.158619114199521,"Frozen-source hash and interval checks passed; retained in primary",2287
2023-09-12,0.00000326947359355531,0.00150659133709981,FALSE,0.00365406598071412,0.103429976008228,0.44886900220904,-0.449622666314209,"Frozen-source hash and interval checks passed; retained in primary",2288
2017-11-20,0.00000322367624608524,0.00150659133709981,FALSE,0.00375901986313109,0.101253774923258,0.490504456163388,-0.454404488398641,"Frozen-source hash and interval checks passed; retained in primary",2289
2017-10-25,0.00000320160857214744,0.00150659133709981,FALSE,0.00136175518449796,0.167853081460314,-0.11399917863586,0.193304690717522,"Frozen-source hash and interval checks passed; retained in primary",2290
2025-08-13,0.00000318106359646483,0.00150659133709981,FALSE,0.00321838559738104,0.108732098597505,-0.298819840478348,0.37281859824061,"Frozen-source hash and interval checks passed; retained in primary",2291
2019-12-27,0.00000316567798169838,0.00150659133709981,FALSE,0.00189862515579911,-0.141316119180475,-0.234319881446643,0.18253176556513,"Frozen-source hash and interval checks passed; retained in primary",2292
2016-08-25,0.00000316448245847136,0.00150659133709981,FALSE,0.00120910967025771,0.177111356094976,0.11304008220292,-0.0795703244688362,"Frozen-source hash and interval checks passed; retained in primary",2293
2024-01-25,0.00000316120301413567,0.00150659133709981,FALSE,0.00458121239280371,0.0907882238854213,0.272242320866001,-0.257627261137117,"Frozen-source hash and interval checks passed; retained in primary",2294
2025-06-10,0.00000315484312951922,0.00150659133709981,FALSE,0.00308298436443666,-0.110642849220467,0.318028872023168,-0.373341141610961,"Frozen-source hash and interval checks passed; retained in primary",2295
2020-04-08,0.00000313867873812123,0.00150659133709981,FALSE,0.00578230659233467,0.0804737504494067,-0.118570265652052,0.248082086163137,"Frozen-source hash and interval checks passed; retained in primary",2296
2018-11-09,0.00000312490098987428,0.00150659133709981,FALSE,0.00236238647120308,-0.125840283435651,-0.125569906154333,0.0878580270888385,"Frozen-source hash and interval checks passed; retained in primary",2297
2021-08-24,0.00000309202513551948,0.00150659133709981,FALSE,0.00343573500478714,-0.103742081156941,-0.0993009175802584,0.0911327867684442,"Frozen-source hash and interval checks passed; retained in primary",2298
2024-11-14,0.00000308962771175003,0.00150659133709981,FALSE,0.00214039633293333,0.131471409952562,0.447343977490267,-0.436962525364226,"Frozen-source hash and interval checks passed; retained in primary",2299
2021-06-03,0.00000307961578305071,0.00150659133709981,FALSE,0.00288080149168247,0.113098218453027,0.589147927267808,-0.627645668029508,"Frozen-source hash and interval checks passed; retained in primary",2300
2021-10-19,0.00000306518565494319,0.00150659133709981,FALSE,0.00379491915331226,-0.0982634769986952,0.0432696193153781,-0.0437655921905034,"Frozen-source hash and interval checks passed; retained in primary",2301
2024-03-26,0.00000300826764512202,0.00150659133709981,FALSE,0.00259074760849705,-0.117888923708496,0.0651733311492375,-0.105610570872283,"Frozen-source hash and interval checks passed; retained in primary",2302
2020-02-04,0.00000296834671877366,0.00150659133709981,FALSE,0.00324555778373898,-0.104591731767807,0.691543931618854,-0.752297125988921,"Frozen-source hash and interval checks passed; retained in primary",2303
2021-10-01,0.00000296644103932617,0.00150659133709981,FALSE,0.00453150951049428,0.0884302381169924,-0.318131279974576,0.476469638770105,"Frozen-source hash and interval checks passed; retained in primary",2304
2022-03-09,0.00000295075744919349,0.00150659133709981,FALSE,0.00407444838387516,-0.0930328673156351,0.214535542065963,-0.198695586082565,"Frozen-source hash and interval checks passed; retained in primary",2305
2024-05-08,0.00000294945357097028,0.00150659133709981,FALSE,0.00491960307344829,0.0846107331756636,0.573696055319628,-0.535467877285356,"Frozen-source hash and interval checks passed; retained in primary",2306
2017-03-01,0.00000288804621892025,0.00150659133709981,FALSE,0.00679919915771448,0.0711512184910696,1.22753366960113,-1.41770937318375,"Frozen-source hash and interval checks passed; retained in primary",2307
2020-02-10,0.0000028767255481071,0.00150659133709981,FALSE,0.00105459991194083,-0.180828486985571,-0.061487232030899,0.0364331910397198,"Frozen-source hash and interval checks passed; retained in primary",2308
2019-11-18,0.00000287450992685754,0.00150659133709981,FALSE,0.00200471295380256,-0.131042049327809,-0.204116885374939,0.174785012989798,"Frozen-source hash and interval checks passed; retained in primary",2309
2019-01-11,0.00000287122838082509,0.00150659133709981,FALSE,0.00242370505897531,-0.119085166367102,0.032676872522952,-0.046161658946442,"Frozen-source hash and interval checks passed; retained in primary",2310
2018-09-19,0.00000284734570030418,0.00150659133709981,FALSE,0.00278359409025898,-0.110637531357526,-0.0540319355174734,0.0801746067622844,"Frozen-source hash and interval checks passed; retained in primary",2311
2021-11-30,0.00000283896528353643,0.00150659133709981,FALSE,0.00511594931536264,0.0813942604678857,-0.494839141621561,0.467022922254579,"Frozen-source hash and interval checks passed; retained in primary",2312
2015-07-09,0.00000283000607206858,0.00150659133709981,FALSE,0.00300183020666613,0.106203401223009,0.484068864463572,-0.562542846824066,"Frozen-source hash and interval checks passed; retained in primary",2313
2025-04-15,0.0000028173569837948,0.00150659133709981,FALSE,0.00212371227020512,0.126038166252711,0.140541429205721,-0.0978815711231817,"Frozen-source hash and interval checks passed; retained in primary",2314
2019-05-16,0.00000274443798560047,0.00150659133709981,FALSE,0.00261480659668072,-0.112080228129585,0.256670330344821,-0.282498934856346,"Frozen-source hash and interval checks passed; retained in primary",2315
2015-07-14,0.00000273749548210472,0.00150659133709981,FALSE,0.00207144882818246,-0.125799799243132,0.0047742180242949,-0.0324227935077026,"Frozen-source hash and interval checks passed; retained in primary",2316
2017-12-22,0.00000272393421541284,0.00150659133709981,FALSE,0.00100278623521738,0.180454155303577,-0.0517802208144236,0.105857455192115,"Frozen-source hash and interval checks passed; retained in primary",2317
2020-01-30,0.0000027059259155638,0.00150659133709981,FALSE,0.0035720108373254,0.0951733046195279,-0.229242246680705,0.367141302715979,"Frozen-source hash and interval checks passed; retained in primary",2318
2017-09-29,0.00000267826496566089,0.00150659133709981,FALSE,0.00117650389756055,0.165182898724285,0.0469835667475049,0.0177541056835651,"Frozen-source hash and interval checks passed; retained in primary",2319
2023-01-24,0.00000263989419246358,0.00150659133709981,FALSE,0.00274746115623052,0.107231079509026,-0.385171149643337,0.475533953329599,"Frozen-source hash and interval checks passed; retained in primary",2320
2023-04-19,0.00000259742993473728,0.00150659133709981,FALSE,0.00276055341109399,0.106111924473563,0.527888185276293,-0.505765302732897,"Frozen-source hash and interval checks passed; retained in primary",2321
2018-08-16,0.00000253265171950782,0.00150659133709981,FALSE,0.00321376606423527,-0.0970894954661619,0.21700438058776,-0.243781439859259,"Frozen-source hash and interval checks passed; retained in primary",2322
2020-01-24,0.0000025085343998762,0.00150659133709981,FALSE,0.00312787746705678,-0.0979479866428664,-0.182301901129023,0.0731595825954834,"Frozen-source hash and interval checks passed; retained in primary",2323
2024-10-25,0.00000250349368603493,0.00150659133709981,FALSE,0.00225288009457914,0.115346673868251,0.141007674769789,-0.138180643799579,"Frozen-source hash and interval checks passed; retained in primary",2324
2021-04-09,0.00000249733456680656,0.00150659133709981,FALSE,0.00284377249528793,0.102509275830602,0.385025973849995,-0.356343745888577,"Frozen-source hash and interval checks passed; retained in primary",2325
2016-09-01,0.00000245384764154621,0.00150659133709981,FALSE,0.00162480127319258,0.134512048492153,-0.0845399988227413,0.154888704731171,"Frozen-source hash and interval checks passed; retained in primary",2326
2015-12-01,0.00000243886256624663,0.00150659133709981,FALSE,0.00276787283434702,0.102685554120609,-0.15631459948362,0.276310618706255,"Frozen-source hash and interval checks passed; retained in primary",2327
2021-04-16,0.0000024347307242389,0.00150659133709981,FALSE,0.00198282940291585,0.121266941031388,0.0649009452285298,0,"Frozen-source hash and interval checks passed; retained in primary",2328
2017-10-06,0.00000239661078648991,0.00150659133709981,FALSE,0.00129810903486198,-0.148748202936415,-0.139595306355522,0.0532339645256563,"Frozen-source hash and interval checks passed; retained in primary",2329
2025-07-09,0.00000239467579433296,0.00150659133709981,FALSE,0.00329419869759139,0.0932443621912161,-0.0822563024645451,0.190904810143522,"Frozen-source hash and interval checks passed; retained in primary",2330
2024-05-29,0.00000237895948163397,0.00150659133709981,FALSE,0.00384805142698147,-0.0859659578008481,0.340425423760538,-0.457841318651653,"Frozen-source hash and interval checks passed; retained in primary",2331
2021-02-04,0.00000237531977726899,0.00150659133709981,FALSE,0.00429728125451505,0.0812680094488215,0.395239591180196,-0.361079829784927,"Frozen-source hash and interval checks passed; retained in primary",2332
2017-02-17,0.00000237452612767552,0.00150659133709981,FALSE,0.00204509464521635,0.117917388446875,-0.295298061501326,0.442048284143137,"Frozen-source hash and interval checks passed; retained in primary",2333
2017-04-19,0.0000023628273828419,0.00150659133709981,FALSE,0.00259554768031735,-0.104382517332732,0.465306185127101,-0.607010049236933,"Frozen-source hash and interval checks passed; retained in primary",2334
2026-07-27,0.00000234475866191559,0.00150659133709981,FALSE,0.00651399103826873,-0.0655084006945537,-0.013114938650105,0,"Frozen-source hash and interval checks passed; retained in primary",2335
2017-11-14,0.00000234182606757987,0.00150659133709981,FALSE,0.00123798859690085,-0.150570754436317,-0.142715592807008,0.105671020752318,"Frozen-source hash and interval checks passed; retained in primary",2336
2021-12-02,0.00000230587179021672,0.00150659133709981,FALSE,0.00441341329085282,0.0790060629179267,0.324670972787544,-0.24787548102454,"Frozen-source hash and interval checks passed; retained in primary",2337
2020-06-10,0.00000228806125224714,0.00150659133709981,FALSE,0.0043224432429029,-0.079527834236703,-0.357036172632386,0.381555532468525,"Frozen-source hash and interval checks passed; retained in primary",2338
2019-10-18,0.0000022719597123274,0.00150659133709981,FALSE,0.00240743338504696,-0.106289508498825,-0.123406008058469,0.0645310001651467,"Frozen-source hash and interval checks passed; retained in primary",2339
2018-10-19,0.00000225705437696118,0.00150659133709981,FALSE,0.00169371180775984,-0.12634957338018,0.289831724323664,-0.365045145615461,"Frozen-source hash and interval checks passed; retained in primary",2340
2017-03-07,0.00000220036367753129,0.00150659133709981,FALSE,0.00125890623604251,0.144733019929744,0.0940258802768046,-0.0614277585021306,"Frozen-source hash and interval checks passed; retained in primary",2341
2026-04-02,0.0000021412371540926,0.00150659133709981,FALSE,0.00443008926782408,-0.0759893361919972,0.429813072216945,-0.446583753185603,"Frozen-source hash and interval checks passed; retained in primary",2342
2024-04-03,0.0000021347739185406,0.00150659133709981,FALSE,0.00382812119221028,0.0816471193717453,0.13669410944801,-0.0791504559493283,"Frozen-source hash and interval checks passed; retained in primary",2343
2016-01-15,0.0000021176849819933,0.00150659133709981,FALSE,0.0057488813556068,-0.0662945264308858,-1.00543087445795,1.06470065855859,"Frozen-source hash and interval checks passed; retained in primary",2344
2019-12-19,0.00000210673578960672,0.00150659133709981,FALSE,0.00167151958537029,0.122878713346323,-0.22414679701015,0.319912525481758,"Frozen-source hash and interval checks passed; retained in primary",2345
2017-12-27,0.00000208270435873555,0.00150659133709981,FALSE,0.0027401264643204,0.0953725302759242,0.103642681575744,-0.0706464176326804,"Frozen-source hash and interval checks passed; retained in primary",2346
2024-03-19,0.00000207318892338399,0.00150659133709981,FALSE,0.0048884432790104,0.0711640502570284,1.02327866089404,-1.06717480477467,"Frozen-source hash and interval checks passed; retained in primary",2347
2015-10-27,0.00000206975332863445,0.00150659133709981,FALSE,0.00230394104125085,0.103708264265067,-0.360573231164052,0.481009386538478,"Frozen-source hash and interval checks passed; retained in primary",2348
2017-09-27,0.00000205545361266035,0.00150659133709981,FALSE,0.00211916666320904,-0.107770834786492,0.452591027350069,-0.533524295963161,"Frozen-source hash and interval checks passed; retained in primary",2349
2019-03-29,0.00000203548583150892,0.00150659133709981,FALSE,0.00184867407986894,0.114839867530828,0.184784192736354,-0.126570851360874,"Frozen-source hash and interval checks passed; retained in primary",2350
2014-08-13,0.0000019968859284442,0.00150659133709981,FALSE,0.00181291295110449,-0.114864215099639,0.245872612535702,-0.254030424834539,"Frozen-source hash and interval checks passed; retained in primary",2351
2022-08-17,0.00000198798855056519,0.00150659133709981,FALSE,0.00326596130570213,0.085326059532513,0.693477139154508,-0.756175298617023,"Frozen-source hash and interval checks passed; retained in primary",2352
2019-07-03,0.00000197945282134566,0.00150659133709981,FALSE,0.00232931949984929,-0.100865413693697,-0.0904024435705253,0.129737762614379,"Frozen-source hash and interval checks passed; retained in primary",2353
2023-06-06,0.00000197695370237726,0.00150659133709981,FALSE,0.00262810395484691,0.0948846949732629,0.0999499720180541,-0.0214815080844311,"Frozen-source hash and interval checks passed; retained in primary",2354
2022-12-16,0.00000193729045378668,0.00150659133709981,FALSE,0.00445547191851162,0.0720728144569639,-0.83659365721096,0.998295899566859,"Frozen-source hash and interval checks passed; retained in primary",2355
2019-12-05,0.00000192370848331297,0.00150659133709981,FALSE,0.00215188086157251,0.103462594080204,-0.109375210348084,0.165471631799274,"Frozen-source hash and interval checks passed; retained in primary",2356
2021-02-22,0.00000191688448236744,0.00150659133709981,FALSE,0.00524828598999159,-0.0660293763890189,-0.513781302537586,0.49373438696545,"Frozen-source hash and interval checks passed; retained in primary",2357
2020-04-09,0.00000190196067162071,0.00150659133709981,FALSE,0.00772027920485038,0.0541616571436772,-0.223720403401773,0.294822398919603,"Frozen-source hash and interval checks passed; retained in primary",2358
2019-12-20,0.00000189415108321128,0.00150659133709981,FALSE,0.00161814387572207,0.118423448701523,0.214387245835646,-0.201207311341989,"Frozen-source hash and interval checks passed; retained in primary",2359
2023-08-01,0.00000189027157168548,0.00150659133709981,FALSE,0.0044221440806788,0.0714617906589084,0.747626239030863,-0.812557006443626,"Frozen-source hash and interval checks passed; retained in primary",2360
2019-02-22,0.00000187176569810765,0.00150659133709981,FALSE,0.00167435749297661,0.115725318110395,0.0741621183843577,0.0180652154767813,"Frozen-source hash and interval checks passed; retained in primary",2361
2023-10-30,0.00000185901009356586,0.00150659133709981,FALSE,0.00670562957578618,0.0574844928849893,-0.287561186144947,0.395164775300838,"Frozen-source hash and interval checks passed; retained in primary",2362
2015-05-28,0.00000184319193058573,0.00150659133709981,FALSE,0.00376070177413541,-0.0765461391105427,0.227514560501207,-0.338791967193686,"Frozen-source hash and interval checks passed; retained in primary",2363
2026-02-25,0.00000183310937444247,0.00150659133709981,FALSE,0.00669841937496555,-0.0571135569579382,0.398399844836561,-0.410309589618851,"Frozen-source hash and interval checks passed; retained in primary",2364
2024-04-15,0.00000182481058484231,0.00150659133709981,FALSE,0.00502660620026245,-0.065836664687967,0.590148854556682,-0.73527350808531,"Frozen-source hash and interval checks passed; retained in primary",2365
2019-10-28,0.00000181939210902101,0.00150659133709981,FALSE,0.0021012549729637,-0.101825754671214,0.141890983593429,-0.247968166734136,"Frozen-source hash and interval checks passed; retained in primary",2366
2023-04-18,0.00000181653082780603,0.00150659133709981,FALSE,0.00162368981443726,-0.115773086000455,-0.288802086900253,0.297818699764107,"Frozen-source hash and interval checks passed; retained in primary",2367
2018-08-22,0.00000181356888728813,0.00150659133709981,FALSE,0.00207674688052701,0.102262036955426,0.118200155139769,-0.0542937304079949,"Frozen-source hash and interval checks passed; retained in primary",2368
2015-05-20,0.00000181177292522918,0.00150659133709981,FALSE,0.00411918377436995,0.0725004337657232,0.5264291442868,-0.57884888328017,"Frozen-source hash and interval checks passed; retained in primary",2369
2025-07-10,0.00000180420576751774,0.00150659133709981,FALSE,0.00180020738133616,-0.109567341703375,-0.0523799040817785,0.0477832017010016,"Frozen-source hash and interval checks passed; retained in primary",2370
2025-12-23,0.00000179348296834002,0.00150659133709981,FALSE,0.00151001151500185,-0.119294653262253,-0.356815501975571,0.383068846139611,"Frozen-source hash and interval checks passed; retained in primary",2371
2017-05-02,0.00000177794544177484,0.00150659133709981,FALSE,0.00139280049340008,0.123680926087335,0.218463265750479,-0.250178829558578,"Frozen-source hash and interval checks passed; retained in primary",2372
2024-12-03,0.00000176139302039761,0.00150659133709981,FALSE,0.00212388172842735,-0.0996533513617975,-0.112636835975577,0.0938400765960523,"Frozen-source hash and interval checks passed; retained in primary",2373
2022-09-01,0.00000174928122550196,0.00150659133709981,FALSE,0.00348783866963642,0.0774432459945634,0.865173670807362,-0.890107089937864,"Frozen-source hash and interval checks passed; retained in primary",2374
2025-01-17,0.00000174675733690334,0.00150659133709981,FALSE,0.00189193139126611,-0.105158165869081,0.510713897143367,-0.551743235824631,"Frozen-source hash and interval checks passed; retained in primary",2375
2017-12-06,0.00000174057749577024,0.00150659133709981,FALSE,0.00250970184375172,-0.0911130490671503,-0.330919354740011,0.390972596841088,"Frozen-source hash and interval checks passed; retained in primary",2376
2019-04-23,0.0000017394767679987,0.00150659133709981,FALSE,0.0016707948544206,-0.111679963401633,-0.0837782264923259,0.0714924069772138,"Frozen-source hash and interval checks passed; retained in primary",2377
2018-04-18,0.00000173636897006143,0.00150659133709981,FALSE,0.00197720428699812,0.102554823119147,0.160023967057477,-0.158619114199521,"Frozen-source hash and interval checks passed; retained in primary",2378
2018-05-18,0.00000172333006315654,0.00150659133709981,FALSE,0.00104058859224923,0.140899433279874,0.00768025346942203,0.0451528431385739,"Frozen-source hash and interval checks passed; retained in primary",2379
2022-06-14,0.0000016885473898825,0.00150659133709981,FALSE,0.00326821153286332,0.0786106388121271,0.597907264894593,-0.572470988355978,"Frozen-source hash and interval checks passed; retained in primary",2380
2026-06-04,0.00000167468739886716,0.00150659133709981,FALSE,0.00248383329920154,0.089837208404628,0.0811957665300511,0,"Frozen-source hash and interval checks passed; retained in primary",2381
2019-11-13,0.00000167114891861619,0.00150659133709981,FALSE,0.00218500552176912,-0.095696695782695,-0.250563934568371,0.238619790169459,"Frozen-source hash and interval checks passed; retained in primary",2382
2023-09-25,0.00000167065078009579,0.00150659133709981,FALSE,0.00446139795068924,-0.066884738346762,0.330551020353065,-0.336723329805011,"Frozen-source hash and interval checks passed; retained in primary",2383
2019-04-16,0.00000166166119891164,0.00150659133709981,FALSE,0.00296661272944954,0.0818627416269375,-0.0167846756385703,0.044652825032987,"Frozen-source hash and interval checks passed; retained in primary",2384
2024-10-29,0.00000165058962381233,0.00150659133709981,FALSE,0.00191381440793233,-0.101635233848428,0.153803697689092,-0.169557885934069,"Frozen-source hash and interval checks passed; retained in primary",2385
2017-04-13,0.0000016318896158432,0.00150659133709981,FALSE,0.00181060977593346,-0.103903471213035,-0.261383869672693,0.283402850012315,"Frozen-source hash and interval checks passed; retained in primary",2386
2026-04-09,0.00000163017837474729,0.00150659133709981,FALSE,0.00205561521789887,-0.0974519299144938,0.311128027044028,-0.30259116576028,"Frozen-source hash and interval checks passed; retained in primary",2387
2025-11-17,0.00000162954044634823,0.00150659133709981,FALSE,0.00341183109052084,-0.0755765908412035,0.250129700302359,-0.361477284904321,"Frozen-source hash and interval checks passed; retained in primary",2388
2022-03-02,0.00000162775990607891,0.00150659133709981,FALSE,0.00421426238776333,-0.0679372496944573,0.613008039148122,-0.624839314886305,"Frozen-source hash and interval checks passed; retained in primary",2389
2020-01-17,0.00000162723437115715,0.00150659133709981,FALSE,0.00180785115940541,-0.103834437922702,-0.0373209248139883,0,"Frozen-source hash and interval checks passed; retained in primary",2390
2023-05-25,0.0000016191659604572,0.00150659133709981,FALSE,0.00286076279894624,0.0822949685811323,0.521255540659116,-0.480373750423801,"Frozen-source hash and interval checks passed; retained in primary",2391
2018-10-29,0.0000016020321040619,0.00150659133709981,FALSE,0.00792038769204556,0.0490711541591517,0.632505038653441,-0.749535051856753,"Frozen-source hash and interval checks passed; retained in primary",2392
2020-12-03,0.0000015986506597174,0.00150659133709981,FALSE,0.00821613535528724,-0.0481218300723507,-0.670756070728817,0.720152903522475,"Frozen-source hash and interval checks passed; retained in primary",2393
2021-09-10,0.00000154680133786318,0.00150659133709981,FALSE,0.00461613066662859,0.0632650921495952,0.0854711102230787,-0.154763561319715,"Frozen-source hash and interval checks passed; retained in primary",2394
2019-11-14,0.00000153884587902342,0.00150659133709981,FALSE,0.00274401196749092,0.0819216161988692,-0.351162818525452,0.460490775049394,"Frozen-source hash and interval checks passed; retained in primary",2395
2024-10-23,0.00000153135798118865,0.00150659133709981,FALSE,0.00472032108381738,0.062246621433522,1.01505419173926,-1.11872711914973,"Frozen-source hash and interval checks passed; retained in primary",2396
2022-11-01,0.00000151477850559056,0.00150659133709981,FALSE,0.00170573061495388,0.103142880725883,-0.269632203143511,0.350475522192184,"Frozen-source hash and interval checks passed; retained in primary",2397
2021-08-11,0.00000149129824451711,0.00150659133709981,FALSE,0.00283156056186802,-0.0793860532623562,-0.0686465072462283,0.0633455520932635,"Frozen-source hash and interval checks passed; retained in primary",2398
2015-06-25,0.00000146999093459231,0.00150659133709981,FALSE,0.00183050249119165,0.098076494869857,-0.415258257417594,0.492194482159558,"Frozen-source hash and interval checks passed; retained in primary",2399
2020-10-20,0.00000145816362263346,0.00150659133709981,FALSE,0.00588786555156137,-0.0543541236564092,0.108478722509098,-0.132714020806279,"Frozen-source hash and interval checks passed; retained in primary",2400
2017-02-01,0.00000144196502369292,0.00150659133709981,FALSE,0.00188577364658979,-0.0957003063245576,0.39741826558064,-0.50440352949721,"Frozen-source hash and interval checks passed; retained in primary",2401
2023-09-22,0.00000143961234200856,0.00150659133709981,FALSE,0.00316575410343398,-0.07375412061939,0.532625898039019,-0.554692621596153,"Frozen-source hash and interval checks passed; retained in primary",2402
2021-02-09,0.00000143027727401858,0.00150659133709981,FALSE,0.00401241645790177,0.0652716667328235,-0.485114606286174,0.543350080871718,"Frozen-source hash and interval checks passed; retained in primary",2403
2021-09-29,0.00000142923462480734,0.00150659133709981,FALSE,0.00408638796023327,0.0646522172519295,0.474059552581263,-0.448109729948154,"Frozen-source hash and interval checks passed; retained in primary",2404
2020-10-21,0.00000142224666982074,0.00150659133709981,FALSE,0.00837607599022977,-0.0449501638824204,-0.839610574224903,0.93271828751389,"Frozen-source hash and interval checks passed; retained in primary",2405
2025-02-28,0.00000139383977760475,0.00150659133709981,FALSE,0.00651787347137082,0.0504921793974774,0.628053325277866,-0.559181326577729,"Frozen-source hash and interval checks passed; retained in primary",2406
2024-04-19,0.00000138975736749504,0.00150659133709981,FALSE,0.00744129237139138,-0.0471643695075496,-0.0206312860609348,0.0388148536377919,"Frozen-source hash and interval checks passed; retained in primary",2407
2014-07-08,0.00000138812983611312,0.00150659133709981,FALSE,0.00286410555693501,-0.0761532307254013,-0.307539433307591,0.304863293601976,"Frozen-source hash and interval checks passed; retained in primary",2408
2017-06-01,0.00000138596416487226,0.00150659133709981,FALSE,0.00186387742638267,0.0943741028124978,0.476927449123155,-0.477585949438897,"Frozen-source hash and interval checks passed; retained in primary",2409
2019-08-06,0.00000138180124379743,0.00150659133709981,FALSE,0.00407956464219953,0.0636236858418234,0.519487862985946,-0.40476357798287,"Frozen-source hash and interval checks passed; retained in primary",2410
2020-10-08,0.00000137711518137306,0.00150659133709981,FALSE,0.00277610369882857,-0.0770467372495282,0.0282690976150413,-0.0094361877871485,"Frozen-source hash and interval checks passed; retained in primary",2411
2023-09-29,0.00000136605221438552,0.00150659133709981,FALSE,0.00603156346016521,-0.051975134141299,0.16687891690923,-0.16744252262848,"Frozen-source hash and interval checks passed; retained in primary",2412
2023-02-03,0.00000135797822539564,0.00150659133709981,FALSE,0.0113047957317703,0.0377517319098534,1.86319350870772,-2.01918080755616,"Frozen-source hash and interval checks passed; retained in primary",2413
2021-02-19,0.00000130378083930938,0.00150659133709981,FALSE,0.00255565515843745,0.0781422892068575,-0.0484393748163559,0.104132162578541,"Frozen-source hash and interval checks passed; retained in primary",2414
2024-12-04,0.00000129712551723955,0.00150659133709981,FALSE,0.00573188338381586,0.0519618623369384,0.676672380777088,-0.708322373445736,"Frozen-source hash and interval checks passed; retained in primary",2415
2022-09-09,0.00000128405796282711,0.00150659133709981,FALSE,0.00412382664635972,-0.0610007827581407,-0.996733148519091,1.12396031209601,"Frozen-source hash and interval checks passed; retained in primary",2416
2015-10-21,0.00000127004161514033,0.00150659133709981,FALSE,0.00346282958702456,-0.0662263454601125,-0.0148979779702074,-0.100125164810283,"Frozen-source hash and interval checks passed; retained in primary",2417
2016-06-14,0.00000126994273484503,0.00150659133709981,FALSE,0.00910164603325969,0.0407321443936139,-0.0250307717300391,0.0471497957718725,"Frozen-source hash and interval checks passed; retained in primary",2418
2018-07-02,0.00000126067610905089,0.00150659133709981,FALSE,0.00302616903878832,0.0705972317657006,0.0703779558279383,-0.0180635838641585,"Frozen-source hash and interval checks passed; retained in primary",2419
2023-02-28,0.00000123058990154943,0.00150659133709981,FALSE,0.00293584952670397,-0.0708177217101898,-0.051146007203906,0.0661108482594486,"Frozen-source hash and interval checks passed; retained in primary",2420
2019-10-10,0.00000121733945048048,0.00150659133709981,FALSE,0.00327868785977681,0.0666397420371545,0.41450175262665,-0.445807369719109,"Frozen-source hash and interval checks passed; retained in primary",2421
2024-07-08,0.0000012054758283947,0.00150659133709981,FALSE,0.00233138007821346,0.0786785761648589,0.0814206350391977,-0.0248833593819775,"Frozen-source hash and interval checks passed; retained in primary",2422
2019-08-30,0.00000120407940403126,0.00150659133709981,FALSE,0.0039089823793891,0.0606786405768058,-0.178394533573423,0.18796998015782,"Frozen-source hash and interval checks passed; retained in primary",2423
2020-02-07,0.00000120293723796474,0.00150659133709981,FALSE,0.00108915487350328,-0.115061664454715,-0.127848265152597,0.0728265849210707,"Frozen-source hash and interval checks passed; retained in primary",2424
2014-12-22,0.00000119721687872622,0.00150659133709981,FALSE,0.00218607035708343,0.0809785045204933,0.260984541187392,-0.233918235317176,"Frozen-source hash and interval checks passed; retained in primary",2425
2017-08-28,0.00000117934050055182,0.00150659133709981,FALSE,0.00108111811421329,-0.11435068454442,-0.0418224635698738,0.0183099881496673,"Frozen-source hash and interval checks passed; retained in primary",2426
2015-12-08,0.00000115114900215638,0.00150659133709981,FALSE,0.0022762560098322,0.0778127913471992,-0.24591082319283,0.251715451002177,"Frozen-source hash and interval checks passed; retained in primary",2427
2026-06-25,0.00000114837083380831,0.00150659133709981,FALSE,0.0106676923868358,0.0357493009383632,-0.0264610367292306,0.055653465864669,"Frozen-source hash and interval checks passed; retained in primary",2428
2017-05-31,0.0000011429931245576,0.00150659133709981,FALSE,0.00100279033648575,0.116893267756734,0.0691656135602958,-0.0271014952649473,"Frozen-source hash and interval checks passed; retained in primary",2429
2026-05-13,0.00000112800071204738,0.00150659133709981,FALSE,0.00266694210425927,0.0711473327260314,0.119957549080052,-0.0823958214893672,"Frozen-source hash and interval checks passed; retained in primary",2430
2021-04-15,0.0000011259888557684,0.00150659133709981,FALSE,0.00269711386946752,-0.0706840728636285,-0.139458378598079,0.137798009953993,"Frozen-source hash and interval checks passed; retained in primary",2431
2024-03-25,0.00000112325609518654,0.00150659133709981,FALSE,0.00299607441812628,-0.0669733697514079,0.0447953734168838,-0.0462397207432907,"Frozen-source hash and interval checks passed; retained in primary",2432
2021-04-14,0.0000010943383140091,0.00150659133709981,FALSE,0.00280304888632632,0.0683504786592415,-0.19845116024344,0.238400993162013,"Frozen-source hash and interval checks passed; retained in primary",2433
2021-08-27,0.00000109135886478541,0.00150659133709981,FALSE,0.00356342460222317,-0.0605153370398219,-0.118421243359812,0.227345162259684,"Frozen-source hash and interval checks passed; retained in primary",2434
2017-08-18,0.00000107594419989462,0.00150659133709981,FALSE,0.00254256839830518,0.0711699007509036,-0.338894175204407,0.510950016720546,"Frozen-source hash and interval checks passed; retained in primary",2435
2022-04-27,0.000001034407823396,0.00150659133709981,FALSE,0.00449122327072706,-0.0524537745328148,0.795245657979748,-0.836563261964418,"Frozen-source hash and interval checks passed; retained in primary",2436
2014-09-19,0.0000010298259632679,0.00150659133709981,FALSE,0.00228974648275363,0.0733805662757284,0.213360263988527,-0.248104882610622,"Frozen-source hash and interval checks passed; retained in primary",2437
2025-05-29,0.00000102431348327263,0.00150659133709981,FALSE,0.00459017736248857,0.0516289503158699,-0.59179721377971,0.657146210175252,"Frozen-source hash and interval checks passed; retained in primary",2438
2015-10-07,0.0000010120136798772,0.00150659133709981,FALSE,0.00602472249951385,0.0447613402645611,-0.199690499855043,0.23325568723136,"Frozen-source hash and interval checks passed; retained in primary",2439
2021-02-10,0.00000100803393777162,0.00150659133709981,FALSE,0.00283711043998886,0.0652038339455709,0.052224034237458,-0.0477805924327335,"Frozen-source hash and interval checks passed; retained in primary",2440
2020-10-01,0.000000994702546603277,0.00150659133709981,FALSE,0.00173976157842427,0.0827588137140706,-0.0169379054805852,0.0473686712471277,"Frozen-source hash and interval checks passed; retained in primary",2441
2023-11-28,0.000000984845465161418,0.00150659133709981,FALSE,0.0046427198800358,0.0503359101608275,-0.855680835093597,0.998995820827275,"Frozen-source hash and interval checks passed; retained in primary",2442
2020-12-02,0.000000984714842518574,0.00150659133709981,FALSE,0.00434241629269046,-0.0520517266397016,0.0823018817088794,-0.11487652038733,"Frozen-source hash and interval checks passed; retained in primary",2443
2023-08-23,0.000000983493559026675,0.00150659133709981,FALSE,0.00377596836099018,0.0558008374300668,-0.649029262251055,0.805761736992494,"Frozen-source hash and interval checks passed; retained in primary",2444
2015-02-26,0.000000979450960735784,0.00150659133709981,FALSE,0.00172082574916299,-0.0825732786323459,0.290325459778007,-0.402955548600215,"Frozen-source hash and interval checks passed; retained in primary",2445
2020-09-01,0.000000954289794917079,0.00150659133709981,FALSE,0.00470558025682936,0.0492152793873493,0.168520546801787,-0.15105743053665,"Frozen-source hash and interval checks passed; retained in primary",2446
2021-05-17,0.000000948286003441432,0.00150659133709981,FALSE,0.0027854310373459,0.0638275824650287,-0.176282942871175,0.183032905495573,"Frozen-source hash and interval checks passed; retained in primary",2447
2021-08-25,0.000000945247972097577,0.00150659133709981,FALSE,0.00213202571785121,-0.0728624588224757,0.295197951905779,-0.318602062776296,"Frozen-source hash and interval checks passed; retained in primary",2448
2026-05-08,0.000000945200647547746,0.00150659133709981,FALSE,0.00433742357561682,0.0510261501075225,0.141455071140317,-0.102197249569258,"Frozen-source hash and interval checks passed; retained in primary",2449
2025-09-03,0.000000943597116263366,0.00150659133709981,FALSE,0.00590658149295186,0.0436545408363899,-0.0941863220050188,0.175557101132551,"Frozen-source hash and interval checks passed; retained in primary",2450
2021-09-01,0.000000938203345588638,0.00150659133709981,FALSE,0.00237311492865081,0.0687960966896718,0.00793180276139616,0.0181752090648857,"Frozen-source hash and interval checks passed; retained in primary",2451
2021-09-17,0.000000936121506643627,0.00150659133709981,FALSE,0.00378237843891491,0.0543940447985076,0.176296110752094,-0.245890566039719,"Frozen-source hash and interval checks passed; retained in primary",2452
2024-06-17,0.000000932033412906064,0.00150659133709981,FALSE,0.00607884139213267,-0.0427633703091015,0.347337992675589,-0.330075201291802,"Frozen-source hash and interval checks passed; retained in primary",2453
2025-05-20,0.000000924542430284754,0.00150659133709981,FALSE,0.00185786599051296,-0.0772045771228928,-0.182591251064457,0.186393343806213,"Frozen-source hash and interval checks passed; retained in primary",2454
2015-02-20,0.00000091346821573018,0.00150659133709981,FALSE,0.00141613273583995,0.0879179665915644,-0.0464918908610557,0.134725517178502,"Frozen-source hash and interval checks passed; retained in primary",2455
2017-02-08,0.000000911936785964063,0.00150659133709981,FALSE,0.00171354247195118,0.079845996163716,-0.294017377357436,0.357334666452402,"Frozen-source hash and interval checks passed; retained in primary",2456
2018-03-20,0.000000899420610825514,0.00150659133709981,FALSE,0.00318088023102855,0.0581576115028267,0.509360851363194,-0.555949606259087,"Frozen-source hash and interval checks passed; retained in primary",2457
2024-02-27,0.000000899246777940596,0.00150659133709981,FALSE,0.00267322692024541,-0.0634498930103573,-0.186057321003963,0.219087224562919,"Frozen-source hash and interval checks passed; retained in primary",2458
2022-07-13,0.000000898066920194185,0.00150659133709981,FALSE,0.00196045980730068,0.0740695788141009,0.476326280311268,-0.481717594543962,"Frozen-source hash and interval checks passed; retained in primary",2459
2015-09-28,0.000000893744637938353,0.00150659133709981,FALSE,0.00500658285424635,0.0461675414226455,-0.707188986597052,0.764885671250148,"Frozen-source hash and interval checks passed; retained in primary",2460
2023-02-15,0.000000886456116775649,0.00150659133709981,FALSE,0.00409361404276751,0.0508715599525693,0.849716178751025,-0.875524730639565,"Frozen-source hash and interval checks passed; retained in primary",2461
2023-09-07,0.000000880726108562049,0.00150659133709981,FALSE,0.00446806434822088,0.0485264975819109,-0.259173028571791,0.352805848007609,"Frozen-source hash and interval checks passed; retained in primary",2462
2016-09-16,0.00000088052465340737,0.00150659133709981,FALSE,0.00252104711889297,-0.0646580752028621,0.120485891570743,-0.117302066236391,"Frozen-source hash and interval checks passed; retained in primary",2463
2021-04-19,0.000000875262634510029,0.00150659133709981,FALSE,0.00334985397215184,0.0559008288000314,-0.585287651725075,0.636328056670266,"Frozen-source hash and interval checks passed; retained in primary",2464
2014-04-15,0.000000875242245559206,0.00150659133709981,FALSE,0.00245802626833081,-0.0652870564460353,-0.172266668945076,0.206479597472331,"Frozen-source hash and interval checks passed; retained in primary",2465
2020-01-09,0.000000861101801462904,0.00150659133709981,FALSE,0.00242172552708871,0.0652422459770617,0.402481474872785,-0.402746539817578,"Frozen-source hash and interval checks passed; retained in primary",2466
2016-02-25,0.000000849993390711919,0.00150659133709981,FALSE,0.00540974024419482,0.0433044265692264,1.08447353255907,-1.1961224459621,"Frozen-source hash and interval checks passed; retained in primary",2467
2017-04-04,0.000000847308038010254,0.00150659133709981,FALSE,0.00501788170401819,0.0449012792906868,-0.116184453443857,0.198466461175517,"Frozen-source hash and interval checks passed; retained in primary",2468
2022-03-03,0.000000834051951677588,0.00150659133709981,FALSE,0.00525308186913558,-0.0435347836956933,0.0382809913193505,-0.0691862001134247,"Frozen-source hash and interval checks passed; retained in primary",2469
2023-06-29,0.000000834050392814077,0.00150659133709981,FALSE,0.00328127470442903,-0.0551380981433308,0.294348313817583,-0.339159349162177,"Frozen-source hash and interval checks passed; retained in primary",2470
2021-09-08,0.000000819152224891424,0.00150659133709981,FALSE,0.00225393839754998,0.0659647499658206,0.159941239768724,-0.136060613307265,"Frozen-source hash and interval checks passed; retained in primary",2471
2021-08-16,0.000000793860335721912,0.00150659133709981,FALSE,0.00326075426387012,0.0539627928605428,-0.40524614899411,0.447468898770875,"Frozen-source hash and interval checks passed; retained in primary",2472
2025-07-31,0.000000793714986745729,0.00150659133709981,FALSE,0.00456474619946258,0.0455744151577384,0.925939750699456,-1.0211321083454,"Frozen-source hash and interval checks passed; retained in primary",2473
2025-12-09,0.00000079307276364604,0.00150659133709981,FALSE,0.00187215934961824,0.0712309636610081,0.577214461086495,-0.613930431209742,"Frozen-source hash and interval checks passed; retained in primary",2474
2021-07-07,0.000000787902406271633,0.00150659133709981,FALSE,0.00309507065251698,0.0551846667801118,0.00772317562738323,0.0361532903431439,"Frozen-source hash and interval checks passed; retained in primary",2475
2025-07-29,0.000000787402429115051,0.00150659133709981,FALSE,0.00229547206371827,-0.0640846422016406,0.0412574879723682,-0.0808026439492515,"Frozen-source hash and interval checks passed; retained in primary",2476
2017-03-02,0.000000785102047074834,0.00150659133709981,FALSE,0.00215730632325776,-0.0660128997656624,0.601755937074255,-0.692651052959992,"Frozen-source hash and interval checks passed; retained in primary",2477
2017-12-28,0.000000772565896679985,0.00150659133709981,FALSE,0.00184185973240253,-0.0708809924019756,-0.30845731298168,0.380312668186455,"Frozen-source hash and interval checks passed; retained in primary",2478
2014-04-23,0.000000769646731455796,0.00150659133709981,FALSE,0.00209562911587686,0.0663168040200239,-0.269895154297606,0.331934308481596,"Frozen-source hash and interval checks passed; retained in primary",2479
2022-06-23,0.00000076940763697107,0.00150659133709981,FALSE,0.00444604909417729,0.0454688680450707,-0.878352464851861,0.982391473523947,"Frozen-source hash and interval checks passed; retained in primary",2480
2019-05-08,0.000000732084708130728,0.00150659133709981,FALSE,0.00289737674651957,-0.0549843043697631,-0.180740097945087,0.199582756987748,"Frozen-source hash and interval checks passed; retained in primary",2481
2017-11-29,0.00000071889774158747,0.00150659133709981,FALSE,0.00358234383968327,-0.0489847906113086,0.382366830323599,-0.556354629612343,"Frozen-source hash and interval checks passed; retained in primary",2482
2019-12-18,0.000000716474581402398,0.00150659133709981,FALSE,0.0021062658090532,0.0638229061317894,0.0470795550020942,-0.0547695130076242,"Frozen-source hash and interval checks passed; retained in primary",2483
2024-03-22,0.000000712833504675088,0.00150659133709981,FALSE,0.00236386103425448,-0.0600841318802648,-0.151470748189686,0.158447250419957,"Frozen-source hash and interval checks passed; retained in primary",2484
2017-07-03,0.000000709479464572673,0.00150659133709981,FALSE,0.00371868083785673,0.047759203848498,0.720392643527257,-0.815173750272447,"Frozen-source hash and interval checks passed; retained in primary",2485
2014-08-29,0.000000682624074380281,0.00150659133709981,FALSE,0.00133902361515517,-0.0781621226569054,0.16933242966517,-0.211762520177849,"Frozen-source hash and interval checks passed; retained in primary",2486
2017-07-06,0.000000668603083293575,0.00150659133709981,FALSE,0.00202785545291122,0.0628370116116692,0.00148698875785946,-0.0706464176326804,"Frozen-source hash and interval checks passed; retained in primary",2487
2023-10-11,0.000000668545196271798,0.00150659133709981,FALSE,0.00289092519797543,0.052602806612294,0.395224014177398,-0.369388243651514,"Frozen-source hash and interval checks passed; retained in primary",2488
2017-04-21,0.000000664633193707612,0.00150659133709981,FALSE,0.0026206716223735,0.0550941535555874,-0.224133232474166,0.238073548946538,"Frozen-source hash and interval checks passed; retained in primary",2489
2018-12-07,0.000000660887025608347,0.00150659133709981,FALSE,0.004170216978359,-0.0435178534584718,0.0215943225179593,-0.124411284153414,"Frozen-source hash and interval checks passed; retained in primary",2490
2018-10-04,0.000000660578016113471,0.00150659133709981,FALSE,0.00579413108203853,-0.036880490159095,-0.432472034014575,0.350908334463984,"Frozen-source hash and interval checks passed; retained in primary",2491
2014-05-01,0.000000652360853774222,0.00150659133709981,FALSE,0.00241977972362803,0.0568094477336791,0.165866752596999,-0.156525173808308,"Frozen-source hash and interval checks passed; retained in primary",2492
2017-07-19,0.000000645851164873049,0.00150659133709981,FALSE,0.0012641306455665,-0.0782503323167666,-0.103911462754835,0.107305742210961,"Frozen-source hash and interval checks passed; retained in primary",2493
2015-09-15,0.000000639267120018132,0.00150659133709981,FALSE,0.00172420324013384,0.0666442752232465,0.328814462938931,-0.316376918629135,"Frozen-source hash and interval checks passed; retained in primary",2494
2019-06-12,0.0000006234580879928,0.00150659133709981,FALSE,0.00201382002123417,0.0608900304424673,-0.0418770973900084,0.0921913958539022,"Frozen-source hash and interval checks passed; retained in primary",2495
2025-08-05,0.000000618489420811507,0.00150659133709981,FALSE,0.00199322136473623,0.0609601096511176,0.258414519167927,-0.271573254015944,"Frozen-source hash and interval checks passed; retained in primary",2496
2014-08-15,0.000000609420933255403,0.00150659133709981,FALSE,0.00205174696251798,-0.0596405196093682,-0.247507076783782,0.244343570720673,"Frozen-source hash and interval checks passed; retained in primary",2497
2025-12-24,0.0000006077564164826,0.00150659133709981,FALSE,0.00153534826293597,-0.068868130782236,-0.264449992004723,0.320348813170934,"Frozen-source hash and interval checks passed; retained in primary",2498
2018-11-14,0.000000593223201983445,0.00150659133709981,FALSE,0.00491107815713019,0.0379788849806493,-0.253359855463309,0.237185511115356,"Frozen-source hash and interval checks passed; retained in primary",2499
2016-10-20,0.000000568063989834657,0.00150659133709981,FALSE,0.0027669716955624,-0.04956615396223,0.50309531237489,-0.598399623675139,"Frozen-source hash and interval checks passed; retained in primary",2500
2015-10-23,0.000000561279033053561,0.00150659133709981,FALSE,0.00388370948601704,0.0415634592584429,0.461151641942381,-0.579232070450431,"Frozen-source hash and interval checks passed; retained in primary",2501
2025-11-18,0.000000560416853166303,0.00150659133709981,FALSE,0.00770731180211789,0.0294248764352074,0.118406642487345,-0.154519732006619,"Frozen-source hash and interval checks passed; retained in primary",2502
2020-06-22,0.000000556592520514506,0.00150659133709981,FALSE,0.00287004300042535,-0.0481715905475724,0.0319535372860891,0.0467880044094038,"Frozen-source hash and interval checks passed; retained in primary",2503
2023-09-06,0.000000539882051011916,0.00150659133709981,FALSE,0.00279605352911723,-0.0480683617724169,-0.0270992102635592,-0.0135464643935101,"Frozen-source hash and interval checks passed; retained in primary",2504
2021-04-21,0.000000530630242142461,0.00150659133709981,FALSE,0.00470534658781041,0.0367000493659861,0.075315612764415,-0.0185048113037212,"Frozen-source hash and interval checks passed; retained in primary",2505
2025-09-22,0.000000530598805366518,0.00150659133709981,FALSE,0.00198785315671727,-0.0565391819639003,-0.0444075649106868,0,"Frozen-source hash and interval checks passed; retained in primary",2506
2020-09-02,0.000000522473260621717,0.00150659133709981,FALSE,0.00305723041553018,0.0452161609019189,0.14045613734508,-0.141409403719805,"Frozen-source hash and interval checks passed; retained in primary",2507
2018-07-25,0.000000520732627464717,0.00150659133709981,FALSE,0.00139413750835696,0.0669024878496136,-0.155302322406703,0.224931490759328,"Frozen-source hash and interval checks passed; retained in primary",2508
2021-06-25,0.000000513181275216291,0.00150659133709981,FALSE,0.00225547448091289,0.0521935385677073,-0.0705294251609256,0.117280901169181,"Frozen-source hash and interval checks passed; retained in primary",2509
2023-11-29,0.000000510451230991068,0.00150659133709981,FALSE,0.0034518807629251,-0.0420522264953357,-0.0170469622132963,0.0135685210519654,"Frozen-source hash and interval checks passed; retained in primary",2510
2016-03-04,0.000000499217840705146,0.00150659133709981,FALSE,0.0074296206409639,0.0282900039145638,0.279959299902544,-0.33415437353792,"Frozen-source hash and interval checks passed; retained in primary",2511
2019-08-15,0.000000489479544478641,0.00150659133709981,FALSE,0.00236874155038958,-0.0497375148365667,0.286592703622146,-0.31145322708559,"Frozen-source hash and interval checks passed; retained in primary",2512
2019-03-11,0.000000486303695485964,0.00150659133709981,FALSE,0.00193607266108747,0.0548482482270357,0.174487897538977,-0.0899604234833262,"Frozen-source hash and interval checks passed; retained in primary",2513
2015-03-23,0.000000480069273058017,0.00150659133709981,FALSE,0.00210117056109282,0.052306442172324,-0.402700148158441,0.449963262312192,"Frozen-source hash and interval checks passed; retained in primary",2514
2019-09-09,0.000000479013641045406,0.00150659133709981,FALSE,0.00154241121449589,-0.0609999231098204,0.246954830063251,-0.317846392671939,"Frozen-source hash and interval checks passed; retained in primary",2515
2021-07-21,0.000000478873516646918,0.00150659133709981,FALSE,0.00259418371707405,0.0470041947050772,0.338486535261362,-0.272553998105085,"Frozen-source hash and interval checks passed; retained in primary",2516
2020-12-30,0.000000478125903376872,0.00150659133709981,FALSE,0.00260773328384231,-0.0468449923938756,-0.156483373389626,0.183743584406937,"Frozen-source hash and interval checks passed; retained in primary",2517
2014-07-14,0.000000443234377686649,0.00150659133709981,FALSE,0.0016554635176025,0.0566353719771603,0.241906223501376,-0.246414791287286,"Frozen-source hash and interval checks passed; retained in primary",2518
2026-03-05,0.000000432581030189997,0.00150659133709981,FALSE,0.0196202100592157,0.0161053329259012,0.364785104647947,-0.413341976691317,"Frozen-source hash and interval checks passed; retained in primary",2519
2022-05-26,0.000000427086649181814,0.00150659133709981,FALSE,0.00208216638190855,-0.0495607988102379,-0.0400616901061301,0.062858491894513,"Frozen-source hash and interval checks passed; retained in primary",2520
2021-12-30,0.000000425055754794636,0.00150659133709981,FALSE,0.00201897955678912,-0.0502121425932268,0.132064384793784,-0.173807291516681,"Frozen-source hash and interval checks passed; retained in primary",2521
2015-03-12,0.000000424019336425015,0.00150659133709981,FALSE,0.00224848474894494,0.047517072806454,-0.0969000262055708,0.181234088654136,"Frozen-source hash and interval checks passed; retained in primary",2522
2018-12-14,0.00000042264312234404,0.00150659133709981,FALSE,0.00355231676612198,0.0377180241418152,-0.235915611777449,0.273115891543796,"Frozen-source hash and interval checks passed; retained in primary",2523
2019-07-29,0.0000004075291289261,0.00150659133709981,FALSE,0.00213694598475551,-0.047786877131494,0.0947061228542267,-0.156285943095824,"Frozen-source hash and interval checks passed; retained in primary",2524
2022-06-27,0.000000407251389293582,0.00150659133709981,FALSE,0.00361410775350821,0.0367058382749804,0.0586409306311708,-0.0295770484262547,"Frozen-source hash and interval checks passed; retained in primary",2525
2026-07-17,0.000000399153037550812,0.00150659133709981,FALSE,0.0237075074874896,-0.0140445351369361,-0.0715938918251169,-0.00615668770400646,"Frozen-source hash and interval checks passed; retained in primary",2526
2019-01-29,0.000000385863135786364,0.00150659133709981,FALSE,0.00225974654654625,-0.0452153762449692,0.109217188778032,-0.14641291048898,"Frozen-source hash and interval checks passed; retained in primary",2527
2015-05-12,0.000000372411669674278,0.00150659133709981,FALSE,0.00125621735308825,0.0596069518812926,-0.160117589381636,0.208463698591377,"Frozen-source hash and interval checks passed; retained in primary",2528
2015-05-13,0.000000369170468614631,0.00150659133709981,FALSE,0.00240706303807198,0.0428486407986055,-0.488708861772658,0.594417590144403,"Frozen-source hash and interval checks passed; retained in primary",2529
2021-07-29,0.000000357027913465307,0.00150659133709981,FALSE,0.00337606246613236,-0.0355633062097406,-0.418193176940207,0.482718729595799,"Frozen-source hash and interval checks passed; retained in primary",2530
2023-07-11,0.000000353181896275948,0.00150659133709981,FALSE,0.00363052866449684,-0.0341047689119635,-0.652692086665763,0.74449948590134,"Frozen-source hash and interval checks passed; retained in primary",2531
2025-09-25,0.000000352506862053806,0.00150659133709981,FALSE,0.00222323602664195,-0.0435710793109538,0.623615316845028,-0.716945012062897,"Frozen-source hash and interval checks passed; retained in primary",2532
2020-12-29,0.000000348508243822664,0.00150659133709981,FALSE,0.00431736490695699,0.0310561945582364,-0.341936757186856,0.327964025035676,"Frozen-source hash and interval checks passed; retained in primary",2533
2023-06-26,0.000000348468127386186,0.00150659133709981,FALSE,0.00222676654176381,-0.0432863268888994,-0.181860230278685,0.160094698865265,"Frozen-source hash and interval checks passed; retained in primary",2534
2017-10-13,0.000000344640876477319,0.00150659133709981,FALSE,0.00174112928541974,-0.0486945206479234,-0.336845218372428,0.392297222083826,"Frozen-source hash and interval checks passed; retained in primary",2535
2014-09-25,0.000000340354971225077,0.00150659133709981,FALSE,0.00382909132553975,-0.0325968577519404,-0.318048151437456,0.202187367839546,"Frozen-source hash and interval checks passed; retained in primary",2536
2019-05-22,0.000000335961097569933,0.00150659133709981,FALSE,0.0016557512131813,0.0493034985836165,-0.207051590379503,0.289750293263857,"Frozen-source hash and interval checks passed; retained in primary",2537
2014-10-07,0.000000329344418150291,0.00150659133709981,FALSE,0.00482141677640361,0.0285613643798234,-0.696571147125447,0.717640397044317,"Frozen-source hash and interval checks passed; retained in primary",2538
2022-07-14,0.000000327001664045351,0.00150659133709981,FALSE,0.00430166866569644,-0.0301377631890299,1.07096844025834,-1.15825820722044,"Frozen-source hash and interval checks passed; retained in primary",2539
2014-06-17,0.000000311947763730494,0.00150659133709981,FALSE,0.00247546595395864,-0.0388387170443461,0.331830614733475,-0.352941542846175,"Frozen-source hash and interval checks passed; retained in primary",2540
2022-11-21,0.000000303767311115853,0.00150659133709981,FALSE,0.004985142272276,0.0269734902411294,1.28864105516402,-1.36181975512946,"Frozen-source hash and interval checks passed; retained in primary",2541
2019-05-14,0.00000029872783660425,0.00150659133709981,FALSE,0.00333595970856264,0.0327259653446066,0.500208012399916,-0.456913890044675,"Frozen-source hash and interval checks passed; retained in primary",2542
2019-10-03,0.00000028964981399212,0.00150659133709981,FALSE,0.00356669469294628,0.0311615032262256,-0.270869396354989,0.42062033318242,"Frozen-source hash and interval checks passed; retained in primary",2543
2014-08-28,0.000000287252496798051,0.00150659133709981,FALSE,0.00174720314397792,-0.0443783443518845,-0.184982698581493,0.192529901597549,"Frozen-source hash and interval checks passed; retained in primary",2544
2024-04-10,0.000000287155564828427,0.00150659133709981,FALSE,0.00489943207328771,0.0264551274484499,0.706195873597215,-0.768148739786678,"Frozen-source hash and interval checks passed; retained in primary",2545
2024-02-08,0.000000281606601328404,0.00150659133709981,FALSE,0.00542821915108553,0.0248829243115549,0.7521345739955,-0.814024475475605,"Frozen-source hash and interval checks passed; retained in primary",2546
2025-11-05,0.000000280687099137216,0.00150659133709981,FALSE,0.00355944717665662,0.0307069208803679,0.413861505579405,-0.36403862604546,"Frozen-source hash and interval checks passed; retained in primary",2547
2020-10-19,0.000000280024802531098,0.00150659133709981,FALSE,0.00307282489602396,0.0330180699832695,-0.0245902294382372,-0.00948631599628769,"Frozen-source hash and interval checks passed; retained in primary",2548
2024-02-05,0.000000277199603558818,0.00150659133709981,FALSE,0.00310358056411716,-0.0326874040783498,0.167315423790138,-0.168163359845597,"Frozen-source hash and interval checks passed; retained in primary",2549
2018-01-05,0.000000266303670348507,0.00150659133709981,FALSE,0.00144196335035419,-0.0470423212793232,0.275480556528551,-0.354045333534181,"Frozen-source hash and interval checks passed; retained in primary",2550
2019-05-15,0.000000265702669318906,0.00150659133709981,FALSE,0.0025897142076003,-0.0350428632063885,-0.0154620578027842,0.0912159143789282,"Frozen-source hash and interval checks passed; retained in primary",2551
2020-08-06,0.000000262469591804371,0.00150659133709981,FALSE,0.00185384037876837,0.0411804437674299,0.104439195886696,-0.0758437654861943,"Frozen-source hash and interval checks passed; retained in primary",2552
2021-08-31,0.000000258915747084459,0.00150659133709981,FALSE,0.00309538100261387,0.0316329433133915,0.121541252670232,-0.127295889166135,"Frozen-source hash and interval checks passed; retained in primary",2553
2025-01-23,0.000000243890005234849,0.00150659133709981,FALSE,0.00315652290773673,-0.0304016137818898,-0.35238236203261,0.396648207325434,"Frozen-source hash and interval checks passed; retained in primary",2554
2020-12-07,0.000000241081217635232,0.00150659133709981,FALSE,0.00384704915190342,0.0273697894514081,-0.149119785288532,0.144113009521796,"Frozen-source hash and interval checks passed; retained in primary",2555
2017-04-28,0.000000238356008435086,0.00150659133709981,FALSE,0.00177703386121432,-0.0400838660447796,0.198203949152065,-0.278564227399514,"Frozen-source hash and interval checks passed; retained in primary",2556
2022-10-14,0.000000228296581472515,0.00150659133709981,FALSE,0.00522426688907659,0.0228396918792168,0.819429123496995,-0.886308700991911,"Frozen-source hash and interval checks passed; retained in primary",2557
2015-03-11,0.000000227592736231391,0.00150659133709981,FALSE,0.00194273592262316,-0.0374576619774678,0.207856889541036,-0.247218914538916,"Frozen-source hash and interval checks passed; retained in primary",2558
2014-09-26,0.000000207699666804766,0.00150659133709981,FALSE,0.00301184090911387,-0.0287235099843123,0.532277218596588,-0.568756693270345,"Frozen-source hash and interval checks passed; retained in primary",2559
2014-06-03,0.000000202732128556511,0.00150659133709981,FALSE,0.00142052075686247,0.0413541824645639,0.0890337833661103,-0.117233307682341,"Frozen-source hash and interval checks passed; retained in primary",2560
2022-02-16,0.000000199485887777001,0.00150659133709981,FALSE,0.00408209327068431,-0.0241666816273613,-0.145513372205786,0.199091171583188,"Frozen-source hash and interval checks passed; retained in primary",2561
2014-10-22,0.000000191531545812511,0.00150659133709981,FALSE,0.00447363495804115,-0.0226155363163594,0.405743639268108,-0.579386724971531,"Frozen-source hash and interval checks passed; retained in primary",2562
2022-09-02,0.000000185014812983678,0.00150659133709981,FALSE,0.00134869170346252,0.0405456687755945,0.0859260474395107,-0.0714387800063498,"Frozen-source hash and interval checks passed; retained in primary",2563
2023-05-15,0.000000181181439937226,0.00150659133709981,FALSE,0.00252005104891509,0.0293355945420794,0.318830866958342,-0.32388692281442,"Frozen-source hash and interval checks passed; retained in primary",2564
2018-11-07,0.000000176181051067575,0.00150659133709981,FALSE,0.00468978771964913,-0.0211822875275356,0.0920729749321225,0.0529333933841691,"Frozen-source hash and interval checks passed; retained in primary",2565
2015-09-14,0.000000176178534732772,0.00150659133709981,FALSE,0.00421248447659113,0.0223553411467485,-0.522077279856248,0.615181921827368,"Frozen-source hash and interval checks passed; retained in primary",2566
2025-06-13,0.000000172477506636376,0.00150659133709981,FALSE,0.0041320437894121,-0.0223344507749604,0.184206694792488,-0.278086942279288,"Frozen-source hash and interval checks passed; retained in primary",2567
2017-01-31,0.000000171795473603788,0.00150659133709981,FALSE,0.00481958966023065,-0.0206320489174845,-0.835178262755454,1.00627559325108,"Frozen-source hash and interval checks passed; retained in primary",2568
2025-08-18,0.000000169991381336606,0.00150659133709981,FALSE,0.00376490362898918,-0.0232331481207791,0.46675838658512,-0.515674911224817,"Frozen-source hash and interval checks passed; retained in primary",2569
2015-07-23,0.000000164637038126352,0.00150659133709981,FALSE,0.00148688368213792,-0.0364244317036883,-0.171950815742061,0.161316376328191,"Frozen-source hash and interval checks passed; retained in primary",2570
2023-08-24,0.000000163385724730138,0.00150659133709981,FALSE,0.00378818963639591,0.0227068904500952,0.67941691008131,-0.778321248379577,"Frozen-source hash and interval checks passed; retained in primary",2571
2015-06-26,0.000000161696692281082,0.00150659133709981,FALSE,0.00221307490466804,-0.0295775391980975,0.184901839579332,-0.234296208977725,"Frozen-source hash and interval checks passed; retained in primary",2572
2020-12-10,0.000000151781943700153,0.00150659133709981,FALSE,0.00279284738258879,0.0255017373497889,0.00334545219216054,-0.0191772941425583,"Frozen-source hash and interval checks passed; retained in primary",2573
2017-08-07,0.000000146104494766985,0.00150659133709981,FALSE,0.00194429689193119,-0.0299998104560311,0.00287116518657982,0,"Frozen-source hash and interval checks passed; retained in primary",2574
2025-12-17,0.000000139570367344494,0.00150659133709981,FALSE,0.00182599312964372,-0.0302580399813904,0.432437310189915,-0.515465058866393,"Frozen-source hash and interval checks passed; retained in primary",2575
2020-08-13,0.000000134455398284303,0.00150659133709981,FALSE,0.00477357842333357,-0.01834081636233,0.0262208824303389,-0.0374286520697709,"Frozen-source hash and interval checks passed; retained in primary",2576
2023-04-17,0.000000132869420905584,0.00150659133709981,FALSE,0.00321866818552679,0.0222210710670034,0.531723430199049,-0.574092909465751,"Frozen-source hash and interval checks passed; retained in primary",2577
2017-10-18,0.000000131155768682607,0.00150659133709981,FALSE,0.00252543984494487,0.0249325513136798,0.480905685947119,-0.550476396719013,"Frozen-source hash and interval checks passed; retained in primary",2578
2026-07-15,0.000000128333610027748,0.00150659133709981,FALSE,0.00809015978019741,0.0137410012288215,0.0429267288073021,0.00616769975829712,"Frozen-source hash and interval checks passed; retained in primary",2579
2023-08-22,0.000000119593347631563,0.00150659133709981,FALSE,0.00371474254496553,-0.0196187632536216,-0.304731753387699,0.321862972607434,"Frozen-source hash and interval checks passed; retained in primary",2580
2016-10-13,0.000000119149710096551,0.00150659133709981,FALSE,0.00307859299117459,0.0215174816238415,-0.71740058683698,0.826530414147886,"Frozen-source hash and interval checks passed; retained in primary",2581
2018-01-23,0.000000113231859056839,0.00150659133709981,FALSE,0.00269602347783689,-0.0224195495351654,-0.549754618927567,0.622717593716349,"Frozen-source hash and interval checks passed; retained in primary",2582
2023-09-13,0.00000010788390098632,0.00150659133709981,FALSE,0.00282158661621406,-0.0213898965822444,0.249515496929531,-0.224055496521913,"Frozen-source hash and interval checks passed; retained in primary",2583
2018-06-29,0.000000107793511067278,0.00150659133709981,FALSE,0.00212758641388225,-0.0246309314854512,0.29658702242048,-0.298521186001999,"Frozen-source hash and interval checks passed; retained in primary",2584
2023-01-11,0.000000103057330798563,0.00150659133709981,FALSE,0.00233013481350012,-0.0230108664025321,0.211490191995711,-0.249216607483671,"Frozen-source hash and interval checks passed; retained in primary",2585
2023-06-27,0.000000102745113345702,0.00150659133709981,FALSE,0.00274080626208809,-0.0211804930815112,0.318494981769968,-0.312989300892763,"Frozen-source hash and interval checks passed; retained in primary",2586
2014-10-24,0.000000102352628066907,0.00150659133709981,FALSE,0.00201403104391821,0.0246700062608363,-0.0721526349686474,0.0924983878734409,"Frozen-source hash and interval checks passed; retained in primary",2587
2014-11-10,0.000000101751324819729,0.00150659133709981,FALSE,0.00211634788064934,0.023994244744193,0.0727395610445214,-0.0435710869164829,"Frozen-source hash and interval checks passed; retained in primary",2588
2021-08-05,0.0000000949307019884961,0.00150659133709981,FALSE,0.00338347942872433,0.0183179234617273,0.275242907085005,-0.282859808104075,"Frozen-source hash and interval checks passed; retained in primary",2589
2019-03-19,0.0000000912409670233819,0.00150659133709981,FALSE,0.0013577593206621,0.0283778267109857,-0.0367140201189109,0.0269311909702807,"Frozen-source hash and interval checks passed; retained in primary",2590
2020-06-24,0.0000000903095155684704,0.00150659133709981,FALSE,0.0039276717176941,0.0165781179881189,0.297769299674222,-0.365733984830818,"Frozen-source hash and interval checks passed; retained in primary",2591
2020-02-14,0.0000000853850984613619,0.00150659133709981,FALSE,0.00169690472984969,0.0245518455585109,-0.00590558220077142,0.0364331910397198,"Frozen-source hash and interval checks passed; retained in primary",2592
2024-04-08,0.0000000842560920885785,0.00150659133709981,FALSE,0.00252980961327697,-0.0199662876023888,0.152423829021719,-0.125259600384009,"Frozen-source hash and interval checks passed; retained in primary",2593
2020-09-16,0.0000000825904347566391,0.00150659133709981,FALSE,0.00774882480270095,-0.0112654459756117,-0.478860366383982,0.532219465755546,"Frozen-source hash and interval checks passed; retained in primary",2594
2016-08-31,0.0000000747411978369604,0.00150659133709981,FALSE,0.00452227990139386,0.0140510151695086,0.324024365394182,-0.44595323543497,"Frozen-source hash and interval checks passed; retained in primary",2595
2026-01-06,0.000000071340048537504,0.00150659133709981,FALSE,0.00530382337985074,-0.0126709162637609,0.256941121525278,-0.242796106750198,"Frozen-source hash and interval checks passed; retained in primary",2596
2019-10-17,0.0000000639634304449839,0.00150659133709981,FALSE,0.00149665926214672,0.0226292306512416,-0.147352227261477,0.184145158379234,"Frozen-source hash and interval checks passed; retained in primary",2597
2023-08-09,0.0000000637096656651283,0.00150659133709981,FALSE,0.00259868890590859,0.0171297532546301,0.307679880943779,-0.285963577610104,"Frozen-source hash and interval checks passed; retained in primary",2598
2019-06-10,0.0000000612836030643656,0.00150659133709981,FALSE,0.00224292625418059,0.0180870474939245,0.33947935846097,-0.378386312754575,"Frozen-source hash and interval checks passed; retained in primary",2599
2015-06-19,0.0000000547828239922115,0.00150659133709981,FALSE,0.00148060751497327,-0.021055769039993,-0.172401991170812,0.138453416261441,"Frozen-source hash and interval checks passed; retained in primary",2600
2018-04-19,0.0000000532282120534935,0.00150659133709981,FALSE,0.00425009259751449,0.0122331275354429,0.131148461820096,-0.149059092253445,"Frozen-source hash and interval checks passed; retained in primary",2601
2016-10-27,0.0000000451473686541917,0.00150659133709981,FALSE,0.00295930538081536,0.0135104058396573,0.540980718710316,-0.687156740889616,"Frozen-source hash and interval checks passed; retained in primary",2602
2020-07-09,0.0000000436374407680655,0.00150659133709981,FALSE,0.00389794159509709,0.0115678996941911,-0.137475037276147,0.111804726078724,"Frozen-source hash and interval checks passed; retained in primary",2603
2020-12-18,0.000000041209217437025,0.00150659133709981,FALSE,0.0028432969511868,0.0131691699859505,0.200382106786634,-0.213095779979966,"Frozen-source hash and interval checks passed; retained in primary",2604
2023-01-26,0.0000000378420493372617,0.00150659133709981,FALSE,0.00193467150727244,-0.0153057217387065,0.561003178604436,-0.584527121920608,"Frozen-source hash and interval checks passed; retained in primary",2605
2018-04-06,0.0000000378345759180769,0.00150659133709981,FALSE,0.00240563363004033,-0.0137213647431005,-0.450749304334597,0.419561475100672,"Frozen-source hash and interval checks passed; retained in primary",2606
2021-08-18,0.0000000365152897608891,0.00150659133709981,FALSE,0.00553997849353139,-0.00886885641040408,0.150368995237971,-0.300669899873807,"Frozen-source hash and interval checks passed; retained in primary",2607
2019-10-16,0.0000000356768713587656,0.00150659133709981,FALSE,0.00163766481048591,0.0161553209273677,-0.10467865996997,0.110324549206187,"Frozen-source hash and interval checks passed; retained in primary",2608
2020-10-29,0.0000000324990547888168,0.00150659133709981,FALSE,0.00257753564412833,-0.012284662255337,0.365542970613797,-0.344464985138515,"Frozen-source hash and interval checks passed; retained in primary",2609
2016-06-17,0.0000000306294291132333,0.00150659133709981,FALSE,0.00291627445363849,-0.0112101569043572,0.0891137610716797,-0.144057647962281,"Frozen-source hash and interval checks passed; retained in primary",2610
2020-10-07,0.0000000299930147986483,0.00150659133709981,FALSE,0.00324232277590059,-0.0105188280325521,0.316599483295699,-0.31189477578133,"Frozen-source hash and interval checks passed; retained in primary",2611
2021-11-09,0.0000000296209602551931,0.00150659133709981,FALSE,0.00462568572180543,-0.00874571545268122,-0.232670741788032,0.247765811201184,"Frozen-source hash and interval checks passed; retained in primary",2612
2022-07-08,0.0000000288794815828433,0.00150659133709981,FALSE,0.00195175397864664,0.013312160670889,0.157765775608887,-0.124931120419625,"Frozen-source hash and interval checks passed; retained in primary",2613
2015-07-28,0.0000000282257138059744,0.00150659133709981,FALSE,0.00426257031087527,-0.00889507733551419,0.320941697688948,-0.226941254799939,"Frozen-source hash and interval checks passed; retained in primary",2614
2020-10-16,0.0000000272633956450278,0.00150659133709981,FALSE,0.00377865436093537,0.00928730981592799,0.0152510622265734,-0.0284643485957581,"Frozen-source hash and interval checks passed; retained in primary",2615
2019-03-27,0.0000000233045308332675,0.00150659133709981,FALSE,0.00258050782090348,-0.0103967389833912,-0.108231866187314,0.108656294645293,"Frozen-source hash and interval checks passed; retained in primary",2616
2020-10-22,0.0000000232215091939365,0.00150659133709981,FALSE,0.00446088983108423,0.0078859543376287,0.286425203050866,-0.28645106954599,"Frozen-source hash and interval checks passed; retained in primary",2617
2015-12-17,0.0000000226371650301774,0.00150659133709981,FALSE,0.00360196968587005,0.00866858166493184,0.56928697007077,-0.711281255712137,"Frozen-source hash and interval checks passed; retained in primary",2618
2017-11-27,0.0000000222195419066673,0.00150659133709981,FALSE,0.00211887704619777,-0.0112058472690926,-0.418449342366767,0.485306964907384,"Frozen-source hash and interval checks passed; retained in primary",2619
2018-07-18,0.0000000218023048799713,0.00150659133709981,FALSE,0.00161239027434185,-0.0127278876652998,0.0325635902110655,-0.0265945660004263,"Frozen-source hash and interval checks passed; retained in primary",2620
2018-01-12,0.000000016972801429968,0.00150659133709981,FALSE,0.00196067365957389,-0.0101821281383092,-0.085851050477137,0.10782640994389,"Frozen-source hash and interval checks passed; retained in primary",2621
2023-09-27,0.0000000168923235335861,0.00150659133709981,FALSE,0.00293026717699803,-0.00830509251504193,0.413273051724472,-0.388766492732007,"Frozen-source hash and interval checks passed; retained in primary",2622
2018-12-17,0.0000000162152395911328,0.00150659133709981,FALSE,0.00613586377078365,0.0056140718083632,-0.403001841942352,0.344660320860601,"Frozen-source hash and interval checks passed; retained in primary",2623
2015-10-06,0.0000000152768926428674,0.00150659133709981,FALSE,0.00174496876678086,0.0102408277467571,-0.135543181137043,0.149663285606305,"Frozen-source hash and interval checks passed; retained in primary",2624
2020-02-13,0.0000000135684253557327,0.00150659133709981,FALSE,0.00147445059665234,-0.0105007380799318,-0.16957388726766,0.172876618279449,"Frozen-source hash and interval checks passed; retained in primary",2625
2019-04-09,0.0000000131695680005065,0.00150659133709981,FALSE,0.00263022416928655,-0.00774119677664037,-0.354323683426072,0.350483396293377,"Frozen-source hash and interval checks passed; retained in primary",2626
2019-06-26,0.0000000129822958817288,0.00150659133709981,FALSE,0.00333367737162285,-0.00682463584391402,0.581184423512537,-0.671143458798706,"Frozen-source hash and interval checks passed; retained in primary",2627
2018-06-22,0.0000000129382862217953,0.00150659133709981,FALSE,0.00205375526130254,-0.00868576809658571,-0.000694389066113743,0.0636276892802101,"Frozen-source hash and interval checks passed; retained in primary",2628
2016-10-19,0.0000000124647534600144,0.00150659133709981,FALSE,0.00234953556620622,-0.00796949242721094,-0.3612708115734,0.482859460619522,"Frozen-source hash and interval checks passed; retained in primary",2629
2022-12-23,0.0000000119070948090539,0.00150659133709981,FALSE,0.00342753839862728,0.00644550286028629,0.344008522420314,-0.331925470710015,"Frozen-source hash and interval checks passed; retained in primary",2630
2026-02-19,0.0000000112285621731573,0.00150659133709981,FALSE,0.00336366073999952,0.00631851415993141,0.298432797293557,-0.329659973415009,"Frozen-source hash and interval checks passed; retained in primary",2631
2018-07-20,0.0000000112111326099468,0.00150659133709981,FALSE,0.00476366053525491,-0.00530161367343608,-0.925950450440194,1.10360678661134,"Frozen-source hash and interval checks passed; retained in primary",2632
2020-09-24,0.0000000111289949488191,0.00150659133709981,FALSE,0.00324806144424523,-0.00640176933778642,0.0763290408078543,-0.075915737181731,"Frozen-source hash and interval checks passed; retained in primary",2633
2018-10-22,0.0000000108825745564065,0.00150659133709981,FALSE,0.00127675766169799,0.0101070587631954,0.212146729553853,-0.23080347573794,"Frozen-source hash and interval checks passed; retained in primary",2634
2015-07-17,0.0000000104583277963886,0.00150659133709981,FALSE,0.00145900132068037,0.00926780432940966,-0.0149064252506381,0.0322528627211049,"Frozen-source hash and interval checks passed; retained in primary",2635
2025-07-24,0.0000000102168083823176,0.00150659133709981,FALSE,0.00329208407816145,0.00609251688798662,0.245672369474015,-0.252155379456465,"Frozen-source hash and interval checks passed; retained in primary",2636
2014-08-12,0.0000000100593791235393,0.00150659133709981,FALSE,0.00161830466804556,-0.00862967366018177,0.0475047005137341,-0.0782932120635849,"Frozen-source hash and interval checks passed; retained in primary",2637
2019-10-09,0.00000000953469370789755,0.00150659133709981,FALSE,0.00254352876838477,-0.00669842417048844,0.365484908226188,-0.345004771321555,"Frozen-source hash and interval checks passed; retained in primary",2638
2018-04-16,0.00000000935507627296784,0.00150659133709981,FALSE,0.00268786819693136,0.0064539538567055,-0.188525313197285,0.242108322006018,"Frozen-source hash and interval checks passed; retained in primary",2639
2016-04-27,0.00000000913560847034317,0.00150659133709981,FALSE,0.0019002961163359,0.0075881461206322,0.0451042571782079,-0.0269675043209183,"Frozen-source hash and interval checks passed; retained in primary",2640
2025-03-13,0.00000000895304232859144,0.00150659133709981,FALSE,0.00184244652197915,0.00762918322488394,-0.367043313888615,0.412120976503605,"Frozen-source hash and interval checks passed; retained in primary",2641
2017-09-25,0.00000000737526688674737,0.00150659133709981,FALSE,0.00238012948836578,-0.0060906233932514,-0.314559360722422,0.330874435552708,"Frozen-source hash and interval checks passed; retained in primary",2642
2019-12-24,0.00000000585330389971363,0.00150659133709981,FALSE,0.00146531493998234,0.00691842517513529,-0.00209755379101395,0.00914202130726238,"Frozen-source hash and interval checks passed; retained in primary",2643
2021-05-21,0.00000000421472096974196,0.00150659133709981,FALSE,0.00373538386017289,-0.00367277878386531,0.140950905630666,-0.137785352253683,"Frozen-source hash and interval checks passed; retained in primary",2644
2014-08-19,0.00000000365605893591056,0.00150659133709981,FALSE,0.00165260497465521,0.00514817775474592,0.274437765395552,-0.31158739912156,"Frozen-source hash and interval checks passed; retained in primary",2645
2024-09-10,0.00000000355335372128993,0.00150659133709981,FALSE,0.00330751054325996,-0.00358459271749391,-0.361299103312307,0.448808607495454,"Frozen-source hash and interval checks passed; retained in primary",2646
2016-08-05,0.00000000235646979675616,0.00150659133709981,FALSE,0.00337617869423875,0.00288917921050197,0.593585725287937,-0.650825687462486,"Frozen-source hash and interval checks passed; retained in primary",2647
2022-03-16,0.00000000232101155731262,0.00150659133709981,FALSE,0.00605604673621097,0.00213803895354862,0.293775050037404,-0.245067093539397,"Frozen-source hash and interval checks passed; retained in primary",2648
2018-05-08,0.00000000213913854438333,0.00150659133709981,FALSE,0.00118437792192314,-0.00465272721773301,0.0212775136583243,-0.018323408205223,"Frozen-source hash and interval checks passed; retained in primary",2649
2022-07-12,0.00000000179687532995643,0.00150659133709981,FALSE,0.00341999490519325,-0.00250664568847676,-0.40988148577199,0.445304966242244,"Frozen-source hash and interval checks passed; retained in primary",2650
2018-10-01,0.00000000160604259460265,0.00150659133709981,FALSE,0.00174586078621863,-0.00331959351318964,0.367180356220986,-0.422089968905759,"Frozen-source hash and interval checks passed; retained in primary",2651
2018-03-08,0.00000000122804647345965,0.00150659133709981,FALSE,0.00289944917787452,0.00225117756450233,0.174537522514084,-0.132063032117191,"Frozen-source hash and interval checks passed; retained in primary",2652
2023-02-22,0.00000000082270101577255,0.00150659133709981,FALSE,0.0023619770662223,0.00204202144212169,-0.00294207928654977,0.0741729747698372,"Frozen-source hash and interval checks passed; retained in primary",2653
2021-01-08,0.000000000245350533579988,0.00150659133709981,FALSE,0.00318916188421725,-0.000959295085648816,0.0614829612960222,-0.0481394126659929,"Frozen-source hash and interval checks passed; retained in primary",2654
2021-04-26,0.00000000000006722491477674,0.00150659133709981,FALSE,0.00210899426932624,-0.0000195370778689317,0.141636077584861,-0.166620421774955,"Frozen-source hash and interval checks passed; retained in primary",2655
